{
"type": "FeatureCollection",
"name": "soil_map_units",
"crs": { "type": "name", "properties": { "name": "urn:ogc:def:crs:OGC:1.3:CRS84" } },
"features": [
{ "type": "Feature", "properties": { "mukey": "2765537", "musym": "L138B", "muname": "Clarion loam, Bemis moraine, 2 to 6 percent slopes" }, "geometry": { "type": "MultiPolygon", "coordinates": [ [ [ [ -93.471534377987993, 41.892531979638001 ], [ -93.471275061486907, 41.892753119680599 ], [ -93.471168062704194, 41.892925383735303 ], [ -93.471175803649203, 41.893047141378098 ], [ -93.471243996421705, 41.893142364976498 ], [ -93.471130501634704, 41.893192001653901 ], [ -93.470825063820897, 41.893211050618298 ], [ -93.470291097761802, 41.893036055743003 ], [ -93.470047013646607, 41.892936488271999 ], [ -93.469741599304598, 41.892753454655903 ], [ -93.469604044010595, 41.892696212892801 ], [ -93.469672744985502, 41.8926430165439 ], [ -93.469764224966596, 41.892631398333002 ], [ -93.469962307759303, 41.892559279443198 ], [ -93.470176255912506, 41.892417726836001 ], [ -93.470192279523502, 41.892276763664697 ], [ -93.470138213855506, 41.892227418779903 ], [ -93.470024116849302, 41.892192991512601 ], [ -93.469702781424203, 41.892215302595702 ], [ -93.469336557866299, 41.892303794419199 ], [ -93.469184124127494, 41.892322264028699 ], [ -93.4690393428519, 41.892364131774798 ], [ -93.468589499213095, 41.892448298521103 ], [ -93.468474609593599, 41.892402230219403 ], [ -93.468329728874494, 41.892379715626397 ], [ -93.468245690230304, 41.892387008042498 ], [ -93.468131239926507, 41.892429470015202 ], [ -93.467987007465098, 41.892456146630302 ], [ -93.467918368588002, 41.892440492884802 ], [ -93.467872667919394, 41.892394887838499 ], [ -93.467864238306106, 41.892325871968197 ], [ -93.468024450784, 41.892193103955499 ], [ -93.468040141571294, 41.892162116270804 ], [ -93.468040146802949, 41.892089985801618 ], [ -93.473102906550096, 41.892078174482712 ], [ -93.473103413415785, 41.892539393941199 ], [ -93.472960841650902, 41.892535786734499 ], [ -93.472755263454204, 41.892512982345401 ], [ -93.472548646680295, 41.892451708390603 ], [ -93.472266988040204, 41.892417576926 ], [ -93.471900322908695, 41.892417545475098 ], [ -93.471793993784601, 41.892436921629802 ], [ -93.471534377987993, 41.892531979638001 ] ] ], [ [ [ -93.473103896223535, 41.892978722020622 ], [ -93.473104182598959, 41.893239307665105 ], [ -93.473060800367193, 41.893230719074701 ], [ -93.472320297711093, 41.893260920758202 ], [ -93.472175026615403, 41.8932491328042 ], [ -93.472076409070297, 41.893223058115701 ], [ -93.472091635414301, 41.893070454936598 ], [ -93.472289155006195, 41.893047500272097 ], [ -93.472457149418403, 41.893001612842099 ], [ -93.473103896223535, 41.892978722020622 ] ] ], [ [ [ -93.473104550424651, 41.893574008495683 ], [ -93.473104595995835, 41.893615475726627 ], [ -93.473059735221995, 41.893596410077301 ], [ -93.473104550424651, 41.893574008495683 ] ] ], [ [ [ -93.472556583894402, 41.894954621818599 ], [ -93.471793926234398, 41.895328639677103 ], [ -93.471748438731595, 41.895377821429001 ], [ -93.471176070584605, 41.8952905997686 ], [ -93.470763907882102, 41.895171643996001 ], [ -93.470618532119403, 41.895095472520502 ], [ -93.470596415892501, 41.895069108182199 ], [ -93.470573451810495, 41.8949318509733 ], [ -93.470587767266906, 41.894905306743901 ], [ -93.470687254600193, 41.8948401949973 ], [ -93.470894126525494, 41.8947601992367 ], [ -93.471328523146497, 41.8947678200052 ], [ -93.471434985102107, 41.8947448700631 ], [ -93.471511630927395, 41.894707029078603 ], [ -93.471541506621094, 41.894653070673399 ], [ -93.471534660215099, 41.894607334198902 ], [ -93.471442702462994, 41.894531316434602 ], [ -93.471381238937795, 41.894451425477101 ], [ -93.471381847672404, 41.894367386135897 ], [ -93.471411723321097, 41.894313427781498 ], [ -93.471526575861802, 41.894226262556799 ], [ -93.471671520936695, 41.894179924284401 ], [ -93.471892774426095, 41.8941386578541 ], [ -93.472045967324505, 41.894065655937801 ], [ -93.472823935605703, 41.894107722479802 ], [ -93.472915242617503, 41.894134547557201 ], [ -93.473105325212714, 41.894279022345252 ], [ -93.473105595367045, 41.894524847693816 ], [ -93.473060186177506, 41.894592515079403 ], [ -93.4728543300658, 41.894778939465397 ], [ -93.472556583894402, 41.894954621818599 ] ] ], [ [ [ -93.469123050811802, 41.897132558960202 ], [ -93.469230066520296, 41.897094420735797 ], [ -93.469283677281197, 41.897022150752598 ], [ -93.469276168194497, 41.896961200196799 ], [ -93.469223183620002, 41.8969154525928 ], [ -93.469184615146105, 41.896907542709897 ], [ -93.468994120041302, 41.896903805791901 ], [ -93.468689152553395, 41.896976509280499 ], [ -93.468436987791193, 41.896999280712699 ], [ -93.468222676447596, 41.896915494576902 ], [ -93.468161878185299, 41.896850815711304 ], [ -93.468139551319894, 41.896796727621002 ], [ -93.468154433061201, 41.896721015581697 ], [ -93.468315122923002, 41.896541759124901 ], [ -93.468276923844698, 41.896422979713101 ], [ -93.468231235621502, 41.896343396608103 ], [ -93.468108847190194, 41.896202399236302 ], [ -93.468062948325397, 41.896095092835502 ], [ -93.468070483740604, 41.895953962657302 ], [ -93.468094020330099, 41.895873949726997 ], [ -93.468146418003997, 41.8958016565051 ], [ -93.468177651275894, 41.895576045800397 ], [ -93.468177273431294, 41.895351603134699 ], [ -93.468132324639697, 41.8950502819024 ], [ -93.468147124340405, 41.894943272676798 ], [ -93.468131543625205, 41.894870539642199 ], [ -93.468414288269798, 41.894707091224902 ], [ -93.468604809691001, 41.894709935460298 ], [ -93.468863877838999, 41.894798175627997 ], [ -93.469039859810707, 41.894900880276197 ], [ -93.469336741436905, 41.895118620862803 ], [ -93.469382688651393, 41.895191055226697 ], [ -93.469619294398498, 41.895396882898602 ], [ -93.4696810006714, 41.895503604485 ], [ -93.469703137622005, 41.895630115780797 ], [ -93.469673216355602, 41.895786007686397 ], [ -93.469596086720799, 41.895904312974501 ], [ -93.469612156996405, 41.896030705357198 ], [ -93.469703321468998, 41.896095084857699 ], [ -93.469939967745304, 41.896064853406102 ], [ -93.4700538269486, 41.896072451177702 ], [ -93.470183804163398, 41.896171569681698 ], [ -93.470207087288998, 41.896232829420299 ], [ -93.470207126927804, 41.896366060735701 ], [ -93.470153097626195, 41.896449946956203 ], [ -93.4700472356391, 41.896556959214102 ], [ -93.469725581222406, 41.896755415142501 ], [ -93.469657120175, 41.8968354415126 ], [ -93.469634783795897, 41.896949456613903 ], [ -93.469672382928707, 41.8969841723152 ], [ -93.469757205685795, 41.897022496645299 ], [ -93.469978501600707, 41.896980339832197 ], [ -93.470473753441894, 41.896648479661998 ], [ -93.470610889186901, 41.8965832117673 ], [ -93.4707255568119, 41.896568470661002 ], [ -93.470787081824895, 41.896579512612298 ], [ -93.470893716852302, 41.896686220306698 ], [ -93.470870367284505, 41.896861913089801 ], [ -93.4707557075929, 41.897010779274297 ], [ -93.470656752257995, 41.897094679196002 ], [ -93.470381785954501, 41.897277957208402 ], [ -93.470275434737999, 41.897331310235202 ], [ -93.470062243654993, 41.8973843565119 ], [ -93.469635096450403, 41.897410852259199 ], [ -93.469390407343695, 41.8974954696655 ], [ -93.469146590307901, 41.897555961245899 ], [ -93.468856294743205, 41.897659354700501 ], [ -93.468574166452299, 41.897704786952502 ], [ -93.468452556816302, 41.897743532496101 ], [ -93.468093536869802, 41.897934098310003 ], [ -93.467994797203303, 41.897743491377099 ], [ -93.467796046878703, 41.897632290716501 ], [ -93.467704737265706, 41.897605461910302 ], [ -93.467727611235702, 41.897510235040798 ], [ -93.467819128861905, 41.897430662100803 ], [ -93.46794130344, 41.8973427491105 ], [ -93.468108938345097, 41.897273611481999 ], [ -93.469123050811802, 41.897132558960202 ] ] ], [ [ [ -93.659583932653604, 41.897602164654998 ], [ -93.659522962801304, 41.897609999876899 ], [ -93.659415597096697, 41.897407769269201 ], [ -93.659385513942695, 41.897181905270301 ], [ -93.659400255148199, 41.896995301641503 ], [ -93.659431439432097, 41.896934173094898 ], [ -93.659507395691307, 41.896441997062396 ], [ -93.659576535794201, 41.896335062863699 ], [ -93.659682663301496, 41.896247576067303 ], [ -93.659880877069895, 41.896201994802901 ], [ -93.660132982525894, 41.896251273087202 ], [ -93.660384686654595, 41.8961673199017 ], [ -93.660392699165058, 41.896166011075756 ], [ -93.66062352065147, 41.896165271776255 ], [ -93.660804068731593, 41.896297418430301 ], [ -93.660911627324495, 41.896457627494698 ], [ -93.661025514962802, 41.896537480519797 ], [ -93.661216971015605, 41.896621421921203 ], [ -93.661308480392805, 41.896716963187302 ], [ -93.661163439273693, 41.896987934509397 ], [ -93.6611024290156, 41.897033322741201 ], [ -93.661086703173495, 41.897067908320999 ], [ -93.661010008065304, 41.8971103298203 ], [ -93.660903873741205, 41.897125393977397 ], [ -93.660277851188695, 41.897365290676603 ], [ -93.659774355736999, 41.897499218398899 ], [ -93.659583932653604, 41.897602164654998 ] ] ], [ [ [ -93.568152512111496, 41.8973802823377 ], [ -93.568008467154897, 41.897472346245003 ], [ -93.567924143309938, 41.897540954143544 ], [ -93.567881761524873, 41.897551741368645 ], [ -93.567659318906536, 41.897644592789625 ], [ -93.567593524545615, 41.897778362480594 ], [ -93.567514056064581, 41.897933096787654 ], [ -93.567466452292905, 41.8979753659411 ], [ -93.567374420602505, 41.8979682659104 ], [ -93.567054023621296, 41.897998884443602 ], [ -93.566856519705198, 41.897987112687701 ], [ -93.566799487493753, 41.897955264008402 ], [ -93.566509947812236, 41.89770031091301 ], [ -93.566333082976996, 41.897647115584981 ], [ -93.566115990131905, 41.897494779022502 ], [ -93.565864599324698, 41.897426552347603 ], [ -93.565712023581895, 41.897414732292503 ], [ -93.565629802162178, 41.897420849803439 ], [ -93.565577457471932, 41.897353913069438 ], [ -93.565465785668081, 41.897246921272135 ], [ -93.565313188076786, 41.897447650453692 ], [ -93.565262236206195, 41.89749910974728 ], [ -93.565201034927597, 41.897514175589201 ], [ -93.564849155315201, 41.897681892469201 ], [ -93.564391149862502, 41.897968314419799 ], [ -93.564079027873802, 41.898075083989603 ], [ -93.563796835415303, 41.898124298641797 ], [ -93.563606456500693, 41.898117127159701 ], [ -93.563399463671303, 41.898064040316299 ], [ -93.563193809620998, 41.897937658654797 ], [ -93.563064755598703, 41.897808252791201 ], [ -93.562873259416605, 41.897658890316897 ], [ -93.562736676129703, 41.897606238237898 ], [ -93.562568606029004, 41.897620946062702 ], [ -93.562392569966704, 41.897690045915297 ], [ -93.562156048398407, 41.897857252620902 ], [ -93.561888908703494, 41.898101670880799 ], [ -93.561706770714494, 41.8982948636123 ], [ -93.561496555819048, 41.898286920614112 ], [ -93.561388986660646, 41.898241692306982 ], [ -93.561270337282579, 41.897917069526294 ], [ -93.561317062678398, 41.897926340957099 ], [ -93.561400973663396, 41.897922562105499 ], [ -93.561592255994199, 41.897868952147398 ], [ -93.561714033229094, 41.8977889923747 ], [ -93.561881361369203, 41.897621373080099 ], [ -93.561981392086807, 41.897468576532397 ], [ -93.562041629813805, 41.897307874875402 ], [ -93.562117795209204, 41.897212746623097 ], [ -93.562140944486302, 41.897140758456203 ], [ -93.562218073884793, 41.897052801526399 ], [ -93.562278994101405, 41.896942184736297 ], [ -93.562415983844204, 41.8968088633058 ], [ -93.562453849464106, 41.896697810895901 ], [ -93.562346825820697, 41.896598327341302 ], [ -93.562133646236703, 41.896583569685497 ], [ -93.561958172791805, 41.896636584889301 ], [ -93.561797942587802, 41.896739959915202 ], [ -93.561500007779998, 41.8968925924611 ], [ -93.561301977237306, 41.8969308741909 ], [ -93.561202263691101, 41.896900376811899 ], [ -93.561233351904306, 41.896705147182203 ], [ -93.561218202246195, 41.8966521063982 ], [ -93.561271033732098, 41.896564584919197 ], [ -93.561340428411398, 41.896141179006499 ], [ -93.561383322475351, 41.895965422574903 ], [ -93.563343957302976, 41.895955825589553 ], [ -93.563621815476097, 41.895954460351696 ], [ -93.563620804523495, 41.895961620613903 ], [ -93.563697090497101, 41.896072146433298 ], [ -93.563720393079606, 41.896274662457799 ], [ -93.563674502719394, 41.896441894542903 ], [ -93.563560725481807, 41.896640927920103 ], [ -93.563293501735401, 41.896922900963297 ], [ -93.563232303065305, 41.897041560223101 ], [ -93.563208905699497, 41.8971555685754 ], [ -93.563231866017603, 41.897228427784199 ], [ -93.563301246120105, 41.897293222268502 ], [ -93.563339576480502, 41.897308252463198 ], [ -93.563491093787803, 41.897315584631698 ], [ -93.563598587154999, 41.897297049288397 ], [ -93.563689902061299, 41.897254960646997 ], [ -93.564101330592905, 41.896946202668602 ], [ -93.564177959794407, 41.896907413013103 ], [ -93.564330129532095, 41.896895979540098 ], [ -93.564598348713105, 41.8969689975957 ], [ -93.564704658977902, 41.896949544879199 ], [ -93.564772887510998, 41.896907913883901 ], [ -93.564849328645707, 41.896804742068099 ], [ -93.564895743993702, 41.896552575991201 ], [ -93.5648952442141, 41.896427386734103 ], [ -93.564849512315888, 41.895948428144038 ], [ -93.56504328231857, 41.895947476067875 ], [ -93.565456631381849, 41.895945441909056 ], [ -93.566330892253106, 41.89593915786071 ], [ -93.566337673229398, 41.895973555332802 ], [ -93.566329434677598, 41.896140604261198 ], [ -93.566406500778598, 41.896193918110797 ], [ -93.566619739402597, 41.896137138551403 ], [ -93.566681123760503, 41.896152602546501 ], [ -93.566726923786305, 41.896232150735798 ], [ -93.566695322835898, 41.896442572019403 ], [ -93.566718845891899, 41.896499346556702 ], [ -93.566787947340103, 41.896537309573901 ], [ -93.566894786119704, 41.896537536159499 ], [ -93.567016801934898, 41.896415551532499 ], [ -93.567046820574802, 41.896320444526701 ], [ -93.567085353893503, 41.896015375024596 ], [ -93.567136835800838, 41.895933364866437 ], [ -93.568173101528259, 41.895925916352908 ], [ -93.568160388456604, 41.895965899732602 ], [ -93.568076703997505, 41.896068042628798 ], [ -93.567886027817906, 41.896209299102701 ], [ -93.567656806518499, 41.8964115243758 ], [ -93.567619230788097, 41.8965494078125 ], [ -93.567664628326796, 41.8966405719259 ], [ -93.567772185647897, 41.896689989088202 ], [ -93.567932038336295, 41.896667072393498 ], [ -93.568106946154103, 41.896595261527303 ], [ -93.568274571149303, 41.896488441680098 ], [ -93.568458246567403, 41.896339005382998 ], [ -93.568610433397197, 41.8961523157001 ], [ -93.568743385026181, 41.895921817245657 ], [ -93.569678334386708, 41.895915096978086 ], [ -93.569480497883006, 41.896026541144501 ], [ -93.568869929992303, 41.896476413886198 ], [ -93.568648888930696, 41.896617993508897 ], [ -93.568556870794694, 41.896785252037901 ], [ -93.568526942103702, 41.897262159447699 ], [ -93.568359124757606, 41.897304597921902 ], [ -93.568152512111496, 41.8973802823377 ] ] ], [ [ [ -93.663909054090297, 41.8985022440935 ], [ -93.663779654435999, 41.898632230952799 ], [ -93.663589423139499, 41.898693163007998 ], [ -93.663444377408396, 41.898673548110303 ], [ -93.663307080210203, 41.898567343689301 ], [ -93.663237944694799, 41.898456114781801 ], [ -93.662986189142103, 41.898177954175601 ], [ -93.662795741559094, 41.898063633551203 ], [ -93.662871770779304, 41.8979684458047 ], [ -93.663154848462696, 41.897781337406002 ], [ -93.663703962023504, 41.897590104813901 ], [ -93.664016864221097, 41.897418734747099 ], [ -93.664062178309095, 41.897407037494297 ], [ -93.664176827408298, 41.897536972192 ], [ -93.664206934836301, 41.897617093865698 ], [ -93.664199784212201, 41.897685811600397 ], [ -93.664161134588696, 41.897788829743597 ], [ -93.663955589798306, 41.8980175794931 ], [ -93.663939875454901, 41.898124589352001 ], [ -93.663947813496605, 41.898323227707401 ], [ -93.663909054090297, 41.8985022440935 ] ] ], [ [ [ -93.664061694140401, 41.899349057573197 ], [ -93.664062589127298, 41.899322250144401 ], [ -93.664192308044804, 41.899219092292697 ], [ -93.664344625080801, 41.8991664141748 ], [ -93.664450642448202, 41.899154921476402 ], [ -93.664589253324294, 41.899112724425699 ], [ -93.665106817093005, 41.899066656025497 ], [ -93.665542888478996, 41.898952052117899 ], [ -93.665672536049598, 41.898887338752303 ], [ -93.665855660731296, 41.898711827703302 ], [ -93.665877639387901, 41.898635330992498 ], [ -93.665870516552701, 41.898594072620298 ], [ -93.665511350757299, 41.898296091534 ], [ -93.665427609170195, 41.898113070053398 ], [ -93.665442814386296, 41.898021250873597 ], [ -93.665573238182304, 41.897678480687397 ], [ -93.665611247567099, 41.897521803455703 ], [ -93.665481036107707, 41.897239588323004 ], [ -93.665458503089198, 41.897041580418502 ], [ -93.665465721002107, 41.896934416817501 ], [ -93.665496780706803, 41.896876861124802 ], [ -93.665564630145099, 41.896808347549502 ], [ -93.665703035864396, 41.8967357457852 ], [ -93.665755480612106, 41.896728647560302 ], [ -93.665900940276401, 41.896735749714601 ], [ -93.666045475969796, 41.896770552647702 ], [ -93.666549977446095, 41.897079207472999 ], [ -93.666793648192794, 41.897163190714501 ], [ -93.667022103069002, 41.897266568962998 ], [ -93.666968696434395, 41.897338920956997 ], [ -93.666962055066307, 41.897392447968798 ], [ -93.667007609504495, 41.897628424868998 ], [ -93.667145067988699, 41.898094063889502 ], [ -93.667121904661997, 41.898315386639297 ], [ -93.667090488129503, 41.898383665785502 ], [ -93.667007115831694, 41.898517170330898 ], [ -93.666748289406797, 41.898814702502897 ], [ -93.666350650925807, 41.8991240296371 ], [ -93.6659624656793, 41.899368255914098 ], [ -93.665847047486807, 41.899333979638001 ], [ -93.665778915364001, 41.899338111792801 ], [ -93.665389901088204, 41.899570697893502 ], [ -93.665244346129597, 41.899566275884702 ], [ -93.664940085673805, 41.899478510728997 ], [ -93.664260203597095, 41.899440275189299 ], [ -93.664116021264604, 41.899394747178498 ], [ -93.664061694140401, 41.899349057573197 ] ] ], [ [ [ -93.469390574699503, 41.8976251270429 ], [ -93.469978306452703, 41.897590157042998 ], [ -93.470489804173496, 41.897514346470999 ], [ -93.470572681831001, 41.897472157206998 ], [ -93.470870207905506, 41.897403774177199 ], [ -93.471221213166203, 41.897266693788502 ], [ -93.471274679026706, 41.897231975106102 ], [ -93.4715494080653, 41.897155990420003 ], [ -93.471931252836796, 41.897106246578602 ], [ -93.472129983833597, 41.897117293836203 ], [ -93.472214014407101, 41.897143976860598 ], [ -93.472426595623702, 41.897174966649899 ], [ -93.472579490951901, 41.897143983651098 ], [ -93.472724538197397, 41.897094963444502 ], [ -93.472854262907106, 41.897201227635797 ], [ -93.472931155390796, 41.897358318462103 ], [ -93.472991312166201, 41.897945175049202 ], [ -93.472960629376701, 41.898021472332601 ], [ -93.472793301009105, 41.898048596473402 ], [ -93.472655790244403, 41.898090611152703 ], [ -93.472427141877503, 41.898067354492902 ], [ -93.472213371277803, 41.897968384814099 ], [ -93.472076341618006, 41.897761830201198 ], [ -93.471893081346295, 41.897625008676897 ], [ -93.471778051904707, 41.897582517177398 ], [ -93.471580648504798, 41.8976018970463 ], [ -93.471480784286001, 41.897643754051003 ], [ -93.471382188933404, 41.897784888260603 ], [ -93.471587414647104, 41.898086667567597 ], [ -93.471640979316007, 41.898284433847401 ], [ -93.471625417908399, 41.898311848050902 ], [ -93.471473691859401, 41.898444787914897 ], [ -93.471099580887596, 41.898616288895703 ], [ -93.470916720910296, 41.898669931237201 ], [ -93.4707943033861, 41.898731017376001 ], [ -93.470703290186904, 41.898830274075998 ], [ -93.470664728699802, 41.8989564898596 ], [ -93.470725456595602, 41.899123995488097 ], [ -93.470817678005503, 41.899192865885801 ], [ -93.470992603640894, 41.899257992368298 ], [ -93.471152899790496, 41.899257557644702 ], [ -93.4712671979551, 41.899219560334799 ], [ -93.471496546421406, 41.899257139412001 ], [ -93.471900068702496, 41.8992462693354 ], [ -93.472106879786807, 41.899269099035003 ], [ -93.472183010783283, 41.899294480283331 ], [ -93.470094170057649, 41.899301399899571 ], [ -93.470085026860573, 41.898524817885409 ], [ -93.467928980130765, 41.898533622518762 ], [ -93.468009793474494, 41.898402786787599 ], [ -93.468231121821603, 41.898158551654198 ], [ -93.468620233086, 41.897941750792903 ], [ -93.468864084245396, 41.897880366647897 ], [ -93.469047751788295, 41.897804388951698 ], [ -93.469222843258706, 41.897696946960899 ], [ -93.469390574699503, 41.8976251270429 ] ] ], [ [ [ -93.661963895553697, 41.898540328612299 ], [ -93.662093149122398, 41.898414811485097 ], [ -93.662353303593505, 41.898296136577898 ], [ -93.662498537868203, 41.898273732471502 ], [ -93.662597749671804, 41.898356894789103 ], [ -93.662643560150599, 41.898475748585902 ], [ -93.662650669172294, 41.898662748578701 ], [ -93.6626960724534, 41.898757453754499 ], [ -93.662757877435894, 41.898833679496398 ], [ -93.662787586643006, 41.8988529942037 ], [ -93.662910521977096, 41.8988802564336 ], [ -93.663330323438402, 41.898852989105002 ], [ -93.663406611033295, 41.8988955002228 ], [ -93.663459485210893, 41.898948316749298 ], [ -93.663459305967095, 41.8990627609749 ], [ -93.663345559894495, 41.899196607472099 ], [ -93.663154192596707, 41.899291494992603 ], [ -93.662887760683006, 41.899307234027901 ], [ -93.662681783180602, 41.899257902690998 ], [ -93.6624758762038, 41.899170125085199 ], [ -93.662284610027399, 41.899116589024402 ], [ -93.662169859382502, 41.899135074679201 ], [ -93.6620632636171, 41.899200202311199 ], [ -93.6619491804978, 41.899162370222001 ], [ -93.661865216466694, 41.899058918860199 ], [ -93.661841756539403, 41.898925269664502 ], [ -93.661888499731702, 41.898689174650698 ], [ -93.661963895553697, 41.898540328612299 ] ] ], [ [ [ -93.663687941764906, 41.899597115021201 ], [ -93.663780343360898, 41.8995934234012 ], [ -93.663924913736494, 41.899627335241298 ], [ -93.664024417771401, 41.899738219581302 ], [ -93.664026942470471, 41.899772923531685 ], [ -93.662612040013343, 41.899771048002307 ], [ -93.662787984181705, 41.899749805096398 ], [ -93.662917317751294, 41.899658265029103 ], [ -93.662978677017193, 41.899638811632002 ], [ -93.663093626986594, 41.899650728980703 ], [ -93.663253782897897, 41.899726947577598 ], [ -93.663352838745794, 41.8997421533264 ], [ -93.663505625004802, 41.899711837672101 ], [ -93.663687941764906, 41.899597115021201 ] ] ], [ [ [ -93.662094032800979, 41.899770361355856 ], [ -93.662094055157596, 41.899768527512798 ], [ -93.662124651881498, 41.899688610936998 ], [ -93.662201150815207, 41.899615784916399 ], [ -93.662231755892407, 41.899608292344197 ], [ -93.6623761849673, 41.899719097848099 ], [ -93.662512600957371, 41.899770916190484 ], [ -93.662094032800979, 41.899770361355856 ] ] ], [ [ [ -93.665132807497088, 41.899774389415313 ], [ -93.664993938973367, 41.899774205337607 ], [ -93.665038600101795, 41.8997646240866 ], [ -93.665132807497088, 41.899774389415313 ] ] ], [ [ [ -93.658604421921183, 41.967373825473842 ], [ -93.658600557538122, 41.966964660743585 ], [ -93.658638117468996, 41.966979562497002 ], [ -93.658813512040496, 41.9671132943595 ], [ -93.658889756745793, 41.967231815725903 ], [ -93.658797390211006, 41.967304359184297 ], [ -93.658604421921183, 41.967373825473842 ] ] ], [ [ [ -93.664832370682902, 41.968520635529103 ], [ -93.665061117815299, 41.968258302371403 ], [ -93.665298368396904, 41.968105214002598 ], [ -93.665413192568295, 41.968124279438499 ], [ -93.665771638996006, 41.968345364755798 ], [ -93.666159934183099, 41.968509760245901 ], [ -93.666213370280801, 41.968547387777498 ], [ -93.666343930547001, 41.968677616528403 ], [ -93.666382228542503, 41.9688410515041 ], [ -93.666374416445507, 41.968929435351299 ], [ -93.666328042045095, 41.968971518580197 ], [ -93.666229288011806, 41.969017126210801 ], [ -93.666060918932004, 41.969036438296797 ], [ -93.665793612838897, 41.968997627856098 ], [ -93.6654197424633, 41.968837962929797 ], [ -93.665252149622404, 41.968834038987602 ], [ -93.665053733440203, 41.968879632307598 ], [ -93.664596517751093, 41.969104749195701 ], [ -93.664389916644495, 41.969177019301497 ], [ -93.664207688341406, 41.969283709247499 ], [ -93.663970750120598, 41.969463627383703 ], [ -93.663146553767007, 41.970195368089499 ], [ -93.662902091848494, 41.970454731726797 ], [ -93.662833590276193, 41.970576890917101 ], [ -93.662826161927995, 41.9706536572263 ], [ -93.662856945146402, 41.970859879110797 ], [ -93.662932842257007, 41.970989122458498 ], [ -93.663047609922899, 41.971119069153303 ], [ -93.663314463978296, 41.971317043817898 ], [ -93.6635438629296, 41.971435651150301 ], [ -93.663619244167094, 41.971507656306798 ], [ -93.663642960787897, 41.9715617370803 ], [ -93.663634856164094, 41.971622395756199 ], [ -93.663581897011497, 41.971679560395998 ], [ -93.663528738666002, 41.971706318763999 ], [ -93.663260696666498, 41.971725612526001 ], [ -93.662833379695101, 41.971637402571197 ], [ -93.6628033706275, 41.971626129152199 ], [ -93.662711761157993, 41.971530580717001 ], [ -93.6626507884109, 41.971427538936901 ], [ -93.662575019783006, 41.971367150732398 ], [ -93.662437301628501, 41.971305641219601 ], [ -93.662292583753995, 41.971271724916797 ], [ -93.662185510962303, 41.971275151916799 ], [ -93.662048358825501, 41.971305754369403 ], [ -93.6619493296879, 41.971359401742298 ], [ -93.661719816307397, 41.971534979853402 ], [ -93.661544110775097, 41.971591709640798 ], [ -93.661429599746697, 41.971599472322602 ], [ -93.661360959588706, 41.971580345472802 ], [ -93.661140575093199, 41.971446696106099 ], [ -93.661025238288502, 41.971442818922597 ], [ -93.660788785899697, 41.971535109532802 ], [ -93.660606511394704, 41.971751780208997 ], [ -93.6603852985793, 41.9718971037858 ], [ -93.659965278633607, 41.971881446393603 ], [ -93.659881714996203, 41.971836116649001 ], [ -93.659897063198301, 41.971740715719797 ], [ -93.660087244498399, 41.971542073188999 ], [ -93.660353861031098, 41.971347497757698 ], [ -93.660423391311497, 41.971267385522303 ], [ -93.660515041603901, 41.971034766496103 ], [ -93.660567869488304, 41.970836317856097 ], [ -93.660850831138106, 41.970371096630402 ], [ -93.660987578708998, 41.970207253165 ], [ -93.661475765806401, 41.969710874218499 ], [ -93.661949207198205, 41.969364451385303 ], [ -93.661994687819302, 41.969349179281501 ], [ -93.662139384659497, 41.969238236196098 ], [ -93.662184935622605, 41.969184514989799 ], [ -93.662277531611807, 41.9690323899299 ], [ -93.662383810320506, 41.968689155237399 ], [ -93.662552033404694, 41.968456133278799 ], [ -93.662551595679005, 41.968432876352097 ], [ -93.6625138325428, 41.9683991077248 ], [ -93.662413774363003, 41.9683382799331 ], [ -93.662238188412402, 41.968319006104998 ], [ -93.661887652687994, 41.968334120795099 ], [ -93.661842482482498, 41.968303794634103 ], [ -93.661789269062197, 41.968223248054002 ], [ -93.661727482540599, 41.9681809965032 ], [ -93.661590377170398, 41.968174043018102 ], [ -93.661483507294804, 41.968207875556203 ], [ -93.661293062372494, 41.968342132489397 ], [ -93.661033613593403, 41.968395556274899 ], [ -93.660949701826794, 41.968433380965301 ], [ -93.660750830978202, 41.968601463887502 ], [ -93.660697878717698, 41.968731056915402 ], [ -93.660644291323393, 41.968806986841301 ], [ -93.660414789712902, 41.969054991911101 ], [ -93.660225076504801, 41.969203567837098 ], [ -93.660018835819301, 41.969337536959102 ], [ -93.659751980693201, 41.969466830621499 ], [ -93.659523282214593, 41.969509184241197 ], [ -93.659385378708805, 41.969489695263597 ], [ -93.659316226951503, 41.969413329622498 ], [ -93.659378313305794, 41.969265124474497 ], [ -93.659476707405204, 41.9691578160758 ], [ -93.659629204427006, 41.969031815833297 ], [ -93.659851085909807, 41.968902601771902 ], [ -93.660415401031699, 41.968528323122101 ], [ -93.660674639044402, 41.968299634938802 ], [ -93.660712435630998, 41.968223419019097 ], [ -93.6606675696206, 41.9680750645309 ], [ -93.660591130015305, 41.967998567682599 ], [ -93.660537925064901, 41.967990450324599 ], [ -93.6603769643703, 41.968006312398003 ], [ -93.660049394632793, 41.968097844512002 ], [ -93.659858923159405, 41.968123901547301 ], [ -93.659583659611698, 41.968250359656103 ], [ -93.659484196206193, 41.9682807480159 ], [ -93.658617553543621, 41.968764214748546 ], [ -93.658612912114677, 41.968272775625536 ], [ -93.658630539944795, 41.968258120405302 ], [ -93.659163568136904, 41.967983429822603 ], [ -93.659438442417496, 41.967868590101901 ], [ -93.659691039404194, 41.967838294403002 ], [ -93.659896756215502, 41.967937700837602 ], [ -93.660072609781693, 41.967948934985202 ], [ -93.660179240649796, 41.967922252828799 ], [ -93.660300518607897, 41.967857385679999 ], [ -93.660400441317805, 41.9677769302765 ], [ -93.660537389459705, 41.9677159235817 ], [ -93.660643750643501, 41.967697283902403 ], [ -93.660743410598499, 41.967697300785801 ], [ -93.660819214979199, 41.967720134485802 ], [ -93.660979397476495, 41.967727506779397 ], [ -93.661094410513599, 41.967704552472902 ], [ -93.661193166042196, 41.967658948837702 ], [ -93.661254069663102, 41.967582257117101 ], [ -93.661254499413502, 41.967533084348702 ], [ -93.661246893920094, 41.967506120859099 ], [ -93.6611631366155, 41.967430386067797 ], [ -93.660972462146702, 41.967353608957097 ], [ -93.6604454440224, 41.967303823795902 ], [ -93.660331322136997, 41.9672275383653 ], [ -93.660263386210104, 41.967151195437602 ], [ -93.660209750275598, 41.9670107297773 ], [ -93.660163199311896, 41.966949081328501 ], [ -93.660224582016298, 41.966858091765801 ], [ -93.660476683026403, 41.966697233737897 ], [ -93.660582923052303, 41.9666821687279 ], [ -93.660735426682294, 41.9667010267368 ], [ -93.661353533458495, 41.966861551656699 ], [ -93.661781278642195, 41.966899699633302 ], [ -93.661994981628595, 41.966942018983701 ], [ -93.662224005364294, 41.967071351857399 ], [ -93.662299517316299, 41.967284642110897 ], [ -93.662353358169099, 41.967346421733701 ], [ -93.662322612561695, 41.967429919181598 ], [ -93.662361276448905, 41.967727490671898 ], [ -93.662406177557799, 41.9677658594889 ], [ -93.662582667510193, 41.967830753244002 ], [ -93.662826203204602, 41.967780615218601 ], [ -93.663169270190707, 41.967552545320402 ], [ -93.663620357376999, 41.967292449665699 ], [ -93.663810825183504, 41.967266387108999 ], [ -93.663947740047007, 41.967315361786298 ], [ -93.664130513323698, 41.967483199017003 ], [ -93.664298594622906, 41.967872529736702 ], [ -93.664291242959607, 41.968456303996298 ], [ -93.664337052094098, 41.968540292368097 ], [ -93.664504147519196, 41.968631839346003 ], [ -93.664656725564896, 41.968612243754301 ], [ -93.664832370682902, 41.968520635529103 ] ] ], [ [ [ -93.666389697518994, 41.970874581447198 ], [ -93.666281875318703, 41.9710461067978 ], [ -93.666106996821696, 41.971260235844298 ], [ -93.665962063378004, 41.971378332878601 ], [ -93.665839569862698, 41.9714431836546 ], [ -93.665588765195395, 41.9714923021819 ], [ -93.665473428068907, 41.971488428969998 ], [ -93.665381946332701, 41.971461737823397 ], [ -93.665321220242305, 41.971423978067499 ], [ -93.665237164436803, 41.971320520301298 ], [ -93.665252799800299, 41.9706340616071 ], [ -93.665245311820399, 41.970603523637898 ], [ -93.665016378894194, 41.9703981910557 ], [ -93.664962333612394, 41.970306006121497 ], [ -93.664931675183695, 41.970168640148103 ], [ -93.664962276713993, 41.969943856664301 ], [ -93.665068777868001, 41.9698483151533 ], [ -93.665160365184505, 41.969799001989799 ], [ -93.665428268029501, 41.969710849084301 ], [ -93.665908907920098, 41.9696578374569 ], [ -93.666038767107807, 41.969627099252001 ], [ -93.666122370560799, 41.969634869490697 ], [ -93.666228494493097, 41.969623374400399 ], [ -93.666388733099197, 41.969665614447102 ], [ -93.666640733373995, 41.969798931538499 ], [ -93.666778346206399, 41.969936440950598 ], [ -93.666823652226299, 41.970035620707002 ], [ -93.666853926557195, 41.9701846037173 ], [ -93.666824225840699, 41.970382578073298 ], [ -93.666770443321496, 41.9704281044826 ], [ -93.666709355976295, 41.9705468227761 ], [ -93.666389697518994, 41.970874581447198 ] ] ], [ [ [ -93.469314366121694, 41.971508139649004 ], [ -93.469863114440898, 41.971324841184099 ], [ -93.470077806922902, 41.971202959103302 ], [ -93.470359401457102, 41.971381958149102 ], [ -93.470435507115894, 41.971462142155303 ], [ -93.470443140348095, 41.971553504347298 ], [ -93.470382430246005, 41.971652470306203 ], [ -93.470306576406102, 41.971733254769902 ], [ -93.470222191218696, 41.9718818345006 ], [ -93.4697037993257, 41.971931593049803 ], [ -93.469513099769799, 41.971927856575803 ], [ -93.469284340377797, 41.971901017937697 ], [ -93.469184736699304, 41.971831997865102 ], [ -93.4691461566036, 41.9717561254364 ], [ -93.469176761333898, 41.971649416102103 ], [ -93.469284326453604, 41.9715656767385 ], [ -93.469314366121694, 41.971508139649004 ] ] ], [ [ [ -93.66827202229878, 41.97197337349202 ], [ -93.668274206871686, 41.972127789587503 ], [ -93.66698224522824, 41.972124704365086 ], [ -93.667075321482898, 41.972072670435502 ], [ -93.667335234613205, 41.971969167587602 ], [ -93.667503260468607, 41.971923915801199 ], [ -93.667746978016197, 41.971905068169498 ], [ -93.667853693715003, 41.971912360434203 ], [ -93.667945176984304, 41.971939049844302 ], [ -93.66827202229878, 41.97197337349202 ] ] ], [ [ [ -93.663296831091586, 41.972115903544733 ], [ -93.663128898612769, 41.972115502519628 ], [ -93.663260625255603, 41.972091337356602 ], [ -93.663296831091586, 41.972115903544733 ] ] ], [ [ [ -93.559317779821498, 42.040496624289403 ], [ -93.559234507263199, 42.040512043508102 ], [ -93.559058487329693, 42.040500671112802 ], [ -93.558913983899103, 42.040527453953899 ], [ -93.558837785287807, 42.040584143977703 ], [ -93.558867679771794, 42.040633894644898 ], [ -93.558959208932606, 42.040695540762997 ], [ -93.559097003927405, 42.0407562718867 ], [ -93.559303075551895, 42.0408129262944 ], [ -93.559661683819499, 42.041030750031702 ], [ -93.5598757623914, 42.0412064956733 ], [ -93.559921493652396, 42.041290528210197 ], [ -93.559959147167305, 42.041431643037903 ], [ -93.559890985395896, 42.041606532205599 ], [ -93.559852728796997, 42.041656784776698 ], [ -93.559699210345798, 42.041732584553202 ], [ -93.559302981663507, 42.041790387285097 ], [ -93.559234554958707, 42.0416943001199 ], [ -93.559066459193403, 42.041560559138901 ], [ -93.558974520306805, 42.0415454085961 ], [ -93.558799867411807, 42.041564467689298 ], [ -93.558676870212096, 42.0416372654838 ], [ -93.558616880341901, 42.041717513245104 ], [ -93.558486183799701, 42.041766913816602 ], [ -93.558403133636602, 42.041706321752201 ], [ -93.5583793211689, 42.041621808328898 ], [ -93.558410601303393, 42.041492726536902 ], [ -93.558403155132495, 42.041427302439502 ], [ -93.5583341675881, 42.041347301503201 ], [ -93.558280733947996, 42.041309626143402 ], [ -93.558234905363904, 42.041298028937398 ], [ -93.558273134434998, 42.041213793169703 ], [ -93.558273406425101, 42.0409276243957 ], [ -93.5583260437202, 42.040779271708701 ], [ -93.558425727509004, 42.040607661763097 ], [ -93.558707483661607, 42.040378678682302 ], [ -93.558806791064995, 42.040217792953698 ], [ -93.558829938567399, 42.040008071409801 ], [ -93.558784276932201, 42.039852496521597 ], [ -93.558692720331806, 42.039756866703598 ], [ -93.558517767288507, 42.039680230380597 ], [ -93.558326474635294, 42.039653365523698 ], [ -93.558166541538895, 42.039669124512102 ], [ -93.558081957264605, 42.039722078447099 ], [ -93.558013582357603, 42.039798590154497 ], [ -93.557990350295597, 42.0398714832194 ], [ -93.5578843371717, 42.040050127440999 ], [ -93.557807044408804, 42.040138096399801 ], [ -93.557647016931597, 42.040504415786899 ], [ -93.557586620529605, 42.040596281095503 ], [ -93.5574794894669, 42.040702466297603 ], [ -93.557372298763497, 42.040775561447802 ], [ -93.557235930113706, 42.040813227685398 ], [ -93.557113213962097, 42.040877980602403 ], [ -93.556983351851002, 42.041007881796297 ], [ -93.556792382775399, 42.040832568052899 ], [ -93.556579525380897, 42.040691717744402 ], [ -93.556579477234095, 42.040553995649503 ], [ -93.556747694749504, 42.040336284893797 ], [ -93.556930752132999, 42.040424702660403 ], [ -93.557128841387197, 42.040466006712599 ], [ -93.557235340882102, 42.040447450608099 ], [ -93.557341718503096, 42.040397591859303 ], [ -93.557563615671498, 42.040210406162998 ], [ -93.557677640817303, 42.040046222212901 ], [ -93.557685692168704, 42.039955156504803 ], [ -93.557662940752707, 42.039875134607399 ], [ -93.557548659458405, 42.039768343066498 ], [ -93.557563659156799, 42.039722123294901 ], [ -93.557700559849593, 42.0396343864983 ], [ -93.558089323424795, 42.039615796851798 ], [ -93.558127577350007, 42.0396004222562 ], [ -93.558242313312107, 42.039485437446402 ], [ -93.558272811588594, 42.039378698550898 ], [ -93.558219913462295, 42.039290953009903 ], [ -93.558075077029201, 42.039222933632701 ], [ -93.557723453410901, 42.0391536900513 ], [ -93.557098678680603, 42.038997902957 ], [ -93.5566559593248, 42.038959129288301 ], [ -93.556632955706505, 42.038921134212202 ], [ -93.556670827970294, 42.038673237073198 ], [ -93.556700824501704, 42.038615675145699 ], [ -93.556662647558298, 42.038489752742898 ], [ -93.556594067792204, 42.038433010340597 ], [ -93.556411571543507, 42.0383982602713 ], [ -93.556297342167298, 42.038429189536501 ], [ -93.556099083626606, 42.038566739239997 ], [ -93.556022271273307, 42.038814794256503 ], [ -93.555991621210097, 42.038856246445299 ], [ -93.555915672259303, 42.038905785031197 ], [ -93.555808334253797, 42.038913592619899 ], [ -93.555755056219496, 42.038906325126803 ], [ -93.55566931231732, 42.038857436367692 ], [ -93.555670180461306, 42.038217772818193 ], [ -93.555777838522701, 42.038151079713202 ], [ -93.555984533057597, 42.038120110697797 ], [ -93.556091435835796, 42.038089937493403 ], [ -93.556121460041197, 42.0380663593089 ], [ -93.556159936266198, 42.038009852160002 ], [ -93.556197735806606, 42.037868374602098 ], [ -93.556312847346902, 42.037742667350599 ], [ -93.556564098843097, 42.0376204279166 ], [ -93.556983910254601, 42.0375138940406 ], [ -93.557151484061507, 42.037418689244198 ], [ -93.557190268395502, 42.037388122082 ], [ -93.557113616230097, 42.037318707401397 ], [ -93.557021401998298, 42.037311598836801 ], [ -93.556899070391495, 42.037330749653897 ], [ -93.556685952063106, 42.037406313120798 ], [ -93.556625098803096, 42.037406951396598 ], [ -93.556526426596903, 42.037445329194199 ], [ -93.556297192934196, 42.037494652986403 ], [ -93.555877986678496, 42.037479572609399 ], [ -93.5558164805134, 42.0374641009359 ], [ -93.55567119516931, 42.037470118362798 ], [ -93.555671931081193, 42.036927885720203 ], [ -93.555725264917001, 42.036907022004897 ], [ -93.556197665602298, 42.036792542401002 ], [ -93.556297549131997, 42.036789065085202 ], [ -93.556311916154698, 42.036830474018501 ], [ -93.556304668930494, 42.0369680575903 ], [ -93.556395812107496, 42.037075306863599 ], [ -93.556534156926304, 42.037154831113298 ], [ -93.556792342900394, 42.037182068824201 ], [ -93.556967951101399, 42.037170185111698 ], [ -93.557364908877702, 42.037056063853797 ], [ -93.557701325035396, 42.036933643187098 ], [ -93.558501872940994, 42.036724300491002 ], [ -93.558761879969694, 42.036560190893098 ], [ -93.558829748609298, 42.036532855465197 ], [ -93.558929451489604, 42.036430106697999 ], [ -93.558913840827202, 42.036319814416203 ], [ -93.558830546867696, 42.0362663726047 ], [ -93.558746315874302, 42.036239741689101 ], [ -93.558471764934097, 42.036228295929 ], [ -93.5581666914359, 42.036254727370299 ], [ -93.558097763246806, 42.036277570981603 ], [ -93.558005831523204, 42.036262419845002 ], [ -93.558020773425596, 42.036148233226697 ], [ -93.558052233532806, 42.036083544544702 ], [ -93.558028673388705, 42.0359918820389 ], [ -93.557959722889606, 42.0359109877215 ], [ -93.557891829148303, 42.035869462011199 ], [ -93.557670093027298, 42.035808932250603 ], [ -93.557334038936602, 42.035782013290202 ], [ -93.557220376892005, 42.035796856721298 ], [ -93.557089940517201, 42.035839105954601 ], [ -93.556724526625004, 42.036060242679198 ], [ -93.556457475709607, 42.036182183403902 ], [ -93.556251197397899, 42.036166657844497 ], [ -93.556182370074893, 42.036117064960202 ], [ -93.556121775763003, 42.036040799045303 ], [ -93.556152631196397, 42.035819598882298 ], [ -93.556121650008706, 42.035766250096003 ], [ -93.556312296890695, 42.035602622703799 ], [ -93.556304294193694, 42.035518408323099 ], [ -93.556244103018102, 42.035465401622197 ], [ -93.556136340167697, 42.035415966885303 ], [ -93.555900733046698, 42.035369480408498 ], [ -93.555670935975215, 42.035380103353702 ], [ -93.555657803043445, 42.034732472070679 ], [ -93.557282818716516, 42.034694196106265 ], [ -93.557602454677209, 42.034694371906525 ], [ -93.557586230957597, 42.034797697006802 ], [ -93.557502611607404, 42.034927577077198 ], [ -93.557456712193002, 42.0350572756426 ], [ -93.557464063034601, 42.0351253803898 ], [ -93.557487190872394, 42.0351598003597 ], [ -93.557586412594105, 42.035209966837201 ], [ -93.558159196898501, 42.035251194814599 ], [ -93.558319114424705, 42.035305190224598 ], [ -93.558586197860294, 42.035495352792097 ], [ -93.558715745349303, 42.035652511420999 ], [ -93.558852718019494, 42.035736478580702 ], [ -93.558944118222996, 42.035766821967599 ], [ -93.559073895069105, 42.035778215693803 ], [ -93.559790840826395, 42.035697852757004 ], [ -93.559875377949894, 42.035820177517202 ], [ -93.559921289168003, 42.035968601689298 ], [ -93.559875477474407, 42.036270006133897 ], [ -93.559745880890603, 42.036357882603198 ], [ -93.559478765203295, 42.036586248626101 ], [ -93.5594174645571, 42.036773786057999 ], [ -93.559364091879104, 42.036804078383398 ], [ -93.559219344069604, 42.036872888259197 ], [ -93.559044018115898, 42.036876731734701 ], [ -93.558997255239404, 42.036891945829197 ], [ -93.558875862030305, 42.036884287537703 ], [ -93.558539547131204, 42.036934275709299 ], [ -93.558288332804693, 42.037055625183697 ], [ -93.558227127837597, 42.037170726591398 ], [ -93.558235135812794, 42.037220063783501 ], [ -93.558265559598695, 42.037254621504999 ], [ -93.558456496667503, 42.037361071544197 ], [ -93.558577890659194, 42.037368730233801 ], [ -93.558875798932206, 42.037338585220397 ], [ -93.558936370981002, 42.037345989180203 ], [ -93.5589828818878, 42.037372801934801 ], [ -93.558990611688301, 42.037395305145701 ], [ -93.558944434700805, 42.0374981706697 ], [ -93.558998115672097, 42.037528695987397 ], [ -93.559119327265805, 42.0374719618763 ], [ -93.559241324022295, 42.037323130686502 ], [ -93.559356739289797, 42.037223361046202 ], [ -93.559501081706898, 42.037166169079903 ], [ -93.559668707538705, 42.0371738053515 ], [ -93.559799353476905, 42.037299683721997 ], [ -93.559837002623098, 42.037475675160202 ], [ -93.559813858983304, 42.0376853962536 ], [ -93.559729836393601, 42.037792019053299 ], [ -93.559509197632707, 42.038013214451198 ], [ -93.559135115365905, 42.038203789097302 ], [ -93.558692324719701, 42.038341196223101 ], [ -93.557944545587404, 42.038467474454599 ], [ -93.557838733860393, 42.038501246977603 ], [ -93.557677890844801, 42.038612677232997 ], [ -93.5576478013582, 42.038672920488601 ], [ -93.557654590197998, 42.038757112128401 ], [ -93.557708271573105, 42.038787638027301 ], [ -93.557800050295597, 42.038807257924503 ], [ -93.557906578333998, 42.038787807603001 ], [ -93.558318136544401, 42.038639081553299 ], [ -93.558669455969394, 42.038577751310797 ], [ -93.559021080004698, 42.0386121149796 ], [ -93.559447490732197, 42.038699758613497 ], [ -93.5595240239399, 42.038737869530998 ], [ -93.559600836202605, 42.038802814393598 ], [ -93.559607781467903, 42.038917414741199 ], [ -93.559593189273301, 42.038952016588802 ], [ -93.559371988645495, 42.039119544056902 ], [ -93.5591965298334, 42.039161839868903 ], [ -93.559096643055298, 42.039165319434197 ], [ -93.558883896366694, 42.039230162271103 ], [ -93.558799841748794, 42.039302801042503 ], [ -93.558806634523705, 42.039352115361801 ], [ -93.558852865567701, 42.039386971541099 ], [ -93.559112713842794, 42.039401715829598 ], [ -93.559165305438995, 42.039428643380802 ], [ -93.559196009465694, 42.039490034985697 ], [ -93.559143348389298, 42.039569526835898 ], [ -93.5591349889513, 42.039634652277797 ], [ -93.559149858002897, 42.039661761804403 ], [ -93.559364466456699, 42.039752560389701 ], [ -93.559440971709904, 42.0397566877663 ], [ -93.559631582184196, 42.039733457747097 ], [ -93.559828898313796, 42.0396575908321 ], [ -93.559966633380398, 42.039650353686199 ], [ -93.560080697766296, 42.039798276330899 ], [ -93.560089361193207, 42.0398637231552 ], [ -93.560058364042504, 42.040019639130101 ], [ -93.559936518522406, 42.040198880410799 ], [ -93.559806046330095, 42.040207148949499 ], [ -93.5595923623289, 42.040263926754697 ], [ -93.559485859447193, 42.040352239521297 ], [ -93.559416985748797, 42.040443051273797 ], [ -93.559317779821498, 42.040496624289403 ] ], [ [ -93.558761461107295, 42.037616338439598 ], [ -93.558661800315804, 42.037543807267099 ], [ -93.558586328496901, 42.037510187355302 ], [ -93.558441555217897, 42.037475258377299 ], [ -93.5581967387009, 42.0374831538428 ], [ -93.557899536518207, 42.037632251203902 ], [ -93.557670178199103, 42.037685152239703 ], [ -93.557494571963502, 42.037662159660201 ], [ -93.557112957718104, 42.037685353841098 ], [ -93.556975379140795, 42.037722996687499 ], [ -93.5568002280543, 42.037826106698503 ], [ -93.556701704607704, 42.037929770675397 ], [ -93.556686482318895, 42.038017123411898 ], [ -93.556708547700296, 42.038081929427698 ], [ -93.556862012828304, 42.038181413581498 ], [ -93.557151720490296, 42.038211929197097 ], [ -93.557502326187802, 42.038101402710602 ], [ -93.557792920813398, 42.037967384217701 ], [ -93.558241994856203, 42.037998225485602 ], [ -93.558394754135094, 42.0379787538388 ], [ -93.558532488662394, 42.037936640970699 ], [ -93.558631660315399, 42.037883962420601 ], [ -93.558761107444099, 42.037765678150997 ], [ -93.558784184303704, 42.037662376375799 ], [ -93.558761461107295, 42.037616338439598 ] ] ], [ [ [ -93.658813323762899, 42.107063189377499 ], [ -93.658813441434376, 42.107042760576924 ], [ -93.659023502182151, 42.107047974221743 ], [ -93.659091228222067, 42.107100011590504 ], [ -93.659091829267851, 42.107171047528333 ], [ -93.658965431586395, 42.107139277708299 ], [ -93.658813323762899, 42.107063189377499 ] ] ], [ [ [ -93.655204599970702, 42.107509399991002 ], [ -93.655204645660604, 42.107544280151401 ], [ -93.655082807687705, 42.107799642472102 ], [ -93.654937647610097, 42.107951732672397 ], [ -93.654587087109306, 42.108200265766101 ], [ -93.654333719242928, 42.108317557763577 ], [ -93.654318728964782, 42.107002171868288 ], [ -93.655813270389359, 42.10701217339988 ], [ -93.655799268425397, 42.107063167608402 ], [ -93.655715233029497, 42.107135875268803 ], [ -93.655570824820302, 42.107193179435903 ], [ -93.655143831854105, 42.107215848913199 ], [ -93.655006605239905, 42.107276859993398 ], [ -93.654983406459806, 42.107314896202602 ], [ -93.655006411596602, 42.107391332220097 ], [ -93.655204599970702, 42.107509399991002 ] ] ], [ [ [ -93.657699177962897, 42.107711990481299 ], [ -93.657447028033204, 42.1078952370152 ], [ -93.657241422458796, 42.107997940821903 ], [ -93.657180808700502, 42.107989688500801 ], [ -93.656737692090303, 42.108093456496903 ], [ -93.656517084410595, 42.108062630507298 ], [ -93.656410355562997, 42.108013297127599 ], [ -93.656333256983999, 42.107951979616999 ], [ -93.656273312906293, 42.107742512061101 ], [ -93.656334147830293, 42.107635398728199 ], [ -93.656486565490695, 42.107593442560997 ], [ -93.656753714731394, 42.107471284816398 ], [ -93.657058548647598, 42.107387371332898 ], [ -93.657402211429599, 42.107380179213102 ], [ -93.657523377942894, 42.107398471203098 ], [ -93.657615861881794, 42.107436813634898 ], [ -93.657729309997194, 42.1075399281073 ], [ -93.657699177962897, 42.107711990481299 ] ] ], [ [ [ -93.658157016483301, 42.108874873981399 ], [ -93.657921002855403, 42.1090852441097 ], [ -93.657851799428997, 42.1091877351489 ], [ -93.657851490438404, 42.109305782845297 ], [ -93.657866532683897, 42.109329308070997 ], [ -93.657950499663599, 42.109367496125401 ], [ -93.657943085286703, 42.1095158228987 ], [ -93.658095836040005, 42.109718026468997 ], [ -93.658058401308494, 42.109889957198703 ], [ -93.657997447062996, 42.1100006468385 ], [ -93.657982027088707, 42.110206066837101 ], [ -93.658012536262206, 42.1103130460477 ], [ -93.658220579558574, 42.110439364864185 ], [ -93.65707887403525, 42.110446378714897 ], [ -93.657081508116093, 42.110439285162897 ], [ -93.657127155142902, 42.110385556727401 ], [ -93.657325971902694, 42.110195084011501 ], [ -93.657356032660601, 42.110061476675 ], [ -93.657310185771095, 42.110012351970603 ], [ -93.657271748357104, 42.109996452144102 ], [ -93.657012203453604, 42.110000695765102 ], [ -93.656898122089601, 42.109916350166401 ], [ -93.6569436861828, 42.109683751553902 ], [ -93.656989496331903, 42.109588886367099 ], [ -93.657073656617001, 42.109585044353402 ], [ -93.657310701720505, 42.109489170202203 ], [ -93.657455499736898, 42.109347802656302 ], [ -93.657492862470605, 42.109214327643699 ], [ -93.657477589874006, 42.109088843093801 ], [ -93.657562012139806, 42.108932072880997 ], [ -93.657707558586907, 42.108768360163303 ], [ -93.6577297323511, 42.108688270760297 ], [ -93.6576763866249, 42.1086086028549 ], [ -93.657576911766995, 42.108524522407897 ], [ -93.657547037868497, 42.1084712153406 ], [ -93.657554216644201, 42.108402480956499 ], [ -93.6576771044449, 42.108260716709196 ], [ -93.657790349078695, 42.108188536476099 ], [ -93.657935464593905, 42.108146446374597 ], [ -93.658096599088694, 42.108135053698199 ], [ -93.658218324240195, 42.108173030659799 ], [ -93.658348496370493, 42.108249617089697 ], [ -93.658424572622096, 42.1082688808103 ], [ -93.658530591357604, 42.108230554154296 ], [ -93.658675941565903, 42.1081088710608 ], [ -93.658866388173806, 42.108058656843397 ], [ -93.659099658511934, 42.108096563511729 ], [ -93.659103303778764, 42.108527804244638 ], [ -93.658874048726901, 42.108665159275603 ], [ -93.658644696162099, 42.108677107133303 ], [ -93.658522729952793, 42.1086462809455 ], [ -93.658370931997197, 42.108524586160698 ], [ -93.658309340529797, 42.108509161940702 ], [ -93.658202618504006, 42.108604713615698 ], [ -93.658157590598506, 42.108676340332799 ], [ -93.658157016483301, 42.108874873981399 ] ] ], [ [ [ -93.654357108698093, 42.109027835690704 ], [ -93.65434162530218, 42.109011308655262 ], [ -93.654340478328919, 42.108910662593871 ], [ -93.654434400367293, 42.108829798328799 ], [ -93.654639456382398, 42.1087074132449 ], [ -93.654838621956998, 42.108615328762397 ], [ -93.655273555491803, 42.108501581021002 ], [ -93.655471940354104, 42.108505176143801 ], [ -93.655548166247002, 42.108519972568097 ], [ -93.655631980832894, 42.108562631082997 ], [ -93.655829735303797, 42.108584995431102 ], [ -93.656074637773301, 42.108508941593499 ], [ -93.656173521923705, 42.108501789566603 ], [ -93.656341796147899, 42.1085316681541 ], [ -93.656440802939898, 42.108593382531303 ], [ -93.656455754497003, 42.108619589297497 ], [ -93.656447867867001, 42.108673107009203 ], [ -93.656357039029501, 42.108730488368103 ], [ -93.655731142647596, 42.108837202468202 ], [ -93.655670063753604, 42.108879024231598 ], [ -93.655647451259298, 42.108935852468903 ], [ -93.655563533575801, 42.109004984999103 ], [ -93.655173585483894, 42.109157111559398 ], [ -93.655090103186595, 42.1092495046423 ], [ -93.655051713428506, 42.109340926274101 ], [ -93.655067810590893, 42.109622936384397 ], [ -93.6549217900603, 42.109764279245603 ], [ -93.654730976233495, 42.109897655278601 ], [ -93.654609836813606, 42.109950908741801 ], [ -93.654510410188095, 42.1100465899178 ], [ -93.654356093173291, 42.11028085371629 ], [ -93.654347336054471, 42.109512422972912 ], [ -93.654418822683198, 42.109474337797799 ], [ -93.654700737400802, 42.109275537924901 ], [ -93.654731870457297, 42.109218864264001 ], [ -93.654678483047505, 42.109176756698702 ], [ -93.654457407395299, 42.109196001973302 ], [ -93.6543880777336, 42.109157182644999 ], [ -93.654357108698093, 42.109027835690704 ] ] ], [ [ [ -93.369151310193999, 41.89220477205 ], [ -93.369148085304701, 41.892234551639298 ], [ -93.369110075852305, 41.892276697449098 ], [ -93.369018008533601, 41.892303433814703 ], [ -93.368911453273995, 41.892360276979602 ], [ -93.368736247622905, 41.892402307068402 ], [ -93.368629594749095, 41.892494021307499 ], [ -93.368560168093296, 41.892467567956302 ], [ -93.368263359562107, 41.8924176982649 ], [ -93.368125424165896, 41.892437238985302 ], [ -93.367881326019898, 41.892406327481403 ], [ -93.367767074238401, 41.892344980025499 ], [ -93.367865709191705, 41.892272775014703 ], [ -93.367904691725641, 41.892203888145943 ], [ -93.369151310193999, 41.89220477205 ] ] ], [ [ [ -93.465446392907396, 41.892608338659102 ], [ -93.465042342046104, 41.892601294111103 ], [ -93.464988262905194, 41.8925859248831 ], [ -93.464676096839398, 41.892589626292597 ], [ -93.464591169776398, 41.892520895088303 ], [ -93.464560967608094, 41.892516724875897 ], [ -93.464202486160602, 41.892558858028103 ], [ -93.463595224570184, 41.89277865341387 ], [ -93.463597453884177, 41.892100350516806 ], [ -93.464378587858334, 41.892098528146612 ], [ -93.464355272392993, 41.892162170603399 ], [ -93.464194666541502, 41.892238594246798 ], [ -93.463973123060597, 41.892287889118997 ], [ -93.463897527145207, 41.892330217000598 ], [ -93.463798699753795, 41.8924105371146 ], [ -93.463867482212095, 41.892455703249901 ], [ -93.463897425228893, 41.8924670218302 ], [ -93.464027471371693, 41.892463319111698 ], [ -93.464370859954698, 41.892402112408 ], [ -93.464805211875003, 41.892276524396799 ], [ -93.464950012373706, 41.892200683586303 ], [ -93.464945881929935, 41.892097204660701 ], [ -93.465730535211478, 41.892095374080029 ], [ -93.465720240143497, 41.892154119251003 ], [ -93.4656907652288, 41.892230438137503 ], [ -93.465628758672807, 41.892299858816102 ], [ -93.465598603958597, 41.892394941741898 ], [ -93.465636845194595, 41.892478850046999 ], [ -93.465713150908698, 41.8925509878298 ], [ -93.465644835373595, 41.8925934597493 ], [ -93.465446392907396, 41.892608338659102 ] ] ], [ [ [ -93.374167782121702, 41.892807162817398 ], [ -93.374045881940006, 41.8927876920676 ], [ -93.373840189269103, 41.892703922500402 ], [ -93.373717500278403, 41.892608429602703 ], [ -93.373572878613899, 41.892547363307301 ], [ -93.373068798531904, 41.892261690738501 ], [ -93.373000007318936, 41.892207409482559 ], [ -93.374544794173858, 41.892208440506835 ], [ -93.374808886957894, 41.892353445603 ], [ -93.3748469793548, 41.892406083480502 ], [ -93.374854405714302, 41.892467039185497 ], [ -93.374801685946593, 41.892577739539497 ], [ -93.374541917081402, 41.892737877486297 ], [ -93.374427107658406, 41.892788297874802 ], [ -93.374167782121702, 41.892807162817398 ] ] ], [ [ [ -93.468581735784696, 41.894038860367502 ], [ -93.468162123017905, 41.893757012429397 ], [ -93.468032750524301, 41.8936078307838 ], [ -93.467993712851396, 41.893512283407198 ], [ -93.468162366311205, 41.893146304348903 ], [ -93.468345126559299, 41.8928601824692 ], [ -93.468398185411402, 41.892803103163402 ], [ -93.468521439250907, 41.892852912314297 ], [ -93.468673309736502, 41.892883611285498 ], [ -93.468947865383697, 41.892879162309697 ], [ -93.468993199135795, 41.893035635822798 ], [ -93.469139041438197, 41.893199446074597 ], [ -93.469108118053796, 41.893383036785799 ], [ -93.469039110154, 41.893478252498497 ], [ -93.469016903122196, 41.893588692945499 ], [ -93.469085772200998, 41.893665153649899 ], [ -93.4692602475005, 41.893775875818697 ], [ -93.4693831305934, 41.893802428661601 ], [ -93.469428313197398, 41.893795267467198 ], [ -93.469665219755896, 41.893959075083103 ], [ -93.469680916536205, 41.894062211632402 ], [ -93.469650407994394, 41.8941000622548 ], [ -93.469459553305498, 41.894207195007603 ], [ -93.469252743259503, 41.894218339092902 ], [ -93.469062804916604, 41.894199412297397 ], [ -93.468757844730007, 41.894137991197397 ], [ -93.468581735784696, 41.894038860367502 ] ] ], [ [ [ -93.375412064186705, 41.894302524966001 ], [ -93.375213235675403, 41.894359284553502 ], [ -93.375091787889403, 41.894424771789097 ], [ -93.375045153855297, 41.894470320671701 ], [ -93.375014533433998, 41.894542126800097 ], [ -93.375038074431203, 41.894626659387498 ], [ -93.375098918751604, 41.894687807910799 ], [ -93.375228343415401, 41.8947333621553 ], [ -93.375297205038095, 41.894775001579298 ], [ -93.375411185877098, 41.894779108818703 ], [ -93.375656227189694, 41.894752797126202 ], [ -93.375946018503996, 41.894698781196901 ], [ -93.376090364619998, 41.8947026112697 ], [ -93.376174054076898, 41.8947373982949 ], [ -93.376044697203696, 41.894851905892502 ], [ -93.375990931788294, 41.894958114825997 ], [ -93.375907772481, 41.895038688636298 ], [ -93.375823151364202, 41.895061110479801 ], [ -93.375564521585702, 41.895061214654497 ], [ -93.375487790018198, 41.8950998921527 ], [ -93.375403584263694, 41.8951759734394 ], [ -93.375389172303798, 41.895236485012603 ], [ -93.375472366032596, 41.895316866003 ], [ -93.375610285101203, 41.895362592671901 ], [ -93.375724266915597, 41.8953666996374 ], [ -93.375861676687705, 41.895393637730301 ], [ -93.375976825684802, 41.895496128877703 ], [ -93.375983609726006, 41.895541870445101 ], [ -93.375938095219794, 41.895622315815402 ], [ -93.37583258283, 41.895693270489808 ], [ -93.373568130544129, 41.895688336835292 ], [ -93.373565796822604, 41.895679556681799 ], [ -93.373572589469504, 41.895595641229598 ], [ -93.373733467630402, 41.8953208236642 ], [ -93.373954182162905, 41.895133960239299 ], [ -93.374206184756304, 41.895019268344797 ], [ -93.374465526988701, 41.8948707462283 ], [ -93.374557180683198, 41.894790346198597 ], [ -93.374610679933994, 41.894691285924097 ], [ -93.374534050923302, 41.894565434441297 ], [ -93.374358583599005, 41.894484963317304 ], [ -93.374160445660706, 41.8944585759509 ], [ -93.373938758754207, 41.894477312488199 ], [ -93.373855183275197, 41.894504225247502 ], [ -93.373610773537806, 41.894481366052197 ], [ -93.373450912265099, 41.894405682319601 ], [ -93.3733519494738, 41.894324978983001 ], [ -93.373329154283596, 41.894252979880903 ], [ -93.373367329023694, 41.894012326572799 ], [ -93.373451060231204, 41.8939165649237 ], [ -93.373847971228898, 41.893596478631302 ], [ -93.373901034616694, 41.893509034334599 ], [ -93.373893496388902, 41.893386377352698 ], [ -93.373771074421001, 41.893283736403298 ], [ -93.373603097760906, 41.893230242359998 ], [ -93.373496264876806, 41.893229855748899 ], [ -93.373291265273394, 41.8932569784875 ], [ -93.373023556776104, 41.893337369364602 ], [ -93.372916723731606, 41.893336982273702 ], [ -93.372771799317206, 41.893283956559998 ], [ -93.372466894227998, 41.893223201499403 ], [ -93.372276218328594, 41.893256873671199 ], [ -93.372138354697995, 41.893306822519499 ], [ -93.371955236585094, 41.893397876132902 ], [ -93.371833883058699, 41.893428488889498 ], [ -93.371688969230206, 41.893439843614601 ], [ -93.371421478595593, 41.893417404165 ], [ -93.371108709175999, 41.893501343944003 ], [ -93.370482834918505, 41.893451926927398 ], [ -93.370276448012106, 41.893451296836197 ], [ -93.3701628097389, 41.8934704408721 ], [ -93.370010359986793, 41.893585365847599 ], [ -93.369941653717802, 41.893668912997398 ], [ -93.369918710973806, 41.893730144219703 ], [ -93.369926061843202, 41.893760696462301 ], [ -93.369964117748196, 41.893814229368203 ], [ -93.370147739583004, 41.893936005413202 ], [ -93.370291718749698, 41.893981861355599 ], [ -93.370543976045994, 41.893989685637102 ], [ -93.370941110320203, 41.8939548583486 ], [ -93.371031797958693, 41.893932563354397 ], [ -93.3714904050657, 41.893909717323197 ], [ -93.371695685746502, 41.893939831093597 ], [ -93.371901671378197, 41.893951180959903 ], [ -93.371977944053597, 41.893989396397203 ], [ -93.372168960496197, 41.894173019082302 ], [ -93.372199772310495, 41.894225509570497 ], [ -93.372207816230997, 41.8943669550697 ], [ -93.372138786608005, 41.894523820246299 ], [ -93.372038877640094, 41.894629981876498 ], [ -93.371993057153901, 41.894718467312799 ], [ -93.371971181763698, 41.894912954742402 ], [ -93.372047259311898, 41.8949887220965 ], [ -93.372184437229095, 41.895054109517098 ], [ -93.372299205905904, 41.895134241568002 ], [ -93.372351627698094, 41.895225622323402 ], [ -93.372344105956401, 41.895393576594401 ], [ -93.372217084095567, 41.895685393255313 ], [ -93.372124611886463, 41.895685191782341 ], [ -93.371606838769253, 41.895683447412551 ], [ -93.371566717228404, 41.895530647094702 ], [ -93.371482376696505, 41.895416260932699 ], [ -93.371383246906504, 41.895340023518997 ], [ -93.371230406749206, 41.895336015123803 ], [ -93.370948612455805, 41.8955001688648 ], [ -93.370863989192301, 41.895522587468101 ], [ -93.370781116373493, 41.895530734661797 ], [ -93.370680917235902, 41.895515279764602 ], [ -93.370551422474406, 41.895439317023701 ], [ -93.370543730917703, 41.895385508903999 ], [ -93.370567513116598, 41.895301939836301 ], [ -93.370658663692794, 41.895202754209897 ], [ -93.370711622497794, 41.895053609795802 ], [ -93.370704698593997, 41.894947060219202 ], [ -93.370627505512005, 41.894836395953398 ], [ -93.370452747171001, 41.894737155905297 ], [ -93.370132296056198, 41.894637628341201 ], [ -93.369979377759606, 41.894538832855403 ], [ -93.369850179586507, 41.894390446226403 ], [ -93.369742862466495, 41.894305992963901 ], [ -93.369559382724404, 41.894245023997698 ], [ -93.369444798439503, 41.894256994653198 ], [ -93.369338106178105, 41.894317412310301 ], [ -93.369255107946401, 41.894393514257104 ], [ -93.369239817364303, 41.894477256182299 ], [ -93.369285403395907, 41.894653446744996 ], [ -93.369315403115706, 41.894695191164402 ], [ -93.369445100658893, 41.894797984938499 ], [ -93.3696356303019, 41.894897547940602 ], [ -93.369758477499204, 41.894924195672402 ], [ -93.3698955523911, 41.894992266034102 ], [ -93.369948944936695, 41.895057736124699 ], [ -93.369918801731799, 41.895213604713497 ], [ -93.369773262101901, 41.895370697494798 ], [ -93.369483613463998, 41.895549889209803 ], [ -93.369323904150505, 41.895599389886399 ], [ -93.369216899695004, 41.8956034672551 ], [ -93.369056574009207, 41.895572477956101 ], [ -93.368911005797898, 41.895504233451497 ], [ -93.368811841429206, 41.895396696655602 ], [ -93.368773643866504, 41.895282355530902 ], [ -93.368789596270204, 41.895084170820603 ], [ -93.3688351821786, 41.894969750125099 ], [ -93.368834700779701, 41.8948856865224 ], [ -93.368689597446505, 41.894740551007501 ], [ -93.368575128888693, 41.894587992500703 ], [ -93.3685219997774, 41.894450992109903 ], [ -93.368522634733196, 41.894401824679001 ], [ -93.368560948125193, 41.894351637410999 ], [ -93.368576239492199, 41.894267895578203 ], [ -93.368743342166198, 41.894054016077298 ], [ -93.368781711489405, 41.893905469206899 ], [ -93.368698180301806, 41.893737446527503 ], [ -93.368552474773495, 41.893608394093398 ], [ -93.368461638374896, 41.893505498002099 ], [ -93.3683083216348, 41.893417422690497 ], [ -93.367927479639803, 41.893245122643499 ], [ -93.367629788054799, 41.893154100856698 ], [ -93.367599019947605, 41.8931650974801 ], [ -93.367499799777605, 41.893123728602703 ], [ -93.367450269229579, 41.893120395982933 ], [ -93.367449020803591, 41.89289266764866 ], [ -93.367637681287704, 41.892879746331197 ], [ -93.368079875239204, 41.892905757962197 ], [ -93.368865080231998, 41.893238317045203 ], [ -93.369040769532802, 41.893280350182302 ], [ -93.369300979395007, 41.893302646122599 ], [ -93.369461157717495, 41.893272827394902 ], [ -93.369536543003704, 41.893237702832103 ], [ -93.369682250726996, 41.893108334005603 ], [ -93.369705353284999, 41.892978253725801 ], [ -93.369659074055093, 41.892917399620302 ], [ -93.369522234609704, 41.892810883844703 ], [ -93.369621305068506, 41.8927270619293 ], [ -93.369674977670499, 41.892623536424402 ], [ -93.369628137099298, 41.892383833581697 ], [ -93.369643737131398, 41.892356431877701 ], [ -93.369743281107901, 41.892292291680803 ], [ -93.3698492015846, 41.892284615149997 ], [ -93.369971909938798, 41.892314836605699 ], [ -93.370147366778497, 41.892395313496202 ], [ -93.370368906429704, 41.892574195803 ], [ -93.370505650400503, 41.892715581962797 ], [ -93.370635576564396, 41.892779928985902 ], [ -93.370757207186003, 41.892806550975401 ], [ -93.370926116060204, 41.8928028398227 ], [ -93.370979095734398, 41.892814649733502 ], [ -93.371169622160295, 41.892914210246502 ], [ -93.371268700360801, 41.892894768677202 ], [ -93.371352337223996, 41.8928338798273 ], [ -93.371329712413498, 41.892757412982 ], [ -93.371238302371495, 41.892669708483297 ], [ -93.371131326634497, 41.8926085123192 ], [ -93.371047340091494, 41.892581763626801 ], [ -93.370971640180102, 41.892528358165599 ], [ -93.370475841671805, 41.892345675425901 ], [ -93.370383862390398, 41.892273159890998 ], [ -93.370331900017874, 41.892205609137015 ], [ -93.370802658856931, 41.892205942924505 ], [ -93.371999377062153, 41.892206741640209 ], [ -93.3720316258499, 41.892269180832798 ], [ -93.372054323530804, 41.892376051300403 ], [ -93.372055087535301, 41.892517348226498 ], [ -93.372024658352402, 41.892745639989698 ], [ -93.372046641169007, 41.8928068924534 ], [ -93.372130398644103, 41.892872085830803 ], [ -93.372275685581798, 41.892883092897897 ], [ -93.372367545803698, 41.8928295243973 ], [ -93.372443259361404, 41.892753272320498 ], [ -93.372512106666605, 41.892730531523803 ], [ -93.372588305851096, 41.892738342746398 ], [ -93.372688512308798, 41.892818177728799 ], [ -93.372711066076207, 41.892864240535999 ], [ -93.372764689003901, 41.892891263971201 ], [ -93.372939697731297, 41.892886780217303 ], [ -93.373191162865993, 41.892818577450697 ], [ -93.373366741588399, 41.892798903568597 ], [ -93.373489574911204, 41.892761166069597 ], [ -93.3735342300036, 41.8927683345105 ], [ -93.373656773108394, 41.8928030199937 ], [ -93.373839514860293, 41.8928836401033 ], [ -93.374046131629797, 41.893039857544899 ], [ -93.374199040127706, 41.893074266405101 ], [ -93.374442460348405, 41.893058654415299 ], [ -93.374740363150096, 41.892982451862501 ], [ -93.374800656591802, 41.892993514836903 ], [ -93.374945837162002, 41.892975008594902 ], [ -93.375030623638807, 41.892948119862197 ], [ -93.375090917096898, 41.892959182700601 ], [ -93.375121468971599, 41.893051011264099 ], [ -93.375068896330106, 41.893222519429798 ], [ -93.375076322969605, 41.893283475178599 ], [ -93.375190803564706, 41.893436027692204 ], [ -93.375266983545401, 41.893509112508603 ], [ -93.375282407038299, 41.893615834454003 ], [ -93.375266614450894, 41.893680788744099 ], [ -93.375182483785196, 41.893787273598498 ], [ -93.375122048228405, 41.893909441698703 ], [ -93.375151957123506, 41.893986056090199 ], [ -93.375221159751007, 41.894050951326001 ], [ -93.375266727446601, 41.894066185404697 ], [ -93.375373595133397, 41.894065677045603 ], [ -93.375450023991505, 41.894035041203303 ], [ -93.375518288355707, 41.8939631066469 ], [ -93.375617225586794, 41.8937531971524 ], [ -93.375701389062201, 41.893645818514301 ], [ -93.375816091566406, 41.893565886619797 ], [ -93.375907949974504, 41.893512315557402 ], [ -93.375991221905394, 41.893493443037897 ], [ -93.376106071874304, 41.893474318545003 ], [ -93.376250281454006, 41.893481722451 ], [ -93.376365131332904, 41.893462597727897 ], [ -93.376425887326405, 41.893428960055999 ], [ -93.376442054471596, 41.893386367923902 ], [ -93.376426476061098, 41.893348495319302 ], [ -93.376373420924907, 41.893306283819598 ], [ -93.376228225914403, 41.893260410023103 ], [ -93.376144009124701, 41.893272109981503 ], [ -93.375998868723002, 41.8933219149 ], [ -93.375800237668599, 41.893341123475402 ], [ -93.375548344021993, 41.893291290103797 ], [ -93.375434653834503, 41.893214759808401 ], [ -93.375381451982705, 41.893111740281803 ], [ -93.375403887096198, 41.892902063111002 ], [ -93.375457738985205, 41.892890640091203 ], [ -93.3757472272776, 41.892715009522398 ], [ -93.375815791639496, 41.892635033385801 ], [ -93.375885287193299, 41.8924978483291 ], [ -93.375998834427094, 41.892383913898499 ], [ -93.3761437648227, 41.8923072792618 ], [ -93.376358184123504, 41.892223115861199 ], [ -93.376368097217409, 41.892209657418853 ], [ -93.376952119692021, 41.892210047208131 ], [ -93.37696763298986, 41.894124401640639 ], [ -93.376724139375696, 41.894153056433403 ], [ -93.376639486090994, 41.894176372294901 ], [ -93.376471653460598, 41.894183689625301 ], [ -93.376342719415206, 41.894222200159298 ], [ -93.376098725948694, 41.894253005341398 ], [ -93.375930531403299, 41.894302341387302 ], [ -93.375617977676896, 41.894283465052098 ], [ -93.375412064186705, 41.894302524966001 ] ] ], [ [ [ -93.466239037068604, 41.896972228980999 ], [ -93.465827971071505, 41.897091127064101 ], [ -93.465552993723904, 41.897140269801703 ], [ -93.465125863089895, 41.897132772606597 ], [ -93.464675825472696, 41.897087268842498 ], [ -93.464469135675699, 41.897094831175401 ], [ -93.464401268287105, 41.897124793227199 ], [ -93.463935323459907, 41.897216675979102 ], [ -93.463575112978958, 41.897317883619877 ], [ -93.463575376597205, 41.896884356216866 ], [ -93.463684270482304, 41.896873745691799 ], [ -93.4639513827548, 41.896907609859603 ], [ -93.4641192126997, 41.896900178733503 ], [ -93.464324463913201, 41.896831785361897 ], [ -93.464713191378806, 41.896625718968899 ], [ -93.465102722177903, 41.896598500517698 ], [ -93.465309184882301, 41.896530129442802 ], [ -93.465484053194402, 41.896361884960399 ], [ -93.465621872701206, 41.8962778582586 ], [ -93.466049435186704, 41.896239759937799 ], [ -93.466232017578406, 41.89616018844 ], [ -93.466301145151107, 41.8960953777868 ], [ -93.466285145461399, 41.896034260323503 ], [ -93.466171060424202, 41.895965851535898 ], [ -93.465941887408604, 41.895923795486297 ], [ -93.465781955430302, 41.895847332517299 ], [ -93.465667515864993, 41.895721689742501 ], [ -93.465629467729798, 41.895565357591302 ], [ -93.465651842556696, 41.895450449833497 ], [ -93.465759473079004, 41.895328275154199 ], [ -93.465964831141406, 41.895290283116701 ], [ -93.466201718905396, 41.895286888252301 ], [ -93.466315883849603, 41.895252469615698 ], [ -93.466415375650698, 41.895187361136799 ], [ -93.466430420686805, 41.895107181789598 ], [ -93.466331738000306, 41.895015827385798 ], [ -93.466254603808594, 41.895000005914198 ], [ -93.466132690543304, 41.8949466441913 ], [ -93.466110446619794, 41.8949238532038 ], [ -93.466087475063205, 41.894820573138396 ], [ -93.466018025652701, 41.8947601942481 ], [ -93.465987692993593, 41.894759598473399 ], [ -93.4658806467272, 41.894798627436401 ], [ -93.465515065415801, 41.895103509467397 ], [ -93.465209243792501, 41.895233414269697 ], [ -93.464935195262598, 41.8952906211859 ], [ -93.464629375102803, 41.895286399939103 ], [ -93.46446169571, 41.895256279663101 ], [ -93.464179202902102, 41.895278446589998 ], [ -93.463828211238194, 41.8953815295732 ], [ -93.463668519232698, 41.895466018451202 ], [ -93.463576234274228, 41.895473882950036 ], [ -93.463576587865703, 41.894892392128803 ], [ -93.463751872175095, 41.894874825582903 ], [ -93.463973939863806, 41.894878296808002 ], [ -93.464545358447907, 41.894924400375501 ], [ -93.464835453307799, 41.894893440423601 ], [ -93.465057295775296, 41.894836102169201 ], [ -93.465194579253605, 41.894733288134503 ], [ -93.465248241469695, 41.8946261485805 ], [ -93.4652928935527, 41.894466076318501 ], [ -93.4654378931574, 41.894317811329003 ], [ -93.465476217467796, 41.894298892632399 ], [ -93.465758608823293, 41.894279403474997 ], [ -93.465988262115602, 41.8942409945805 ], [ -93.466201641024398, 41.894115531795698 ], [ -93.466345829104498, 41.893989604041103 ], [ -93.466400427314497, 41.894057738527898 ], [ -93.466423285823197, 41.8941306146668 ], [ -93.466361310626894, 41.894333266855902 ], [ -93.466368978667305, 41.894389749757799 ], [ -93.466407238081601, 41.8944396801189 ], [ -93.466506486174097, 41.8944818665138 ], [ -93.466781177627496, 41.894473848026301 ], [ -93.467063618825307, 41.8945536091463 ], [ -93.467139652975405, 41.894599810101901 ], [ -93.467239420060096, 41.894694761779299 ], [ -93.467285446117103, 41.894798494186603 ], [ -93.467270045496306, 41.8948214401115 ], [ -93.467154943719194, 41.894881771916097 ], [ -93.467078748859393, 41.894974163233996 ], [ -93.467041137500502, 41.895107549436197 ], [ -93.4670640452117, 41.895145554086099 ], [ -93.467215888488397, 41.895244210722097 ], [ -93.467399585195906, 41.895301466754297 ], [ -93.467475491015804, 41.895351241669402 ], [ -93.467521986246496, 41.895408486711297 ], [ -93.467544037856101, 41.895503701006199 ], [ -93.467506313367394, 41.895606683592803 ], [ -93.467109576575496, 41.895900228816501 ], [ -93.466994926339694, 41.896015113530297 ], [ -93.466926625681594, 41.896224795558602 ], [ -93.466926383850904, 41.896332090668899 ], [ -93.466964919963502, 41.896407957181097 ], [ -93.467047977302798, 41.896461449464098 ], [ -93.467116652275294, 41.8964762102134 ], [ -93.467331233593995, 41.896384747042298 ], [ -93.467437117162106, 41.896377883906403 ], [ -93.467658219624198, 41.896408154715502 ], [ -93.467803336191693, 41.896491477885696 ], [ -93.467857064678, 41.896583737283599 ], [ -93.467857178564103, 41.896614141148497 ], [ -93.467819033551507, 41.896728739860002 ], [ -93.467658162286895, 41.896812316459297 ], [ -93.467497856080698, 41.896846724838198 ], [ -93.4671626988642, 41.896881277161903 ], [ -93.467109813469406, 41.896899910567903 ], [ -93.467024880019096, 41.896965305566901 ], [ -93.4670332123207, 41.897037002449103 ], [ -93.467109912603604, 41.8970984174045 ], [ -93.467148092794503, 41.897117050284301 ], [ -93.467322362045707, 41.897132989725399 ], [ -93.467422164334806, 41.897159985511898 ], [ -93.467497927183899, 41.897247312657498 ], [ -93.467483660173897, 41.897373110069402 ], [ -93.467376627392795, 41.897445224878197 ], [ -93.467307935686506, 41.897464442272202 ], [ -93.467170438571699, 41.897472473055601 ], [ -93.467124428168006, 41.897468887289399 ], [ -93.467048261520603, 41.897426260300499 ], [ -93.4670789663341, 41.897315986457798 ], [ -93.467032470198404, 41.897258741132198 ], [ -93.466918382434599, 41.897190332910199 ], [ -93.466704590262594, 41.8971593102223 ], [ -93.466681989288304, 41.897079285633701 ], [ -93.466560088166105, 41.896991946184301 ], [ -93.466239037068604, 41.896972228980999 ] ] ], [ [ [ -93.465308344555694, 41.897525320419099 ], [ -93.465285596769505, 41.897616972736202 ], [ -93.465117941461202, 41.897720084754802 ], [ -93.464950464404396, 41.897784750875999 ], [ -93.464805798800896, 41.897823040006102 ], [ -93.464545928632802, 41.8978572767112 ], [ -93.464111222107604, 41.897857674865101 ], [ -93.4637674352998, 41.8978956255932 ], [ -93.463574732088659, 41.897944268119872 ], [ -93.463574989983982, 41.897520152219691 ], [ -93.463714224748102, 41.897487733258998 ], [ -93.464203033132094, 41.897334603070803 ], [ -93.464407976971003, 41.897308229323599 ], [ -93.4646296485232, 41.897289337314703 ], [ -93.465103291402997, 41.8973201041767 ], [ -93.465232229160804, 41.897380758294503 ], [ -93.465277640033094, 41.897434406314296 ], [ -93.465308344555694, 41.897525320419099 ] ] ], [ [ [ -93.467826379876286, 41.899145397511269 ], [ -93.467828166728495, 41.899299215349046 ], [ -93.467713351331994, 41.899299673834037 ], [ -93.467765000997005, 41.899261748699402 ], [ -93.467795851688905, 41.899180984876203 ], [ -93.467826379876286, 41.899145397511269 ] ] ], [ [ [ -93.368446005294302, 41.963882383663901 ], [ -93.368766245028596, 41.9638021663391 ], [ -93.369254395047903, 41.963813900932998 ], [ -93.369499071393193, 41.963771489761498 ], [ -93.369727648578404, 41.9636724118511 ], [ -93.3699030239015, 41.963565990131002 ], [ -93.370185254468495, 41.963332971142002 ], [ -93.370467832537301, 41.963187596076402 ], [ -93.370605024011894, 41.963126897384903 ], [ -93.370742152577705, 41.963100179105098 ], [ -93.3709937472767, 41.963099936230599 ], [ -93.371078730523706, 41.963134754018 ], [ -93.371193038431301, 41.9632300840832 ], [ -93.371269395870797, 41.963332689803401 ], [ -93.371292249862705, 41.963435994820898 ], [ -93.371215522395801, 41.9635694659273 ], [ -93.371047070908702, 41.963718060537502 ], [ -93.370917347399796, 41.963871020522902 ], [ -93.370856781197404, 41.964027177043597 ], [ -93.370871561152299, 41.964054305761202 ], [ -93.370956650963095, 41.964118636383802 ], [ -93.371024901588399, 41.9641459594704 ], [ -93.371604788477697, 41.964206948555599 ], [ -93.371673073039901, 41.964233377726799 ], [ -93.371818340210893, 41.964248854089398 ], [ -93.371879338014807, 41.9642751348416 ], [ -93.371863828660693, 41.964332051800497 ], [ -93.371875068080755, 41.964643779182104 ], [ -93.368324737054451, 41.964619634381123 ], [ -93.368171860968005, 41.964416929782601 ], [ -93.368102686173998, 41.964252764448901 ], [ -93.3681632923645, 41.964095715604103 ], [ -93.368339172287094, 41.963943698898902 ], [ -93.368446005294302, 41.963882383663901 ] ] ], [ [ [ -93.464011910020503, 41.969375982524298 ], [ -93.464019956085806, 41.969455728011802 ], [ -93.463935156201899, 41.969581939266597 ], [ -93.463844350257702, 41.969639175928599 ], [ -93.463836494021393, 41.9696882049344 ], [ -93.463530723937097, 41.970008597924704 ], [ -93.463416435550101, 41.970043017054202 ], [ -93.463227737968978, 41.970040073719126 ], [ -93.463241647004466, 41.969151174089397 ], [ -93.463508198214598, 41.969189030096203 ], [ -93.463859521204796, 41.969288036968202 ], [ -93.463973189847906, 41.969337664014098 ], [ -93.464011910020503, 41.969375982524298 ] ] ], [ [ [ -93.463676623854198, 41.972084319130602 ], [ -93.463439785228999, 41.972045686256003 ], [ -93.463355426209105, 41.971992163143398 ], [ -93.463310098102895, 41.971934935418403 ], [ -93.463279914811906, 41.9718288217381 ], [ -93.463295271806402, 41.971740593229299 ], [ -93.463271987297205, 41.971645346004699 ], [ -93.463218838060101, 41.971569185516302 ], [ -93.463264121694394, 41.971527151317702 ], [ -93.4633554641931, 41.971488704537002 ], [ -93.463577111823199, 41.971476961578603 ], [ -93.463820909736796, 41.971591741592697 ], [ -93.464500200107196, 41.971630118823199 ], [ -93.464637254926799, 41.971839379850501 ], [ -93.464759785749806, 41.971946411844499 ], [ -93.464957594044805, 41.971988747364797 ], [ -93.465080500175205, 41.9719849001889 ], [ -93.465636793838499, 41.971828594693697 ], [ -93.465904339448002, 41.971824902378998 ], [ -93.466117970865596, 41.971866652350002 ], [ -93.466315715037496, 41.971843704751301 ], [ -93.466377321795605, 41.971820768832998 ], [ -93.466499385212103, 41.971706017625699 ], [ -93.466521847889197, 41.971656380674702 ], [ -93.466651085650199, 41.971645502285298 ], [ -93.466720304478102, 41.971747909565103 ], [ -93.466735852449105, 41.971855523733801 ], [ -93.466705243902993, 41.971962232515402 ], [ -93.466613886545602, 41.972034662621098 ], [ -93.466422198996, 41.972091710764701 ], [ -93.466359702481256, 41.972102424391984 ], [ -93.463994025628537, 41.972102490516448 ], [ -93.463676623854198, 41.972084319130602 ] ] ], [ [ [ -93.466727420015104, 42.035076224309499 ], [ -93.4666901700148, 42.035164030882399 ], [ -93.466620775508602, 42.035232426908699 ], [ -93.466529221783304, 42.035274453575902 ], [ -93.466323160698906, 42.035320495757297 ], [ -93.466239792837996, 42.035304552539998 ], [ -93.465942631620194, 42.035313035823698 ], [ -93.465606502285993, 42.035255469695599 ], [ -93.465469108022404, 42.035152612835702 ], [ -93.465430920431999, 42.034930969440502 ], [ -93.4654695173558, 42.034839612399601 ], [ -93.465515132527898, 42.034789531223801 ], [ -93.465828395631632, 42.034611813116655 ], [ -93.467675921232669, 42.034611813394122 ], [ -93.467675315353731, 42.035282590075376 ], [ -93.467643073442702, 42.035290021267798 ], [ -93.467415193392, 42.035266775839801 ], [ -93.467346138383803, 42.035225178807998 ], [ -93.467086938907798, 42.034992050652001 ], [ -93.4669952879524, 42.034969685435001 ], [ -93.466872562830602, 42.034965491649203 ], [ -93.466796976334194, 42.035003359867197 ], [ -93.466727420015104, 42.035076224309499 ] ] ], [ [ [ -93.465316686237202, 42.036201333190803 ], [ -93.465240242963404, 42.035961053036097 ], [ -93.465239710528493, 42.035808115431699 ], [ -93.465285553536901, 42.035751778556602 ], [ -93.465484258048903, 42.035640309037802 ], [ -93.465827635816893, 42.0355987491264 ], [ -93.465880739816896, 42.035610522018899 ], [ -93.466086785695097, 42.035598464 ], [ -93.466231670948403, 42.0356290279273 ], [ -93.466530049514404, 42.035754714365801 ], [ -93.466751009280699, 42.035801077780803 ], [ -93.467345692085999, 42.035774276376799 ], [ -93.467673784280606, 42.035785176347296 ], [ -93.467674861473526, 42.035785086928968 ], [ -93.467674173290703, 42.036546983334276 ], [ -93.466002475780272, 42.036562132107939 ], [ -93.465956759301406, 42.0365331526746 ], [ -93.465858364341102, 42.0363613044346 ], [ -93.465720303057793, 42.0362432313893 ], [ -93.465644196384702, 42.036228324470997 ], [ -93.465538068216006, 42.036236080925697 ], [ -93.465392548139505, 42.036323552855301 ], [ -93.465316686237202, 42.036201333190803 ] ] ], [ [ [ -93.464538835261394, 42.038257304761103 ], [ -93.464431241933298, 42.038372349290398 ], [ -93.464400488106605, 42.038448656990099 ], [ -93.464408300169097, 42.0385015747542 ], [ -93.464492477126598, 42.038696397811997 ], [ -93.464606354796004, 42.0388104208415 ], [ -93.464659799210096, 42.038913420962899 ], [ -93.464660781306804, 42.0391879947475 ], [ -93.464698989040699, 42.039241508727201 ], [ -93.464812333397802, 42.039336740556202 ], [ -93.464858078817798, 42.039417231774799 ], [ -93.464843552398904, 42.039482231847302 ], [ -93.464766856868295, 42.039550484153601 ], [ -93.4646143106132, 42.0395966794066 ], [ -93.464515764156403, 42.039596535033802 ], [ -93.464355065749103, 42.039565658984003 ], [ -93.464241007760293, 42.039490087652602 ], [ -93.464164835093101, 42.039409893583702 ], [ -93.464080039407307, 42.039299123595598 ], [ -93.464003692070506, 42.039123234343201 ], [ -93.463966577891696, 42.0388720981069 ], [ -93.463897863325599, 42.0387875786762 ], [ -93.463805966239207, 42.038738376916903 ], [ -93.463599701069796, 42.0387227034877 ], [ -93.463463123636203, 42.038764739097097 ], [ -93.463332961521999, 42.038898120549 ], [ -93.463302820067696, 42.039024521703602 ], [ -93.463332604585503, 42.039276408693503 ], [ -93.463302011466695, 42.039348247823803 ], [ -93.463020318601494, 42.0396002820939 ], [ -93.462974370572596, 42.039726373056702 ], [ -93.462989166594298, 42.039821460916201 ], [ -93.463080592213402, 42.0399171584654 ], [ -93.463279970113206, 42.0399550554081 ], [ -93.463539395831006, 42.039947625957403 ], [ -93.463630760095498, 42.0399780368653 ], [ -93.463737620611795, 42.040050784604603 ], [ -93.463806368681801, 42.040134410568399 ], [ -93.4638590243339, 42.0405271540996 ], [ -93.463806463732197, 42.040634335095703 ], [ -93.463714511754901, 42.040687084193799 ], [ -93.463630261728497, 42.040695268539501 ], [ -93.463469820862301, 42.040657241913202 ], [ -93.4633177434971, 42.040656940506203 ], [ -93.463241744639504, 42.040672441055399 ], [ -93.4632105045998, 42.040695080191398 ], [ -93.463157700946297, 42.040775426698502 ], [ -93.463142361064101, 42.040862768674003 ], [ -93.463218820235696, 42.041069067773002 ], [ -93.463217828592704, 42.041129861863801 ], [ -93.463180570952503, 42.041217668056497 ], [ -93.463042816427802, 42.041358949556397 ], [ -93.463035435332998, 42.0414616511828 ], [ -93.4630431022062, 42.041485053908403 ], [ -93.4631272852005, 42.0415457310419 ], [ -93.463202553078801, 42.041583875225001 ], [ -93.463279880922201, 42.041598807536197 ], [ -93.463630472143905, 42.041526987338301 ], [ -93.463760244079594, 42.041538476814999 ], [ -93.4638283469816, 42.041572902774398 ], [ -93.463981211680647, 42.04172459817093 ], [ -93.463000766560683, 42.041719474772549 ], [ -93.462992676054412, 42.041715002556195 ], [ -93.462951141945197, 42.0416719500193 ], [ -93.462891644564948, 42.04163676642591 ], [ -93.462885232918538, 42.038774666766514 ], [ -93.462944092722793, 42.038650812172698 ], [ -93.462989772289006, 42.038364633887397 ], [ -93.462943184235996, 42.038005993899603 ], [ -93.463050573233105, 42.037796149377698 ], [ -93.463149495119694, 42.037685407425002 ], [ -93.463264074342504, 42.037612533859601 ], [ -93.463363187490103, 42.037563503137797 ], [ -93.463653358600993, 42.037479766107403 ], [ -93.463760220352398, 42.037418366766197 ], [ -93.463843837224999, 42.037326998929998 ], [ -93.463843904567995, 42.037258138170401 ], [ -93.463935125284493, 42.037124886805501 ], [ -93.463980957440498, 42.0369683870641 ], [ -93.463950557320601, 42.036666407385802 ], [ -93.463988672669501, 42.036521382378503 ], [ -93.464248675763201, 42.036296645372801 ], [ -93.464462604382703, 42.036201573567602 ], [ -93.4645910381074, 42.036182629490398 ], [ -93.464668652249003, 42.036189517800302 ], [ -93.464843606309401, 42.0362966895635 ], [ -93.464889754552502, 42.036399546207399 ], [ -93.464897095671802, 42.036498958777301 ], [ -93.464965111084894, 42.036636228147501 ], [ -93.465303509395653, 42.036915202489183 ], [ -93.465335448755795, 42.0371659290849 ], [ -93.465270908586902, 42.037227999694203 ], [ -93.465216700645399, 42.0372466115208 ], [ -93.465156690066095, 42.037223971160799 ], [ -93.465072606573301, 42.0372276880315 ], [ -93.464858094640107, 42.037204700322597 ], [ -93.464751479840501, 42.037158787883001 ], [ -93.464560911570999, 42.037113017191501 ], [ -93.4644163961554, 42.037105710761097 ], [ -93.464331890954597, 42.037121044936498 ], [ -93.464225304936704, 42.0372083851829 ], [ -93.464187607328199, 42.037475939422698 ], [ -93.463988955834694, 42.037719766711497 ], [ -93.463981351657196, 42.037761650236199 ], [ -93.464072888408694, 42.037887755708503 ], [ -93.464149368654503, 42.0379259230277 ], [ -93.464362536988304, 42.0379524627891 ], [ -93.464598759464906, 42.037880185644397 ], [ -93.4648353228242, 42.037764987745099 ], [ -93.465395012541663, 42.037633509687375 ], [ -93.465411781843258, 42.037765150079785 ], [ -93.46539911709128, 42.037764696937558 ], [ -93.465462388671071, 42.037956640887018 ], [ -93.466225439790037, 42.037966045903254 ], [ -93.466327144184532, 42.03805447815094 ], [ -93.466330570097128, 42.03852716911927 ], [ -93.466154350287724, 42.038607583489352 ], [ -93.466089479101143, 42.038649406900603 ], [ -93.465911486468002, 42.038585606592598 ], [ -93.465720557451604, 42.038482594483703 ], [ -93.465468644353294, 42.038383752185702 ], [ -93.465232197331005, 42.038261066227399 ], [ -93.465125288736999, 42.038223197134101 ], [ -93.464843889378997, 42.038165808079903 ], [ -93.464705563484898, 42.038189030061602 ], [ -93.464538835261394, 42.038257304761103 ] ] ], [ [ [ -93.460731262645695, 42.108581487391497 ], [ -93.460555732144599, 42.108619184072502 ], [ -93.460288565212593, 42.108497669023599 ], [ -93.460143380601707, 42.108337406255998 ], [ -93.460067449610705, 42.108215172949897 ], [ -93.459892341976001, 42.1080739990457 ], [ -93.459723762850601, 42.1080545900953 ], [ -93.459625601345905, 42.108108114825903 ], [ -93.459609305076398, 42.108154303107298 ], [ -93.459769958119495, 42.108424880163 ], [ -93.459685606367302, 42.108467049047199 ], [ -93.459563676583997, 42.108470915610603 ], [ -93.459457490018806, 42.108443787550698 ], [ -93.459098763451294, 42.108261442286299 ], [ -93.458864012335965, 42.108206579544927 ], [ -93.458890007822134, 42.107134670255647 ], [ -93.459164010163377, 42.107130082824625 ], [ -93.459289488439694, 42.107204442008602 ], [ -93.4594649768772, 42.107234719893697 ], [ -93.459823295046903, 42.107227445534903 ], [ -93.460189169442202, 42.107280242571299 ], [ -93.460296148614503, 42.107319012635202 ], [ -93.460464224763498, 42.107318734428702 ], [ -93.460586705453096, 42.1072996732684 ], [ -93.460860926055304, 42.1072272437073 ], [ -93.461058874086305, 42.107242755610997 ], [ -93.4611350572237, 42.107257666498903 ], [ -93.461219870729096, 42.107303155910103 ], [ -93.461295672671994, 42.107428963407003 ], [ -93.461112340349899, 42.107681160956403 ], [ -93.461073998739593, 42.107864652671999 ], [ -93.461196032541494, 42.108192605190098 ], [ -93.461249947810501, 42.108283996531 ], [ -93.461250676035107, 42.108531756773601 ], [ -93.461196490444607, 42.1085816737004 ], [ -93.461120156974403, 42.108604324281004 ], [ -93.460731262645695, 42.108581487391497 ] ] ], [ [ [ -93.459503474636506, 42.109622603274403 ], [ -93.459373375361395, 42.109516299136203 ], [ -93.459265859751994, 42.109458735508703 ], [ -93.459144371076306, 42.109416996418901 ], [ -93.458998782402901, 42.109401615627398 ], [ -93.458834273108891, 42.10943285989044 ], [ -93.458849011876367, 42.108825115081387 ], [ -93.459289747932601, 42.108802721633197 ], [ -93.459784700100201, 42.108856265758597 ], [ -93.4600139250864, 42.109016390191201 ], [ -93.4600596913413, 42.109130876312399 ], [ -93.460128262053303, 42.109187674711698 ], [ -93.460502101887798, 42.109389990435403 ], [ -93.460677748020103, 42.109549956433099 ], [ -93.460632210622094, 42.109596465383603 ], [ -93.460395540341096, 42.109741183257199 ], [ -93.460228103109799, 42.109790665562002 ], [ -93.460105617950504, 42.109809726440503 ], [ -93.4599450007467, 42.109805678782301 ], [ -93.459778024936, 42.109775568722803 ], [ -93.459503474636506, 42.109622603274403 ] ] ], [ [ [ -93.460952591406794, 42.112640111023602 ], [ -93.460861043900906, 42.112712549176202 ], [ -93.460830323797495, 42.1127199958419 ], [ -93.460722991781907, 42.112724150145603 ], [ -93.460464552572105, 42.1128308770815 ], [ -93.460295779935606, 42.112849924169403 ], [ -93.460204562760694, 42.112846344817399 ], [ -93.460097984891107, 42.112762862722803 ], [ -93.460075243349394, 42.112651511343998 ], [ -93.460105793601898, 42.1125483613054 ], [ -93.460205216545603, 42.112426886595799 ], [ -93.4604331355917, 42.112255164815899 ], [ -93.460707869203404, 42.112102249375802 ], [ -93.461234988835201, 42.111774512950902 ], [ -93.4614785347988, 42.111541383069898 ], [ -93.461517490524102, 42.111407988447503 ], [ -93.461493720498197, 42.111358330462998 ], [ -93.461440448155898, 42.111316143154497 ], [ -93.461371562942801, 42.111301375656801 ], [ -93.461273045317498, 42.111297653780802 ], [ -93.461043873302401, 42.111370074522497 ], [ -93.460807287213498, 42.1114119400021 ], [ -93.460723959821195, 42.1113924167527 ], [ -93.460578144549302, 42.111316214612103 ], [ -93.460571414190596, 42.1112668908955 ], [ -93.460624111515699, 42.111191007413197 ], [ -93.460739255895803, 42.111072524294599 ], [ -93.460868823109706, 42.110992783034298 ], [ -93.461258200983195, 42.110801869009499 ], [ -93.461418207473301, 42.110755817047099 ], [ -93.461653978083703, 42.110736294339098 ], [ -93.461821769837101, 42.1107440581562 ], [ -93.462051154076093, 42.110866617785 ], [ -93.462134704696098, 42.110946963222297 ], [ -93.462226204074497, 42.111076656102597 ], [ -93.462493297385294, 42.111301020964198 ], [ -93.462524681178195, 42.1113087916222 ], [ -93.462524041776305, 42.111426838906901 ], [ -93.462470631219801, 42.111522385800299 ], [ -93.461974629040199, 42.111831955169997 ], [ -93.461853116179995, 42.111824205085099 ], [ -93.461777039491906, 42.1118397060986 ], [ -93.461517239420303, 42.111983972756299 ], [ -93.461188583612497, 42.1123469087266 ], [ -93.460952591406794, 42.112640111023602 ] ] ], [ [ [ -93.461501905689403, 42.1739352907747 ], [ -93.461483097275561, 42.173843715184624 ], [ -93.462311078878429, 42.173837339092614 ], [ -93.462317619667616, 42.173849309048606 ], [ -93.462398171512362, 42.173848984224449 ], [ -93.462317597636897, 42.174064875844003 ], [ -93.462257140901301, 42.174118253149899 ], [ -93.462218954740706, 42.1741291327561 ], [ -93.461982709610197, 42.174155808600098 ], [ -93.461868397141203, 42.174148201197603 ], [ -93.461661880547894, 42.174094957630899 ], [ -93.461562627897294, 42.174042027632503 ], [ -93.461501905689403, 42.1739352907747 ] ] ], [ [ [ -93.450538365600096, 42.174709501750556 ], [ -93.450532859245996, 42.173928040397875 ], [ -93.45158945519097, 42.173919903800467 ], [ -93.451584127959904, 42.173927422592001 ], [ -93.451552852043406, 42.1740493486205 ], [ -93.4515530103549, 42.174145059399301 ], [ -93.451720514366301, 42.1744649963263 ], [ -93.451797188973202, 42.174568474196299 ], [ -93.451880729406597, 42.174617524794002 ], [ -93.451911636541297, 42.174705790532698 ], [ -93.451758664452299, 42.175022104212303 ], [ -93.451576314635005, 42.175308322332903 ], [ -93.451484413699404, 42.175387909997703 ], [ -93.451110665336103, 42.175274112194401 ], [ -93.451018630064098, 42.175223999379298 ], [ -93.4507139336433, 42.175022113146703 ], [ -93.450577159753806, 42.174861994462297 ], [ -93.4506070082696, 42.174812492078701 ], [ -93.450576340291605, 42.174751064646898 ], [ -93.450538365600096, 42.174709501750556 ] ] ], [ [ [ -93.459800855766701, 42.176391222883701 ], [ -93.459685784287998, 42.1764712562494 ], [ -93.459419211609102, 42.176593934916397 ], [ -93.4589540497348, 42.176746705936097 ], [ -93.458587380645099, 42.1767726053966 ], [ -93.458403854307605, 42.176757375316299 ], [ -93.458243416712605, 42.1766773022091 ], [ -93.4581454542964, 42.176555520946501 ], [ -93.458106976439893, 42.176407178892198 ], [ -93.4580992594517, 42.176284485706297 ], [ -93.458175520833706, 42.176132134744897 ], [ -93.458473544441205, 42.1756818075852 ], [ -93.458503961749102, 42.175583119075299 ], [ -93.458602976042101, 42.175441948163702 ], [ -93.458747759683703, 42.175315986868803 ], [ -93.458899629335505, 42.1752966056617 ], [ -93.458968857744395, 42.175270235812803 ], [ -93.459121391593399, 42.1752660732636 ], [ -93.459282270141202, 42.175300536198201 ], [ -93.459387985033899, 42.1753768508691 ], [ -93.459609675673804, 42.175582454622599 ], [ -93.459739624926797, 42.175662822311402 ], [ -93.459800436862395, 42.175666698663598 ], [ -93.460021614689396, 42.175819518311499 ], [ -93.460097912313898, 42.175933717343298 ], [ -93.460075399680505, 42.176116640910799 ], [ -93.459800855766701, 42.176391222883701 ] ] ], [ [ [ -93.460769856141894, 42.177132061007697 ], [ -93.460471277796898, 42.177330143908399 ], [ -93.460296903350695, 42.177398281313401 ], [ -93.460166162665999, 42.177406450657202 ], [ -93.460089935655404, 42.177390644090103 ], [ -93.459975656820603, 42.177315056359298 ], [ -93.459937559273996, 42.177223073577601 ], [ -93.459945200471594, 42.177147193900701 ], [ -93.460044949874401, 42.176952368135197 ], [ -93.460181909688103, 42.176773478095697 ], [ -93.460326946203807, 42.176540184026102 ], [ -93.4605173483572, 42.176299729387701 ], [ -93.460685457973099, 42.1761357613196 ], [ -93.460853678086195, 42.176002207021099 ], [ -93.461005325939496, 42.1759219954222 ], [ -93.461059219626605, 42.175915001963297 ], [ -93.461181267266895, 42.175911133671001 ], [ -93.461265759886302, 42.175934257355799 ], [ -93.4613264232364, 42.175975697550498 ], [ -93.461402983562607, 42.176082745229699 ], [ -93.461372007157095, 42.176330798941798 ], [ -93.461219074420001, 42.176647124429401 ], [ -93.461043845735702, 42.176872671779897 ], [ -93.460769856141894, 42.177132061007697 ] ] ], [ [ [ -93.452330776653795, 42.176612988403399 ], [ -93.452362136868103, 42.1765554650596 ], [ -93.452406885734007, 42.1762316541231 ], [ -93.452460761251402, 42.176158473359102 ], [ -93.4525073467845, 42.176151339658503 ], [ -93.452605740194599, 42.176094240570897 ], [ -93.452773342054698, 42.1760447641078 ], [ -93.452881141093897, 42.176063879450297 ], [ -93.453002480889296, 42.176112778419203 ], [ -93.453108853195104, 42.176204317256797 ], [ -93.4531856696576, 42.176437494845402 ], [ -93.453216641888503, 42.176624153014501 ], [ -93.453253805918493, 42.176708069326203 ], [ -93.453491457918901, 42.177043695769797 ], [ -93.453681854574697, 42.177237961316202 ], [ -93.4538642694272, 42.177383768437402 ], [ -93.453887925943505, 42.177437007145201 ], [ -93.454032554527203, 42.177616060842098 ], [ -93.454094192940303, 42.177730870070299 ], [ -93.454047646593096, 42.177970566738097 ], [ -93.453956136716599, 42.178039430506203 ], [ -93.453887719824607, 42.178043452115297 ], [ -93.453727023268797, 42.177970523893798 ], [ -93.453644087662994, 42.177871396083297 ], [ -93.453604877887201, 42.1777767059436 ], [ -93.453520887714603, 42.177673084994701 ], [ -93.453383763147599, 42.177588991819299 ], [ -93.453170619266999, 42.177516820408698 ], [ -93.452964501110301, 42.177485932342201 ], [ -93.452835379355093, 42.1775164878403 ], [ -93.452803934181304, 42.177509608026597 ], [ -93.452590794713899, 42.177337255376699 ], [ -93.4524452135107, 42.177151025567902 ], [ -93.452407125987705, 42.177059040590201 ], [ -93.452362142558201, 42.176688740714603 ], [ -93.452330776653795, 42.176612988403399 ] ] ], [ [ [ -93.460510348957598, 42.178600157631998 ], [ -93.460349875689005, 42.1788555115101 ], [ -93.460151641387995, 42.1790430396156 ], [ -93.460105113801205, 42.179115473378303 ], [ -93.459869464159993, 42.179359513223098 ], [ -93.459586600368993, 42.1795274911984 ], [ -93.459327540552195, 42.179610961152399 ], [ -93.459137068197904, 42.179618852105399 ], [ -93.459015066369901, 42.179587835251702 ], [ -93.458831181371096, 42.179515352859603 ], [ -93.4587095908675, 42.179439620373699 ], [ -93.4584346209393, 42.179156938820597 ], [ -93.458396674911398, 42.179027390678002 ], [ -93.458396527330294, 42.178897689949899 ], [ -93.458495418870598, 42.178592828490203 ], [ -93.458755633073807, 42.1781766412807 ], [ -93.458998995719199, 42.177955116834198 ], [ -93.459151594741698, 42.177848986225598 ], [ -93.4593200431692, 42.177776261679902 ], [ -93.459587343635604, 42.1777340991719 ], [ -93.460113475107406, 42.177714902420902 ], [ -93.460212034700504, 42.177753508640102 ], [ -93.460373212595499, 42.177779925879797 ], [ -93.460471381680705, 42.1778292578337 ], [ -93.460647409033498, 42.178016969842602 ], [ -93.460677514786099, 42.178127579555799 ], [ -93.460678141465095, 42.178210777215199 ], [ -93.460510348957598, 42.178600157631998 ] ] ], [ [ [ -93.450575982095032, 42.18004803183635 ], [ -93.450569573250803, 42.179138489153303 ], [ -93.450599374806302, 42.179188077268201 ], [ -93.450774380730195, 42.179336426669401 ], [ -93.450851139603998, 42.1793710330995 ], [ -93.450874108093103, 42.179443042851503 ], [ -93.450828283599094, 42.1795959896859 ], [ -93.450729167231202, 42.179806028034903 ], [ -93.450584124499002, 42.180038418472101 ], [ -93.450575982095032, 42.18004803183635 ] ] ], [ [ [ -93.4533228065673, 42.179824859493401 ], [ -93.453124933806393, 42.179534737609004 ], [ -93.453101825229595, 42.179333027444102 ], [ -93.453147968358607, 42.1792713221041 ], [ -93.453192968448604, 42.179240900702901 ], [ -93.453705047083801, 42.179306427895099 ], [ -93.453803899211493, 42.179336994619703 ], [ -93.453887577358401, 42.179382468902602 ], [ -93.454124060009704, 42.179416635828296 ], [ -93.454337710832405, 42.179508493999002 ], [ -93.454367861960193, 42.179584222147398 ], [ -93.454352759606095, 42.180031160144601 ], [ -93.454291583975802, 42.180137293952498 ], [ -93.454223958952994, 42.180152959468799 ], [ -93.453949051253701, 42.180336288033097 ], [ -93.453834152148801, 42.1803778580067 ], [ -93.453644101537094, 42.1803741211179 ], [ -93.453536611998402, 42.180312972413802 ], [ -93.453467738020905, 42.180229326759701 ], [ -93.453353378759402, 42.1799891487534 ], [ -93.4533228065673, 42.179824859493401 ] ] ], [ [ [ -93.4521334193375, 42.180144940260099 ], [ -93.4521867332829, 42.1800538587296 ], [ -93.452254381797403, 42.180004204854001 ], [ -93.452461141124999, 42.179951026398598 ], [ -93.452552576353, 42.179951036192499 ], [ -93.452674608604298, 42.179981165319198 ], [ -93.452842889400401, 42.180080183780198 ], [ -93.453033739851193, 42.180228841808599 ], [ -93.453079064318601, 42.180289662775102 ], [ -93.453422436404907, 42.180568334754 ], [ -93.453834438848702, 42.180770536298297 ], [ -93.454001951595998, 42.180823920158304 ], [ -93.454085762237597, 42.180865819080203 ], [ -93.454215237021202, 42.180892515179501 ], [ -93.454322804935003, 42.1808847906089 ], [ -93.454383783336795, 42.180984381115501 ], [ -93.454373979648722, 42.181085053958007 ], [ -93.45284698472129, 42.181090278326849 ], [ -93.452857489751594, 42.181015193112003 ], [ -93.452781038412894, 42.180805277518502 ], [ -93.452659478636207, 42.180595369081502 ], [ -93.452430352250502, 42.180393183668798 ], [ -93.452247428896598, 42.18032786645 ], [ -93.452178663961405, 42.180274634231601 ], [ -93.4521334193375, 42.180144940260099 ] ] ], [ [ [ -93.279826094636249, 41.888232873930555 ], [ -93.280128325310926, 41.888233105825613 ], [ -93.280131350980298, 41.888549920869494 ], [ -93.279952500497004, 41.888420125826102 ], [ -93.279868286080401, 41.888275277079302 ], [ -93.279826094636249, 41.888232873930555 ] ] ], [ [ [ -93.277481284065516, 41.888231074808125 ], [ -93.277503758166802, 41.888260269406899 ], [ -93.277655631864505, 41.8883511068668 ], [ -93.277991588974501, 41.888453876518803 ], [ -93.278106829776604, 41.888518902654504 ], [ -93.278105644784105, 41.888580577918503 ], [ -93.278068719484807, 41.888687103604497 ], [ -93.277976542541495, 41.888809453365099 ], [ -93.277855079568297, 41.888904358873397 ], [ -93.277778752674607, 41.888931362823499 ], [ -93.277533973182202, 41.888950340680601 ], [ -93.277190716952006, 41.889003902047001 ], [ -93.277045515066703, 41.889053595399403 ], [ -93.276931020158102, 41.889125397783701 ], [ -93.276625903561694, 41.889072457846602 ], [ -93.276497005701401, 41.889015189871401 ], [ -93.2763822176871, 41.888938547107699 ], [ -93.276328229996594, 41.888828313898998 ], [ -93.276382424204201, 41.888683702328201 ], [ -93.276626400247295, 41.888435792674699 ], [ -93.276690515580967, 41.888230468068571 ], [ -93.277481284065516, 41.888231074808125 ] ] ], [ [ [ -93.278564001202398, 41.888938989224002 ], [ -93.278640279786899, 41.8886946915216 ], [ -93.278739797662496, 41.8886333022432 ], [ -93.278846935668398, 41.8886257260368 ], [ -93.278953031311403, 41.888644953953701 ], [ -93.279083207378903, 41.888763052439899 ], [ -93.279151817981898, 41.888965696133297 ], [ -93.279365244680505, 41.889159769436901 ], [ -93.279381047546494, 41.889190505763999 ], [ -93.279380101365703, 41.889308521151797 ], [ -93.279349801952705, 41.889369582428102 ], [ -93.279182512506196, 41.889518963583598 ], [ -93.279190121885406, 41.889697965589498 ], [ -93.279281444618505, 41.889816138693497 ], [ -93.279517892214002, 41.889980294327898 ], [ -93.279693819235106, 41.8901708937696 ], [ -93.279730935768299, 41.890246789933101 ], [ -93.27973889914, 41.8903542628316 ], [ -93.279692892714195, 41.890475799210201 ], [ -93.279632851787198, 41.890552329214799 ], [ -93.279502829056796, 41.890617547090102 ], [ -93.279388548020407, 41.890621396442299 ], [ -93.279059718479203, 41.890522357608901 ], [ -93.278517776958907, 41.890189904814498 ], [ -93.278442459883607, 41.8901597011902 ], [ -93.278190382177598, 41.889991636896397 ], [ -93.278190180187806, 41.889934403310498 ], [ -93.278136640705497, 41.8898125555625 ], [ -93.278106404515597, 41.889591048222499 ], [ -93.278305067728795, 41.889415504111902 ], [ -93.278389046802801, 41.889129341121397 ], [ -93.278518691798396, 41.889011358323302 ], [ -93.278564001202398, 41.888938989224002 ] ] ], [ [ [ -93.277121927702396, 41.8912084627448 ], [ -93.277091474218395, 41.891086207437397 ], [ -93.2771143111881, 41.8908425702733 ], [ -93.276984995739795, 41.8904839454352 ], [ -93.276976974666198, 41.890315664838603 ], [ -93.277030048467594, 41.890262238399103 ], [ -93.277099515363702, 41.8902243595114 ], [ -93.277267383564407, 41.890216277985303 ], [ -93.277465299038298, 41.890247281358299 ], [ -93.277595524483502, 41.890239299166403 ], [ -93.277793982542306, 41.890381195356397 ], [ -93.278120898037997, 41.8905293785472 ], [ -93.278434605903001, 41.890705002737803 ], [ -93.278792571281301, 41.890960250147799 ], [ -93.278937373122105, 41.891139463746903 ], [ -93.278922114179196, 41.891219620717798 ], [ -93.278769598110898, 41.891238758808903 ], [ -93.278708901363601, 41.8912696699715 ], [ -93.278045373108995, 41.891472069977503 ], [ -93.277908380921204, 41.891529091437597 ], [ -93.277709415282104, 41.891556190262399 ], [ -93.277510905002103, 41.891540376314701 ], [ -93.277281767020497, 41.8914067741362 ], [ -93.277121927702396, 41.8912084627448 ] ] ], [ [ [ -93.280204267328799, 41.958599279628999 ], [ -93.2801513502733, 41.958678649967197 ], [ -93.280143331725796, 41.9587285606313 ], [ -93.280249855852901, 41.959083150171899 ], [ -93.280288502028299, 41.9591519293798 ], [ -93.280290337420567, 41.959160754480223 ], [ -93.280289784486541, 41.959797227818903 ], [ -93.280165817344994, 41.960056144073 ], [ -93.279998395293305, 41.960204644844602 ], [ -93.279876744026197, 41.960270047377399 ], [ -93.279701004432894, 41.960288702008498 ], [ -93.279571552849305, 41.9602734547368 ], [ -93.279494945452299, 41.960243223714102 ], [ -93.279143680463505, 41.960212570934999 ], [ -93.278807721708205, 41.9601321600951 ], [ -93.278479546402707, 41.959945493119299 ], [ -93.278388927170994, 41.959869357826904 ], [ -93.278349969377999, 41.959808619911598 ], [ -93.278327924495798, 41.959594422398901 ], [ -93.278351108197398, 41.959529628679398 ], [ -93.278327254435098, 41.959361895627097 ], [ -93.278274534500994, 41.9591863998901 ], [ -93.278244204797502, 41.9589040626743 ], [ -93.278304179673398, 41.958705902756599 ], [ -93.278395761996507, 41.958507514830799 ], [ -93.278434671680998, 41.958350942006902 ], [ -93.278464985901095, 41.958102971671103 ], [ -93.278457791513006, 41.957881933399896 ], [ -93.278503161272695, 41.957653060368202 ], [ -93.278556395588197, 41.957534349259902 ], [ -93.278671003897102, 41.9574312401664 ], [ -93.278868985964095, 41.957309319771397 ], [ -93.278953574340605, 41.957290534097197 ], [ -93.279060023405094, 41.957240909367101 ], [ -93.2791382290917, 41.957179856414982 ], [ -93.27994891423603, 41.957176612088482 ], [ -93.279860784901302, 41.957244367839003 ], [ -93.279776536816499, 41.957348117562802 ], [ -93.279746553377905, 41.957431547886401 ], [ -93.279777243882293, 41.957611049883397 ], [ -93.279906946170698, 41.957900845390498 ], [ -93.279952822737201, 41.958221068938002 ], [ -93.280089857423405, 41.958384925715201 ], [ -93.280204267328799, 41.958599279628999 ] ] ], [ [ [ -93.277534117178305, 41.959224446990703 ], [ -93.277602827794396, 41.959114110831401 ], [ -93.277701994459903, 41.959064333490197 ], [ -93.277831895719302, 41.9590679665219 ], [ -93.277885191607993, 41.959041367487501 ], [ -93.277968832836294, 41.959140607243903 ], [ -93.277999908956502, 41.959247681605099 ], [ -93.278022189569299, 41.959518223689798 ], [ -93.277983964060994, 41.959750824836497 ], [ -93.277892907659194, 41.959873210104398 ], [ -93.277595668426599, 41.960140593049999 ], [ -93.2772749140032, 41.9606060099145 ], [ -93.277198090982495, 41.9606437383055 ], [ -93.277084224971702, 41.960571583215398 ], [ -93.277053493929202, 41.960486872749399 ], [ -93.277068193558193, 41.960296700952 ], [ -93.277229506502593, 41.959930764892299 ], [ -93.2772365950145, 41.959842380636402 ], [ -93.277214016657794, 41.959766784994898 ], [ -93.277160831838401, 41.959728103692399 ], [ -93.277091856551706, 41.959720389173199 ], [ -93.276786648129104, 41.959880288567199 ], [ -93.276557998585901, 41.959884408785904 ], [ -93.276503908945003, 41.959868959404702 ], [ -93.276397922934606, 41.959781767180303 ], [ -93.276282896110104, 41.959583493423203 ], [ -93.276228936115402, 41.959377565026301 ], [ -93.276274414451393, 41.9591773114457 ], [ -93.276450770671701, 41.959205177087497 ], [ -93.276572450105206, 41.959201483718203 ], [ -93.2766949997404, 41.959175451599698 ], [ -93.2768324387078, 41.9591103850968 ], [ -93.277023564057302, 41.958946291389097 ], [ -93.277152157515502, 41.958858681057002 ], [ -93.277259406982395, 41.958819805870696 ], [ -93.2773668230449, 41.958839062246298 ], [ -93.277419106142304, 41.958869675910897 ], [ -93.277465658312494, 41.958953825458401 ], [ -93.277389518674099, 41.959098881766202 ], [ -93.277160323541096, 41.9593355041482 ], [ -93.277152569991998, 41.959472165428402 ], [ -93.277182681712205, 41.959510360169503 ], [ -93.277282189890897, 41.959514247093701 ], [ -93.277351412246702, 41.959484406975598 ], [ -93.277465573143601, 41.959392914813797 ], [ -93.277534117178305, 41.959224446990703 ] ] ], [ [ [ -93.275748862419505, 41.961498508754701 ], [ -93.275855241885694, 41.961513273087803 ], [ -93.275924527892897, 41.961544246141301 ], [ -93.276000713094206, 41.961616501688297 ], [ -93.276084163774598, 41.961845409882002 ], [ -93.276160318834599, 41.961887259108302 ], [ -93.276244804885295, 41.9619024555519 ], [ -93.276366237144202, 41.961967616803697 ], [ -93.276420389873394, 41.962043878791199 ], [ -93.276397183167802, 41.962265171403097 ], [ -93.276297619824902, 41.962387376593199 ], [ -93.276191365696604, 41.962462937870299 ], [ -93.275969432777998, 41.962512807364597 ], [ -93.275832238727205, 41.962509018719501 ], [ -93.275702614149594, 41.962466935452902 ], [ -93.275443383475206, 41.962257569276296 ], [ -93.275405079574, 41.962242452511397 ], [ -93.275266818572263, 41.96222917586671 ], [ -93.274941591178575, 41.961980522880033 ], [ -93.274932029573804, 41.961906056626901 ], [ -93.274848837413302, 41.961826498263399 ], [ -93.275024247925998, 41.961722886293401 ], [ -93.275328562913501, 41.961586222957301 ], [ -93.275558545868805, 41.961516850314197 ], [ -93.275748862419505, 41.961498508754701 ] ] ], [ [ [ -93.276931064881595, 41.963473876857996 ], [ -93.276847245899205, 41.963379103679699 ], [ -93.276817302853303, 41.963367740792798 ], [ -93.276764645535422, 41.963374341234548 ], [ -93.276405667523619, 41.963099884173062 ], [ -93.2764435200598, 41.962947592554798 ], [ -93.2763890429421, 41.962692466997503 ], [ -93.276397625725593, 41.962596959729602 ], [ -93.276794473457699, 41.962237779554201 ], [ -93.276824632636504, 41.962181181517998 ], [ -93.276824713908098, 41.9620854949967 ], [ -93.276786661268204, 41.9620015241969 ], [ -93.277023102827798, 41.961891148141703 ], [ -93.277236237472906, 41.961692640578697 ], [ -93.2773511823532, 41.961456291084197 ], [ -93.277427670375104, 41.9610214945167 ], [ -93.277504062782796, 41.9608075835094 ], [ -93.277572152186096, 41.9606820312571 ], [ -93.277762799887, 41.960467846317002 ], [ -93.277885462500294, 41.960376532898799 ], [ -93.278059960292595, 41.960296149198101 ], [ -93.278251831887999, 41.960300193848603 ], [ -93.278419570867698, 41.960487057019698 ], [ -93.278579584629895, 41.960560183546598 ], [ -93.278761884072694, 41.960529148739901 ], [ -93.279053002284599, 41.9603877275541 ], [ -93.279143976383594, 41.960392327460497 ], [ -93.279265895590598, 41.960444976208997 ], [ -93.2792893110108, 41.960499126412401 ], [ -93.279281077411397, 41.960616997917199 ], [ -93.279220245487096, 41.960712298385999 ], [ -93.2790069803428, 41.960914383188403 ], [ -93.278884410743501, 41.961128216162699 ], [ -93.278861429751103, 41.961250248359597 ], [ -93.278808335251995, 41.961334086132297 ], [ -93.278723738910202, 41.961384171579702 ], [ -93.278572005854002, 41.961410484957199 ], [ -93.278335271309302, 41.961372406803797 ], [ -93.278220874566799, 41.961376255434203 ], [ -93.278030479376596, 41.961490287079101 ], [ -93.277937924653401, 41.961651095201297 ], [ -93.277945618433506, 41.961734425604597 ], [ -93.278030101342196, 41.961780920672403 ], [ -93.278090577943601, 41.961788455511297 ], [ -93.278281973046404, 41.961742410212402 ], [ -93.278365836385206, 41.961742389344103 ], [ -93.278395918139097, 41.961750177656597 ], [ -93.278472245267295, 41.961818857568602 ], [ -93.278472232677601, 41.961944056764601 ], [ -93.278419447105605, 41.962051152310302 ], [ -93.278396635758696, 41.9622000166204 ], [ -93.278495540767295, 41.962375592024998 ], [ -93.278571416455094, 41.962455888068497 ], [ -93.278625119754906, 41.962543765316397 ], [ -93.278655749249694, 41.962631156259 ], [ -93.278639775600297, 41.962760490592501 ], [ -93.278510411512002, 41.962867760895001 ], [ -93.2784037827264, 41.962890553408201 ], [ -93.278221135578704, 41.9628679236192 ], [ -93.277984055083493, 41.9627761805882 ], [ -93.277900190504695, 41.962776201208698 ], [ -93.277816837543796, 41.962856718031702 ], [ -93.277747455500801, 41.963046631906202 ], [ -93.2776491844605, 41.963104477063297 ], [ -93.277419654393299, 41.963130937565801 ], [ -93.277267526846899, 41.9632296782043 ], [ -93.277214286007194, 41.963348389565098 ], [ -93.277258926721004, 41.963481684871198 ], [ -93.277358328856593, 41.9635508521215 ], [ -93.277473665231298, 41.963554178251798 ], [ -93.277603199102401, 41.963505040865698 ], [ -93.277732704951106, 41.9633941971925 ], [ -93.277938817024804, 41.963344885353102 ], [ -93.278228467863698, 41.963428793770397 ], [ -93.278366286861996, 41.963447795825402 ], [ -93.278510772614595, 41.963420435502499 ], [ -93.278793086309605, 41.963318177059101 ], [ -93.278960958821997, 41.9632832605527 ], [ -93.2791283761795, 41.963291259832502 ], [ -93.279289301315202, 41.963341153408699 ], [ -93.279517702502105, 41.963531082324202 ], [ -93.279678131219796, 41.963718684593601 ], [ -93.279739468651997, 41.963829079375202 ], [ -93.279792260192906, 41.964065388111202 ], [ -93.279753877095999, 41.964145959345501 ], [ -93.279701201337602, 41.964187775266403 ], [ -93.279555566905898, 41.964244624140903 ], [ -93.279243381892698, 41.964271135146902 ], [ -93.278923081069095, 41.964256337305997 ], [ -93.2785875360603, 41.964008703506899 ], [ -93.278441496276997, 41.963951074219203 ], [ -93.278044652554797, 41.963935555155402 ], [ -93.277870114283502, 41.963985532849499 ], [ -93.277748176067504, 41.964058082070203 ], [ -93.27771576795962, 41.964101523003571 ], [ -93.276940915606346, 41.963509108724772 ], [ -93.276931064881595, 41.963473876857996 ] ] ], [ [ [ -93.280120439408904, 41.963596542408403 ], [ -93.280006299730701, 41.9633750387733 ], [ -93.280044197807896, 41.963275677393497 ], [ -93.280158048474405, 41.9631922244035 ], [ -93.280286331384048, 41.963159878236496 ], [ -93.28028507083701, 41.964313386768644 ], [ -93.280219101911996, 41.964309576002201 ], [ -93.280082775728104, 41.9642521531879 ], [ -93.280013591959303, 41.964187201729999 ], [ -93.280006099135306, 41.964161109665902 ], [ -93.280028564913295, 41.963958580494399 ], [ -93.280089924919693, 41.9637872762803 ], [ -93.280120439408904, 41.963596542408403 ] ] ], [ [ [ -93.363051527754493, 42.034911997493097 ], [ -93.363066828838896, 42.035022313006202 ], [ -93.363128865715197, 42.035087076535198 ], [ -93.363189888366406, 42.035114257224102 ], [ -93.363311898946193, 42.035137316038799 ], [ -93.363639902974299, 42.0351180711788 ], [ -93.363753911066794, 42.0351597474004 ], [ -93.363838203911698, 42.035247322933103 ], [ -93.363792280795806, 42.035335819903203 ], [ -93.363646569089397, 42.0354571606006 ], [ -93.363509295767997, 42.035483873614801 ], [ -93.3633646279863, 42.035545314770502 ], [ -93.363280374675895, 42.035617825958298 ], [ -93.363242790848702, 42.035678768472799 ], [ -93.363029032866805, 42.035862218295001 ], [ -93.362998201174804, 42.035873215643001 ], [ -93.362883822112096, 42.035873565008004 ], [ -93.362770117084693, 42.035823845147 ], [ -93.362724052971998, 42.035754935627203 ], [ -93.362754341242393, 42.035629452130401 ], [ -93.362823734757697, 42.035499400526597 ], [ -93.362845512747896, 42.035373743410297 ], [ -93.362731333540907, 42.0352399462204 ], [ -93.362700770356497, 42.035179402047703 ], [ -93.362655379200007, 42.034996031232502 ], [ -93.362670438464093, 42.034919425607001 ], [ -93.362776807806995, 42.034744517506503 ], [ -93.362875884275397, 42.034633852739198 ], [ -93.363036454911693, 42.034537857592497 ], [ -93.363188753546595, 42.034499825317198 ], [ -93.363273074189706, 42.034457723090803 ], [ -93.363364657474506, 42.034481055459203 ], [ -93.363700864690301, 42.034470026884598 ], [ -93.364142434256706, 42.034504074315798 ], [ -93.364334079356297, 42.034584001048302 ], [ -93.364348871706298, 42.0346111327584 ], [ -93.364120327589902, 42.034767452436498 ], [ -93.363990418922896, 42.034824723515399 ], [ -93.363624729546302, 42.034843200538099 ], [ -93.363296151011596, 42.034813245132902 ], [ -93.363158878821494, 42.034839957754699 ], [ -93.363066689817799, 42.034897103118404 ], [ -93.363051527754493, 42.034911997493097 ] ] ], [ [ [ -93.366111202795594, 42.036949079822001 ], [ -93.365936087312804, 42.037204869112998 ], [ -93.365775613392202, 42.037265991003999 ], [ -93.365470597926205, 42.037288393111901 ], [ -93.365340407722897, 42.037224030091103 ], [ -93.365294982758201, 42.037170338214899 ], [ -93.365264212194504, 42.0370829602114 ], [ -93.365310199973806, 42.036960479037397 ], [ -93.365417650899104, 42.036853560104703 ], [ -93.365951101276806, 42.036548731459497 ], [ -93.366103291945294, 42.036384591904302 ], [ -93.366171868674598, 42.036243789814399 ], [ -93.3663931186707, 42.036087317606501 ], [ -93.366546230212606, 42.036060029874299 ], [ -93.366699378018396, 42.036064044473001 ], [ -93.366943037076794, 42.036152181729499 ], [ -93.367019240651302, 42.036357642807403 ], [ -93.367103002861001, 42.036491710918199 ], [ -93.367461941230005, 42.036781632525198 ], [ -93.367332545813497, 42.036922090915198 ], [ -93.367118682169803, 42.0369794439261 ], [ -93.366874045656502, 42.036949418980697 ], [ -93.366645205998793, 42.036823126996801 ], [ -93.366501004786599, 42.036807668267599 ], [ -93.366310035158094, 42.036838656284203 ], [ -93.366211124587593, 42.0368804633313 ], [ -93.366111202795594, 42.036949079822001 ] ] ], [ [ [ -93.362304586152007, 42.0369072263316 ], [ -93.362242889570041, 42.036845617679468 ], [ -93.362239429521196, 42.036522344060643 ], [ -93.362297181889801, 42.036491207999497 ], [ -93.362404030610605, 42.036464769665102 ], [ -93.362502741128495, 42.036460523622303 ], [ -93.362593888054803, 42.036495474031398 ], [ -93.362647618972602, 42.036586898538502 ], [ -93.362708372772204, 42.036621228697697 ], [ -93.362708442812007, 42.036716029953702 ], [ -93.362785106106401, 42.036876786375799 ], [ -93.362860720899505, 42.036968657333802 ], [ -93.3629451150817, 42.037021356488196 ], [ -93.363021168901497, 42.037101609918999 ], [ -93.363097359920502, 42.0372426811238 ], [ -93.363074750448703, 42.037777034456603 ], [ -93.3631280443348, 42.0378800763634 ], [ -93.363182147105405, 42.037929474405097 ], [ -93.3632204135222, 42.038043836132097 ], [ -93.363280528918693, 42.038127341691798 ], [ -93.36336470392763, 42.038211545899387 ], [ -93.362391771915853, 42.038166643730293 ], [ -93.362373571477804, 42.038108837019699 ], [ -93.362364783546298, 42.037761653991701 ], [ -93.362334827114594, 42.037685023843899 ], [ -93.362365185114896, 42.037589949069996 ], [ -93.362349613194695, 42.037422389909104 ], [ -93.362358354196203, 42.037158738356901 ], [ -93.362304586152007, 42.0369072263316 ] ] ], [ [ [ -93.369377049594405, 42.038382274889166 ], [ -93.369246915218199, 42.038490386452303 ], [ -93.369209612058, 42.038608574199699 ], [ -93.369223966665999, 42.038905786749702 ], [ -93.369139715384804, 42.038978302045201 ], [ -93.369026045799998, 42.039024282668798 ], [ -93.368849926256999, 42.0390162259771 ], [ -93.368705989399601, 42.0389936204393 ], [ -93.368255828083903, 42.038799327441403 ], [ -93.368179335330396, 42.038795086947403 ], [ -93.368034324697703, 42.038833273833298 ], [ -93.367851196654499, 42.038978899371102 ], [ -93.367743617789401, 42.039153787766502 ], [ -93.367606614466396, 42.039237748585201 ], [ -93.367461299415993, 42.039283977729603 ], [ -93.367179608480498, 42.039268402533303 ], [ -93.367026290835298, 42.039333249325601 ], [ -93.366919481539597, 42.039455386785598 ], [ -93.366782389178596, 42.039703009210598 ], [ -93.366760197840833, 42.039719175963562 ], [ -93.366483107571753, 42.039718754318287 ], [ -93.366447367908293, 42.0396496780386 ], [ -93.366500141929507, 42.039508553202197 ], [ -93.366844108994201, 42.039130994720203 ], [ -93.366889727488299, 42.039050539144597 ], [ -93.366913077323204, 42.0388184865919 ], [ -93.366851336878398, 42.038745681717799 ], [ -93.366752516882102, 42.038688219523699 ], [ -93.366675721067907, 42.038692021014 ], [ -93.366485459234497, 42.038768635182102 ], [ -93.366337078105119, 42.038895035609642 ], [ -93.366296025064173, 42.038344414842527 ], [ -93.365272921848515, 42.038284710259539 ], [ -93.364174453880963, 42.03824763066396 ], [ -93.364150915831999, 42.038212169664099 ], [ -93.363685437044396, 42.0379406350404 ], [ -93.363738077770705, 42.037738693767402 ], [ -93.363899362732894, 42.037623930530501 ], [ -93.363967274784997, 42.037597591070401 ], [ -93.364028904188501, 42.037544293291603 ], [ -93.364059563391507, 42.037441175280499 ], [ -93.364044329134103, 42.037361268478001 ], [ -93.364096836446294, 42.037227294209004 ], [ -93.364211415462407, 42.037124993255397 ], [ -93.364379896361797, 42.037109647805501 ], [ -93.364478577275605, 42.037170686307 ], [ -93.364562300157402, 42.037273453635102 ], [ -93.364647077390998, 42.037509498821301 ], [ -93.364738365212602, 42.037605265597598 ], [ -93.364829818232707, 42.037632171619101 ], [ -93.365150404176902, 42.0376163487554 ], [ -93.365309838410795, 42.037647323239497 ], [ -93.365394439625106, 42.0377268551551 ], [ -93.3654248376955, 42.037791867130601 ], [ -93.365417583164998, 42.037887413483503 ], [ -93.365348396454607, 42.038044301175901 ], [ -93.365348400585503, 42.038108693653399 ], [ -93.365370726717302, 42.038161914728597 ], [ -93.365424527876499, 42.038219354714101 ], [ -93.365539454456695, 42.038269097161503 ], [ -93.365752312085505, 42.038238556230702 ], [ -93.365874288337295, 42.038165917632703 ], [ -93.366142345766704, 42.037929908798297 ], [ -93.366469864513206, 42.037601205550402 ], [ -93.366561686248403, 42.037586083960697 ], [ -93.366737187281402, 42.037513640824798 ], [ -93.366943185588099, 42.037471331883097 ], [ -93.367118658009204, 42.0374641743186 ], [ -93.367378458134894, 42.037479303893498 ], [ -93.367530739418299, 42.037570944889502 ], [ -93.367553342687103, 42.037681408784998 ], [ -93.367530858903294, 42.037761441272202 ], [ -93.367469302396202, 42.037845149659603 ], [ -93.367301068084302, 42.0379830285164 ], [ -93.367232345429599, 42.0379986211519 ], [ -93.367072202016899, 42.037986415716297 ], [ -93.366927765247695, 42.0380094092408 ], [ -93.366874881064007, 42.03802443 ], [ -93.366752538158494, 42.0381390959421 ], [ -93.366744075061504, 42.038299010132498 ], [ -93.366767859393207, 42.038410392681499 ], [ -93.366935612760003, 42.038543489244901 ], [ -93.367041895787295, 42.038596631619903 ], [ -93.367163778957803, 42.038623261505101 ], [ -93.367507434880906, 42.038608796952701 ], [ -93.367850508411493, 42.038512934813099 ], [ -93.368102162670596, 42.0384214707056 ], [ -93.368309068650404, 42.038322834672599 ], [ -93.368560882895693, 42.038162508943799 ], [ -93.368721177225396, 42.038009263079303 ], [ -93.368766071192795, 42.037818788722603 ], [ -93.368758196983293, 42.037769439857698 ], [ -93.368682779195098, 42.037704406573397 ], [ -93.368614423942105, 42.037677973541498 ], [ -93.368446477892107, 42.037646829865402 ], [ -93.368354925885797, 42.0376548035794 ], [ -93.3681795103562, 42.037563586856898 ], [ -93.368132597813698, 42.037517020415002 ], [ -93.368102055960804, 42.037391191276498 ], [ -93.368141121640093, 42.037323122768697 ], [ -93.368224459303306, 42.037242540648897 ], [ -93.368469315618199, 42.0371053264656 ], [ -93.368881344837604, 42.037052005324703 ], [ -93.368918423181796, 42.037036662040698 ], [ -93.369018611671905, 42.036960894162299 ], [ -93.369025861180802, 42.036865347712499 ], [ -93.368972192770499, 42.036804334713203 ], [ -93.368850035378799, 42.036720463423201 ], [ -93.368713057363195, 42.036674746770501 ], [ -93.368499222247806, 42.036666816025203 ], [ -93.368338842499398, 42.036628671550297 ], [ -93.368286050432602, 42.036544423363701 ], [ -93.368263348754994, 42.036468836873802 ], [ -93.368255670296506, 42.036349733806098 ], [ -93.368216494082404, 42.036323894701098 ], [ -93.368087559210394, 42.036323057965298 ], [ -93.367957418414093, 42.036418784864402 ], [ -93.3678895090125, 42.036445126383498 ], [ -93.367858000988903, 42.036441801732103 ], [ -93.367766845138902, 42.036342462689397 ], [ -93.367697940046199, 42.036201542943601 ], [ -93.367636929653401, 42.035980293723902 ], [ -93.367538679412903, 42.035843247961999 ], [ -93.367522663705799, 42.035751699514201 ], [ -93.367553917119594, 42.035568102913402 ], [ -93.367591362390897, 42.035510733751501 ], [ -93.367637219683203, 42.035488414989402 ], [ -93.367744169064196, 42.0354914874641 ], [ -93.367888849063704, 42.035591022114801 ], [ -93.367988719503501, 42.035717368528701 ], [ -93.368148898263797, 42.035793071446598 ], [ -93.368254901815405, 42.035788969545699 ], [ -93.368545519671997, 42.0357287058441 ], [ -93.368629202405302, 42.035735775559601 ], [ -93.368728528433294, 42.035812027518702 ], [ -93.368766357791699, 42.035873612457799 ], [ -93.368819665951605, 42.0360410441046 ], [ -93.368980527160403, 42.036163265341699 ], [ -93.369026320866197, 42.036174929536003 ], [ -93.369086362899907, 42.0361636310097 ], [ -93.369201037696001, 42.036090840974197 ], [ -93.369255367416699, 42.036037392327998 ], [ -93.369368584953193, 42.0356479777926 ], [ -93.36939019746751, 42.03562067745009 ], [ -93.369385084506433, 42.037051787375582 ], [ -93.369384661637497, 42.037177034185447 ], [ -93.369384478517517, 42.037206028194795 ], [ -93.369316032432096, 42.037269233758302 ], [ -93.369186329192701, 42.037353344527702 ], [ -93.369025427632295, 42.037490480367801 ], [ -93.369010715203103, 42.037590346666697 ], [ -93.369094168346294, 42.037635867882202 ], [ -93.369338665758505, 42.037605070816198 ], [ -93.369382058183277, 42.037589247956582 ], [ -93.369377049594405, 42.038382274889166 ] ] ], [ [ [ -93.278382745867759, 42.099652857788492 ], [ -93.278297070050101, 42.099750551215699 ], [ -93.278029910933498, 42.099918448887401 ], [ -93.277892338662099, 42.099948647817399 ], [ -93.277709723512501, 42.099853573153702 ], [ -93.277678926872497, 42.0998001537722 ], [ -93.277671706316895, 42.099704297999601 ], [ -93.277697217293067, 42.099647405414167 ], [ -93.278382745867759, 42.099652857788492 ] ] ], [ [ [ -93.280014086186299, 42.100658733751999 ], [ -93.279944928984804, 42.100745828009501 ], [ -93.279784855709593, 42.100853371163502 ], [ -93.279639389104901, 42.1008986112926 ], [ -93.279517462787894, 42.100902308171698 ], [ -93.279410698593495, 42.100860707942203 ], [ -93.278922784928795, 42.100506090402099 ], [ -93.278822983063904, 42.1003796654255 ], [ -93.278800810599407, 42.100292439436402 ], [ -93.278838956008997, 42.100219898738999 ], [ -93.278991069208502, 42.100097878547402 ], [ -93.279350149290806, 42.099914918085702 ], [ -93.279494571441106, 42.099865184269802 ], [ -93.279601269774204, 42.099845961935898 ], [ -93.279677684659504, 42.099853829929302 ], [ -93.279838367653895, 42.099918030019097 ], [ -93.280006423932306, 42.099949291118698 ], [ -93.280120457932796, 42.099929328174703 ], [ -93.280242317570895, 42.099864808286597 ], [ -93.280333798639404, 42.099704840289903 ], [ -93.280379793357895, 42.099712068293698 ], [ -93.28040127182966, 42.09972688121303 ], [ -93.280405033973565, 42.100186554959315 ], [ -93.280272985896801, 42.100265262326403 ], [ -93.280173513539907, 42.100349035988998 ], [ -93.280113153240407, 42.1004291598272 ], [ -93.280014086186299, 42.100658733751999 ] ] ], [ [ [ -93.275764754626493, 42.102508439615903 ], [ -93.275664418981606, 42.102489332390597 ], [ -93.2755808096951, 42.102447322131297 ], [ -93.275543475664406, 42.102405391993102 ], [ -93.275504724428501, 42.102306188377398 ], [ -93.275542582651099, 42.102085166725502 ], [ -93.275642425242296, 42.101898544497999 ], [ -93.275679781092194, 42.101783949620703 ], [ -93.275687588228294, 42.101646371689696 ], [ -93.275642469471407, 42.101585494621297 ], [ -93.275580794735205, 42.101574356976499 ], [ -93.275443671783407, 42.101592935317598 ], [ -93.275123625649698, 42.101711414472099 ], [ -93.274940022925307, 42.101703969147799 ], [ -93.2746118205676, 42.101501174509103 ], [ -93.2744827016014, 42.101470726762201 ], [ -93.2743988947541, 42.101371468013703 ], [ -93.274375311201894, 42.1012269677557 ], [ -93.274382667030594, 42.101101008030803 ], [ -93.274429026037893, 42.101005386327799 ], [ -93.274596144275193, 42.100811238297098 ], [ -93.274635002198707, 42.100658215005197 ], [ -93.274627805246496, 42.100437139200899 ], [ -93.274680531632796, 42.1003031911793 ], [ -93.274879179808593, 42.100112390561598 ], [ -93.275230001994402, 42.0998917013167 ], [ -93.275306700182597, 42.0998611174236 ], [ -93.275489190467894, 42.099834550584802 ], [ -93.275603766095102, 42.099925512187902 ], [ -93.275603573870498, 42.100055200343697 ], [ -93.275427915452099, 42.100436999703398 ], [ -93.275336361507598, 42.100536141876098 ], [ -93.275215066356907, 42.100741989120898 ], [ -93.275161154102904, 42.1009063230604 ], [ -93.275183771267805, 42.101013236661203 ], [ -93.275283820896306, 42.101070798748097 ], [ -93.275420524116996, 42.101062944930703 ], [ -93.275595969691807, 42.100967358342899 ], [ -93.275848161695805, 42.1007463787276 ], [ -93.2759320219145, 42.100719522962002 ], [ -93.276115312386494, 42.1007037051764 ], [ -93.276184004091405, 42.100753450795999 ], [ -93.276191052460803, 42.100822470296002 ], [ -93.276168160303996, 42.1009409474335 ], [ -93.276015848870401, 42.101192652765903 ], [ -93.276023050297098, 42.101413728695 ], [ -93.2760611780311, 42.1014977135953 ], [ -93.276190952216396, 42.1015737895058 ], [ -93.276275293408602, 42.101597031709503 ], [ -93.276381716206799, 42.101584961558402 ], [ -93.276527166223005, 42.101696249969102 ], [ -93.276588589053702, 42.101776253013597 ], [ -93.276634281837204, 42.101978461896202 ], [ -93.276579922514699, 42.102123109727501 ], [ -93.276427486735997, 42.102253170654599 ], [ -93.276260277921196, 42.102356087442097 ], [ -93.276023049527197, 42.102443218736397 ], [ -93.275764754626493, 42.102508439615903 ] ] ], [ [ [ -93.278326963910203, 42.103854826050103 ], [ -93.278311749432007, 42.104057542143003 ], [ -93.278205512725606, 42.1042520821983 ], [ -93.2781443515577, 42.104290150414698 ], [ -93.278090460085593, 42.1042979608427 ], [ -93.277923750537298, 42.104263147898102 ], [ -93.277587207889994, 42.1041487339753 ], [ -93.277542117157495, 42.104118268762903 ], [ -93.277420153859097, 42.104091552301902 ], [ -93.277198836284398, 42.1039580959389 ], [ -93.277030976395295, 42.103671922022301 ], [ -93.276946558516798, 42.103400920905301 ], [ -93.276847690046495, 42.103312974207697 ], [ -93.276840322983503, 42.1032833028627 ], [ -93.276855340054794, 42.1030233392447 ], [ -93.276939016407397, 42.102814014747203 ], [ -93.277137215940002, 42.1026035231273 ], [ -93.277312317988702, 42.102485565990101 ], [ -93.277374179101898, 42.102398319292199 ], [ -93.277404684611994, 42.102271952121299 ], [ -93.277396808902296, 42.1021304662818 ], [ -93.277373986051302, 42.101966305109201 ], [ -93.277328210389101, 42.101859798855102 ], [ -93.277297288390599, 42.101684734087499 ], [ -93.277289444152601, 42.101573659626503 ], [ -93.277320569802598, 42.101493816025503 ], [ -93.277381697741504, 42.101425337047303 ], [ -93.277504015821805, 42.101349201572397 ], [ -93.277587143898799, 42.101341112332101 ], [ -93.277748215398901, 42.101364179500997 ], [ -93.277900518312194, 42.101455933055398 ], [ -93.278129053970801, 42.101653938795202 ], [ -93.278373020013603, 42.101924717649197 ], [ -93.278525980983204, 42.102062100283199 ], [ -93.278693950747893, 42.102314285600102 ], [ -93.278770387986697, 42.102477785518701 ], [ -93.278793493115401, 42.102634796963898 ], [ -93.278740043960696, 42.102756209670197 ], [ -93.278610002257295, 42.102874222254897 ], [ -93.278510568452802, 42.102863186109502 ], [ -93.278151968957204, 42.102939718015897 ], [ -93.278014422287598, 42.103000328523102 ], [ -93.277938548402403, 42.1031033804976 ], [ -93.277976289108096, 42.103259805773902 ], [ -93.278220710098296, 42.103550272415802 ], [ -93.278312374309195, 42.103729298565803 ], [ -93.278326963910203, 42.103854826050103 ] ] ], [ [ [ -93.278976199669202, 42.104820160169297 ], [ -93.278952625635299, 42.104831291951598 ], [ -93.278907002196206, 42.104908148011297 ], [ -93.278937790249998, 42.105086787879699 ], [ -93.278891995326902, 42.105136807343797 ], [ -93.278862162414399, 42.105152279634098 ], [ -93.278800065759498, 42.105151867882597 ], [ -93.278571222338002, 42.105117537655303 ], [ -93.278488403602793, 42.105117584260903 ], [ -93.278411561594694, 42.105151745036402 ], [ -93.278342363081094, 42.105239732611899 ], [ -93.278372709449599, 42.105304770295099 ], [ -93.278457261869804, 42.105353954102 ], [ -93.278701849924701, 42.1054530149759 ], [ -93.278815466038694, 42.105537692848799 ], [ -93.278846158532104, 42.105625098568503 ], [ -93.278770689202503, 42.105842647507899 ], [ -93.278602226569802, 42.105915130726302 ], [ -93.278106183388601, 42.105861762009297 ], [ -93.277777732676199, 42.105758251999902 ], [ -93.277465817000703, 42.105792832076702 ], [ -93.277274560477807, 42.105731563096803 ], [ -93.277084284613395, 42.105613965085404 ], [ -93.276915588185901, 42.105598786585503 ], [ -93.276839651752198, 42.105609710232898 ], [ -93.276740136706806, 42.105663070361899 ], [ -93.276557317706803, 42.105697682457397 ], [ -93.276458538956007, 42.105700969524499 ], [ -93.276405239257102, 42.105693586355002 ], [ -93.276351629700102, 42.105662941330998 ], [ -93.276329206211599, 42.105644580531902 ], [ -93.276321424604802, 42.105594328343997 ], [ -93.276389657400699, 42.105468755159798 ], [ -93.276519851257206, 42.105315864511098 ], [ -93.276931891857203, 42.105056208075801 ], [ -93.277068990123695, 42.105007216667502 ], [ -93.277258968931207, 42.104976332349402 ], [ -93.277351208799203, 42.104984534719001 ], [ -93.277404431046605, 42.105056315116997 ], [ -93.277404601775103, 42.105083151730398 ], [ -93.277366107138704, 42.105133324317102 ], [ -93.277366030093106, 42.105197721952599 ], [ -93.277389321884201, 42.105225045175303 ], [ -93.277442826944807, 42.105258370854102 ], [ -93.277587711270598, 42.105228325860701 ], [ -93.277732082907306, 42.105117770858698 ], [ -93.277954000273397, 42.104892571039201 ], [ -93.278479976886999, 42.104553019467602 ], [ -93.278594934417598, 42.104415906289397 ], [ -93.278770244655703, 42.104323889807901 ], [ -93.278854073195205, 42.1042979257318 ], [ -93.279021831733104, 42.104274621403299 ], [ -93.2792199048572, 42.104285942879699 ], [ -93.279289508342103, 42.1043124508722 ], [ -93.279441444568405, 42.104320118377302 ], [ -93.279517971553503, 42.104294000323002 ], [ -93.279587060462006, 42.104239998400899 ], [ -93.279556303296502, 42.104091770246903 ], [ -93.279579297924201, 42.103939305887899 ], [ -93.279556565878195, 42.103866378842397 ], [ -93.279426266527494, 42.103741101455697 ], [ -93.2792283050903, 42.103664489081602 ], [ -93.279174835247801, 42.1036302705065 ], [ -93.279144488859899, 42.1035652331432 ], [ -93.279174817430999, 42.103443333870601 ], [ -93.279227772853204, 42.1033970427642 ], [ -93.279373212835495, 42.103321391611402 ], [ -93.279556163589703, 42.103283200842299 ], [ -93.279723951703602, 42.103290306979403 ], [ -93.279990719123106, 42.103351371122699 ], [ -93.280265122469103, 42.103591481557501 ], [ -93.280372783213807, 42.1037976754101 ], [ -93.280380481785002, 42.104068850147002 ], [ -93.280357036022494, 42.104232932772099 ], [ -93.280295725025994, 42.1044311022385 ], [ -93.280203891690803, 42.104568703031497 ], [ -93.2801359153123, 42.104625411990298 ], [ -93.280036200064998, 42.104621526596503 ], [ -93.279838187914393, 42.104702334259301 ], [ -93.279822464186651, 42.104711602053314 ], [ -93.279293313553936, 42.104712892700839 ], [ -93.279294161261063, 42.104906018508444 ], [ -93.2791896408973, 42.104843432546502 ], [ -93.278976199669202, 42.104820160169297 ] ] ], [ [ [ -93.365546664370299, 42.106070933810997 ], [ -93.365661768046095, 42.106086693883697 ], [ -93.365828824729405, 42.106048952600602 ], [ -93.365966773427601, 42.1059757364064 ], [ -93.366073247612306, 42.105865208401198 ], [ -93.366385712128405, 42.105201655962802 ], [ -93.366446914262895, 42.1049998707078 ], [ -93.366493102994099, 42.104744115253098 ], [ -93.366532395992195, 42.104689253738776 ], [ -93.366517533633314, 42.105976516594509 ], [ -93.366470643255838, 42.106831462185205 ], [ -93.365266874726231, 42.106824131985107 ], [ -93.365070349368878, 42.10682254692388 ], [ -93.3650667262703, 42.106815149065397 ], [ -93.364929131251898, 42.106620942261102 ], [ -93.364890554411602, 42.106513721427902 ], [ -93.364891220182002, 42.106334852536499 ], [ -93.365020231449606, 42.106014597559799 ], [ -93.365088612680495, 42.105945331796399 ], [ -93.365165683096095, 42.105903969736701 ], [ -93.365546664370299, 42.106070933810997 ] ] ], [ [ [ -93.278983767177095, 42.106437456358002 ], [ -93.279060142797206, 42.106571439155204 ], [ -93.279036693089907, 42.106735522038697 ], [ -93.278970353921039, 42.106865587017019 ], [ -93.277865893955976, 42.106858357601581 ], [ -93.277862276719802, 42.106837825445801 ], [ -93.277930337024401, 42.106685414594097 ], [ -93.278014419488002, 42.106590584728302 ], [ -93.278419582038595, 42.106288739945398 ], [ -93.278579837961502, 42.1062393395786 ], [ -93.278731670699599, 42.106280994199402 ], [ -93.278830966997106, 42.106326910188898 ], [ -93.278983767177095, 42.106437456358002 ] ] ], [ [ [ -93.362205510775198, 42.174769960197402 ], [ -93.362006345689295, 42.174846406708603 ], [ -93.361891873937793, 42.174843180059099 ], [ -93.361747793021095, 42.174720383130797 ], [ -93.361724611721201, 42.174495394379598 ], [ -93.361763115274698, 42.174251089307504 ], [ -93.361861375941899, 42.174102817454099 ], [ -93.362159611065096, 42.173888849588501 ], [ -93.362289135812304, 42.173751948250199 ], [ -93.362347610333487, 42.173651687633537 ], [ -93.363494131196717, 42.173661429573983 ], [ -93.363472205251597, 42.173736685642801 ], [ -93.363341872674994, 42.173927240858902 ], [ -93.363113549959806, 42.174194515374502 ], [ -93.362991401462693, 42.174297577305097 ], [ -93.362869488359806, 42.174362180983898 ], [ -93.362601331720796, 42.174457796425202 ], [ -93.362441046962701, 42.1745377189308 ], [ -93.362205510775198, 42.174769960197402 ] ] ], [ [ [ -93.365577544802605, 42.174445929199898 ], [ -93.365645988176496, 42.174312254221299 ], [ -93.3658057192401, 42.174117822354098 ], [ -93.365837264132495, 42.173766931100303 ], [ -93.3658645643266, 42.173681571046423 ], [ -93.366136808988514, 42.173683884298079 ], [ -93.366140305467184, 42.174290092102488 ], [ -93.3662083588558, 42.175313566950187 ], [ -93.366211834645327, 42.175599157138123 ], [ -93.366213337081533, 42.175950573837497 ], [ -93.365997429428901, 42.175819458755299 ], [ -93.365806197955607, 42.1756214647543 ], [ -93.365745310246794, 42.175426122245497 ], [ -93.365745535407399, 42.175258857654697 ], [ -93.365775608644398, 42.175140502633397 ], [ -93.365760986312907, 42.175075802077203 ], [ -93.365561519345107, 42.174644179206098 ], [ -93.365577544802605, 42.174445929199898 ] ] ], [ [ [ -93.364668958377095, 42.175842519909402 ], [ -93.364677419698594, 42.175876682672801 ], [ -93.364577501652207, 42.175972148358902 ], [ -93.364532503899198, 42.176098249913601 ], [ -93.364448320156001, 42.176196719241403 ], [ -93.364417434829306, 42.176368726975298 ], [ -93.364379640951796, 42.176433255424399 ], [ -93.364364660841304, 42.176635999572397 ], [ -93.364410657235794, 42.176838195903898 ], [ -93.364387210926594, 42.176910172340101 ], [ -93.364317980542396, 42.176967799535497 ], [ -93.364212135408394, 42.176994268752601 ], [ -93.364173254948099, 42.176990793858202 ], [ -93.364066627951601, 42.176941215410999 ], [ -93.364066306045103, 42.176562839779898 ], [ -93.364051820190795, 42.176494563711699 ], [ -93.363898693666897, 42.176288397445603 ], [ -93.363837444408404, 42.1762316922092 ], [ -93.363799336384702, 42.176078853267001 ], [ -93.363838144601701, 42.175987510995597 ], [ -93.364028372384197, 42.175792807108898 ], [ -93.364135056133705, 42.175647388234502 ], [ -93.364173524190804, 42.175532782308103 ], [ -93.364173181657407, 42.175445115499798 ], [ -93.364082586904999, 42.175197287141799 ], [ -93.364044381921303, 42.1751437346296 ], [ -93.363937519836199, 42.175068211200198 ], [ -93.363883243911403, 42.175052794445499 ], [ -93.363777197374404, 42.1750524244557 ], [ -93.363670136793303, 42.175078868366697 ], [ -93.363471650918598, 42.175201844348102 ], [ -93.363295802159499, 42.175338698336098 ], [ -93.363212529307603, 42.175380832571399 ], [ -93.363105976175802, 42.175426070629499 ], [ -93.362869080247293, 42.175468654113097 ], [ -93.362808070131607, 42.175437893449903 ], [ -93.362677688711202, 42.175242922982797 ], [ -93.362648107522304, 42.174961451223801 ], [ -93.3627087400954, 42.174808834255103 ], [ -93.362800571598697, 42.174701577095 ], [ -93.3629302337458, 42.174625502918197 ], [ -93.363310900008003, 42.174552751041098 ], [ -93.363449021875596, 42.174510839153299 ], [ -93.363616918460195, 42.174423020024399 ], [ -93.363784406331007, 42.174281523160097 ], [ -93.363860636341798, 42.174167686323401 ], [ -93.363899339219799, 42.174014622553301 ], [ -93.363890975710405, 42.173881173798598 ], [ -93.363868167871402, 42.173839563088897 ], [ -93.363845626322103, 42.173694197389999 ], [ -93.363846752119827, 42.173664425779407 ], [ -93.365293203132126, 42.173676716213947 ], [ -93.365004794056702, 42.174053223875298 ], [ -93.364959666956594, 42.174247303580202 ], [ -93.364966976063698, 42.174827974293599 ], [ -93.364891021140394, 42.174999064641497 ], [ -93.3646234158618, 42.175273593091603 ], [ -93.364516297792406, 42.175495034908302 ], [ -93.364547167392999, 42.175678138779702 ], [ -93.364668958377095, 42.175842519909402 ] ] ], [ [ [ -93.365172578362305, 42.176032560746798 ], [ -93.365287662322103, 42.176051897707303 ], [ -93.365569335586699, 42.176147077486803 ], [ -93.365745062590193, 42.176239206881498 ], [ -93.365890135441205, 42.176368280985599 ], [ -93.365943030484303, 42.176452544433602 ], [ -93.365996504524006, 42.176586016529598 ], [ -93.366027330015697, 42.177028521176503 ], [ -93.366050106414306, 42.177071025472699 ], [ -93.366070665632435, 42.177252479212726 ], [ -93.365302791690283, 42.177253368285925 ], [ -93.365302928350204, 42.177196259862598 ], [ -93.365265017248106, 42.177005856691501 ], [ -93.365005054020301, 42.1767232752239 ], [ -93.364928977007807, 42.176575030870197 ], [ -93.364898244876599, 42.176452754962099 ], [ -93.364906392979904, 42.176333953748298 ], [ -93.365058478078794, 42.176051706705103 ], [ -93.365172578362305, 42.176032560746798 ] ] ], [ [ [ -93.362540455930102, 42.177162385401402 ], [ -93.362669007430554, 42.177256417779951 ], [ -93.361868085689522, 42.177257345117134 ], [ -93.361884394546607, 42.177070305873997 ], [ -93.361960699872199, 42.177051287151599 ], [ -93.362021879077005, 42.177013175937503 ], [ -93.362143730545895, 42.176982562109401 ], [ -93.362312618170805, 42.176997630811897 ], [ -93.362411122548394, 42.177036311396499 ], [ -93.362540455930102, 42.177162385401402 ] ] ], [ [ [ -93.363532330565107, 42.177207629885999 ], [ -93.363618819648948, 42.177255318051806 ], [ -93.363126005929843, 42.177255888649981 ], [ -93.363151885649302, 42.177241924365802 ], [ -93.363341650048298, 42.177188541082799 ], [ -93.363532330565107, 42.177207629885999 ] ] ], [ [ [ -93.272285461929499, 41.888260019063402 ], [ -93.272269406745707, 41.888298130514997 ], [ -93.272178213321993, 41.888301567391103 ], [ -93.272157841561352, 41.888306518595719 ], [ -93.272157643017735, 41.888259747148048 ], [ -93.272273822618885, 41.88823576573553 ], [ -93.272311658465128, 41.888234498950517 ], [ -93.272285461929499, 41.888260019063402 ] ] ], [ [ [ -93.274894108672697, 41.888709499331597 ], [ -93.274742044540801, 41.888748314636103 ], [ -93.274543970804601, 41.8888773669103 ], [ -93.274413185742304, 41.888930938755003 ], [ -93.274253394601104, 41.8889499176654 ], [ -93.274039678626494, 41.888919469621797 ], [ -93.273902569684296, 41.888854871833701 ], [ -93.273711989168902, 41.888729231879303 ], [ -93.273681009967305, 41.888682972537197 ], [ -93.273620567505702, 41.888645032566401 ], [ -93.273490963276004, 41.888481335865301 ], [ -93.273406395417396, 41.888252419607802 ], [ -93.273387318914189, 41.888227933597221 ], [ -93.275804608613072, 41.888229788331316 ], [ -93.275672684546294, 41.888576611841202 ], [ -93.2755575931659, 41.888694899179001 ], [ -93.275481609023004, 41.888744264208398 ], [ -93.275382510141597, 41.888763632130797 ], [ -93.275245773803903, 41.888751801927 ], [ -93.275168968209698, 41.888728718599602 ], [ -93.274894108672697, 41.888709499331597 ] ] ], [ [ [ -93.272826751545693, 41.8904148827529 ], [ -93.272772827247096, 41.8905523453219 ], [ -93.272712500085404, 41.890636019905699 ], [ -93.272361975542097, 41.890938005671899 ], [ -93.272277917735593, 41.891132060493597 ], [ -93.272284406857693, 41.891277059893 ], [ -93.272323599887699, 41.8913306470672 ], [ -93.272414402420495, 41.891399632832901 ], [ -93.272461019850496, 41.891418502709797 ], [ -93.272566810309101, 41.891414479942597 ], [ -93.272666331638405, 41.891384392426502 ], [ -93.2729490474009, 41.891139990141497 ], [ -93.273162205337798, 41.891029142849 ], [ -93.273307443442803, 41.891009857534698 ], [ -93.273467408240506, 41.891017709632401 ], [ -93.273505672745003, 41.8910328257369 ], [ -93.2735668777906, 41.891082406676396 ], [ -93.273627236767993, 41.891216025507497 ], [ -93.273635986289605, 41.891334246240703 ], [ -93.273589202702098, 41.891475437031801 ], [ -93.273407053775003, 41.891662948455398 ], [ -93.273398590886799, 41.891693172766303 ], [ -93.273392822352932, 41.891792200100966 ], [ -93.272172611920354, 41.891786092747985 ], [ -93.272167254623795, 41.89052397874633 ], [ -93.272162483635029, 41.889400064235261 ], [ -93.272254844942907, 41.889419160268702 ], [ -93.272391779325403, 41.889488227213 ], [ -93.272475614098795, 41.889549017628198 ], [ -93.272559646402399, 41.889667041566703 ], [ -93.272642994296106, 41.8899272303129 ], [ -93.2728578750027, 41.8902393813514 ], [ -93.2728801071747, 41.8903543102236 ], [ -93.272826751545693, 41.8904148827529 ] ] ], [ [ [ -93.271438346262073, 41.958979280787275 ], [ -93.270679329237396, 41.958966070999317 ], [ -93.270695719808927, 41.958051579791125 ], [ -93.270758815887504, 41.958064614130997 ], [ -93.270843492318903, 41.958137052108 ], [ -93.270911386238097, 41.958328074567497 ], [ -93.271170756754998, 41.958564280847902 ], [ -93.271201425742603, 41.958743785117697 ], [ -93.271255424453301, 41.958854922847998 ], [ -93.271354395553203, 41.958934816871498 ], [ -93.271438346262073, 41.958979280787275 ] ] ], [ [ [ -93.275794539025398, 41.959640261770701 ], [ -93.275832136530596, 41.959735848727298 ], [ -93.275916850768894, 41.959838689696497 ], [ -93.276206232628496, 41.959991456587602 ], [ -93.276367070279605, 41.9601057401727 ], [ -93.276481897407194, 41.960246775772198 ], [ -93.276603059435601, 41.960505989975402 ], [ -93.276573097672596, 41.960651125827098 ], [ -93.276435546938501, 41.960750172568297 ], [ -93.276290164837405, 41.960769462946097 ], [ -93.275978011156596, 41.960670766923798 ], [ -93.275619036967797, 41.960681973141298 ], [ -93.275413545727105, 41.960559592065003 ], [ -93.275322137136996, 41.960441406638203 ], [ -93.275207511780494, 41.960357608183799 ], [ -93.275093225674794, 41.960327473657799 ], [ -93.274993124335396, 41.960338775327301 ], [ -93.274871533059695, 41.9604336858092 ], [ -93.274849107386999, 41.960510120703397 ], [ -93.274871878145703, 41.960674254805497 ], [ -93.2749861110604, 41.960830482119803 ], [ -93.275214766379904, 41.9610445694845 ], [ -93.2753058969584, 41.961169903446503 ], [ -93.275313861605895, 41.961277385359303 ], [ -93.275291018215, 41.961364542971999 ], [ -93.275207215768106, 41.961425374311702 ], [ -93.275000503968599, 41.961334266624498 ], [ -93.274627728859798, 41.9610447000967 ], [ -93.274085760777595, 41.960418887941003 ], [ -93.273978647736698, 41.960235981724203 ], [ -93.273910121572797, 41.960029744542098 ], [ -93.273941015245896, 41.959736178340599 ], [ -93.2740247030885, 41.959522423541898 ], [ -93.274100426961795, 41.9594193913941 ], [ -93.274154715329104, 41.959273875513702 ], [ -93.274154202872893, 41.959224679278499 ], [ -93.274108555288706, 41.9591485960499 ], [ -93.273810989403302, 41.9590189029241 ], [ -93.273673550023702, 41.958865761895602 ], [ -93.273590253035394, 41.9588201833214 ], [ -93.273498654060901, 41.9588316633061 ], [ -93.273428942805197, 41.9588740109551 ], [ -93.273399374763898, 41.9589154177296 ], [ -93.273375763038601, 41.959022232739898 ], [ -93.273459400347704, 41.959308380082298 ], [ -93.273582326821497, 41.959522026048198 ], [ -93.273589387904394, 41.959621440314898 ], [ -93.2735056450245, 41.959743082777699 ], [ -93.273330580298307, 41.959869056721097 ], [ -93.273246829249999, 41.959835093959299 ], [ -93.273101279449193, 41.959827548728001 ], [ -93.273032647487099, 41.959842196313602 ], [ -93.272903564695497, 41.959911012547799 ], [ -93.272758439419306, 41.960048349490499 ], [ -93.272590374329098, 41.960399829378602 ], [ -93.272483073323798, 41.960502193799499 ], [ -93.272444800042393, 41.9605174823906 ], [ -93.272308371227496, 41.960525331756998 ], [ -93.2721863236129, 41.960444950870802 ], [ -93.272170136205304, 41.960361440662098 ], [ -93.272185842339098, 41.960239255850901 ], [ -93.272247218294495, 41.960067956102002 ], [ -93.272407347128606, 41.959857605575799 ], [ -93.2724371718962, 41.9597473447241 ], [ -93.272368906152906, 41.959659157347801 ], [ -93.272247307299693, 41.959598460235298 ], [ -93.272052476428186, 41.959557566919479 ], [ -93.272100017532978, 41.958990796388242 ], [ -93.271749744751801, 41.958984700307369 ], [ -93.271751098639598, 41.958984336725202 ], [ -93.271819422316298, 41.958946432037003 ], [ -93.271941921746205, 41.958828292454797 ], [ -93.272017647936707, 41.9587252616112 ], [ -93.272025986095301, 41.958667309559601 ], [ -93.272300156042604, 41.958462051811203 ], [ -93.272429997880494, 41.9584048780129 ], [ -93.272636441828098, 41.9583779391576 ], [ -93.272666213505701, 41.958362470993599 ], [ -93.272757753695402, 41.958290179353099 ], [ -93.2728263314998, 41.958183420027702 ], [ -93.272788825727204, 41.957992146303603 ], [ -93.272536848201995, 41.957535212739202 ], [ -93.272498355810896, 41.957431557532999 ], [ -93.272483696805295, 41.957340031426199 ], [ -93.272489018444531, 41.957203630563058 ], [ -93.274076783163139, 41.957198327689099 ], [ -93.274116396230099, 41.9572332155035 ], [ -93.274222763813796, 41.957279280739598 ], [ -93.274329758619402, 41.9573092621199 ], [ -93.274474228331201, 41.957313206139801 ], [ -93.274611581410795, 41.957343828123797 ], [ -93.274733939895597, 41.957416164542202 ], [ -93.274802798574399, 41.957489160206102 ], [ -93.274833107594304, 41.957584593432003 ], [ -93.274817859495997, 41.957695162125802 ], [ -93.2746877974038, 41.957851598490798 ], [ -93.274565781660002, 41.957801626209097 ], [ -93.274420858053603, 41.957809298352799 ], [ -93.274344593972501, 41.957832728230102 ], [ -93.2741846250957, 41.957976907173801 ], [ -93.274085148072402, 41.9582216280754 ], [ -93.274047760717494, 41.958557087813702 ], [ -93.274092899637907, 41.958770879364003 ], [ -93.274170179607694, 41.958908441408298 ], [ -93.274314010489306, 41.959022368494701 ], [ -93.274391206554, 41.959037412289199 ], [ -93.274490091773899, 41.959026085469802 ], [ -93.274626736165402, 41.958950273157299 ], [ -93.274787502714403, 41.958816841667897 ], [ -93.274924695884593, 41.959007536009103 ], [ -93.275038865903298, 41.959102950666299 ], [ -93.2754592193523, 41.959262954619099 ], [ -93.275550879306394, 41.959312285556997 ], [ -93.275718264866498, 41.959476787764203 ], [ -93.2757490591232, 41.959591011072902 ], [ -93.275794539025398, 41.959640261770701 ] ] ], [ [ [ -93.275462465100063, 42.029707348680972 ], [ -93.275458781719948, 42.030253120598879 ], [ -93.275428137973506, 42.030258550795203 ], [ -93.275290641174706, 42.030227927063997 ], [ -93.275123909882197, 42.030135870709003 ], [ -93.275001223842693, 42.030006285613901 ], [ -93.274894564331106, 42.029777765048301 ], [ -93.274948198940905, 42.0297127137841 ], [ -93.274948496796142, 42.029707829712294 ], [ -93.275462465100063, 42.029707348680972 ] ] ], [ [ [ -93.274184825928003, 42.030475598132 ], [ -93.273948482378501, 42.0304527260217 ], [ -93.273474695584795, 42.030341669380597 ], [ -93.273254381217797, 42.030219860753299 ], [ -93.273253450219698, 42.030181383850099 ], [ -93.273200603273096, 42.030101565616299 ], [ -93.273162488581406, 42.029987178373901 ], [ -93.273155246548299, 42.029892223979097 ], [ -93.273177637614793, 42.029754965820501 ], [ -93.273206235930957, 42.02970946032265 ], [ -93.274612498915801, 42.029708144178187 ], [ -93.274688054581802, 42.029769833001403 ], [ -93.274719047652596, 42.029910900163799 ], [ -93.274635477095103, 42.030181915936303 ], [ -93.274543137392598, 42.030334692 ], [ -93.274475054284807, 42.030395861038301 ], [ -93.274398292498503, 42.0304300163723 ], [ -93.274276204854203, 42.030472159271099 ], [ -93.274184825928003, 42.030475598132 ] ] ], [ [ [ -93.273055514471494, 42.031948032138601 ], [ -93.272864517684596, 42.032165802561003 ], [ -93.272681412460699, 42.032337232732203 ], [ -93.272482892866094, 42.032467196949 ], [ -93.272377092305703, 42.032497160969697 ], [ -93.271758944499396, 42.032748843566402 ], [ -93.271590761812803, 42.032787328040698 ], [ -93.271521575358094, 42.032783184369997 ], [ -93.271430869224005, 42.032707037694202 ], [ -93.271438531055907, 42.032604348282 ], [ -93.271491548922, 42.032524081016298 ], [ -93.2717129703626, 42.032337362841901 ], [ -93.272102460868496, 42.032146142675998 ], [ -93.272269339191496, 42.032016405646701 ], [ -93.272323315694095, 42.031818103244298 ], [ -93.272308019006005, 42.031711351941397 ], [ -93.272201482327702, 42.031417543129002 ], [ -93.272293060764895, 42.031284428174999 ], [ -93.272483719503995, 42.031199910760897 ], [ -93.272575611333295, 42.031245673490702 ], [ -93.272750001670502, 42.031235043930103 ], [ -93.272849955036506, 42.031261300742798 ], [ -93.273070637604206, 42.031280266967698 ], [ -93.2731471456717, 42.031314972418201 ], [ -93.273238613926395, 42.031402760472503 ], [ -93.273246532035699, 42.031605052050402 ], [ -93.273193436072802, 42.031749711912703 ], [ -93.273139036220002, 42.0318031198913 ], [ -93.273055514471494, 42.031948032138601 ] ] ], [ [ [ -93.274062258204097, 42.033023717176697 ], [ -93.274063189685606, 42.033062194203801 ], [ -93.273879577456796, 42.033153123337399 ], [ -93.273673962610403, 42.033340178768199 ], [ -93.273566486731895, 42.033413037663799 ], [ -93.273399070972303, 42.033431864829701 ], [ -93.273223226378306, 42.033386120151803 ], [ -93.273146826214301, 42.033317431373 ], [ -93.273048003087098, 42.033168671569399 ], [ -93.272948954144596, 42.033119180682903 ], [ -93.272720489136603, 42.033081268586599 ], [ -93.272506111819794, 42.033118779469298 ], [ -93.272314942077301, 42.033122794187797 ], [ -93.272178005427705, 42.033046566684597 ], [ -93.272070983408796, 42.0329208863931 ], [ -93.2720869323241, 42.032886343060802 ], [ -93.272246972364101, 42.032744834921097 ], [ -93.272422215813705, 42.032650154079803 ], [ -93.272605607674095, 42.032627193585803 ], [ -93.272712234376897, 42.032638387254401 ], [ -93.272880468906706, 42.032692021274102 ], [ -93.273185104540701, 42.032710969973103 ], [ -93.273284547799193, 42.032688026020097 ], [ -93.2733914297703, 42.0326303589855 ], [ -93.273666312960501, 42.032569975420301 ], [ -93.273750261329297, 42.032569957547501 ], [ -93.273986611976696, 42.032592830077498 ], [ -93.274070136705106, 42.0326348378508 ], [ -93.274130873295306, 42.032699618234503 ], [ -93.274161836745094, 42.0328102772393 ], [ -93.274100680601705, 42.032974443531501 ], [ -93.274062258204097, 42.033023717176697 ] ] ], [ [ [ -93.270926379402894, 42.033038925163197 ], [ -93.271163520932603, 42.033103854403599 ], [ -93.271331504645801, 42.033195048234198 ], [ -93.271819950785002, 42.0335541595731 ], [ -93.271987848457599, 42.033741047148801 ], [ -93.272025963273904, 42.033855435246501 ], [ -93.271964778422998, 42.033957889462101 ], [ -93.271804817125698, 42.0340350053131 ], [ -93.271674665846305, 42.034065349215098 ], [ -93.271247789262304, 42.034092111635402 ], [ -93.270927287812896, 42.034012006989499 ], [ -93.270730466158312, 42.033890960855352 ], [ -93.270737131814755, 42.033069310743265 ], [ -93.270926379402894, 42.033038925163197 ] ] ], [ [ [ -93.2718276506194, 42.100322659043599 ], [ -93.271628827400804, 42.1002996826276 ], [ -93.271514488407803, 42.100265071471703 ], [ -93.271407247027994, 42.100204671446498 ], [ -93.271186833430704, 42.100017558180099 ], [ -93.271071872477506, 42.099967728196603 ], [ -93.270965003369597, 42.099960107043501 ], [ -93.270812410244957, 42.099980200372599 ], [ -93.270812268831961, 42.099604250300985 ], [ -93.271018743724596, 42.099605385775781 ], [ -93.271064747736602, 42.099620539048601 ], [ -93.271208917716606, 42.099639680158901 ], [ -93.271361773764397, 42.0996858372256 ], [ -93.271834957013098, 42.099762005483598 ], [ -93.271980315424599, 42.099750760180697 ], [ -93.2721635752944, 42.099704536793404 ], [ -93.272293057107106, 42.099632135131898 ], [ -93.272313569558918, 42.099612506458008 ], [ -93.273672446088355, 42.099619979376534 ], [ -93.273658346849402, 42.099628718067699 ], [ -93.273497823264805, 42.099685261489903 ], [ -93.273040260126095, 42.099739120891201 ], [ -93.272917910716302, 42.099784840777197 ], [ -93.2727052502525, 42.099960137668198 ], [ -93.272330980047997, 42.100219680754797 ], [ -93.271979891794601, 42.100322292031599 ], [ -93.2718276506194, 42.100322659043599 ] ] ], [ [ [ -93.272948632856895, 42.101585082548802 ], [ -93.272826757787598, 42.101680900686503 ], [ -93.272704888124096, 42.101745413732402 ], [ -93.272613380872002, 42.101749745471203 ], [ -93.272536341730998, 42.101726654813703 ], [ -93.272407648341499, 42.101654175661501 ], [ -93.272307687876193, 42.101500908979702 ], [ -93.272247114615794, 42.1013681502819 ], [ -93.272162688180003, 42.101253671630602 ], [ -93.272155102711196, 42.101105036091496 ], [ -93.272307858362694, 42.100966937129797 ], [ -93.272406828776496, 42.100833964956401 ], [ -93.272819591721799, 42.100555555453802 ], [ -93.272956322348605, 42.100391179548097 ], [ -93.273230737501606, 42.100162623683701 ], [ -93.273368911318897, 42.100085931984502 ], [ -93.273513163486797, 42.100040673302402 ], [ -93.273734627652402, 42.100014035935303 ], [ -93.273933171436894, 42.100044158657397 ], [ -93.273955510967298, 42.100345157804902 ], [ -93.273872446667497, 42.1006010031372 ], [ -93.273796145028896, 42.100746081665697 ], [ -93.273597830598305, 42.100990553736999 ], [ -93.273216262730799, 42.1012186408622 ], [ -93.273063682955893, 42.101352272463899 ], [ -93.272948632856895, 42.101585082548802 ] ] ], [ [ [ -93.271911011969905, 42.1028628143684 ], [ -93.271522571640304, 42.102954798542299 ], [ -93.2708135553586, 42.103024514188057 ], [ -93.270813329198361, 42.1024232614431 ], [ -93.270874238320104, 42.102405356896 ], [ -93.271041595003993, 42.102298872280997 ], [ -93.271193898258005, 42.102016761163902 ], [ -93.271353958836102, 42.101878817188499 ], [ -93.271530174571694, 42.101794879720401 ], [ -93.271918688886004, 42.101825434521203 ], [ -93.272125044140196, 42.1019362236079 ], [ -93.272216120502307, 42.102005226549799 ], [ -93.272315324727998, 42.1021155446929 ], [ -93.272353960620407, 42.102248735333802 ], [ -93.272315044128007, 42.102496566974303 ], [ -93.272231517848994, 42.102577093530101 ], [ -93.272162657495301, 42.102687445588103 ], [ -93.272049017884399, 42.1027905923088 ], [ -93.271911011969905, 42.1028628143684 ] ] ], [ [ [ -93.274566760083303, 42.106178112056298 ], [ -93.2746812198545, 42.106178734504603 ], [ -93.274741541973796, 42.106193421807099 ], [ -93.275092637022098, 42.106216022927001 ], [ -93.275329316448406, 42.106174497306398 ], [ -93.275435995191998, 42.106124866806702 ], [ -93.275458946570893, 42.106098517106901 ], [ -93.275481387958095, 42.105991657462098 ], [ -93.275458829507997, 42.105945566159399 ], [ -93.275313791132504, 42.105823551570801 ], [ -93.275070283884801, 42.105728084681701 ], [ -93.274772006953597, 42.105694074041701 ], [ -93.274710817424193, 42.105670424126302 ], [ -93.274604751857296, 42.105579640557998 ], [ -93.274528415862207, 42.105476066721401 ], [ -93.274352159628407, 42.105342660148303 ], [ -93.274245566284506, 42.105296586935701 ], [ -93.274070751833605, 42.105282170231099 ], [ -93.274009702566403, 42.105254945198297 ], [ -93.273933282406603, 42.105247073806098 ], [ -93.273711517065095, 42.105312166399003 ], [ -93.273413868160006, 42.105480308234903 ], [ -93.27319300968, 42.105522163769798 ], [ -93.272971754268198, 42.105449522801202 ], [ -93.272605915212296, 42.105274550954498 ], [ -93.272445290553506, 42.105239859188799 ], [ -93.272368416408099, 42.105243604958901 ], [ -93.271827547007504, 42.105464753086203 ], [ -93.271667339357606, 42.105606273043001 ], [ -93.271637114013004, 42.105662879502603 ], [ -93.271544867659102, 42.105685978189499 ], [ -93.271438269335206, 42.1056712077811 ], [ -93.271384976522995, 42.105632517408502 ], [ -93.271369722311604, 42.1055865794157 ], [ -93.271636383414304, 42.104965204144797 ], [ -93.271690358406104, 42.104892998785402 ], [ -93.2717123549061, 42.104953389861002 ], [ -93.271896354630002, 42.105106640973197 ], [ -93.272003435313295, 42.105140204328201 ], [ -93.272155966512202, 42.105132687517198 ], [ -93.2722930682814, 42.105083701164503 ], [ -93.2724304610731, 42.104964954857898 ], [ -93.272543928931796, 42.104679339107001 ], [ -93.272628365628805, 42.104575575989003 ], [ -93.272719643529101, 42.104514889925099 ], [ -93.272773815219907, 42.104499932145998 ], [ -93.273093850298395, 42.104537983856602 ], [ -93.2732847615938, 42.104545585721603 ], [ -93.273398461223195, 42.104503260481899 ], [ -93.2734748214543, 42.104450309396803 ], [ -93.273535756963298, 42.104324584006697 ], [ -93.273497746259594, 42.104175306818298 ], [ -93.273353308692805, 42.104038097429203 ], [ -93.273101711353505, 42.103931723128603 ], [ -93.272551911121695, 42.103820850344299 ], [ -93.272536458566904, 42.103717664647 ], [ -93.272422084456593, 42.103652642786599 ], [ -93.272177878015995, 42.103637654764597 ], [ -93.272094100769493, 42.103568805622103 ], [ -93.272102421230699, 42.103511737315301 ], [ -93.272155352443903, 42.103435037744198 ], [ -93.272460774386602, 42.103130214933103 ], [ -93.272735685238004, 42.1029204526426 ], [ -93.272880484596698, 42.102767873979097 ], [ -93.273085991772504, 42.102588847513204 ], [ -93.273391553396493, 42.102436079392497 ], [ -93.273559134682202, 42.102417250679402 ], [ -93.274062595789601, 42.102435910655402 ], [ -93.274161823894204, 42.102421007377501 ], [ -93.274482498320396, 42.102317748975601 ], [ -93.2745894510266, 42.102260969835598 ], [ -93.274673094399105, 42.102302087029599 ], [ -93.274749651037297, 42.102306383171197 ], [ -93.274779513739404, 42.1023213231949 ], [ -93.274887035753096, 42.102405876020001 ], [ -93.274924992893304, 42.102463024823599 ], [ -93.274939860096097, 42.102550097904398 ], [ -93.274924382254596, 42.1028216792119 ], [ -93.274886999229295, 42.102874557648498 ], [ -93.274879134866595, 42.1029200080281 ], [ -93.274916838461607, 42.103046022821403 ], [ -93.275000678247494, 42.103175692779701 ], [ -93.275031813950505, 42.103282786131999 ], [ -93.275008749215601, 42.103374426855503 ], [ -93.274955681572905, 42.103454702378897 ], [ -93.274871817692102, 42.103481557600702 ], [ -93.274703700926196, 42.1035764036153 ], [ -93.274230832270504, 42.103740855292799 ], [ -93.274039902505905, 42.1038584750928 ], [ -93.273788201538196, 42.104159961778201 ], [ -93.273765613208894, 42.104301700769099 ], [ -93.273803600132098, 42.1043892614219 ], [ -93.273918181039605, 42.104480225019202 ], [ -93.274085203338601, 42.104506999846002 ], [ -93.274231194640606, 42.104510970467601 ], [ -93.274459834387201, 42.1044880603514 ], [ -93.274612333873606, 42.104450129258701 ], [ -93.274841282656098, 42.104450480272099 ], [ -93.274902506063995, 42.104473236392103 ], [ -93.275115018800605, 42.104644972030997 ], [ -93.275191612936297, 42.104648374224297 ], [ -93.275268002274103, 42.1046258334691 ], [ -93.275473853264302, 42.104469170910001 ], [ -93.275543394652601, 42.104434858139498 ], [ -93.275656948738103, 42.1044274108053 ], [ -93.275772203818306, 42.1044387823015 ], [ -93.275870845569401, 42.10440776547 ], [ -93.275931523903097, 42.104350905020802 ], [ -93.276023504932795, 42.104209732501097 ], [ -93.276137795450495, 42.104152211993103 ], [ -93.276282678041795, 42.104122168501199 ], [ -93.276519271833706, 42.104145038362198 ], [ -93.276625864919794, 42.104191109637597 ], [ -93.276916253884295, 42.1044270919528 ], [ -93.276954523850307, 42.104507502098897 ], [ -93.276962371716095, 42.1045872718787 ], [ -93.276931864393106, 42.104713639299703 ], [ -93.276893683528399, 42.104755768426699 ], [ -93.276787007913995, 42.104805400045699 ], [ -93.276313846596693, 42.104790072237499 ], [ -93.276054160420202, 42.104797126547702 ], [ -93.275955239074804, 42.104835293129199 ], [ -93.275817996449803, 42.104919163252703 ], [ -93.275702688090604, 42.105033905930597 ], [ -93.275619799091302, 42.105285285337999 ], [ -93.275626485117797, 42.1054571576271 ], [ -93.275680041678598, 42.105613917172398 ], [ -93.275931797708594, 42.105903649026203 ], [ -93.276053803713197, 42.106147715601601 ], [ -93.276076737952806, 42.106246586415999 ], [ -93.276076778133699, 42.106463935152199 ], [ -93.276023626832298, 42.106639914331801 ], [ -93.2759397423754, 42.106791991056802 ], [ -93.275926713413696, 42.106845664392054 ], [ -93.274450471090375, 42.106836001417044 ], [ -93.274307222554796, 42.106742399967402 ], [ -93.274230880673002, 42.106670130983197 ], [ -93.274147207599199, 42.106567296643099 ], [ -93.274109049594699, 42.106452899196903 ], [ -93.274116291494195, 42.106392230117102 ], [ -93.274169846052303, 42.106330748005298 ], [ -93.274406331882105, 42.106200670794898 ], [ -93.274566760083303, 42.106178112056298 ] ], [ [ -93.272545092968201, 42.103278679785603 ], [ -93.272506345465402, 42.103366411743799 ], [ -93.272505774859496, 42.103443320996597 ], [ -93.272528784691403, 42.103477794612402 ], [ -93.272583188560006, 42.103519191160103 ], [ -93.272689294793295, 42.103546472347197 ], [ -93.272948528216602, 42.103519737809002 ], [ -93.273032532593007, 42.103489309043603 ], [ -93.273192622317694, 42.103381773899997 ], [ -93.273299921469402, 42.103347363829897 ], [ -93.273619693511904, 42.103267343573101 ], [ -93.273864148603906, 42.103244767941597 ], [ -93.274086216337196, 42.103202937018303 ], [ -93.274230788689707, 42.103149634091203 ], [ -93.274359825914203, 42.1030575430837 ], [ -93.2744060117045, 42.102966389647399 ], [ -93.274375954319595, 42.102862896612002 ], [ -93.274291552466096, 42.102778830472097 ], [ -93.274184648866907, 42.102740800623003 ], [ -93.2740250715364, 42.102710605048799 ], [ -93.273833850928497, 42.102711047562003 ], [ -93.273590335190704, 42.102740798340299 ], [ -93.273421845162105, 42.102782863211097 ], [ -93.273253384360103, 42.102855339197298 ], [ -93.273177415412803, 42.102867154355899 ], [ -93.272757763945606, 42.103103382453597 ], [ -93.272545092968201, 42.103278679785603 ] ] ], [ [ [ -93.270858055669905, 42.104469369181999 ], [ -93.270896207261302, 42.104583767311802 ], [ -93.270896489100195, 42.104732249520801 ], [ -93.270866335549499, 42.104942700175599 ], [ -93.270814306495353, 42.105021430412762 ], [ -93.270814076041489, 42.104408762944672 ], [ -93.270858055669905, 42.104469369181999 ] ] ], [ [ [ -93.270814853943747, 42.106476835926372 ], [ -93.270888772609496, 42.1065486870367 ], [ -93.270917909260746, 42.106812878481094 ], [ -93.270814980092169, 42.10681220474212 ], [ -93.270814853943747, 42.106476835926372 ] ] ], [ [ [ -93.269393499304698, 42.1745723623796 ], [ -93.269424023065298, 42.174415571928101 ], [ -93.2694704376174, 42.174319943422397 ], [ -93.269668715818796, 42.174144327674597 ], [ -93.269721787509695, 42.1740032194054 ], [ -93.269728963557398, 42.173819995867099 ], [ -93.269683208716501, 42.173618660540598 ], [ -93.270027171719505, 42.173427331632901 ], [ -93.270087207954901, 42.173419652309903 ], [ -93.270339135038498, 42.173461638502097 ], [ -93.270377947404, 42.173484712426131 ], [ -93.270384367982146, 42.174354439325178 ], [ -93.270339532545194, 42.1743543691695 ], [ -93.270141289923302, 42.174373447123102 ], [ -93.269835629852494, 42.174613887934903 ], [ -93.269752616479394, 42.174647918055697 ], [ -93.269644862910894, 42.1746599581477 ], [ -93.269508021930093, 42.1746364987888 ], [ -93.269432261430495, 42.174609854813802 ], [ -93.269393499304698, 42.1745723623796 ] ] ], [ [ [ -93.268035206972996, 42.174266412023599 ], [ -93.267921277349998, 42.1743427252541 ], [ -93.267852312196396, 42.174422670713099 ], [ -93.267844882633199, 42.174487813364799 ], [ -93.267882752330394, 42.1746102661536 ], [ -93.2679367807131, 42.174693701326397 ], [ -93.267783434518904, 42.1748425328745 ], [ -93.267646666832405, 42.174941621381301 ], [ -93.267524917637999, 42.174968571121298 ], [ -93.267280462476705, 42.174953572547501 ], [ -93.267135488608403, 42.174888791415 ], [ -93.267067045681102, 42.174830992515098 ], [ -93.266844949738498, 42.174370103036701 ], [ -93.266723418611505, 42.174236044299398 ], [ -93.266845534012802, 42.174137542083798 ], [ -93.266921054397699, 42.174014798942999 ], [ -93.266959601166803, 42.173808980248303 ], [ -93.266944102918799, 42.173458004443198 ], [ -93.266983203414497, 42.173393530407303 ], [ -93.267088921277207, 42.173308994176303 ], [ -93.267333483896394, 42.173290004036097 ], [ -93.267477972246894, 42.173335989898199 ], [ -93.267592771337306, 42.173392977725399 ], [ -93.267706967102399, 42.173496467319801 ], [ -93.267822015123997, 42.173671535738102 ], [ -93.267890177310704, 42.173736484337397 ], [ -93.267935904321206, 42.173751761373801 ], [ -93.268089348801695, 42.173755893472098 ], [ -93.268172992372996, 42.173705776545901 ], [ -93.268287628877502, 42.173580279961101 ], [ -93.268370660518798, 42.173327990458802 ], [ -93.26842364349254, 42.17326807014679 ], [ -93.269031852830935, 42.173271747007647 ], [ -93.269072529533901, 42.173305226247699 ], [ -93.269195029237096, 42.1734768724601 ], [ -93.269019475280899, 42.173663700753401 ], [ -93.268798928465699, 42.173816482901003 ], [ -93.268706645960506, 42.173900409447697 ], [ -93.268501307078907, 42.174193950349299 ], [ -93.2683783414207, 42.1742208751701 ], [ -93.268180553967795, 42.174228331065898 ], [ -93.268035206972996, 42.174266412023599 ] ] ], [ [ [ -93.262969426752306, 42.175735563948898 ], [ -93.2627174212966, 42.175602321166203 ], [ -93.262557958771495, 42.175471928900002 ], [ -93.262397001903295, 42.175441690543501 ], [ -93.262152886731798, 42.175449052363497 ], [ -93.261955046065296, 42.175395670688502 ], [ -93.261871182084406, 42.175358116684997 ], [ -93.261840655710202, 42.1752662306112 ], [ -93.261893719590702, 42.175094711328597 ], [ -93.262084636653796, 42.174827710421198 ], [ -93.2621452963308, 42.174835254652301 ], [ -93.262305300117802, 42.174796595562498 ], [ -93.262382557002198, 42.174816119287499 ], [ -93.262847993264003, 42.175102363970701 ], [ -93.263061057776, 42.175109551296003 ], [ -93.263427609187303, 42.174995644713398 ], [ -93.263610947579906, 42.175014726090097 ], [ -93.2638009087065, 42.175113558933703 ], [ -93.263885525792801, 42.175194064268197 ], [ -93.263946402505198, 42.175289274657501 ], [ -93.263755947379195, 42.175544659405503 ], [ -93.263648698021797, 42.175605903551997 ], [ -93.263533833833307, 42.175643729298301 ], [ -93.263374220024701, 42.175765588129202 ], [ -93.262969426752306, 42.175735563948898 ] ] ], [ [ [ -93.270395336830106, 42.175840271584136 ], [ -93.270393573351697, 42.175838610315701 ], [ -93.270294133254893, 42.175544902703599 ], [ -93.270392652496596, 42.175476653696407 ], [ -93.270395336830106, 42.175840271584136 ] ] ], [ [ [ -93.268722739245803, 42.176010010352002 ], [ -93.268546148328895, 42.175849745392703 ], [ -93.268416617485897, 42.1756707936797 ], [ -93.268379481762096, 42.175529571615598 ], [ -93.268386400962001, 42.1754152198464 ], [ -93.268447917681399, 42.175338694921699 ], [ -93.2685012150002, 42.175285253934497 ], [ -93.268607549079803, 42.1752472439318 ], [ -93.268775929465804, 42.175243639598101 ], [ -93.269096370009606, 42.175372946590599 ], [ -93.269111497935697, 42.175422463877503 ], [ -93.269164702775797, 42.1754647335935 ], [ -93.269272106126394, 42.175617276940599 ], [ -93.269423880450205, 42.175788646190099 ], [ -93.269774686747297, 42.176014304830098 ], [ -93.269919721420706, 42.176139911222201 ], [ -93.270034373496699, 42.176418733327999 ], [ -93.270263188833198, 42.1766775992973 ], [ -93.270402163882551, 42.176765059198821 ], [ -93.270402648915294, 42.176830761385212 ], [ -93.269504319338424, 42.176816282305232 ], [ -93.269416957394199, 42.176681225303803 ], [ -93.269347852855404, 42.176609101372897 ], [ -93.269195081918596, 42.176525373293799 ], [ -93.269141903918296, 42.176513517611298 ], [ -93.269118453258898, 42.1763341201519 ], [ -93.269027367698698, 42.176200705513899 ], [ -93.268867401765107, 42.1760828337774 ], [ -93.268722739245803, 42.176010010352002 ] ] ], [ [ [ -93.262053889179199, 42.176014081972802 ], [ -93.262069823181704, 42.176136073062402 ], [ -93.262015614485307, 42.176398809098202 ], [ -93.262031348417594, 42.176494855043103 ], [ -93.262091742785501, 42.176571271441297 ], [ -93.262274736226772, 42.176699757463169 ], [ -93.260758796107609, 42.176675323871322 ], [ -93.260748058425406, 42.17559088777795 ], [ -93.260955881940404, 42.175754707915601 ], [ -93.261062433746204, 42.175804371144601 ], [ -93.261199309292394, 42.175826945687199 ], [ -93.261466289367107, 42.175827225338701 ], [ -93.261802127037797, 42.175781551244 ], [ -93.261878061428007, 42.175803730854099 ], [ -93.262000639125802, 42.175910981192999 ], [ -93.262053889179199, 42.176014081972802 ] ] ], [ [ [ -93.263199141090695, 42.176250293271401 ], [ -93.263328127596594, 42.176132259828996 ], [ -93.263457760512495, 42.1760598602378 ], [ -93.263579398085398, 42.176066903441701 ], [ -93.263732416630901, 42.176113073839304 ], [ -93.263832233209499, 42.176116972137997 ], [ -93.263908564195404, 42.176098011213099 ], [ -93.263945739563994, 42.176082695462298 ], [ -93.263991872443, 42.176025526748901 ], [ -93.2640452473197, 42.175845962458197 ], [ -93.264152611517105, 42.175750728819601 ], [ -93.264259088981206, 42.1757091472697 ], [ -93.264526368035604, 42.175639654782202 ], [ -93.264731634643397, 42.175659197795099 ], [ -93.264953803764499, 42.1758383211425 ], [ -93.264976377882505, 42.175884418222601 ], [ -93.2651366432233, 42.176025558599299 ], [ -93.265251103286104, 42.176060178600999 ], [ -93.265639581817496, 42.1760710662682 ], [ -93.265846199287694, 42.176242703572498 ], [ -93.265914554887402, 42.176364906460499 ], [ -93.265998299578698, 42.176467754918001 ], [ -93.266196646150604, 42.176601647422402 ], [ -93.266510322067404, 42.176654784368999 ], [ -93.266799547276804, 42.1766474719199 ], [ -93.266905797575305, 42.176673866517497 ], [ -93.267015832860224, 42.176776173423519 ], [ -93.265140029137243, 42.176745939628681 ], [ -93.265113708972905, 42.176734424963399 ], [ -93.264884462008993, 42.176704536395398 ], [ -93.264739563968305, 42.176730994694204 ], [ -93.264720683389186, 42.176739180705475 ], [ -93.263188723408291, 42.176714488908999 ], [ -93.263122418477494, 42.1766207903283 ], [ -93.263121947464001, 42.176353320053103 ], [ -93.263199141090695, 42.176250293271401 ] ] ], [ [ [ -93.268676178989494, 42.176700487918602 ], [ -93.268712109962578, 42.176803513647485 ], [ -93.268111978939032, 42.176793840866686 ], [ -93.268012493478295, 42.176712427728802 ], [ -93.267882682161897, 42.176540625497097 ], [ -93.267806364417595, 42.176372635442497 ], [ -93.267822266984993, 42.176246844424298 ], [ -93.267967170723693, 42.176189074851699 ], [ -93.268073560875393, 42.1762118933746 ], [ -93.268440263114798, 42.1764674101521 ], [ -93.268676178989494, 42.176700487918602 ] ] ] ] } },
{ "type": "Feature", "properties": { "mukey": "2765547", "musym": "138B", "muname": "Clarion loam, 2 to 6 percent slopes" }, "geometry": { "type": "MultiPolygon", "coordinates": [ [ [ [ -93.559969501325057, 42.101586138736991 ], [ -93.559943526105499, 42.101628179234339 ], [ -93.559837031468007, 42.101512815244199 ], [ -93.559715620558123, 42.101436125700687 ], [ -93.560045207965516, 42.101436315546593 ], [ -93.559969501325057, 42.101586138736991 ] ] ], [ [ [ -93.559699787172207, 42.101711456979203 ], [ -93.559729862704003, 42.101791622185203 ], [ -93.559654029267193, 42.101940443908298 ], [ -93.559570587594195, 42.101993425728502 ], [ -93.559188398858893, 42.102092644098498 ], [ -93.558844706096494, 42.102309748819998 ], [ -93.558738641673301, 42.102347993510797 ], [ -93.558623779653502, 42.102359241319498 ], [ -93.558509295489401, 42.102324883840801 ], [ -93.558448763574802, 42.102279917841798 ], [ -93.558425993645002, 42.102165010145697 ], [ -93.558494246857805, 42.102024095218198 ], [ -93.558646533651498, 42.101848097450798 ], [ -93.558677686491393, 42.1016885951787 ], [ -93.558631917153306, 42.101604556113102 ], [ -93.558465758941352, 42.101435405766892 ], [ -93.55910707043094, 42.101435775169243 ], [ -93.559134770174595, 42.101467370099201 ], [ -93.559303139876306, 42.101527785680801 ], [ -93.559417062637607, 42.101543350330303 ], [ -93.559555228224397, 42.101596935251102 ], [ -93.559699787172207, 42.101711456979203 ] ] ], [ [ [ -93.558342020468004, 42.103416423192598 ], [ -93.558197207218299, 42.103343929869702 ], [ -93.558067429988199, 42.103328959260502 ], [ -93.557914809095706, 42.103340388117303 ], [ -93.557571537992203, 42.103614737022099 ], [ -93.5573732251395, 42.103713844337797 ], [ -93.557243068671099, 42.103744478153203 ], [ -93.557128204112104, 42.103755724653297 ], [ -93.556968937434405, 42.103748245347298 ], [ -93.556648150883404, 42.103797637593203 ], [ -93.556464846750302, 42.103885400337198 ], [ -93.556244086365098, 42.104069046356003 ], [ -93.556159117181494, 42.104061180765498 ], [ -93.556090657365203, 42.104033951039703 ], [ -93.555946271689606, 42.104053582443498 ], [ -93.555869692205604, 42.104084332710499 ], [ -93.555755284439101, 42.104186811542 ], [ -93.555649011354404, 42.104369936569299 ], [ -93.555534728037202, 42.104468840158802 ], [ -93.555397138015806, 42.104537789307898 ], [ -93.555221360036796, 42.104549671846698 ], [ -93.554900268699797, 42.104503357361502 ], [ -93.554808905513994, 42.104469433532799 ], [ -93.554916250206404, 42.104221040949 ], [ -93.554992901682198, 42.1041187436333 ], [ -93.555069329364699, 42.104057582703597 ], [ -93.555190816270397, 42.103996378899197 ], [ -93.555625382240706, 42.103897267088897 ], [ -93.555770397830599, 42.103824880626597 ], [ -93.555885497651801, 42.103667858876399 ], [ -93.555922871591804, 42.103470016789302 ], [ -93.5559685684144, 42.103347458286997 ], [ -93.556098266685495, 42.103225592319902 ], [ -93.556251266996995, 42.103168560381697 ], [ -93.556564244827896, 42.103168211548301 ], [ -93.556777591891105, 42.103126628543102 ], [ -93.556845776383597, 42.1030921418199 ], [ -93.556922608113993, 42.103019360870498 ], [ -93.556930695581798, 42.102962274543302 ], [ -93.556907670718601, 42.102924276599197 ], [ -93.5568006168686, 42.102851600420003 ], [ -93.556609276915495, 42.1028211559101 ], [ -93.556526433775502, 42.102787394255699 ], [ -93.556465405631798, 42.1027218476328 ], [ -93.556449075182698, 42.102527463067702 ], [ -93.556380589159104, 42.102466247351202 ], [ -93.556244044372306, 42.102435942942101 ], [ -93.556083994391599, 42.1024856867352 ], [ -93.555808470642404, 42.102703177126898 ], [ -93.555564895003997, 42.102947207143501 ], [ -93.555434307090295, 42.103198738041897 ], [ -93.555236699784302, 42.103381925336997 ], [ -93.555030751131, 42.103386082501899 ], [ -93.554870147739607, 42.103347272693199 ], [ -93.554763873847705, 42.103287130560503 ], [ -93.554572771258606, 42.103110906669002 ], [ -93.554526598735904, 42.103038485000901 ], [ -93.554496578532707, 42.102817904774902 ], [ -93.554511996364297, 42.102794942846998 ], [ -93.554641597619707, 42.102710639698699 ], [ -93.554885806652095, 42.1026571221539 ], [ -93.554962076243598, 42.1026004302378 ], [ -93.5549700444043, 42.102512039170399 ], [ -93.554939159784197, 42.102455110762399 ], [ -93.554924122404003, 42.102432467550699 ], [ -93.554816664231495, 42.102371408759403 ], [ -93.554633876396593, 42.102340228588403 ], [ -93.554480975197606, 42.102359697293998 ], [ -93.554344077436994, 42.102408982249202 ], [ -93.554092333348805, 42.102573256976399 ], [ -93.553985581571396, 42.102596280715503 ], [ -93.553863823982894, 42.1025957672597 ], [ -93.553779514833707, 42.102569130990197 ], [ -93.553755959166494, 42.1025463265604 ], [ -93.553702611514197, 42.102470191506598 ], [ -93.553672641665997, 42.102352463572103 ], [ -93.553588055969996, 42.102298991139897 ], [ -93.553557757709399, 42.102294840738303 ], [ -93.553459399447405, 42.1023216001999 ], [ -93.553253223920606, 42.102401770821203 ], [ -93.553047178651397, 42.102443486088298 ], [ -93.552817959415705, 42.102416791257198 ], [ -93.552726474591694, 42.102386441114497 ], [ -93.552627537021493, 42.102325541656597 ], [ -93.552581623413104, 42.102211089271201 ], [ -93.552664950823797, 42.102126807064899 ], [ -93.552932819433806, 42.102023656666802 ], [ -93.553229314134697, 42.101833399889102 ], [ -93.553374912917107, 42.1018137945848 ], [ -93.5535965205205, 42.101814408069103 ], [ -93.553862679829194, 42.1018641590152 ], [ -93.5540390103167, 42.101871070484599 ], [ -93.5543215010008, 42.101837059450197 ], [ -93.554564588859094, 42.1017459583272 ], [ -93.554794419585306, 42.1016161487426 ], [ -93.554878276010896, 42.101516671129197 ], [ -93.554893569954444, 42.101433348147452 ], [ -93.55582170166187, 42.101433882761341 ], [ -93.555824309003299, 42.101451373037499 ], [ -93.555870200079596, 42.101531838010601 ], [ -93.556068098534595, 42.101757377802898 ], [ -93.556319683720304, 42.101840833981498 ], [ -93.556434013197304, 42.101844782280203 ], [ -93.5566023296482, 42.101802349129599 ], [ -93.556884613554402, 42.101635069156202 ], [ -93.556937758687397, 42.101577939484699 ], [ -93.556950886973155, 42.101434533184275 ], [ -93.557449941104366, 42.101434820644847 ], [ -93.557372460342705, 42.101509233180401 ], [ -93.557357099883504, 42.101600167726701 ], [ -93.557433572610805, 42.101676737756598 ], [ -93.5575704918258, 42.101696315665698 ], [ -93.557640044803605, 42.101692262648399 ], [ -93.557701332521702, 42.101646018699903 ], [ -93.557838633049897, 42.101585111254202 ], [ -93.558005449591406, 42.1015506972305 ], [ -93.558151168729395, 42.101562391410198 ], [ -93.558203931893999, 42.101585746287498 ], [ -93.5583038372868, 42.101688694470297 ], [ -93.558303487798, 42.101768285784097 ], [ -93.558105385974599, 42.102035537324902 ], [ -93.558067026698197, 42.1021573404444 ], [ -93.558136099674897, 42.102306213499801 ], [ -93.558235195625002, 42.102397519858499 ], [ -93.558441318122803, 42.102527514833099 ], [ -93.5584866839515, 42.102588293092197 ], [ -93.558471574882404, 42.102672077734802 ], [ -93.558410565542999, 42.102745158154804 ], [ -93.558303186704407, 42.102820940826298 ], [ -93.558272632230995, 42.102893701640099 ], [ -93.5583112538732, 42.103008014288598 ], [ -93.558380023581705, 42.103061185095797 ], [ -93.558494508890007, 42.103095542719402 ], [ -93.558906750414707, 42.103042505582501 ], [ -93.559062099717096, 42.103073166633486 ], [ -93.558685418752077, 42.103704162545569 ], [ -93.558685152984594, 42.103702833667903 ], [ -93.558630988617296, 42.103615058558901 ], [ -93.558577788583193, 42.1035693365735 ], [ -93.558394813678007, 42.103473764278803 ], [ -93.558342020468004, 42.103416423192598 ] ] ], [ [ [ -93.553588734095996, 42.104919483803101 ], [ -93.553436004636197, 42.105003348847397 ], [ -93.553374862633007, 42.105080002182298 ], [ -93.553305984939101, 42.105342536822398 ], [ -93.553260412754099, 42.105426639508003 ], [ -93.5531922502566, 42.105495110758 ], [ -93.553001332658198, 42.1055219082007 ], [ -93.552932177645403, 42.105549219811301 ], [ -93.552627147323307, 42.105739315609299 ], [ -93.552489959474798, 42.105796642746398 ], [ -93.552291587732896, 42.105792889763201 ], [ -93.552184659705205, 42.105716634427999 ], [ -93.5521698791528, 42.105651960540399 ], [ -93.552184206789605, 42.105625400700603 ], [ -93.552429071943607, 42.105449371912499 ], [ -93.552558227242002, 42.105273836892103 ], [ -93.552680784274102, 42.1051822471523 ], [ -93.552711465432296, 42.105140792449603 ], [ -93.552742277458407, 42.105060882586699 ], [ -93.552741276140196, 42.104881096601702 ], [ -93.552795065033493, 42.104736332882197 ], [ -93.552879053435504, 42.1046332811081 ], [ -93.552992964669599, 42.104545105084902 ], [ -93.553657608372305, 42.104240176132997 ], [ -93.553931871966995, 42.104197960835599 ], [ -93.554152573820602, 42.104259372734099 ], [ -93.554267895317594, 42.104339362436399 ], [ -93.554321365589601, 42.104446802394001 ], [ -93.554282470582805, 42.104548918792702 ], [ -93.554039112215904, 42.104716929970301 ], [ -93.553588734095996, 42.104919483803101 ] ] ], [ [ [ -93.554343689788496, 42.1066589857069 ], [ -93.554145320313296, 42.106620355422798 ], [ -93.5540084912776, 42.106563212318697 ], [ -93.553741299990804, 42.106403435350302 ], [ -93.553573106256493, 42.106372529668803 ], [ -93.553397882250195, 42.106403201986197 ], [ -93.553252858842399, 42.106475586015698 ], [ -93.553115972819697, 42.106593736415903 ], [ -93.552924603725003, 42.106494419823399 ], [ -93.552779533443598, 42.1064639504743 ], [ -93.552421610945999, 42.106425876822101 ], [ -93.552329995630004, 42.106399101339399 ], [ -93.552238072620199, 42.106346383383901 ], [ -93.552208029299095, 42.106300202346503 ], [ -93.552214929562695, 42.106277079412003 ], [ -93.552359776943007, 42.106140298954998 ], [ -93.552443662289605, 42.106109688832497 ], [ -93.552665973178506, 42.106090640938604 ], [ -93.552749732944093, 42.106063605705998 ], [ -93.553069227776007, 42.105773614306102 ], [ -93.553306778736399, 42.105667205909498 ], [ -93.553695764727806, 42.105583336667799 ], [ -93.553832543841906, 42.105537627294296 ], [ -93.553977564699494, 42.105465242697299 ], [ -93.554031399515907, 42.105423331074697 ], [ -93.554053717641494, 42.105377246122501 ], [ -93.554183774974106, 42.105419056939603 ], [ -93.554274830582003, 42.105427038873799 ], [ -93.554702386671096, 42.105319748010302 ], [ -93.554794153588702, 42.105376933006397 ], [ -93.554831934220104, 42.1054456186884 ], [ -93.554893370359395, 42.105499547268003 ], [ -93.554938989998902, 42.105518296724703 ], [ -93.554999871346197, 42.105518552962003 ], [ -93.555121638371503, 42.105484185259897 ], [ -93.555312889358504, 42.105274046550299 ], [ -93.5553885038982, 42.105236123401298 ], [ -93.5555868470109, 42.105205885326797 ], [ -93.555725298682205, 42.105251430631903 ], [ -93.554946180777307, 42.105903903366503 ], [ -93.554877921057795, 42.106009936971802 ], [ -93.554870739826598, 42.106041103989803 ], [ -93.554893106903094, 42.1060978716554 ], [ -93.555015045367298, 42.106197661865501 ], [ -93.5551068180323, 42.106219966578799 ], [ -93.555244125554694, 42.106193941668103 ], [ -93.5555489315594, 42.106010096002201 ], [ -93.555717509063598, 42.105960513610903 ], [ -93.555877688549202, 42.1059420750816 ], [ -93.556030342893905, 42.105964634928903 ], [ -93.55606844780813, 42.105980944786168 ], [ -93.55591686168124, 42.106079721600331 ], [ -93.555459365578784, 42.106459397391724 ], [ -93.555327230143504, 42.106557919066589 ], [ -93.555197085764874, 42.106607166841364 ], [ -93.555099656110698, 42.1065981473701 ], [ -93.5549011566725, 42.106597973474798 ], [ -93.554596024796993, 42.106617248539202 ], [ -93.554451006851707, 42.106654753790103 ], [ -93.554343689788496, 42.1066589857069 ] ] ], [ [ [ -93.5541297793213, 42.181068588112701 ], [ -93.554015853253802, 42.181049441874798 ], [ -93.553916426543793, 42.180999263781302 ], [ -93.553886531531802, 42.180774193072899 ], [ -93.553825102540003, 42.180648704721598 ], [ -93.553825054755194, 42.180545842524403 ], [ -93.553924112470597, 42.180328574389797 ], [ -93.553978135487995, 42.180248200243497 ], [ -93.554107729390594, 42.180133475613502 ], [ -93.554313574056394, 42.180034502073198 ], [ -93.554549499339799, 42.179946829613002 ], [ -93.554832794327794, 42.179759873342299 ], [ -93.554855238712193, 42.179641335971603 ], [ -93.554832270279107, 42.179462013361601 ], [ -93.554847933360705, 42.179363025771003 ], [ -93.555243900292794, 42.179439373918498 ], [ -93.555503477891094, 42.179546240793599 ], [ -93.555524753462549, 42.17956886945629 ], [ -93.555524913917765, 42.179884503223825 ], [ -93.555382009860907, 42.1799160368274 ], [ -93.555297096584496, 42.179973467220002 ], [ -93.555228581072996, 42.180049990478601 ], [ -93.555160294631094, 42.1802937793043 ], [ -93.555206412053096, 42.180473539044002 ], [ -93.554969012277894, 42.180603223886997 ], [ -93.5545959795719, 42.180915497545499 ], [ -93.554527158051599, 42.180931192429398 ], [ -93.554336087663998, 42.181025973248403 ], [ -93.5541297793213, 42.181068588112701 ] ] ], [ [ [ -93.554801662591004, 42.185478386316497 ], [ -93.554695098153303, 42.185249183692598 ], [ -93.554664012360107, 42.184779904558603 ], [ -93.554717151306903, 42.184551034170198 ], [ -93.554702840222006, 42.1843334125832 ], [ -93.554550302541799, 42.184024630492601 ], [ -93.554496820831503, 42.183776752520501 ], [ -93.554503674572402, 42.183685648108103 ], [ -93.554625718262798, 42.183299761748202 ], [ -93.554824745173093, 42.1830825908904 ], [ -93.555015466882296, 42.183067408343902 ], [ -93.555168289819903, 42.1830899713419 ], [ -93.5553734310176, 42.183185077646399 ], [ -93.555514066542173, 42.183318113660356 ], [ -93.555510412829449, 42.184174145998234 ], [ -93.555458049767694, 42.184318153108897 ], [ -93.555389496561006, 42.184673744639099 ], [ -93.555373377342406, 42.184924780909597 ], [ -93.555419803487496, 42.185165370011902 ], [ -93.555419519220095, 42.185451588927499 ], [ -93.555397203515398, 42.185531668296797 ], [ -93.555343056866306, 42.1855807354817 ], [ -93.555305505967397, 42.185573765493601 ], [ -93.555160449571602, 42.185607699735101 ], [ -93.554870788711398, 42.185558403147901 ], [ -93.554862233035806, 42.185524252467999 ], [ -93.554801662591004, 42.185478386316497 ] ] ], [ [ [ -93.553740677241095, 42.183158718560101 ], [ -93.553786810615605, 42.183650642570903 ], [ -93.5537034084049, 42.183803806942002 ], [ -93.553435854486395, 42.1840974989655 ], [ -93.553382131189906, 42.184238701609999 ], [ -93.553298408494896, 42.184227280955099 ], [ -93.553054064037795, 42.184311215029403 ], [ -93.552933020656994, 42.184425206493103 ], [ -93.552879421611195, 42.184562833555603 ], [ -93.552841112889894, 42.184612198921499 ], [ -93.552810029676607, 42.184803024052499 ], [ -93.552664954981594, 42.185150013032903 ], [ -93.552581271657104, 42.185276338188302 ], [ -93.552406322623497, 42.185467127938097 ], [ -93.552215256734002, 42.185630779338403 ], [ -93.5518415748341, 42.185856273600201 ], [ -93.551566631125894, 42.185978088207499 ], [ -93.551338042461495, 42.186133873471 ], [ -93.551223461982403, 42.1862372524675 ], [ -93.551017788900793, 42.186469499053302 ], [ -93.550796563122404, 42.186832041514698 ], [ -93.550773023245895, 42.186912097182699 ], [ -93.550719927108503, 42.187000538438099 ], [ -93.55066395386892, 42.187254991763155 ], [ -93.55066794780204, 42.186170211332367 ], [ -93.550811829472707, 42.186050578073903 ], [ -93.550903386219105, 42.185943186259301 ], [ -93.550956701158, 42.185848488034097 ], [ -93.551071413371105, 42.185706650365901 ], [ -93.551132295842294, 42.185570055946002 ], [ -93.551353415449995, 42.185245078555099 ], [ -93.551803606050399, 42.1846462571704 ], [ -93.551986916430096, 42.184703389387799 ], [ -93.552054618037403, 42.184684991177399 ], [ -93.552108389621097, 42.184646651713102 ], [ -93.552169979470904, 42.184559265205998 ], [ -93.552215947527301, 42.1842917988428 ], [ -93.552169119147393, 42.184097712445997 ], [ -93.552230719997496, 42.1839405590746 ], [ -93.552352936436705, 42.183723728759702 ], [ -93.552337973776702, 42.183524878119798 ], [ -93.552292264018206, 42.1833683799683 ], [ -93.552299403085001, 42.183269231013398 ], [ -93.552337842726004, 42.183181407051698 ], [ -93.552390896816107, 42.183128742818504 ], [ -93.552520241974307, 42.183056053621101 ], [ -93.552680374201799, 42.183078757706298 ], [ -93.552787270020104, 42.183124605735102 ], [ -93.553107378183796, 42.183174482332902 ], [ -93.553298388134394, 42.183116374195897 ], [ -93.553443136876197, 42.1830216138911 ], [ -93.553528029152105, 42.182930194949897 ], [ -93.553580815131596, 42.182780924755399 ], [ -93.5535883338529, 42.182636166141897 ], [ -93.553474640450702, 42.182506112242102 ], [ -93.553367337276896, 42.1824718849373 ], [ -93.553198824103802, 42.182514318073999 ], [ -93.553115788453596, 42.182518115888399 ], [ -93.553116170308598, 42.182472506239201 ], [ -93.553183984792796, 42.182311892408997 ], [ -93.553176779491096, 42.182239305980303 ], [ -93.553344993913299, 42.181892755016101 ], [ -93.553519931409596, 42.181701964844599 ], [ -93.553604466724096, 42.181690145097797 ], [ -93.553871117559794, 42.181526131545702 ], [ -93.553962957648494, 42.181549332984901 ], [ -93.554030986039393, 42.181625751443804 ], [ -93.554069415072405, 42.181816100077398 ], [ -93.554008840608105, 42.182048406776403 ], [ -93.553886371418997, 42.182342155797102 ], [ -93.553871365004497, 42.182422372669599 ], [ -93.5539163710759, 42.1824947786058 ], [ -93.553802784189898, 42.182709089591299 ], [ -93.553832940658694, 42.182857243208403 ], [ -93.553809933871705, 42.182956986881898 ], [ -93.553756342702897, 42.183059730647798 ], [ -93.553740677241095, 42.183158718560101 ] ] ], [ [ [ -93.551009330133098, 42.101695696735099 ], [ -93.550903362892697, 42.101696373744801 ], [ -93.550827191576104, 42.101715501975598 ], [ -93.550766056093906, 42.101757273839503 ], [ -93.55071592577184, 42.101810534378842 ], [ -93.550717674670864, 42.101430942786664 ], [ -93.551445207313378, 42.101431361853322 ], [ -93.551467780540193, 42.1014709467103 ], [ -93.551430043398099, 42.101539992525403 ], [ -93.551452274625305, 42.101635215468598 ], [ -93.551315244463098, 42.101722952172601 ], [ -93.551208367611807, 42.1017495486632 ], [ -93.551009330133098, 42.101695696735099 ] ] ], [ [ [ -93.551909651107806, 42.102760033561403 ], [ -93.551819084484706, 42.103015895773503 ], [ -93.551719276014097, 42.103118647259798 ], [ -93.551612265656402, 42.103183699193799 ], [ -93.551521489402106, 42.103202551486703 ], [ -93.551300015512297, 42.103302105593102 ], [ -93.551146621837802, 42.103439616909696 ], [ -93.551017083588604, 42.103660755365802 ], [ -93.550956096948397, 42.103732938589701 ], [ -93.550842139190493, 42.104065272906197 ], [ -93.5507431434431, 42.104144785773599 ], [ -93.550705092691985, 42.104161811362069 ], [ -93.550712853506539, 42.102477357368727 ], [ -93.550811686399996, 42.102538914715602 ], [ -93.551131549038303, 42.102585216199699 ], [ -93.551680919798201, 42.102615290276098 ], [ -93.551779988383004, 42.102637735438002 ], [ -93.551909651107806, 42.102760033561403 ] ] ], [ [ [ -93.551009947526396, 42.104800933127898 ], [ -93.550934118656201, 42.104636723506502 ], [ -93.550887303879406, 42.104339803010099 ], [ -93.550925450873606, 42.104259138119197 ], [ -93.551001882274207, 42.1041979795815 ], [ -93.551101028298604, 42.104148877698101 ], [ -93.551307612959704, 42.104091971368298 ], [ -93.551375525028206, 42.1040306513801 ], [ -93.551421481105393, 42.103900944248899 ], [ -93.551376383885199, 42.103763253228102 ], [ -93.551421951075994, 42.103714031389799 ], [ -93.551704411924803, 42.1035422934876 ], [ -93.5517576881835, 42.103481590737502 ], [ -93.551796090556195, 42.103358895524899 ], [ -93.551864126909706, 42.103294000261201 ], [ -93.551971664341195, 42.103248634042799 ], [ -93.552391119431107, 42.103198437128697 ], [ -93.552474693390394, 42.103141884787597 ], [ -93.552505385047596, 42.1030306702608 ], [ -93.552489572778299, 42.102787104857697 ], [ -93.552505116657102, 42.102760568097899 ], [ -93.552627011062498, 42.102687747813803 ], [ -93.552832806550498, 42.102653183347002 ], [ -93.552917366184801, 42.102672670092097 ], [ -93.552985321951795, 42.102714201740604 ], [ -93.553062323905607, 42.102775580398998 ], [ -93.553084813828903, 42.1028287730797 ], [ -93.553085643996198, 42.102909281275302 ], [ -93.553009308891603, 42.103176145802799 ], [ -93.552932926786099, 42.103340157904498 ], [ -93.552802940670901, 42.103470064635196 ], [ -93.552696338286694, 42.103523498497701 ], [ -93.552589741333804, 42.1035420522674 ], [ -93.552253764875502, 42.103538378926999 ], [ -93.552154740130405, 42.103618786592598 ], [ -93.552123802653298, 42.103702271251599 ], [ -93.552169440117893, 42.103789887908597 ], [ -93.552359734795502, 42.1039195934448 ], [ -93.552482611958396, 42.103957692672701 ], [ -93.5525810926936, 42.103962238848297 ], [ -93.552719086332701, 42.103916553764101 ], [ -93.552818110850097, 42.1038361456377 ], [ -93.552840429269295, 42.1037900609833 ], [ -93.553008298616206, 42.103656398900497 ], [ -93.553084847549897, 42.103626544111897 ], [ -93.553176182755607, 42.103626482880102 ], [ -93.553222892318303, 42.103648830992697 ], [ -93.553290561924101, 42.103733286467801 ], [ -93.553321064474702, 42.103835820608602 ], [ -93.5532913400246, 42.103954208608897 ], [ -93.553176521260397, 42.104068304148797 ], [ -93.5528787685992, 42.1042594320704 ], [ -93.552780223082905, 42.104465060143902 ], [ -93.552711653547902, 42.104545150070798 ], [ -93.552626829768798, 42.104602573408897 ], [ -93.552359609183, 42.104686954324698 ], [ -93.552299136145905, 42.104675077835303 ], [ -93.552268278344101, 42.104652134924699 ], [ -93.552237731589997, 42.104446747829201 ], [ -93.552276561076297, 42.104381299639698 ], [ -93.552306925934303, 42.104175276348002 ], [ -93.552260906060397, 42.104133264963103 ], [ -93.552230732492603, 42.104125539164102 ], [ -93.552108940895096, 42.104125917825399 ], [ -93.551993843607093, 42.1042131762281 ], [ -93.551902295738898, 42.104358119399201 ], [ -93.551795026793499, 42.104465201785302 ], [ -93.551582626567793, 42.104583709932697 ], [ -93.551528408462204, 42.104671225785999 ], [ -93.551475300815994, 42.104831206090203 ], [ -93.551353809199099, 42.104892406468103 ], [ -93.551215662188696, 42.104907678934303 ], [ -93.551147730390497, 42.1049001325406 ], [ -93.551009947526396, 42.104800933127898 ] ] ], [ [ [ -93.5515437168674, 42.106525532852203 ], [ -93.551646205110345, 42.1067021697516 ], [ -93.550693358777579, 42.10670861091144 ], [ -93.550693791024131, 42.106614793511824 ], [ -93.550834960956195, 42.106594399117199 ], [ -93.551086087158296, 42.1065177656237 ], [ -93.5513535482728, 42.106357370492198 ], [ -93.551414298700394, 42.106396083630798 ], [ -93.5515437168674, 42.106525532852203 ] ] ], [ [ [ -93.546996566788096, 42.179893425129499 ], [ -93.5470122431486, 42.1801754729007 ], [ -93.546958235193998, 42.180289833569603 ], [ -93.546897428964002, 42.180354870845598 ], [ -93.5468054499852, 42.180405006419697 ], [ -93.546638187578694, 42.180446560140098 ], [ -93.546553698269193, 42.180526354211899 ], [ -93.546546802991301, 42.1806183516983 ], [ -93.546580028885884, 42.18076894788026 ], [ -93.54576699958109, 42.18077283324029 ], [ -93.545763568212593, 42.18035656643093 ], [ -93.545762241018465, 42.180195554572308 ], [ -93.545905792223095, 42.1800918983961 ], [ -93.546004510048803, 42.179954235343502 ], [ -93.546104027886997, 42.179863098654003 ], [ -93.546463053929401, 42.179603356225201 ], [ -93.546515583558204, 42.179531006836797 ], [ -93.546561947497906, 42.179252817944501 ], [ -93.5466533674619, 42.179183888679098 ], [ -93.546875089025903, 42.179084333271703 ], [ -93.5471271476097, 42.179092685652499 ], [ -93.547287070462403, 42.179294281749698 ], [ -93.547317180160206, 42.179443330106999 ], [ -93.5472863439863, 42.179592118623603 ], [ -93.547233406253596, 42.1796760883921 ], [ -93.546996566788096, 42.179893425129499 ] ] ], [ [ [ -93.5530544877859, 42.180339873282101 ], [ -93.553161128651993, 42.1803928716717 ], [ -93.553229562898693, 42.180457670349803 ], [ -93.5532683447328, 42.180568419954099 ], [ -93.553252375937703, 42.180606579429899 ], [ -93.553298211534099, 42.180759501292201 ], [ -93.553222916531695, 42.180820689943602 ], [ -93.552955587392802, 42.180934600165997 ], [ -93.552703102411002, 42.1810076458409 ], [ -93.552550613187194, 42.181079897562299 ], [ -93.552398828414098, 42.181236240453202 ], [ -93.552276893200997, 42.181479908794302 ], [ -93.552238731130402, 42.181594571208201 ], [ -93.5521849875567, 42.181666900074099 ], [ -93.551902831600202, 42.181682138829899 ], [ -93.551825863106302, 42.181652061475802 ], [ -93.551772607988994, 42.181606332319397 ], [ -93.551750099676198, 42.1815182509336 ], [ -93.551849422347303, 42.181258949962498 ], [ -93.551826712250701, 42.181072475631403 ], [ -93.551810723139795, 42.181041762162899 ], [ -93.551444749637398, 42.180736097724299 ], [ -93.551414498779593, 42.180625508801498 ], [ -93.551467426035501, 42.180576420525199 ], [ -93.551749683834004, 42.1804887345833 ], [ -93.5519786061259, 42.180461756620602 ], [ -93.552230827234496, 42.180465629819103 ], [ -93.552329704221805, 42.180427248640399 ], [ -93.552536151798805, 42.180484817294797 ], [ -93.552658076780901, 42.180484438195798 ], [ -93.552696126769106, 42.180477107256898 ], [ -93.552909007330399, 42.180351435434297 ], [ -93.5530544877859, 42.180339873282101 ] ] ], [ [ [ -93.553084945322297, 42.186244708008203 ], [ -93.553001010407499, 42.186378184484603 ], [ -93.552986022679605, 42.186527274909302 ], [ -93.553008842576105, 42.186641301589802 ], [ -93.553146382117902, 42.1867521290159 ], [ -93.553337004422303, 42.186844281160504 ], [ -93.553550709371194, 42.186973541635403 ], [ -93.553581217352402, 42.1870769800449 ], [ -93.553405863856298, 42.187244508172903 ], [ -93.5530692742458, 42.187385734107302 ], [ -93.552695978955896, 42.187495854184903 ], [ -93.552542910584094, 42.187584195977102 ], [ -93.552224409921209, 42.18781605521351 ], [ -93.551121524231959, 42.187825203276759 ], [ -93.551116773321098, 42.187781745790403 ], [ -93.551261861197801, 42.187434757410102 ], [ -93.551422272359304, 42.187172137415097 ], [ -93.551582073537602, 42.1869962678009 ], [ -93.551711803471605, 42.186912852741699 ], [ -93.551818157382101, 42.186870140544997 ], [ -93.551925672727506, 42.186794355444199 ], [ -93.552116320524306, 42.186538567590098 ], [ -93.552207930461194, 42.186290746725803 ], [ -93.552429041659096, 42.1860006507425 ], [ -93.552780200460901, 42.1857568401294 ], [ -93.552970527404597, 42.185718397186797 ], [ -93.553115375476395, 42.185829362646103 ], [ -93.553146698128501, 42.1859095606697 ], [ -93.553146342329597, 42.1859891601881 ], [ -93.553084945322297, 42.186244708008203 ] ] ] ] } },
{ "type": "Feature", "properties": { "mukey": "2800480", "musym": "L55", "muname": "Nicollet loam, 1 to 3 percent slopes" }, "geometry": { "type": "MultiPolygon", "coordinates": [ [ [ [ -93.465011869036204, 41.893207831697502 ], [ -93.464958269563397, 41.893447308328902 ], [ -93.464935006066199, 41.893486194381502 ], [ -93.464843377746902, 41.893535361157497 ], [ -93.464713280292798, 41.893573936100502 ], [ -93.464583894994803, 41.8935928533188 ], [ -93.464278362552093, 41.893413380743603 ], [ -93.463927885890598, 41.893402020803101 ], [ -93.463897942468904, 41.8933907022179 ], [ -93.463782830168995, 41.893283822179797 ], [ -93.463767822391802, 41.893161920949701 ], [ -93.463851800084001, 41.893089356314903 ], [ -93.464019007846602, 41.893031840175098 ], [ -93.464171381846796, 41.892948101534401 ], [ -93.464492308723905, 41.892669171421304 ], [ -93.464676096839398, 41.892589626292597 ], [ -93.464988262905194, 41.8925859248831 ], [ -93.465042342046104, 41.892601294111103 ], [ -93.465446392907396, 41.892608338659102 ], [ -93.465644835373595, 41.8925934597493 ], [ -93.465713150908698, 41.8925509878298 ], [ -93.465774509791402, 41.892566499751901 ], [ -93.465919665353894, 41.892547891175099 ], [ -93.466346121107705, 41.892372069836902 ], [ -93.466522060662598, 41.892341546908 ], [ -93.466582497436505, 41.892348992879803 ], [ -93.466621176446495, 41.892387307219501 ], [ -93.466666634078805, 41.892540207356603 ], [ -93.466430904243296, 41.892612476083698 ], [ -93.465972416382002, 41.892868143200602 ], [ -93.465773747256705, 41.892822215144001 ], [ -93.4656145496307, 41.8928262411237 ], [ -93.465392163758196, 41.892898770156499 ], [ -93.465255434431398, 41.892986394234903 ], [ -93.465011869036204, 41.893207831697502 ] ] ], [ [ [ -93.468032750524301, 41.8936078307838 ], [ -93.468162123017905, 41.893757012429397 ], [ -93.468055889427603, 41.893840767182397 ], [ -93.468009331694404, 41.893852371725401 ], [ -93.467757933266498, 41.893619426039102 ], [ -93.467528410145405, 41.893520139510898 ], [ -93.467422028128496, 41.893440259064697 ], [ -93.467384318340507, 41.893375139093003 ], [ -93.467399263878093, 41.893230578187897 ], [ -93.467460137591004, 41.893192430042298 ], [ -93.467552297780003, 41.8931620493181 ], [ -93.467711622857294, 41.893020322479302 ], [ -93.467895408235904, 41.892940772733901 ], [ -93.467941187869002, 41.892883550731703 ], [ -93.467948142674899, 41.892825566718201 ], [ -93.467879405004297, 41.892745531371503 ], [ -93.467773008262895, 41.892699629122298 ], [ -93.467620184005298, 41.892661757067302 ], [ -93.4673384927478, 41.892494384086497 ], [ -93.467406352424405, 41.892330296395102 ], [ -93.467483061407194, 41.892223608738703 ], [ -93.467506597413703, 41.892143596254499 ], [ -93.467501860254771, 41.892091241613542 ], [ -93.468040146802949, 41.892089985801618 ], [ -93.468040141571294, 41.892162116270804 ], [ -93.468024450784, 41.892193103955499 ], [ -93.467864238306106, 41.892325871968197 ], [ -93.467872667919394, 41.892394887838499 ], [ -93.467918368588002, 41.892440492884802 ], [ -93.467987007465098, 41.892456146630302 ], [ -93.468131239926507, 41.892429470015202 ], [ -93.468245690230304, 41.892387008042498 ], [ -93.468329728874494, 41.892379715626397 ], [ -93.468474609593599, 41.892402230219403 ], [ -93.468589499213095, 41.892448298521103 ], [ -93.468413596513898, 41.8926120550205 ], [ -93.468368481131094, 41.892684490941498 ], [ -93.468398185411402, 41.892803103163402 ], [ -93.468345126559299, 41.8928601824692 ], [ -93.468162366311205, 41.893146304348903 ], [ -93.467993712851396, 41.893512283407198 ], [ -93.468032750524301, 41.8936078307838 ] ] ], [ [ [ -93.470291097761802, 41.893036055743003 ], [ -93.470825063820897, 41.893211050618298 ], [ -93.470710959095598, 41.893344726163697 ], [ -93.470680390944395, 41.893451426259297 ], [ -93.470672326063706, 41.893573768301898 ], [ -93.470641933362003, 41.893642022897502 ], [ -93.470512428251496, 41.893798644631502 ], [ -93.470404739917399, 41.893855547880598 ], [ -93.470336310997396, 41.8938676185779 ], [ -93.470198738703203, 41.893844355258203 ], [ -93.470099503661203, 41.893768193853397 ], [ -93.470077739886193, 41.893664938426298 ], [ -93.470145325005703, 41.893306810694199 ], [ -93.470099913080304, 41.893253164638899 ], [ -93.469963196529207, 41.893172691497803 ], [ -93.469726398484895, 41.893207390532503 ], [ -93.4695582255858, 41.893291719918302 ], [ -93.469443874478699, 41.893398564714701 ], [ -93.469397822498905, 41.893496913376701 ], [ -93.469444262244593, 41.893757131327902 ], [ -93.469428313197398, 41.893795267467198 ], [ -93.4693831305934, 41.893802428661601 ], [ -93.4692602475005, 41.893775875818697 ], [ -93.469085772200998, 41.893665153649899 ], [ -93.469016903122196, 41.893588692945499 ], [ -93.469039110154, 41.893478252498497 ], [ -93.469108118053796, 41.893383036785799 ], [ -93.469139041438197, 41.893199446074597 ], [ -93.468993199135795, 41.893035635822798 ], [ -93.468947865383697, 41.892879162309697 ], [ -93.469016567036903, 41.8928259662991 ], [ -93.469268663948696, 41.892703940903402 ], [ -93.469421130811597, 41.892684577658798 ], [ -93.469604044010595, 41.892696212892801 ], [ -93.469741599304598, 41.892753454655903 ], [ -93.470047013646607, 41.892936488271999 ], [ -93.470291097761802, 41.893036055743003 ] ] ], [ [ [ -93.472029992561403, 41.893768481195799 ], [ -93.472228108517299, 41.893695465205802 ], [ -93.472465668388907, 41.893673294738797 ], [ -93.472549204911104, 41.893646318153898 ], [ -93.472808506899199, 41.893627255491602 ], [ -93.472908106425095, 41.893592545883401 ], [ -93.473059735221995, 41.893596410077301 ], [ -93.473104595995835, 41.893615475726627 ], [ -93.473105325212714, 41.894279022345252 ], [ -93.472915242617503, 41.894134547557201 ], [ -93.472823935605703, 41.894107722479802 ], [ -93.472045967324505, 41.894065655937801 ], [ -93.472061379632905, 41.894008731573003 ], [ -93.472045117132794, 41.893954763202998 ], [ -93.472023000728896, 41.893928399143299 ], [ -93.471884776797594, 41.893855945964603 ], [ -93.472029992561403, 41.893768481195799 ] ] ], [ [ [ -93.566726923786305, 41.896232150735798 ], [ -93.566681123760503, 41.896152602546501 ], [ -93.566619739402597, 41.896137138551403 ], [ -93.566406500778598, 41.896193918110797 ], [ -93.566329434677598, 41.896140604261198 ], [ -93.566337673229398, 41.895973555332802 ], [ -93.566330892253106, 41.89593915786071 ], [ -93.567136835800838, 41.895933364866437 ], [ -93.567085353893503, 41.896015375024596 ], [ -93.567046820574802, 41.896320444526701 ], [ -93.567016801934898, 41.896415551532499 ], [ -93.566894786119704, 41.896537536159499 ], [ -93.566787947340103, 41.896537309573901 ], [ -93.566718845891899, 41.896499346556702 ], [ -93.566695322835898, 41.896442572019403 ], [ -93.566726923786305, 41.896232150735798 ] ] ], [ [ [ -93.567664628326796, 41.8966405719259 ], [ -93.567619230788097, 41.8965494078125 ], [ -93.567656806518499, 41.8964115243758 ], [ -93.567886027817906, 41.896209299102701 ], [ -93.568076703997505, 41.896068042628798 ], [ -93.568160388456604, 41.895965899732602 ], [ -93.568173101528259, 41.895925916352908 ], [ -93.568743385026181, 41.895921817245657 ], [ -93.568610433397197, 41.8961523157001 ], [ -93.568458246567403, 41.896339005382998 ], [ -93.568274571149303, 41.896488441680098 ], [ -93.568106946154103, 41.896595261527303 ], [ -93.567932038336295, 41.896667072393498 ], [ -93.567772185647897, 41.896689989088202 ], [ -93.567664628326796, 41.8966405719259 ] ] ], [ [ [ -93.561383322475351, 41.895965422574903 ], [ -93.561340428411398, 41.896141179006499 ], [ -93.561271033732098, 41.896564584919197 ], [ -93.561218202246195, 41.8966521063982 ], [ -93.561049545049897, 41.896614046675602 ], [ -93.560920219883613, 41.896636792068804 ], [ -93.560894465226113, 41.895967815450817 ], [ -93.561383322475351, 41.895965422574903 ] ] ], [ [ [ -93.659415597096697, 41.897407769269201 ], [ -93.659522962801304, 41.897609999876899 ], [ -93.659297075910956, 41.897737491713123 ], [ -93.659284254516109, 41.896169561319667 ], [ -93.659874617337181, 41.896167670443106 ], [ -93.659880877069895, 41.896201994802901 ], [ -93.659682663301496, 41.896247576067303 ], [ -93.659576535794201, 41.896335062863699 ], [ -93.659507395691307, 41.896441997062396 ], [ -93.659431439432097, 41.896934173094898 ], [ -93.659400255148199, 41.896995301641503 ], [ -93.659385513942695, 41.897181905270301 ], [ -93.659415597096697, 41.897407769269201 ] ] ], [ [ [ -93.662833304269199, 41.896575605338299 ], [ -93.663024365247296, 41.896598736802197 ], [ -93.663055436205099, 41.896613605487502 ], [ -93.663123545457495, 41.896682792135302 ], [ -93.663138772346898, 41.896735820927297 ], [ -93.663108028851894, 41.896820205366097 ], [ -93.663009453814595, 41.896899784704402 ], [ -93.662894438375005, 41.896926313161401 ], [ -93.662360647593303, 41.896949725336903 ], [ -93.662262112019306, 41.896991751846699 ], [ -93.662193433884795, 41.897048625196803 ], [ -93.662170238287899, 41.897125099155502 ], [ -93.662200850789304, 41.897190030427801 ], [ -93.662551264075304, 41.897495015102102 ], [ -93.662590062048395, 41.897605694693397 ], [ -93.662566986105404, 41.897678594456103 ], [ -93.662437218490595, 41.8977468789287 ], [ -93.662368142973804, 41.897742945080601 ], [ -93.662124714374897, 41.8976518047971 ], [ -93.661986943445797, 41.897559896354203 ], [ -93.661781343765298, 41.897354099479202 ], [ -93.661498762787602, 41.897163001202401 ], [ -93.661254710114804, 41.8970906244774 ], [ -93.661086703173495, 41.897067908320999 ], [ -93.6611024290156, 41.897033322741201 ], [ -93.661163439273693, 41.896987934509397 ], [ -93.661308480392805, 41.896716963187302 ], [ -93.661521024166703, 41.896751215715398 ], [ -93.661613112508206, 41.896793120117898 ], [ -93.661742498996105, 41.8968088768437 ], [ -93.661941766314996, 41.896804440946099 ], [ -93.662291666473493, 41.896724945770202 ], [ -93.662437236433902, 41.8966560537391 ], [ -93.662582029991597, 41.896610394573003 ], [ -93.662833304269199, 41.896575605338299 ] ] ], [ [ [ -93.562415983844204, 41.8968088633058 ], [ -93.562278994101405, 41.896942184736297 ], [ -93.562218073884793, 41.897052801526399 ], [ -93.562140944486302, 41.897140758456203 ], [ -93.562117795209204, 41.897212746623097 ], [ -93.562041629813805, 41.897307874875402 ], [ -93.561981392086807, 41.897468576532397 ], [ -93.561881361369203, 41.897621373080099 ], [ -93.561714033229094, 41.8977889923747 ], [ -93.561592255994199, 41.897868952147398 ], [ -93.561400973663396, 41.897922562105499 ], [ -93.561317062678398, 41.897926340957099 ], [ -93.561270337282579, 41.897917069526294 ], [ -93.561022807583214, 41.897239832269555 ], [ -93.561118536813098, 41.897003408858303 ], [ -93.561195013294295, 41.896934217191699 ], [ -93.561202263691101, 41.896900376811899 ], [ -93.561301977237306, 41.8969308741909 ], [ -93.561500007779998, 41.8968925924611 ], [ -93.561797942587802, 41.896739959915202 ], [ -93.561958172791805, 41.896636584889301 ], [ -93.562133646236703, 41.896583569685497 ], [ -93.562346825820697, 41.896598327341302 ], [ -93.562453849464106, 41.896697810895901 ], [ -93.562415983844204, 41.8968088633058 ] ] ], [ [ [ -93.667366385777299, 41.896736323056601 ], [ -93.667304740371193, 41.896728055586102 ], [ -93.667212982063802, 41.896785408340001 ], [ -93.667182525252997, 41.896934175336 ], [ -93.667181978470296, 41.897132659647099 ], [ -93.667099033049695, 41.897216995247099 ], [ -93.667022103069002, 41.897266568962998 ], [ -93.666793648192794, 41.897163190714501 ], [ -93.666549977446095, 41.897079207472999 ], [ -93.666045475969796, 41.896770552647702 ], [ -93.665900940276401, 41.896735749714601 ], [ -93.665755480612106, 41.896728647560302 ], [ -93.665703035864396, 41.8967357457852 ], [ -93.665564630145099, 41.896808347549502 ], [ -93.665496780706803, 41.896876861124802 ], [ -93.665465721002107, 41.896934416817501 ], [ -93.665458503089198, 41.897041580418502 ], [ -93.665481036107707, 41.897239588323004 ], [ -93.665611247567099, 41.897521803455703 ], [ -93.665573238182304, 41.897678480687397 ], [ -93.665442814386296, 41.898021250873597 ], [ -93.665427609170195, 41.898113070053398 ], [ -93.665511350757299, 41.898296091534 ], [ -93.665870516552701, 41.898594072620298 ], [ -93.665877639387901, 41.898635330992498 ], [ -93.665855660731296, 41.898711827703302 ], [ -93.665672536049598, 41.898887338752303 ], [ -93.665542888478996, 41.898952052117899 ], [ -93.665106817093005, 41.899066656025497 ], [ -93.664589253324294, 41.899112724425699 ], [ -93.664450642448202, 41.899154921476402 ], [ -93.664344625080801, 41.8991664141748 ], [ -93.664192308044804, 41.899219092292697 ], [ -93.664062589127298, 41.899322250144401 ], [ -93.664061694140401, 41.899349057573197 ], [ -93.664116021264604, 41.899394747178498 ], [ -93.664260203597095, 41.899440275189299 ], [ -93.664940085673805, 41.899478510728997 ], [ -93.665244346129597, 41.899566275884702 ], [ -93.665389901088204, 41.899570697893502 ], [ -93.665778915364001, 41.899338111792801 ], [ -93.665847047486807, 41.899333979638001 ], [ -93.6659624656793, 41.899368255914098 ], [ -93.665931792769697, 41.899414195322699 ], [ -93.665656545354096, 41.899657781433703 ], [ -93.665569880489315, 41.899774968779091 ], [ -93.665132807497088, 41.899774389415313 ], [ -93.665038600101795, 41.8997646240866 ], [ -93.664993938973367, 41.899774205337607 ], [ -93.664026942470471, 41.899772923531685 ], [ -93.664024417771401, 41.899738219581302 ], [ -93.663924913736494, 41.899627335241298 ], [ -93.663780343360898, 41.8995934234012 ], [ -93.663687941764906, 41.899597115021201 ], [ -93.663505625004802, 41.899711837672101 ], [ -93.663352838745794, 41.8997421533264 ], [ -93.663253782897897, 41.899726947577598 ], [ -93.663093626986594, 41.899650728980703 ], [ -93.662978677017193, 41.899638811632002 ], [ -93.662917317751294, 41.899658265029103 ], [ -93.662787984181705, 41.899749805096398 ], [ -93.662612040013343, 41.899771048002307 ], [ -93.662512600957371, 41.899770916190484 ], [ -93.6623761849673, 41.899719097848099 ], [ -93.662231755892407, 41.899608292344197 ], [ -93.662223302227702, 41.899570586061998 ], [ -93.662262224391299, 41.899459526064497 ], [ -93.662193010762095, 41.899314318438201 ], [ -93.6620632636171, 41.899200202311199 ], [ -93.662169859382502, 41.899135074679201 ], [ -93.662284610027399, 41.899116589024402 ], [ -93.6624758762038, 41.899170125085199 ], [ -93.662681783180602, 41.899257902690998 ], [ -93.662887760683006, 41.899307234027901 ], [ -93.663154192596707, 41.899291494992603 ], [ -93.663345559894495, 41.899196607472099 ], [ -93.663459305967095, 41.8990627609749 ], [ -93.663459485210893, 41.898948316749298 ], [ -93.663406611033295, 41.8988955002228 ], [ -93.663330323438402, 41.898852989105002 ], [ -93.662910521977096, 41.8988802564336 ], [ -93.662787586643006, 41.8988529942037 ], [ -93.662757877435894, 41.898833679496398 ], [ -93.6626960724534, 41.898757453754499 ], [ -93.662650669172294, 41.898662748578701 ], [ -93.662643560150599, 41.898475748585902 ], [ -93.662597749671804, 41.898356894789103 ], [ -93.662498537868203, 41.898273732471502 ], [ -93.662795741559094, 41.898063633551203 ], [ -93.662986189142103, 41.898177954175601 ], [ -93.663237944694799, 41.898456114781801 ], [ -93.663307080210203, 41.898567343689301 ], [ -93.663444377408396, 41.898673548110303 ], [ -93.663589423139499, 41.898693163007998 ], [ -93.663779654435999, 41.898632230952799 ], [ -93.663909054090297, 41.8985022440935 ], [ -93.663947813496605, 41.898323227707401 ], [ -93.663939875454901, 41.898124589352001 ], [ -93.663955589798306, 41.8980175794931 ], [ -93.664161134588696, 41.897788829743597 ], [ -93.664199784212201, 41.897685811600397 ], [ -93.664206934836301, 41.897617093865698 ], [ -93.664176827408298, 41.897536972192 ], [ -93.664062178309095, 41.897407037494297 ], [ -93.664382457072406, 41.897087376441398 ], [ -93.664519629340106, 41.896869906360799 ], [ -93.664634173016694, 41.896602850113403 ], [ -93.664687509059306, 41.896350780120699 ], [ -93.664669848973446, 41.896152311767395 ], [ -93.665711540927177, 41.896148975326085 ], [ -93.666106956533895, 41.896346958854103 ], [ -93.666442783064596, 41.8964343979776 ], [ -93.666762554795397, 41.896457169420302 ], [ -93.666984526056495, 41.896427206935897 ], [ -93.667152267768301, 41.896312216523 ], [ -93.667190711691106, 41.8961787940489 ], [ -93.667184039268506, 41.896144259052463 ], [ -93.667935386083798, 41.89614185255931 ], [ -93.667891846662599, 41.896197728136201 ], [ -93.667777263040705, 41.896575656744403 ], [ -93.667747031548998, 41.896644851428299 ], [ -93.667663729957994, 41.8967399102945 ], [ -93.667602724131797, 41.896785301586597 ], [ -93.667533113099097, 41.896797454932901 ], [ -93.667366385777299, 41.896736323056601 ] ] ], [ [ [ -93.464737068913905, 41.8980443372172 ], [ -93.464943098493606, 41.898021560568203 ], [ -93.465117531357393, 41.898033035344802 ], [ -93.4652550298091, 41.898025006743502 ], [ -93.465659711805998, 41.897914926504903 ], [ -93.465903678507999, 41.897883951866497 ], [ -93.466049313815702, 41.8979529806399 ], [ -93.466072043789893, 41.8980294312911 ], [ -93.466033264212896, 41.898127922252101 ], [ -93.465987317781895, 41.898189611578601 ], [ -93.465721006853897, 41.898334600989102 ], [ -93.465506725364307, 41.8983840418379 ], [ -93.465316906209097, 41.898361535310698 ], [ -93.464965174364394, 41.898384132342599 ], [ -93.464576212945602, 41.898529392035499 ], [ -93.4642781921996, 41.8985441010255 ], [ -93.464163863208697, 41.898448860463702 ], [ -93.464209895498996, 41.898284344071001 ], [ -93.464308989776299, 41.898196874852999 ], [ -93.464538852764704, 41.898086044615397 ], [ -93.464737068913905, 41.8980443372172 ] ] ], [ [ [ -93.471374653435106, 41.898967722857101 ], [ -93.471480701972993, 41.8989563887122 ], [ -93.471748374867005, 41.898975046738897 ], [ -93.471816601273801, 41.899002314509801 ], [ -93.471968906260898, 41.899021393869901 ], [ -93.472038378466095, 41.899047791765497 ], [ -93.472235785817901, 41.899028411164601 ], [ -93.4723274161354, 41.898979238832801 ], [ -93.472366451303898, 41.898940660232398 ], [ -93.472381735304594, 41.8988873096514 ], [ -93.472304810093306, 41.898731111758899 ], [ -93.472175548704101, 41.898578359287697 ], [ -93.4721595133324, 41.8983500326826 ], [ -93.472259437082997, 41.898239325477903 ], [ -93.472358914324701, 41.898208190246301 ], [ -93.472503401994302, 41.898208338351402 ], [ -93.4727245961585, 41.898269897994602 ], [ -93.4728307464229, 41.8983229447227 ], [ -93.472961512596498, 41.898467678452 ], [ -93.4729841790992, 41.898646955663096 ], [ -93.472961673215593, 41.898799417320397 ], [ -93.472861271875402, 41.898990590783001 ], [ -93.472876961469794, 41.899127705619101 ], [ -93.472960691302305, 41.899196408120098 ], [ -93.47311073946662, 41.899200296182009 ], [ -93.473110839712831, 41.899291406702829 ], [ -93.472183010783283, 41.899294480283331 ], [ -93.472106879786807, 41.899269099035003 ], [ -93.471900068702496, 41.8992462693354 ], [ -93.471496546421406, 41.899257139412001 ], [ -93.4712671979551, 41.899219560334799 ], [ -93.471191474405899, 41.899097363586002 ], [ -93.471267506853096, 41.899009437078 ], [ -93.471374653435106, 41.898967722857101 ] ] ], [ [ [ -93.464523016386593, 41.899226692413997 ], [ -93.464682869680601, 41.899311775262952 ], [ -93.463650796394731, 41.899315896575317 ], [ -93.463573925665997, 41.899270452176602 ], [ -93.463574437781375, 41.898428264467405 ], [ -93.463584164118899, 41.898429417850302 ], [ -93.463745312967305, 41.8985059076197 ], [ -93.463867422535799, 41.898620973220197 ], [ -93.463927874766497, 41.898795630240301 ], [ -93.463950406040695, 41.898944505154297 ], [ -93.464019145306693, 41.899024543157402 ], [ -93.464118640270698, 41.8990935614327 ], [ -93.464523016386593, 41.899226692413997 ] ] ], [ [ [ -93.466896134441299, 41.898945146532903 ], [ -93.4671022974333, 41.899119980173197 ], [ -93.467239442810396, 41.899188840954899 ], [ -93.467452189751597, 41.899215371343402 ], [ -93.467726915201396, 41.899173372710997 ], [ -93.467795851688905, 41.899180984876203 ], [ -93.467765000997005, 41.899261748699402 ], [ -93.467713351331994, 41.899299673834037 ], [ -93.465204371705227, 41.899309692782211 ], [ -93.465210211181201, 41.899295633590398 ], [ -93.465285960020694, 41.8992157523831 ], [ -93.465606166021502, 41.899024431393499 ], [ -93.465858112958799, 41.898940857543202 ], [ -93.466216642359299, 41.898864741409703 ], [ -93.466536698986005, 41.898845095611797 ], [ -93.466727409699701, 41.898876559510903 ], [ -93.466896134441299, 41.898945146532903 ] ] ], [ [ [ -93.661246893920094, 41.967506120859099 ], [ -93.661254499413502, 41.967533084348702 ], [ -93.661254069663102, 41.967582257117101 ], [ -93.661193166042196, 41.967658948837702 ], [ -93.661094410513599, 41.967704552472902 ], [ -93.660979397476495, 41.967727506779397 ], [ -93.660819214979199, 41.967720134485802 ], [ -93.660743410598499, 41.967697300785801 ], [ -93.660643750643501, 41.967697283902403 ], [ -93.660537389459705, 41.9677159235817 ], [ -93.660400441317805, 41.9677769302765 ], [ -93.660300518607897, 41.967857385679999 ], [ -93.660179240649796, 41.967922252828799 ], [ -93.660072609781693, 41.967948934985202 ], [ -93.659896756215502, 41.967937700837602 ], [ -93.659691039404194, 41.967838294403002 ], [ -93.659438442417496, 41.967868590101901 ], [ -93.659163568136904, 41.967983429822603 ], [ -93.658630539944795, 41.968258120405302 ], [ -93.658612912114677, 41.968272775625536 ], [ -93.658604421921183, 41.967373825473842 ], [ -93.658797390211006, 41.967304359184297 ], [ -93.658889756745793, 41.967231815725903 ], [ -93.658934727882198, 41.9672317367788 ], [ -93.659018913856002, 41.967258300252404 ], [ -93.659301443380997, 41.967277728526497 ], [ -93.659552703986805, 41.967250985702002 ], [ -93.659874077614006, 41.967162919486803 ], [ -93.660163199311896, 41.966949081328501 ], [ -93.660209750275598, 41.9670107297773 ], [ -93.660263386210104, 41.967151195437602 ], [ -93.660331322136997, 41.9672275383653 ], [ -93.6604454440224, 41.967303823795902 ], [ -93.660972462146702, 41.967353608957097 ], [ -93.6611631366155, 41.967430386067797 ], [ -93.661246893920094, 41.967506120859099 ] ] ], [ [ [ -93.664130513323698, 41.967483199017003 ], [ -93.663947740047007, 41.967315361786298 ], [ -93.663810825183504, 41.967266387108999 ], [ -93.663620357376999, 41.967292449665699 ], [ -93.663169270190707, 41.967552545320402 ], [ -93.662826203204602, 41.967780615218601 ], [ -93.662582667510193, 41.967830753244002 ], [ -93.662406177557799, 41.9677658594889 ], [ -93.662361276448905, 41.967727490671898 ], [ -93.662322612561695, 41.967429919181598 ], [ -93.662353358169099, 41.967346421733701 ], [ -93.662421874910606, 41.967369122563902 ], [ -93.662559845337796, 41.967350159295599 ], [ -93.662803878156893, 41.967212399633603 ], [ -93.663245974051193, 41.967003111552899 ], [ -93.663543726415497, 41.966930704347803 ], [ -93.663787815873604, 41.966900246842201 ], [ -93.663887424764496, 41.9668653869658 ], [ -93.664001738852804, 41.966899645684201 ], [ -93.664215384441604, 41.967052839929501 ], [ -93.664275997370297, 41.967166604255198 ], [ -93.6644746413251, 41.967368707261997 ], [ -93.664558651948596, 41.967509720360503 ], [ -93.665298368396904, 41.968105214002598 ], [ -93.665061117815299, 41.968258302371403 ], [ -93.664832370682902, 41.968520635529103 ], [ -93.664656725564896, 41.968612243754301 ], [ -93.664504147519196, 41.968631839346003 ], [ -93.664337052094098, 41.968540292368097 ], [ -93.664291242959607, 41.968456303996298 ], [ -93.664298594622906, 41.967872529736702 ], [ -93.664130513323698, 41.967483199017003 ] ] ], [ [ [ -93.465132906331704, 41.9702716652303 ], [ -93.465232291505004, 41.970447098944298 ], [ -93.465362788989594, 41.970535507504003 ], [ -93.465522389561301, 41.9705922943796 ], [ -93.465636951419597, 41.9707179480964 ], [ -93.465637354629294, 41.970874448430898 ], [ -93.465598939410796, 41.9709282433382 ], [ -93.465461685560101, 41.970992617878203 ], [ -93.465316513333903, 41.970973672295798 ], [ -93.465308870147894, 41.970916290753301 ], [ -93.465346476493593, 41.970817767926803 ], [ -93.465338946211801, 41.970790792856299 ], [ -93.465301309538106, 41.970756072946401 ], [ -93.465225274236801, 41.970741166928399 ], [ -93.465102304261194, 41.970813869614801 ], [ -93.464981354827501, 41.971065460410202 ], [ -93.464874044599398, 41.971142047287799 ], [ -93.464736919306404, 41.971202846646499 ], [ -93.4645842799127, 41.971222206102901 ], [ -93.464423542254195, 41.971263762460801 ], [ -93.463973943821102, 41.971427523303902 ], [ -93.463904644714603, 41.971427950925502 ], [ -93.463843346725099, 41.9714088622814 ], [ -93.463775863358606, 41.971359247856299 ], [ -93.463790927813903, 41.971279061796302 ], [ -93.463843678255202, 41.971198721595798 ], [ -93.464164820818596, 41.9708902543588 ], [ -93.464187334570397, 41.970805743367002 ], [ -93.464164533305805, 41.970764160476698 ], [ -93.464103527599306, 41.970737029515398 ], [ -93.464064627203896, 41.970737159885999 ], [ -93.463744689642297, 41.970878427027301 ], [ -93.4636762166095, 41.970889601654797 ], [ -93.463607209864193, 41.970881986660899 ], [ -93.463485493346695, 41.970752613555902 ], [ -93.463447014499195, 41.970741126862599 ], [ -93.463248367467997, 41.970722022843901 ], [ -93.463216994250615, 41.970726684036585 ], [ -93.463227737968978, 41.970040073719126 ], [ -93.463416435550101, 41.970043017054202 ], [ -93.463530723937097, 41.970008597924704 ], [ -93.463836494021393, 41.9696882049344 ], [ -93.463988821134905, 41.969710869684 ], [ -93.464156629198499, 41.969775867602301 ], [ -93.464385751484997, 41.969825972839601 ], [ -93.464523261560302, 41.969821518776499 ], [ -93.464584203529498, 41.9697833686309 ], [ -93.464645387687696, 41.969772050461899 ], [ -93.464652591817298, 41.9698750296862 ], [ -93.464553526027601, 41.969958931955098 ], [ -93.464523061732905, 41.970028084705199 ], [ -93.464530995896993, 41.9700774237849 ], [ -93.464569165765994, 41.970130933456197 ], [ -93.464728715360806, 41.970222595754699 ], [ -93.4649351831156, 41.970260630110403 ], [ -93.465132906331704, 41.9702716652303 ] ] ], [ [ [ -93.467711586762704, 41.9711261787632 ], [ -93.4674221324765, 41.971164320572903 ], [ -93.466788498878998, 41.971107180928897 ], [ -93.466659100201298, 41.971122527484802 ], [ -93.466544681981105, 41.971160523855602 ], [ -93.466415477522702, 41.971237576723802 ], [ -93.466331441012699, 41.971309255936298 ], [ -93.466338777347502, 41.971408660821098 ], [ -93.466461293864199, 41.971549672063297 ], [ -93.466521847889197, 41.971656380674702 ], [ -93.466499385212103, 41.971706017625699 ], [ -93.466377321795605, 41.971820768832998 ], [ -93.466315715037496, 41.971843704751301 ], [ -93.466117970865596, 41.971866652350002 ], [ -93.465904339448002, 41.971824902378998 ], [ -93.465636793838499, 41.971828594693697 ], [ -93.465080500175205, 41.9719849001889 ], [ -93.464957594044805, 41.971988747364797 ], [ -93.464759785749806, 41.971946411844499 ], [ -93.464637254926799, 41.971839379850501 ], [ -93.464500200107196, 41.971630118823199 ], [ -93.464728714482106, 41.971630133863101 ], [ -93.464790174961195, 41.971644754055703 ], [ -93.465217339520507, 41.971663869899402 ], [ -93.465392636632203, 41.971656579521103 ], [ -93.465560273647, 41.971625888250998 ], [ -93.465651469563298, 41.9715579269618 ], [ -93.465659309575997, 41.971408742215097 ], [ -93.465613996530394, 41.971317534429602 ], [ -93.465912134181707, 41.971106978169502 ], [ -93.466079754176704, 41.970909062593101 ], [ -93.466140826278405, 41.970733200903702 ], [ -93.466338842658303, 41.970534987261303 ], [ -93.466483674022896, 41.970462712336897 ], [ -93.466620650719605, 41.970439466473898 ], [ -93.466689657356397, 41.970447079854097 ], [ -93.466994998038999, 41.970607773040101 ], [ -93.467209047320907, 41.970637904259597 ], [ -93.467826446405695, 41.970539125515401 ], [ -93.467841135870401, 41.970569817755397 ], [ -93.467889120573489, 41.970601340976572 ], [ -93.467902602891286, 41.970876353442947 ], [ -93.468022375578713, 41.970875716823386 ], [ -93.467986688660403, 41.9709473589146 ], [ -93.467902362773799, 41.971027081591501 ], [ -93.467711586762704, 41.9711261787632 ] ] ], [ [ [ -93.659660225722902, 41.971554008052898 ], [ -93.659461606519599, 41.971641616688402 ], [ -93.659148744651006, 41.971728942800098 ], [ -93.658904875752, 41.971752242476398 ], [ -93.658684043646005, 41.971813515596203 ], [ -93.65864649758656, 41.971828838867722 ], [ -93.658643863524077, 41.971549941706463 ], [ -93.658706624561702, 41.971538512373101 ], [ -93.659462111033903, 41.971190950913197 ], [ -93.659659639827197, 41.971172175672997 ], [ -93.659759035468298, 41.971180236199899 ], [ -93.659813295926497, 41.971229506007198 ], [ -93.659835172609306, 41.9713747621783 ], [ -93.659805439437804, 41.971427875178698 ], [ -93.659660225722902, 41.971554008052898 ] ] ], [ [ [ -93.468643037468297, 41.971820486902899 ], [ -93.468826068476503, 41.971599619484103 ], [ -93.469001718462906, 41.971515426292903 ], [ -93.469169482973697, 41.971481155911398 ], [ -93.469314366121694, 41.971508139649004 ], [ -93.469284326453604, 41.9715656767385 ], [ -93.469176761333898, 41.971649416102103 ], [ -93.4691461566036, 41.9717561254364 ], [ -93.469184736699304, 41.971831997865102 ], [ -93.469284340377797, 41.971901017937697 ], [ -93.469513099769799, 41.971927856575803 ], [ -93.4697037993257, 41.971931593049803 ], [ -93.470222191218696, 41.9718818345006 ], [ -93.470229335405804, 41.971919532627403 ], [ -93.4702831717007, 41.971976924473303 ], [ -93.470397223102694, 41.972049803649099 ], [ -93.470523188631674, 41.972050064267101 ], [ -93.470453948365858, 41.972102309951239 ], [ -93.469796881748749, 41.972102328317305 ], [ -93.4697720055958, 41.972095681542299 ], [ -93.469529067024894, 41.972102335803157 ], [ -93.468086166079686, 41.972102376134558 ], [ -93.4681012479099, 41.9720799275198 ], [ -93.468231213577596, 41.972015407220901 ], [ -93.468436843115597, 41.971942533358401 ], [ -93.4685893838098, 41.971858781906498 ], [ -93.468643037468297, 41.971820486902899 ] ] ], [ [ [ -93.559790840826395, 42.035697852757004 ], [ -93.559829747948498, 42.035663710073898 ], [ -93.560042734540602, 42.035556839206599 ], [ -93.560150164205496, 42.035476592713401 ], [ -93.560271624561395, 42.035342953763099 ], [ -93.560295073008504, 42.035228927644901 ], [ -93.560042830610499, 42.034927263073001 ], [ -93.560003502324818, 42.034695692486324 ], [ -93.560376014940431, 42.03469589736882 ], [ -93.560431651419947, 42.034784250375857 ], [ -93.560427081636021, 42.03636596861098 ], [ -93.560325535337597, 42.036376873339897 ], [ -93.560219138309293, 42.0363578736048 ], [ -93.560081226128304, 42.036300718788702 ], [ -93.559875477474407, 42.036270006133897 ], [ -93.559921289168003, 42.035968601689298 ], [ -93.559875377949894, 42.035820177517202 ], [ -93.559790840826395, 42.035697852757004 ] ] ], [ [ [ -93.556121775763003, 42.036040799045303 ], [ -93.556182370074893, 42.036117064960202 ], [ -93.556251197397899, 42.036166657844497 ], [ -93.555672630642405, 42.036412436889634 ], [ -93.555673392067192, 42.03585140589324 ], [ -93.555946197651295, 42.035808541328599 ], [ -93.556090414847205, 42.035754928054402 ], [ -93.556121650008706, 42.035766250096003 ], [ -93.556152631196397, 42.035819598882298 ], [ -93.556121775763003, 42.036040799045303 ] ] ], [ [ [ -93.559966633380398, 42.039650353686199 ], [ -93.560418171147745, 42.03945011482525 ], [ -93.560415636850038, 42.040327299603291 ], [ -93.560341207160803, 42.040351394341002 ], [ -93.560157332057301, 42.0403210950467 ], [ -93.559936518522406, 42.040198880410799 ], [ -93.560058364042504, 42.040019639130101 ], [ -93.560089361193207, 42.0398637231552 ], [ -93.560080697766296, 42.039798276330899 ], [ -93.559966633380398, 42.039650353686199 ] ] ], [ [ [ -93.657935464593905, 42.108146446374597 ], [ -93.657790349078695, 42.108188536476099 ], [ -93.6576771044449, 42.108260716709196 ], [ -93.657554216644201, 42.108402480956499 ], [ -93.657547037868497, 42.1084712153406 ], [ -93.657576911766995, 42.108524522407897 ], [ -93.6576763866249, 42.1086086028549 ], [ -93.6577297323511, 42.108688270760297 ], [ -93.657707558586907, 42.108768360163303 ], [ -93.657562012139806, 42.108932072880997 ], [ -93.657477589874006, 42.109088843093801 ], [ -93.657492862470605, 42.109214327643699 ], [ -93.657455499736898, 42.109347802656302 ], [ -93.657310701720505, 42.109489170202203 ], [ -93.657073656617001, 42.109585044353402 ], [ -93.656989496331903, 42.109588886367099 ], [ -93.6569512931611, 42.109420952280303 ], [ -93.656928850585103, 42.108856215292803 ], [ -93.656974601191294, 42.108436702771499 ], [ -93.657088700552194, 42.108302828979298 ], [ -93.657264750508602, 42.108173654264199 ], [ -93.657271882808203, 42.1080700397371 ], [ -93.657241422458796, 42.107997940821903 ], [ -93.657447028033204, 42.1078952370152 ], [ -93.657699177962897, 42.107711990481299 ], [ -93.657729309997194, 42.1075399281073 ], [ -93.657615861881794, 42.107436813634898 ], [ -93.657523377942894, 42.107398471203098 ], [ -93.657402211429599, 42.107380179213102 ], [ -93.657058548647598, 42.107387371332898 ], [ -93.656753714731394, 42.107471284816398 ], [ -93.656486565490695, 42.107593442560997 ], [ -93.656334147830293, 42.107635398728199 ], [ -93.656303568554193, 42.107566874821501 ], [ -93.656386968430198, 42.107368053082503 ], [ -93.656447849164607, 42.107295819894297 ], [ -93.656616548998798, 42.107131633799703 ], [ -93.656757021348866, 42.107018489019431 ], [ -93.658143262410661, 42.107027765800623 ], [ -93.658294405906602, 42.107067213263903 ], [ -93.6585918660533, 42.107094061038303 ], [ -93.658744358622599, 42.107086088581298 ], [ -93.658813323762899, 42.107063189377499 ], [ -93.658965431586395, 42.107139277708299 ], [ -93.659091829267851, 42.107171047528333 ], [ -93.65909791525614, 42.107890333642523 ], [ -93.659099658511934, 42.108096563511729 ], [ -93.658866388173806, 42.108058656843397 ], [ -93.658675941565903, 42.1081088710608 ], [ -93.658530591357604, 42.108230554154296 ], [ -93.658424572622096, 42.1082688808103 ], [ -93.658348496370493, 42.108249617089697 ], [ -93.658218324240195, 42.108173030659799 ], [ -93.658096599088694, 42.108135053698199 ], [ -93.657935464593905, 42.108146446374597 ] ] ], [ [ [ -93.658942584072093, 42.109126985768 ], [ -93.658881819187499, 42.109123203232897 ], [ -93.658828314423999, 42.109157114437998 ], [ -93.658637364599798, 42.109367407005699 ], [ -93.658531104247501, 42.109412884204701 ], [ -93.658431481863005, 42.109405715208801 ], [ -93.658233119868299, 42.109328788944197 ], [ -93.658027279921598, 42.109329534865601 ], [ -93.657950499663599, 42.109367496125401 ], [ -93.657866532683897, 42.109329308070997 ], [ -93.657851490438404, 42.109305782845297 ], [ -93.657851799428997, 42.1091877351489 ], [ -93.657921002855403, 42.1090852441097 ], [ -93.658157016483301, 42.108874873981399 ], [ -93.658157590598506, 42.108676340332799 ], [ -93.658202618504006, 42.108604713615698 ], [ -93.658309340529797, 42.108509161940702 ], [ -93.658370931997197, 42.108524586160698 ], [ -93.658522729952793, 42.1086462809455 ], [ -93.658644696162099, 42.108677107133303 ], [ -93.658874048726901, 42.108665159275603 ], [ -93.659103303778764, 42.108527804244638 ], [ -93.659113734197945, 42.10976173904519 ], [ -93.659064593551307, 42.109737346634098 ], [ -93.658996250383595, 42.109669034324597 ], [ -93.658973042611606, 42.109562187562503 ], [ -93.659004269455906, 42.109393721729198 ], [ -93.659065581414097, 42.109272306093203 ], [ -93.6590650663601, 42.109215058833598 ], [ -93.659019128861999, 42.109168616185599 ], [ -93.658942584072093, 42.109126985768 ] ] ], [ [ [ -93.654418822683198, 42.109474337797799 ], [ -93.654347336054471, 42.109512422972912 ], [ -93.65434162530218, 42.109011308655262 ], [ -93.654357108698093, 42.109027835690704 ], [ -93.6543880777336, 42.109157182644999 ], [ -93.654457407395299, 42.109196001973302 ], [ -93.654678483047505, 42.109176756698702 ], [ -93.654731870457297, 42.109218864264001 ], [ -93.654700737400802, 42.109275537924901 ], [ -93.654418822683198, 42.109474337797799 ] ] ], [ [ [ -93.655728402840737, 42.110454675077797 ], [ -93.655739116034496, 42.110412286734501 ], [ -93.655951983468498, 42.110129953143499 ], [ -93.656119522581903, 42.110073067279799 ], [ -93.656227004957799, 42.110100056008903 ], [ -93.656363804459303, 42.110160666442901 ], [ -93.656624616288283, 42.110449169360962 ], [ -93.655728402840737, 42.110454675077797 ] ] ], [ [ [ -93.36748933464574, 41.893649141162079 ], [ -93.367453242906777, 41.893649743776976 ], [ -93.367452141534301, 41.893461927508945 ], [ -93.367450269229579, 41.893120395982933 ], [ -93.367499799777605, 41.893123728602703 ], [ -93.367599019947605, 41.8931650974801 ], [ -93.367515281632194, 41.893260855250197 ], [ -93.367469462396798, 41.893413720601401 ], [ -93.367461519661305, 41.893528014596797 ], [ -93.367485155089298, 41.893642058796203 ], [ -93.36748933464574, 41.893649141162079 ] ] ], [ [ [ -93.376373420924907, 41.893306283819598 ], [ -93.376426476061098, 41.893348495319302 ], [ -93.376442054471596, 41.893386367923902 ], [ -93.376425887326405, 41.893428960055999 ], [ -93.376365131332904, 41.893462597727897 ], [ -93.376250281454006, 41.893481722451 ], [ -93.376106071874304, 41.893474318545003 ], [ -93.375991221905394, 41.893493443037897 ], [ -93.375907949974504, 41.893512315557402 ], [ -93.375816091566406, 41.893565886619797 ], [ -93.375701389062201, 41.893645818514301 ], [ -93.375617225586794, 41.8937531971524 ], [ -93.375518288355707, 41.8939631066469 ], [ -93.375450023991505, 41.894035041203303 ], [ -93.375373595133397, 41.894065677045603 ], [ -93.375266727446601, 41.894066185404697 ], [ -93.375221159751007, 41.894050951326001 ], [ -93.375151957123506, 41.893986056090199 ], [ -93.375122048228405, 41.893909441698703 ], [ -93.375182483785196, 41.893787273598498 ], [ -93.375266614450894, 41.893680788744099 ], [ -93.375282407038299, 41.893615834454003 ], [ -93.375266983545401, 41.893509112508603 ], [ -93.375190803564706, 41.893436027692204 ], [ -93.375076322969605, 41.893283475178599 ], [ -93.375068896330106, 41.893222519429798 ], [ -93.375121468971599, 41.893051011264099 ], [ -93.375090917096898, 41.892959182700601 ], [ -93.375190832226593, 41.892917400530798 ], [ -93.375403887096198, 41.892902063111002 ], [ -93.375381451982705, 41.893111740281803 ], [ -93.375434653834503, 41.893214759808401 ], [ -93.375548344021993, 41.893291290103797 ], [ -93.375800237668599, 41.893341123475402 ], [ -93.375998868723002, 41.8933219149 ], [ -93.376144009124701, 41.893272109981503 ], [ -93.376228225914403, 41.893260410023103 ], [ -93.376373420924907, 41.893306283819598 ] ] ], [ [ [ -93.372038877640094, 41.894629981876498 ], [ -93.372138786608005, 41.894523820246299 ], [ -93.372207816230997, 41.8943669550697 ], [ -93.372199772310495, 41.894225509570497 ], [ -93.372168960496197, 41.894173019082302 ], [ -93.371977944053597, 41.893989396397203 ], [ -93.371901671378197, 41.893951180959903 ], [ -93.371695685746502, 41.893939831093597 ], [ -93.3714904050657, 41.893909717323197 ], [ -93.371031797958693, 41.893932563354397 ], [ -93.370941110320203, 41.8939548583486 ], [ -93.370543976045994, 41.893989685637102 ], [ -93.370291718749698, 41.893981861355599 ], [ -93.370147739583004, 41.893936005413202 ], [ -93.369964117748196, 41.893814229368203 ], [ -93.369926061843202, 41.893760696462301 ], [ -93.369918710973806, 41.893730144219703 ], [ -93.369941653717802, 41.893668912997398 ], [ -93.370010359986793, 41.893585365847599 ], [ -93.3701628097389, 41.8934704408721 ], [ -93.370276448012106, 41.893451296836197 ], [ -93.370482834918505, 41.893451926927398 ], [ -93.371108709175999, 41.893501343944003 ], [ -93.371421478595593, 41.893417404165 ], [ -93.371688969230206, 41.893439843614601 ], [ -93.371833883058699, 41.893428488889498 ], [ -93.371955236585094, 41.893397876132902 ], [ -93.372138354697995, 41.893306822519499 ], [ -93.372276218328594, 41.893256873671199 ], [ -93.372466894227998, 41.893223201499403 ], [ -93.372771799317206, 41.893283956559998 ], [ -93.372916723731606, 41.893336982273702 ], [ -93.373023556776104, 41.893337369364602 ], [ -93.373291265273394, 41.8932569784875 ], [ -93.373496264876806, 41.893229855748899 ], [ -93.373603097760906, 41.893230242359998 ], [ -93.373771074421001, 41.893283736403298 ], [ -93.373893496388902, 41.893386377352698 ], [ -93.373901034616694, 41.893509034334599 ], [ -93.373847971228898, 41.893596478631302 ], [ -93.373451060231204, 41.8939165649237 ], [ -93.373367329023694, 41.894012326572799 ], [ -93.373329154283596, 41.894252979880903 ], [ -93.3733519494738, 41.894324978983001 ], [ -93.373450912265099, 41.894405682319601 ], [ -93.373610773537806, 41.894481366052197 ], [ -93.373855183275197, 41.894504225247502 ], [ -93.373938758754207, 41.894477312488199 ], [ -93.374160445660706, 41.8944585759509 ], [ -93.374358583599005, 41.894484963317304 ], [ -93.374534050923302, 41.894565434441297 ], [ -93.374610679933994, 41.894691285924097 ], [ -93.374557180683198, 41.894790346198597 ], [ -93.374465526988701, 41.8948707462283 ], [ -93.374206184756304, 41.895019268344797 ], [ -93.373954182162905, 41.895133960239299 ], [ -93.373733467630402, 41.8953208236642 ], [ -93.373572589469504, 41.895595641229598 ], [ -93.373565796822604, 41.895679556681799 ], [ -93.373568130544129, 41.895688336835292 ], [ -93.372217084095567, 41.895685393255313 ], [ -93.372344105956401, 41.895393576594401 ], [ -93.372351627698094, 41.895225622323402 ], [ -93.372299205905904, 41.895134241568002 ], [ -93.372184437229095, 41.895054109517098 ], [ -93.372047259311898, 41.8949887220965 ], [ -93.371971181763698, 41.894912954742402 ], [ -93.371993057153901, 41.894718467312799 ], [ -93.372038877640094, 41.894629981876498 ] ] ], [ [ [ -93.368534926204291, 41.89567304685562 ], [ -93.368522503227297, 41.8956644174106 ], [ -93.368475974013805, 41.895481053593002 ], [ -93.368415840514103, 41.895401138301601 ], [ -93.3683397026726, 41.895359346680699 ], [ -93.368285373804795, 41.895351084919298 ], [ -93.368156665015903, 41.8953511418934 ], [ -93.367919943709893, 41.895382080156097 ], [ -93.367850823399493, 41.8954119666043 ], [ -93.367744595440499, 41.895427683059403 ], [ -93.367464327843209, 41.895533286631156 ], [ -93.367461634078396, 41.895063300291433 ], [ -93.367459148905013, 41.894644472989242 ], [ -93.368107890924875, 41.894652663422356 ], [ -93.368104709153982, 41.893945340921348 ], [ -93.368104688510201, 41.893944889132868 ], [ -93.368178964445207, 41.893951296687 ], [ -93.368339410142397, 41.893882140459603 ], [ -93.368415905617098, 41.893817530938598 ], [ -93.368484338012607, 41.893676750925501 ], [ -93.368552474773495, 41.893608394093398 ], [ -93.368698180301806, 41.893737446527503 ], [ -93.368781711489405, 41.893905469206899 ], [ -93.368743342166198, 41.894054016077298 ], [ -93.368576239492199, 41.894267895578203 ], [ -93.368560948125193, 41.894351637410999 ], [ -93.368522634733196, 41.894401824679001 ], [ -93.3685219997774, 41.894450992109903 ], [ -93.368575128888693, 41.894587992500703 ], [ -93.368689597446505, 41.894740551007501 ], [ -93.368834700779701, 41.8948856865224 ], [ -93.3688351821786, 41.894969750125099 ], [ -93.368789596270204, 41.895084170820603 ], [ -93.368773643866504, 41.895282355530902 ], [ -93.368811841429206, 41.895396696655602 ], [ -93.368911005797898, 41.895504233451497 ], [ -93.369056574009207, 41.895572477956101 ], [ -93.369216899695004, 41.8956034672551 ], [ -93.369323904150505, 41.895599389886399 ], [ -93.369483613463998, 41.895549889209803 ], [ -93.369773262101901, 41.895370697494798 ], [ -93.369918801731799, 41.895213604713497 ], [ -93.369948944936695, 41.895057736124699 ], [ -93.3698955523911, 41.894992266034102 ], [ -93.369758477499204, 41.894924195672402 ], [ -93.3696356303019, 41.894897547940602 ], [ -93.369445100658893, 41.894797984938499 ], [ -93.369315403115706, 41.894695191164402 ], [ -93.369285403395907, 41.894653446744996 ], [ -93.369239817364303, 41.894477256182299 ], [ -93.369255107946401, 41.894393514257104 ], [ -93.369338106178105, 41.894317412310301 ], [ -93.369444798439503, 41.894256994653198 ], [ -93.369559382724404, 41.894245023997698 ], [ -93.369742862466495, 41.894305992963901 ], [ -93.369850179586507, 41.894390446226403 ], [ -93.369979377759606, 41.894538832855403 ], [ -93.370132296056198, 41.894637628341201 ], [ -93.370452747171001, 41.894737155905297 ], [ -93.370627505512005, 41.894836395953398 ], [ -93.370704698593997, 41.894947060219202 ], [ -93.370711622497794, 41.895053609795802 ], [ -93.370658663692794, 41.895202754209897 ], [ -93.370567513116598, 41.895301939836301 ], [ -93.370543730917703, 41.895385508903999 ], [ -93.370551422474406, 41.895439317023701 ], [ -93.370680917235902, 41.895515279764602 ], [ -93.370781116373493, 41.895530734661797 ], [ -93.370863989192301, 41.895522587468101 ], [ -93.370948612455805, 41.8955001688648 ], [ -93.371230406749206, 41.895336015123803 ], [ -93.371383246906504, 41.895340023518997 ], [ -93.371482376696505, 41.895416260932699 ], [ -93.371566717228404, 41.895530647094702 ], [ -93.371606838769253, 41.895683447412551 ], [ -93.370957438327807, 41.895681259592294 ], [ -93.370229637342973, 41.8956787922206 ], [ -93.3702233619303, 41.895671378859397 ], [ -93.370116651166697, 41.895603033605802 ], [ -93.370002597923303, 41.895568517786003 ], [ -93.369941161081499, 41.895587831702898 ], [ -93.369879795525904, 41.895637549492399 ], [ -93.36985844018254, 41.895677533797787 ], [ -93.368534926204291, 41.89567304685562 ] ] ], [ [ [ -93.371917550129496, 41.960155174191797 ], [ -93.371894163882999, 41.960098360114301 ], [ -93.371795887601294, 41.9600292906484 ], [ -93.371559179197703, 41.960021789592801 ], [ -93.371261510567507, 41.959987113646903 ], [ -93.371162423884499, 41.959907296129998 ], [ -93.371100374346796, 41.959812136024702 ], [ -93.371191973121199, 41.959670920122001 ], [ -93.371307504295501, 41.959636607743597 ], [ -93.3714752257859, 41.959636445148099 ], [ -93.371734848501603, 41.9597132704301 ], [ -93.371909285512999, 41.959728446294399 ], [ -93.372054638997994, 41.959709048317798 ], [ -93.372154382609693, 41.9596744138695 ], [ -93.372467132277805, 41.9597281740025 ], [ -93.372665297477397, 41.9598234203647 ], [ -93.372657696946604, 41.9599609809583 ], [ -93.372711152593396, 41.9600908413694 ], [ -93.372825457750494, 41.960186169653397 ], [ -93.373016472583103, 41.960277692985898 ], [ -93.372916873951297, 41.960373140439998 ], [ -93.372879070322, 41.960441228954203 ], [ -93.372901427589596, 41.960590130235197 ], [ -93.373001367864504, 41.960711993800203 ], [ -93.373084127461198, 41.960773592639697 ], [ -93.373138104804596, 41.9607925758718 ], [ -93.373137990556572, 41.960872481600028 ], [ -93.372895951198785, 41.96098921039345 ], [ -93.372037751071701, 41.960991994259956 ], [ -93.371901783969705, 41.960930173009203 ], [ -93.371734313127106, 41.960826607614102 ], [ -93.3716502344855, 41.960735470585 ], [ -93.371604805935306, 41.960586099376897 ], [ -93.3716201081413, 41.960502350819297 ], [ -93.371886499693204, 41.9602699011485 ], [ -93.371917550129496, 41.960155174191797 ] ] ], [ [ [ -93.368346854565999, 41.961963965700001 ], [ -93.368270587232004, 41.9620205380794 ], [ -93.368216512724601, 41.9620364268686 ], [ -93.368034141608007, 41.962005881965403 ], [ -93.367881889644096, 41.961917823978098 ], [ -93.367720996113405, 41.9617687800977 ], [ -93.367613911525794, 41.961643189462002 ], [ -93.367515771897601, 41.961570542327699 ], [ -93.367637337170194, 41.961440670487903 ], [ -93.367743447735407, 41.961269347662203 ], [ -93.367767488033195, 41.961147324457599 ], [ -93.367751213627898, 41.9609985459754 ], [ -93.367697971522603, 41.960895515269698 ], [ -93.367622129806605, 41.960811697480402 ], [ -93.367393333049407, 41.960658586212503 ], [ -93.367537603756801, 41.960571207630899 ], [ -93.367828077857297, 41.960506483004302 ], [ -93.368170882148604, 41.9605367213154 ], [ -93.368270871154905, 41.9605602214545 ], [ -93.368484648714499, 41.960628070637199 ], [ -93.369117132027597, 41.9610022387944 ], [ -93.369735368838306, 41.961238398086401 ], [ -93.369872682858201, 41.961368179614702 ], [ -93.369934126977796, 41.961479424785601 ], [ -93.369918851710807, 41.961788526701802 ], [ -93.369986847509693, 41.961951772284799 ], [ -93.370108787566195, 41.9621348959638 ], [ -93.370146696219294, 41.962322567950501 ], [ -93.370125025594405, 41.962478621761299 ], [ -93.370093693755393, 41.962536110414902 ], [ -93.370025491332697, 41.962604473468097 ], [ -93.369941429492101, 41.962642108681102 ], [ -93.369773398201204, 41.962650311447902 ], [ -93.369605900815202, 41.962612023431298 ], [ -93.369461137949799, 41.962550947622397 ], [ -93.369384283552904, 41.9624939379081 ], [ -93.369285561481107, 41.962372096034599 ], [ -93.3692701319751, 41.962265364951897 ], [ -93.369331447766001, 41.962153937626802 ], [ -93.369643732896606, 41.961929580899699 ], [ -93.369682351458493, 41.961872240826999 ], [ -93.369704905174402, 41.9617573410193 ], [ -93.369682091756204, 41.961685335701198 ], [ -93.369522203629103, 41.961509486931703 ], [ -93.369353995160196, 41.961425576970903 ], [ -93.369186198287906, 41.961395330614302 ], [ -93.369063440074498, 41.961395512212903 ], [ -93.368819242633293, 41.961425412432497 ], [ -93.368674867267302, 41.961483279903298 ], [ -93.368575492892603, 41.961540275789901 ], [ -93.368498994263106, 41.961635296631798 ], [ -93.368346854565999, 41.961963965700001 ] ] ], [ [ [ -93.367820550849302, 41.962836765809598 ], [ -93.367859123431998, 41.962974373749397 ], [ -93.367927610492998, 41.963027636823803 ], [ -93.368041066243094, 41.963080922196603 ], [ -93.368224654625095, 41.963111491880298 ], [ -93.368835284577401, 41.963065809026801 ], [ -93.369056117917907, 41.963107867550903 ], [ -93.369154967513097, 41.963161748589997 ], [ -93.369216105568498, 41.963248843089701 ], [ -93.369224580864696, 41.963314296687997 ], [ -93.369185460530204, 41.963417233749503 ], [ -93.369064331891096, 41.963535490877398 ], [ -93.368873570879103, 41.9636308668629 ], [ -93.368537035866694, 41.963691972885698 ], [ -93.368438525867901, 41.963661349022999 ], [ -93.368003619125204, 41.963397621052401 ], [ -93.367805217816596, 41.963340815572998 ], [ -93.367598688839294, 41.963306200587297 ], [ -93.367298354820903, 41.963316512156148 ], [ -93.367288738253933, 41.962088608762151 ], [ -93.367538231474697, 41.962200558026097 ], [ -93.367675641113905, 41.962295467941203 ], [ -93.367804889658402, 41.962413462077997 ], [ -93.367858705046302, 41.9625013021802 ], [ -93.367820550849302, 41.962836765809598 ] ] ], [ [ [ -93.371875068080755, 41.964643779182104 ], [ -93.371863828660693, 41.964332051800497 ], [ -93.371879338014807, 41.9642751348416 ], [ -93.371940229984503, 41.964271902844096 ], [ -93.372146629597907, 41.964310085230302 ], [ -93.372580691028602, 41.9644351716492 ], [ -93.372908624849089, 41.964632789411709 ], [ -93.372907852363142, 41.964650802857015 ], [ -93.371875068080755, 41.964643779182104 ] ] ], [ [ [ -93.367330251367676, 41.964612871164171 ], [ -93.367308506353311, 41.964612723282457 ], [ -93.367308385238303, 41.964597258561305 ], [ -93.367330251367676, 41.964612871164171 ] ] ], [ [ [ -93.463676623854198, 41.972084319130602 ], [ -93.463994025628537, 41.972102490516448 ], [ -93.463843448745749, 41.972102494725313 ], [ -93.46319546574631, 41.972102499275699 ], [ -93.463198930544962, 41.971881100622006 ], [ -93.463203811628418, 41.971569159993358 ], [ -93.463218838060101, 41.971569185516302 ], [ -93.463271987297205, 41.971645346004699 ], [ -93.463295271806402, 41.971740593229299 ], [ -93.463279914811906, 41.9718288217381 ], [ -93.463310098102895, 41.971934935418403 ], [ -93.463355426209105, 41.971992163143398 ], [ -93.463439785228999, 41.972045686256003 ], [ -93.463676623854198, 41.972084319130602 ] ] ], [ [ [ -93.364489993306961, 42.034366628641664 ], [ -93.364471512565302, 42.034424034542099 ], [ -93.364334079356297, 42.034584001048302 ], [ -93.364142434256706, 42.034504074315798 ], [ -93.363700864690301, 42.034470026884598 ], [ -93.363364657474506, 42.034481055459203 ], [ -93.363273074189706, 42.034457723090803 ], [ -93.363306018746542, 42.034364416959733 ], [ -93.364489993306961, 42.034366628641664 ] ] ], [ [ [ -93.368873723805294, 42.035381230724497 ], [ -93.368713204893794, 42.0352822691044 ], [ -93.368537293315498, 42.0352366539949 ], [ -93.368431021234997, 42.0352479053198 ], [ -93.368209162144694, 42.035323878144801 ], [ -93.368086782499006, 42.035342850223302 ], [ -93.368011475576196, 42.035339528052397 ], [ -93.367828438435794, 42.035289295190303 ], [ -93.367759139609007, 42.035255687829903 ], [ -93.3676902418932, 42.035179160515099 ], [ -93.367675647082606, 42.035114471148397 ], [ -93.367735898869498, 42.034839348761103 ], [ -93.367866441186294, 42.034732898480001 ], [ -93.368003506007597, 42.034679346645902 ], [ -93.368094751061705, 42.034679416047297 ], [ -93.368148784156702, 42.034698403010204 ], [ -93.368293907704498, 42.034850711907303 ], [ -93.368354932158795, 42.034877890150497 ], [ -93.368545225632701, 42.034896968282098 ], [ -93.368682058170606, 42.034881867377202 ], [ -93.368789339699703, 42.034843806378603 ], [ -93.368903503934604, 42.034752225343603 ], [ -93.368942324250696, 42.034626020133103 ], [ -93.368926172317998, 42.034538046586398 ], [ -93.368850589526005, 42.0344774818929 ], [ -93.368781968022304, 42.034458198240102 ], [ -93.368560407768896, 42.034461736554498 ], [ -93.368461771288395, 42.0344963960165 ], [ -93.368202258186898, 42.034538511688403 ], [ -93.367964725153499, 42.034546195415302 ], [ -93.367873274966001, 42.034519291709799 ], [ -93.367553542865707, 42.0344805839554 ], [ -93.367446665443495, 42.034507920131801 ], [ -93.367332732524901, 42.034561048209902 ], [ -93.367179857486704, 42.034549885181903 ], [ -93.367064773119694, 42.034569004860302 ], [ -93.366813201507597, 42.034690875342498 ], [ -93.366591868374599, 42.034591566423401 ], [ -93.366264469263299, 42.034530340885503 ], [ -93.365928462057198, 42.034503818136997 ], [ -93.365760859647594, 42.034431538510397 ], [ -93.365752045323603, 42.034368986173426 ], [ -93.36939464510489, 42.034375790603505 ], [ -93.369391721705526, 42.035194045577938 ], [ -93.369232082801503, 42.035331287888802 ], [ -93.3691170688396, 42.035380818247503 ], [ -93.368949505868599, 42.035404237433902 ], [ -93.368873723805294, 42.035381230724497 ] ] ], [ [ [ -93.463371102717801, 42.035201780765902 ], [ -93.463264683718407, 42.035217578407803 ], [ -93.463088613264205, 42.0351747729989 ], [ -93.462967139502496, 42.035102632457601 ], [ -93.462913010845, 42.034851163028598 ], [ -93.462891805241426, 42.034834719726632 ], [ -93.462892429903164, 42.03461181267572 ], [ -93.463516198848836, 42.034611812769398 ], [ -93.463523255073198, 42.034663709003098 ], [ -93.463561459461204, 42.0347172230315 ], [ -93.463721397375494, 42.034835727583904 ], [ -93.463874642950202, 42.034904019257297 ], [ -93.463843777677695, 42.0349499177564 ], [ -93.463645476883798, 42.035083750358702 ], [ -93.463530952259404, 42.035121746914903 ], [ -93.463371102717801, 42.035201780765902 ] ] ], [ [ [ -93.366699378018396, 42.036064044473001 ], [ -93.366546230212606, 42.036060029874299 ], [ -93.3663931186707, 42.036087317606501 ], [ -93.366171868674598, 42.036243789814399 ], [ -93.366026850349996, 42.036120993497903 ], [ -93.365920133690395, 42.0360794678896 ], [ -93.365775291472303, 42.036048791545497 ], [ -93.365654085293798, 42.035972091284101 ], [ -93.365608123737005, 42.035964894145302 ], [ -93.365592449805604, 42.0358966051067 ], [ -93.365470323283802, 42.0356830524657 ], [ -93.365485175215795, 42.035579612200003 ], [ -93.365546557083903, 42.035403784811599 ], [ -93.365630464109401, 42.035243620255997 ], [ -93.365814395942806, 42.035076550944503 ], [ -93.366027003042007, 42.034987872972899 ], [ -93.3661958828053, 42.0349618014138 ], [ -93.366408665226402, 42.034965242938398 ], [ -93.366561173010396, 42.035018433139903 ], [ -93.366523400611996, 42.035213522964398 ], [ -93.366295069098001, 42.0354610731153 ], [ -93.366256243535304, 42.0355872776558 ], [ -93.366263887287502, 42.035739470532498 ], [ -93.366333222094198, 42.035804381215499 ], [ -93.366378880324703, 42.035819620940401 ], [ -93.366470126866602, 42.035819691488399 ], [ -93.3666226596483, 42.035743203413801 ], [ -93.366699008808297, 42.035686627114202 ], [ -93.366760224675204, 42.0355796596576 ], [ -93.366798471058701, 42.035404254727602 ], [ -93.366904215991894, 42.035148840426103 ], [ -93.367149435247597, 42.034969602826699 ], [ -93.367301257997298, 42.034911880651201 ], [ -93.367362655663896, 42.034961425347298 ], [ -93.3674004833575, 42.035023010623902 ], [ -93.367423501912597, 42.035251534933202 ], [ -93.367263865876495, 42.035548780046497 ], [ -93.367118909579304, 42.035747052841998 ], [ -93.366996613229603, 42.035957413523001 ], [ -93.366943037076794, 42.036152181729499 ], [ -93.366699378018396, 42.036064044473001 ] ] ], [ [ [ -93.364295947878503, 42.036529299447999 ], [ -93.364151116036396, 42.036723994547003 ], [ -93.3641045177649, 42.036830364781999 ], [ -93.3641044870201, 42.036895650816597 ], [ -93.364134886540597, 42.037025055426 ], [ -93.364211415462407, 42.037124993255397 ], [ -93.364096836446294, 42.037227294209004 ], [ -93.364044329134103, 42.037361268478001 ], [ -93.364059563391507, 42.037441175280499 ], [ -93.364028904188501, 42.037544293291603 ], [ -93.363967274784997, 42.037597591070401 ], [ -93.363899362732894, 42.037623930530501 ], [ -93.363738077770705, 42.037738693767402 ], [ -93.363685437044396, 42.0379406350404 ], [ -93.363616374998699, 42.037932966029501 ], [ -93.363494290749799, 42.037879498495599 ], [ -93.363349007254797, 42.037860436829 ], [ -93.3632585351817, 42.037872006339697 ], [ -93.363182147105405, 42.037929474405097 ], [ -93.3631280443348, 42.0378800763634 ], [ -93.363074750448703, 42.037777034456603 ], [ -93.363097359920502, 42.0372426811238 ], [ -93.363021168901497, 42.037101609918999 ], [ -93.3629451150817, 42.037021356488196 ], [ -93.362860720899505, 42.036968657333802 ], [ -93.362785106106401, 42.036876786375799 ], [ -93.362708442812007, 42.036716029953702 ], [ -93.362708372772204, 42.036621228697697 ], [ -93.362754908148204, 42.036613234833801 ], [ -93.362884617757004, 42.036529130590601 ], [ -93.362952392230497, 42.036441973940001 ], [ -93.363014423333198, 42.036281364411899 ], [ -93.363227540489504, 42.036082697689501 ], [ -93.363539739625594, 42.035934346006002 ], [ -93.363959623473704, 42.035640624335997 ], [ -93.364264963229502, 42.035480504781802 ], [ -93.364531842248397, 42.035404562266599 ], [ -93.364731048977305, 42.035380899628599 ], [ -93.364882844602505, 42.0353884661831 ], [ -93.365004552768099, 42.0354195662457 ], [ -93.365096240988606, 42.035472412606602 ], [ -93.365172769584802, 42.035572349682802 ], [ -93.365203101080894, 42.035671344988302 ], [ -93.365042834265594, 42.035759300113703 ], [ -93.364928393579206, 42.035858027041797 ], [ -93.364738387866296, 42.036185952129003 ], [ -93.364653900902098, 42.036296915983797 ], [ -93.364593519094001, 42.036284952777599 ], [ -93.364463508477797, 42.036377101556802 ], [ -93.364295947878503, 42.036529299447999 ] ] ], [ [ [ -93.463050573233105, 42.037796149377698 ], [ -93.462943184235996, 42.038005993899603 ], [ -93.462989772289006, 42.038364633887397 ], [ -93.462944092722793, 42.038650812172698 ], [ -93.462885232918538, 42.038774666766514 ], [ -93.462884455362342, 42.038427572872962 ], [ -93.462883830221699, 42.037680560975282 ], [ -93.462888248405605, 42.036103956723295 ], [ -93.462967143944397, 42.036006781082101 ], [ -93.462981781833705, 42.035670807308897 ], [ -93.462997604478105, 42.035637134055101 ], [ -93.463172938676607, 42.035499274296903 ], [ -93.463378063953698, 42.0354120804096 ], [ -93.463561140282593, 42.035395998389703 ], [ -93.463638299077601, 42.035415398746302 ], [ -93.463829216640406, 42.035518413555103 ], [ -93.463943674510006, 42.0355492773311 ], [ -93.464171621345201, 42.035503668269598 ], [ -93.464248278519193, 42.035503383581002 ], [ -93.4643855762545, 42.035541849533097 ], [ -93.464492300993797, 42.035618170962699 ], [ -93.464515658052605, 42.035678547975003 ], [ -93.464508313965794, 42.035713282033498 ], [ -93.464438494992507, 42.035793294702003 ], [ -93.464203073338794, 42.0358772129957 ], [ -93.463973505065596, 42.035900432561697 ], [ -93.463844295263897, 42.035873750910099 ], [ -93.463706540244601, 42.035914869104701 ], [ -93.463508608325299, 42.036071961046801 ], [ -93.463439029870898, 42.036178807308403 ], [ -93.463393403696799, 42.036430107827101 ], [ -93.463447665139597, 42.036678002825298 ], [ -93.463416515788595, 42.036899180982999 ], [ -93.463447713155702, 42.037078655722397 ], [ -93.463500782656396, 42.037158396683097 ], [ -93.463607346617096, 42.037239187368797 ], [ -93.4637148046166, 42.0372618651827 ], [ -93.463843904567995, 42.037258138170401 ], [ -93.463843837224999, 42.037326998929998 ], [ -93.463760220352398, 42.037418366766197 ], [ -93.463653358600993, 42.037479766107403 ], [ -93.463363187490103, 42.037563503137797 ], [ -93.463264074342504, 42.037612533859601 ], [ -93.463149495119694, 42.037685407425002 ], [ -93.463050573233105, 42.037796149377698 ] ] ], [ [ [ -93.367469302396202, 42.037845149659603 ], [ -93.367530858903294, 42.037761441272202 ], [ -93.367553342687103, 42.037681408784998 ], [ -93.367530739418299, 42.037570944889502 ], [ -93.367378458134894, 42.037479303893498 ], [ -93.367118658009204, 42.0374641743186 ], [ -93.366943185588099, 42.037471331883097 ], [ -93.366737187281402, 42.037513640824798 ], [ -93.366561686248403, 42.037586083960697 ], [ -93.366469864513206, 42.037601205550402 ], [ -93.366439600351299, 42.037532619230099 ], [ -93.366416928934399, 42.037391746248502 ], [ -93.366264105300999, 42.0372500099596 ], [ -93.366233035118299, 42.0372350674469 ], [ -93.366035003270994, 42.037227454670401 ], [ -93.365936087312804, 42.037204869112998 ], [ -93.366111202795594, 42.036949079822001 ], [ -93.366211124587593, 42.0368804633313 ], [ -93.366310035158094, 42.036838656284203 ], [ -93.366501004786599, 42.036807668267599 ], [ -93.366645205998793, 42.036823126996801 ], [ -93.366874045656502, 42.036949418980697 ], [ -93.367118682169803, 42.0369794439261 ], [ -93.367332545813497, 42.036922090915198 ], [ -93.367461941230005, 42.036781632525198 ], [ -93.367606791920807, 42.036876699389602 ], [ -93.367744624351602, 42.037028860735603 ], [ -93.367851077315095, 42.0371097302951 ], [ -93.367912271973097, 42.037132440563902 ], [ -93.367950128477801, 42.037128739779703 ], [ -93.368018206916801, 42.037097929951102 ], [ -93.368110189368295, 42.037013946616 ], [ -93.368187074169001, 42.036910874739704 ], [ -93.368269993530006, 42.036712231686202 ], [ -93.368338842499398, 42.036628671550297 ], [ -93.368499222247806, 42.036666816025203 ], [ -93.368713057363195, 42.036674746770501 ], [ -93.368850035378799, 42.036720463423201 ], [ -93.368972192770499, 42.036804334713203 ], [ -93.369025861180802, 42.036865347712499 ], [ -93.369018611671905, 42.036960894162299 ], [ -93.368918423181796, 42.037036662040698 ], [ -93.368881344837604, 42.037052005324703 ], [ -93.368469315618199, 42.0371053264656 ], [ -93.368224459303306, 42.037242540648897 ], [ -93.368141121640093, 42.037323122768697 ], [ -93.368102055960804, 42.037391191276498 ], [ -93.368132597813698, 42.037517020415002 ], [ -93.3681795103562, 42.037563586856898 ], [ -93.368354925885797, 42.0376548035794 ], [ -93.368346318025601, 42.037689507485702 ], [ -93.368117772783407, 42.037845834801502 ], [ -93.367934405223394, 42.037933323383101 ], [ -93.367705377235595, 42.038005572433697 ], [ -93.367491878077104, 42.0380208997246 ], [ -93.367301068084302, 42.0379830285164 ], [ -93.367469302396202, 42.037845149659603 ] ] ], [ [ [ -93.460464224763498, 42.107318734428702 ], [ -93.460296148614503, 42.107319012635202 ], [ -93.460189169442202, 42.107280242571299 ], [ -93.459823295046903, 42.107227445534903 ], [ -93.4594649768772, 42.107234719893697 ], [ -93.459289488439694, 42.107204442008602 ], [ -93.459164010163377, 42.107130082824625 ], [ -93.461428802292033, 42.107092164981978 ], [ -93.461437082950127, 42.10740378547581 ], [ -93.461425715475997, 42.1074028947328 ], [ -93.461295672671994, 42.107428963407003 ], [ -93.461219870729096, 42.107303155910103 ], [ -93.4611350572237, 42.107257666498903 ], [ -93.461058874086305, 42.107242755610997 ], [ -93.460860926055304, 42.1072272437073 ], [ -93.460586705453096, 42.1072996732684 ], [ -93.460464224763498, 42.107318734428702 ] ] ], [ [ [ -93.462426482514118, 42.108364083355589 ], [ -93.462737665475359, 42.108365056722413 ], [ -93.462746914618762, 42.109110465764736 ], [ -93.462592491462402, 42.109008852757398 ], [ -93.462325351998501, 42.108886448103704 ], [ -93.462127909039197, 42.108756466198599 ], [ -93.4620431115153, 42.108676990848402 ], [ -93.462013145242096, 42.108596802310203 ], [ -93.462127307731706, 42.108505130885703 ], [ -93.462402687306096, 42.1083674301969 ], [ -93.462426482514118, 42.108364083355589 ] ] ], [ [ [ -93.462470764548996, 42.110011760370497 ], [ -93.462531158188099, 42.110092545685703 ], [ -93.462501421476702, 42.110240431422199 ], [ -93.462470651999894, 42.110282758727401 ], [ -93.462386964086306, 42.110340147155497 ], [ -93.462172563572196, 42.110408387493102 ], [ -93.461005249229601, 42.110557208120802 ], [ -93.460860451991195, 42.110553472086501 ], [ -93.460426242152494, 42.110503807714103 ], [ -93.460029773839096, 42.110320723995798 ], [ -93.459891908390603, 42.1102938687578 ], [ -93.459724619105501, 42.110305788910303 ], [ -93.459617271215606, 42.110343928805698 ], [ -93.459494804223397, 42.110496253959099 ], [ -93.459495175159205, 42.110519515446299 ], [ -93.459563876945097, 42.110572739226299 ], [ -93.459648159761997, 42.110599437128599 ], [ -93.459899752078897, 42.110580228277499 ], [ -93.460127804477594, 42.110672355875899 ], [ -93.460189204539006, 42.110725435979901 ], [ -93.460235616969896, 42.110889126528903 ], [ -93.460235676130395, 42.110954418357601 ], [ -93.460166532585603, 42.111114051744899 ], [ -93.460029317251696, 42.1112365730554 ], [ -93.459884610026805, 42.111297234027802 ], [ -93.459640851235505, 42.1113353789858 ], [ -93.459532948485403, 42.111388712683798 ], [ -93.459426080305406, 42.111480525533999 ], [ -93.459396303877796, 42.1116293045608 ], [ -93.459441335250304, 42.111797440449003 ], [ -93.459540757948702, 42.112010469665101 ], [ -93.459556618985999, 42.112110058847797 ], [ -93.459518635427798, 42.1122166403348 ], [ -93.459411232318899, 42.112289660504103 ], [ -93.459274137508302, 42.112308433863802 ], [ -93.458764715658361, 42.112301022342201 ], [ -93.45881018625343, 42.11042606786296 ], [ -93.458838612671897, 42.110221310259099 ], [ -93.458884802687393, 42.1101569268465 ], [ -93.459014552880205, 42.110038732257898 ], [ -93.459373361322704, 42.109817708815903 ], [ -93.459433966502203, 42.109691895306398 ], [ -93.459503474636506, 42.109622603274403 ], [ -93.459778024936, 42.109775568722803 ], [ -93.4599450007467, 42.109805678782301 ], [ -93.460105617950504, 42.109809726440503 ], [ -93.460228103109799, 42.109790665562002 ], [ -93.460395540341096, 42.109741183257199 ], [ -93.460632210622094, 42.109596465383603 ], [ -93.460677748020103, 42.109549956433099 ], [ -93.460990372997102, 42.109660735767299 ], [ -93.461226994389193, 42.109718148265003 ], [ -93.461417517238303, 42.109737091387302 ], [ -93.461731161718404, 42.109920334609001 ], [ -93.461944549047203, 42.109946880651499 ], [ -93.462340641833705, 42.109939445669802 ], [ -93.462470764548996, 42.110011760370497 ] ] ], [ [ [ -93.462028436442907, 42.111892935025999 ], [ -93.461974629040199, 42.111831955169997 ], [ -93.462470631219801, 42.111522385800299 ], [ -93.462524041776305, 42.111426838906901 ], [ -93.462524681178195, 42.1113087916222 ], [ -93.462630811893305, 42.111270625401701 ], [ -93.462773644655812, 42.111264698913502 ], [ -93.462784171038933, 42.112113043545442 ], [ -93.462691991295301, 42.112167112562801 ], [ -93.462585566711795, 42.112213322679501 ], [ -93.462432650779604, 42.112231789082699 ], [ -93.462310472718798, 42.112208821700598 ], [ -93.462211177552902, 42.112159471237703 ], [ -93.462143024854299, 42.112091054911701 ], [ -93.462028436442907, 42.111892935025999 ] ] ], [ [ [ -93.459746439703295, 42.112750594740497 ], [ -93.459762684597706, 42.112572034742399 ], [ -93.459831329294303, 42.112392714770799 ], [ -93.460250854963306, 42.111808861827299 ], [ -93.460479667232704, 42.111411770559201 ], [ -93.460578144549302, 42.111316214612103 ], [ -93.460723959821195, 42.1113924167527 ], [ -93.460807287213498, 42.1114119400021 ], [ -93.461043873302401, 42.111370074522497 ], [ -93.461273045317498, 42.111297653780802 ], [ -93.461371562942801, 42.111301375656801 ], [ -93.461440448155898, 42.111316143154497 ], [ -93.461493720498197, 42.111358330462998 ], [ -93.461517490524102, 42.111407988447503 ], [ -93.4614785347988, 42.111541383069898 ], [ -93.461234988835201, 42.111774512950902 ], [ -93.460707869203404, 42.112102249375802 ], [ -93.4604331355917, 42.112255164815899 ], [ -93.460205216545603, 42.112426886595799 ], [ -93.460105793601898, 42.1125483613054 ], [ -93.460075243349394, 42.112651511343998 ], [ -93.460097984891107, 42.112762862722803 ], [ -93.460204562760694, 42.112846344817399 ], [ -93.460295779935606, 42.112849924169403 ], [ -93.460464552572105, 42.1128308770815 ], [ -93.460722991781907, 42.112724150145603 ], [ -93.460830323797495, 42.1127199958419 ], [ -93.4608233411588, 42.1127779944511 ], [ -93.460692575074404, 42.112990977195302 ], [ -93.4603273645386, 42.113354088562602 ], [ -93.460281707623096, 42.113437265523402 ], [ -93.460181345797196, 42.113517579840597 ], [ -93.459938093053907, 42.113441252910199 ], [ -93.459807836406796, 42.113372510388103 ], [ -93.459785655080694, 42.113346137432899 ], [ -93.459739697337, 42.113002681739999 ], [ -93.459693082985297, 42.112911432625303 ], [ -93.459693265178601, 42.112872977218302 ], [ -93.459746439703295, 42.112750594740497 ] ] ], [ [ [ -93.460777154201494, 42.113411214015997 ], [ -93.460861288887799, 42.113308220931202 ], [ -93.460991152839696, 42.113220435521598 ], [ -93.461058971680302, 42.113197617705197 ], [ -93.461181202343695, 42.113185705899902 ], [ -93.461326506704694, 42.113209128118001 ], [ -93.461402143574205, 42.113239232822899 ], [ -93.461547522446594, 42.113361039699498 ], [ -93.461708231999197, 42.113563642746797 ], [ -93.461829841040895, 42.113635791267399 ], [ -93.461936881773497, 42.113639679857997 ], [ -93.462012718645795, 42.113597342119199 ], [ -93.462089498252595, 42.113529085374701 ], [ -93.462150877941795, 42.1134488993929 ], [ -93.462280344028798, 42.113204585815197 ], [ -93.462416844129507, 42.113101724478298 ], [ -93.462493976623406, 42.113090715719899 ], [ -93.462532273766996, 42.113109354697201 ], [ -93.462622819649496, 42.113231873710802 ], [ -93.462646132470795, 42.113361123735103 ], [ -93.462646511847097, 42.113853048433299 ], [ -93.462676213950999, 42.114074546576802 ], [ -93.462745698243197, 42.114173398301297 ], [ -93.46281031915224, 42.114220378165321 ], [ -93.462810397704928, 42.114226708901477 ], [ -93.462286957803428, 42.114232313593334 ], [ -93.461411746128846, 42.114236338286396 ], [ -93.461440113859396, 42.114204136106999 ], [ -93.461448299358807, 42.114113068323697 ], [ -93.461410605966506, 42.114044354687501 ], [ -93.461265388519493, 42.113918078768101 ], [ -93.460907344670403, 42.113716074643499 ], [ -93.460830541844999, 42.113651065330203 ], [ -93.460761242392394, 42.113513757201801 ], [ -93.460777154201494, 42.113411214015997 ] ] ], [ [ [ -93.451552852043406, 42.1740493486205 ], [ -93.451584127959904, 42.173927422592001 ], [ -93.45158945519097, 42.173919903800467 ], [ -93.452286823163604, 42.17391453353337 ], [ -93.452247512032102, 42.173987883475597 ], [ -93.452003320649695, 42.174331919588603 ], [ -93.451934571559207, 42.174545238216702 ], [ -93.451880729406597, 42.174617524794002 ], [ -93.451797188973202, 42.174568474196299 ], [ -93.451720514366301, 42.1744649963263 ], [ -93.4515530103549, 42.174145059399301 ], [ -93.451552852043406, 42.1740493486205 ] ] ], [ [ [ -93.4506070082696, 42.174812492078701 ], [ -93.450577159753806, 42.174861994462297 ], [ -93.450539374203217, 42.174852642629503 ], [ -93.450538365600096, 42.174709501750556 ], [ -93.450576340291605, 42.174751064646898 ], [ -93.4506070082696, 42.174812492078701 ] ] ], [ [ [ -93.460906988250898, 42.1747393758627 ], [ -93.460715845677001, 42.1747660393969 ], [ -93.460341976276396, 42.174789118956703 ], [ -93.460112966100098, 42.174884807006002 ], [ -93.460051771186301, 42.174991836682103 ], [ -93.460082167779206, 42.175094401700498 ], [ -93.460151969720201, 42.175186111619396 ], [ -93.460158654111495, 42.175270322272503 ], [ -93.460105725721405, 42.1753846698793 ], [ -93.459968435737196, 42.175472317718203 ], [ -93.459800436862395, 42.175666698663598 ], [ -93.459739624926797, 42.175662822311402 ], [ -93.459609675673804, 42.175582454622599 ], [ -93.459387985033899, 42.1753768508691 ], [ -93.459282270141202, 42.175300536198201 ], [ -93.459121391593399, 42.1752660732636 ], [ -93.458968857744395, 42.175270235812803 ], [ -93.458899629335505, 42.1752966056617 ], [ -93.458747759683703, 42.175315986868803 ], [ -93.458778339356101, 42.175212829218502 ], [ -93.458854024286694, 42.1751096622856 ], [ -93.459136646148295, 42.174613414484298 ], [ -93.459228667634207, 42.174530246172502 ], [ -93.459395648846197, 42.1744306593204 ], [ -93.459892355823996, 42.174248094571603 ], [ -93.460227813919005, 42.174175067569898 ], [ -93.460342698991298, 42.174133492244202 ], [ -93.460517710779797, 42.174114563116397 ], [ -93.460647468511993, 42.174133208152703 ], [ -93.460830546261406, 42.174194043889997 ], [ -93.460967803348296, 42.174274553533401 ], [ -93.461067408845807, 42.1743847364936 ], [ -93.461089618713999, 42.174511291131999 ], [ -93.461066332985496, 42.174648581750098 ], [ -93.461005874785997, 42.174701958510397 ], [ -93.460906988250898, 42.1747393758627 ] ] ], [ [ [ -93.363151885649302, 42.177241924365802 ], [ -93.363126005929843, 42.177255888649981 ], [ -93.362669007430554, 42.177256417779951 ], [ -93.362540455930102, 42.177162385401402 ], [ -93.362411122548394, 42.177036311396499 ], [ -93.362312618170805, 42.176997630811897 ], [ -93.362143730545895, 42.176982562109401 ], [ -93.362021879077005, 42.177013175937503 ], [ -93.361960699872199, 42.177051287151599 ], [ -93.361884394546607, 42.177070305873997 ], [ -93.361793705622304, 42.176921761795597 ], [ -93.361701495229099, 42.176845640382098 ], [ -93.361663087834998, 42.1767652482093 ], [ -93.361632968842997, 42.176498076498397 ], [ -93.361724398696595, 42.176433747123902 ], [ -93.361861307072303, 42.176391812012 ], [ -93.362090901684894, 42.176574492921098 ], [ -93.362136515885496, 42.1765933119487 ], [ -93.362197458459093, 42.176593658926102 ], [ -93.362304183063202, 42.1765439525456 ], [ -93.362388539346597, 42.176441015565203 ], [ -93.362495059925706, 42.176364470202202 ], [ -93.362724380447006, 42.176361090537398 ], [ -93.362792428078293, 42.176334747263198 ], [ -93.362853539492093, 42.1763306249279 ], [ -93.362929775167999, 42.176281191617903 ], [ -93.362975252211697, 42.1762391822772 ], [ -93.363006617349996, 42.176151266591198 ], [ -93.363082541273002, 42.175884466041602 ], [ -93.363089813361896, 42.175788903831403 ], [ -93.363067680551893, 42.175697215266602 ], [ -93.362868438744002, 42.175517837913802 ], [ -93.362869080247293, 42.175468654113097 ], [ -93.363105976175802, 42.175426070629499 ], [ -93.363212529307603, 42.175380832571399 ], [ -93.363295802159499, 42.175338698336098 ], [ -93.363471650918598, 42.175201844348102 ], [ -93.363670136793303, 42.175078868366697 ], [ -93.363777197374404, 42.1750524244557 ], [ -93.363883243911403, 42.175052794445499 ], [ -93.363937519836199, 42.175068211200198 ], [ -93.364044381921303, 42.1751437346296 ], [ -93.364082586904999, 42.175197287141799 ], [ -93.364173181657407, 42.175445115499798 ], [ -93.364173524190804, 42.175532782308103 ], [ -93.364135056133705, 42.175647388234502 ], [ -93.364028372384197, 42.175792807108898 ], [ -93.363838144601701, 42.175987510995597 ], [ -93.363799336384702, 42.176078853267001 ], [ -93.363837444408404, 42.1762316922092 ], [ -93.363898693666897, 42.176288397445603 ], [ -93.364051820190795, 42.176494563711699 ], [ -93.364066306045103, 42.176562839779898 ], [ -93.364066627951601, 42.176941215410999 ], [ -93.363930024015502, 42.176975108666497 ], [ -93.363792170664595, 42.177074274111497 ], [ -93.36374966545317, 42.177255166553635 ], [ -93.363618819648948, 42.177255318051806 ], [ -93.363532330565107, 42.177207629885999 ], [ -93.363341650048298, 42.177188541082799 ], [ -93.363151885649302, 42.177241924365802 ] ] ], [ [ [ -93.452842889400401, 42.180080183780198 ], [ -93.452674608604298, 42.179981165319198 ], [ -93.452552576353, 42.179951036192499 ], [ -93.452461141124999, 42.179951026398598 ], [ -93.452254381797403, 42.180004204854001 ], [ -93.4521867332829, 42.1800538587296 ], [ -93.4521334193375, 42.180144940260099 ], [ -93.452178663961405, 42.180274634231601 ], [ -93.452247428896598, 42.18032786645 ], [ -93.452430352250502, 42.180393183668798 ], [ -93.452659478636207, 42.180595369081502 ], [ -93.452781038412894, 42.180805277518502 ], [ -93.452857489751594, 42.181015193112003 ], [ -93.45284698472129, 42.181090278326849 ], [ -93.45099712416399, 42.181096607328776 ], [ -93.451034162330203, 42.181033879574997 ], [ -93.451263463023395, 42.180797779866303 ], [ -93.451926728721304, 42.179862693091799 ], [ -93.452002797641399, 42.179782793053697 ], [ -93.452072004758094, 42.179657139992102 ], [ -93.452300876719505, 42.1793324780622 ], [ -93.4525826283691, 42.178795078015298 ], [ -93.452712696831995, 42.178505145321601 ], [ -93.4529028921486, 42.178237862549601 ], [ -93.452956389710195, 42.178108322442903 ], [ -93.452987899598497, 42.177779777976099 ], [ -93.452964266436595, 42.177692549753701 ], [ -93.452919237685705, 42.177623684514799 ], [ -93.452842241274595, 42.177562240665203 ], [ -93.452835379355093, 42.1775164878403 ], [ -93.452964501110301, 42.177485932342201 ], [ -93.453170619266999, 42.177516820408698 ], [ -93.453383763147599, 42.177588991819299 ], [ -93.453520887714603, 42.177673084994701 ], [ -93.453604877887201, 42.1777767059436 ], [ -93.453644087662994, 42.177871396083297 ], [ -93.453727023268797, 42.177970523893798 ], [ -93.453887719824607, 42.178043452115297 ], [ -93.453956136716599, 42.178039430506203 ], [ -93.454047646593096, 42.177970566738097 ], [ -93.454094192940303, 42.177730870070299 ], [ -93.454032554527203, 42.177616060842098 ], [ -93.453887925943505, 42.177437007145201 ], [ -93.4538642694272, 42.177383768437402 ], [ -93.453681854574697, 42.177237961316202 ], [ -93.453491457918901, 42.177043695769797 ], [ -93.453253805918493, 42.176708069326203 ], [ -93.453216641888503, 42.176624153014501 ], [ -93.4531856696576, 42.176437494845402 ], [ -93.453108853195104, 42.176204317256797 ], [ -93.453002480889296, 42.176112778419203 ], [ -93.452881141093897, 42.176063879450297 ], [ -93.452773342054698, 42.1760447641078 ], [ -93.452605740194599, 42.176094240570897 ], [ -93.4525073467845, 42.176151339658503 ], [ -93.452460761251402, 42.176158473359102 ], [ -93.452414646448403, 42.176086008815297 ], [ -93.452430555948496, 42.175884172498698 ], [ -93.452536720402705, 42.175380888060097 ], [ -93.452598244109197, 42.175231828255797 ], [ -93.452682726756095, 42.175121682101803 ], [ -93.452765814560905, 42.175083065665198 ], [ -93.4528648464116, 42.175075174616701 ], [ -93.452911669632201, 42.175094879417401 ], [ -93.453032766328107, 42.175217119677498 ], [ -93.453154857496699, 42.175579096079602 ], [ -93.453208397136294, 42.175815393530002 ], [ -93.453277397055999, 42.175895463570697 ], [ -93.453567267948102, 42.176136408724403 ], [ -93.453597547378493, 42.176208561440198 ], [ -93.453643424753494, 42.176254186898802 ], [ -93.453795845507102, 42.1766203373354 ], [ -93.453864561644494, 42.176841727244003 ], [ -93.454155219276203, 42.177261580093798 ], [ -93.454276485121099, 42.177379350392101 ], [ -93.454353144619603, 42.177516816441198 ], [ -93.454414305393399, 42.177577948066499 ], [ -93.454551364398995, 42.177864188479099 ], [ -93.454581862708395, 42.177997169187798 ], [ -93.454612829377496, 42.178050551482002 ], [ -93.454619430763302, 42.178203635240401 ], [ -93.454574712905597, 42.178493458370298 ], [ -93.454398628608203, 42.179008788800203 ], [ -93.454383983546705, 42.179443212894498 ], [ -93.454337710832405, 42.179508493999002 ], [ -93.454124060009704, 42.179416635828296 ], [ -93.453887577358401, 42.179382468902602 ], [ -93.453803899211493, 42.179336994619703 ], [ -93.453705047083801, 42.179306427895099 ], [ -93.453192968448604, 42.179240900702901 ], [ -93.453147968358607, 42.1792713221041 ], [ -93.453101825229595, 42.179333027444102 ], [ -93.453124933806393, 42.179534737609004 ], [ -93.4533228065673, 42.179824859493401 ], [ -93.453353378759402, 42.1799891487534 ], [ -93.453467738020905, 42.180229326759701 ], [ -93.453536611998402, 42.180312972413802 ], [ -93.453644101537094, 42.1803741211179 ], [ -93.453834152148801, 42.1803778580067 ], [ -93.453949051253701, 42.180336288033097 ], [ -93.454223958952994, 42.180152959468799 ], [ -93.454291583975802, 42.180137293952498 ], [ -93.454330208458899, 42.180248073075603 ], [ -93.454292395529905, 42.180515670864096 ], [ -93.454322804935003, 42.1808847906089 ], [ -93.454215237021202, 42.180892515179501 ], [ -93.454085762237597, 42.180865819080203 ], [ -93.454001951595998, 42.180823920158304 ], [ -93.453834438848702, 42.180770536298297 ], [ -93.453422436404907, 42.180568334754 ], [ -93.453079064318601, 42.180289662775102 ], [ -93.453033739851193, 42.180228841808599 ], [ -93.452842889400401, 42.180080183780198 ] ], [ [ -93.453139981391601, 42.178989407186599 ], [ -93.4532469134043, 42.1790657511783 ], [ -93.453308391072497, 42.179084849613197 ], [ -93.453468004426298, 42.179053998683898 ], [ -93.453628064552404, 42.178977538425798 ], [ -93.453888077303702, 42.178767978485197 ], [ -93.454002518231206, 42.1786387416685 ], [ -93.454032389693893, 42.178455068468999 ], [ -93.453933507711497, 42.178325215363699 ], [ -93.453833993728296, 42.178279429775998 ], [ -93.453727778610897, 42.178283602565301 ], [ -93.453559747585999, 42.178344700141999 ], [ -93.453422443545406, 42.178432341363198 ], [ -93.453261620764394, 42.178596444223501 ], [ -93.453116533622605, 42.1788637203504 ], [ -93.453117543167494, 42.178936192200098 ], [ -93.453139981391601, 42.178989407186599 ] ] ], [ [ [ -93.277991588974501, 41.888453876518803 ], [ -93.277655631864505, 41.8883511068668 ], [ -93.277503758166802, 41.888260269406899 ], [ -93.277481284065516, 41.888231074808125 ], [ -93.278364038775365, 41.888231752126714 ], [ -93.278106829776604, 41.888518902654504 ], [ -93.277991588974501, 41.888453876518803 ] ] ], [ [ [ -93.276343372448395, 41.890716307744498 ], [ -93.276290970951806, 41.890658866168998 ], [ -93.275847912219604, 41.890468880467701 ], [ -93.275795059098797, 41.890423053878202 ], [ -93.2756722252457, 41.890365913087201 ], [ -93.275558535820196, 41.890354569977902 ], [ -93.275474057731401, 41.890403755745602 ], [ -93.275420699800904, 41.890495626586599 ], [ -93.275435808702596, 41.890762420156904 ], [ -93.275351638621004, 41.890834861840098 ], [ -93.275283213951795, 41.890845935562801 ], [ -93.275168762961599, 41.890822951305204 ], [ -93.275085093639802, 41.890788992424 ], [ -93.274970051266095, 41.890781197064399 ], [ -93.274886611431199, 41.890834875472699 ], [ -93.274841157804403, 41.890910817336099 ], [ -93.274917742700097, 41.891033153526998 ], [ -93.275443432031196, 41.891502092929102 ], [ -93.275615482455507, 41.891803324878651 ], [ -93.273392822352932, 41.891792200100966 ], [ -93.273398590886799, 41.891693172766303 ], [ -93.273407053775003, 41.891662948455398 ], [ -93.273589202702098, 41.891475437031801 ], [ -93.273635986289605, 41.891334246240703 ], [ -93.273627236767993, 41.891216025507497 ], [ -93.2735668777906, 41.891082406676396 ], [ -93.273505672745003, 41.8910328257369 ], [ -93.273467408240506, 41.891017709632401 ], [ -93.273307443442803, 41.891009857534698 ], [ -93.273162205337798, 41.891029142849 ], [ -93.2729490474009, 41.891139990141497 ], [ -93.272666331638405, 41.891384392426502 ], [ -93.272566810309101, 41.891414479942597 ], [ -93.272461019850496, 41.891418502709797 ], [ -93.272414402420495, 41.891399632832901 ], [ -93.272323599887699, 41.8913306470672 ], [ -93.272284406857693, 41.891277059893 ], [ -93.272277917735593, 41.891132060493597 ], [ -93.272361975542097, 41.890938005671899 ], [ -93.272712500085404, 41.890636019905699 ], [ -93.272772827247096, 41.8905523453219 ], [ -93.272826751545693, 41.8904148827529 ], [ -93.2728801071747, 41.8903543102236 ], [ -93.273192565918805, 41.890655110435603 ], [ -93.273307666615395, 41.890723714916803 ], [ -93.273490461324101, 41.890800009528803 ], [ -93.273734512059605, 41.890831099515097 ], [ -93.273879018575002, 41.890830576527399 ], [ -93.274154900641307, 41.890792589990703 ], [ -93.274253659708606, 41.890750860467101 ], [ -93.274314919855399, 41.890674358581499 ], [ -93.274299089084494, 41.890613217815797 ], [ -93.274260655637804, 41.890571272086497 ], [ -93.273918255475195, 41.890415598037201 ], [ -93.273880135657805, 41.890365610936698 ], [ -93.273856404987399, 41.8902891016184 ], [ -93.273864867508195, 41.8902588773256 ], [ -93.274185102650094, 41.890079648784898 ], [ -93.274245740820703, 41.889987932300798 ], [ -93.274245482514203, 41.889869891226098 ], [ -93.274291731606894, 41.889804696979603 ], [ -93.274398986228505, 41.889731849614599 ], [ -93.2745663364324, 41.889705876502497 ], [ -93.275191661452993, 41.889736076443803 ], [ -93.275275747073906, 41.8897593135287 ], [ -93.275420703639, 41.889747173654598 ], [ -93.275482096308494, 41.889698394614101 ], [ -93.275497250017096, 41.889652215815701 ], [ -93.275352381401206, 41.889537380008399 ], [ -93.275138433502903, 41.889419296480298 ], [ -93.275039247902797, 41.889316155787398 ], [ -93.275000893708395, 41.889209829009801 ], [ -93.275000638827706, 41.889060490854703 ], [ -93.274932294884096, 41.889007183053401 ], [ -93.274795214955802, 41.888972989916297 ], [ -93.274680344756405, 41.888992024132101 ], [ -93.274574448791498, 41.889030026223601 ], [ -93.274414259760803, 41.8891527250994 ], [ -93.274329076245394, 41.889282373896897 ], [ -93.274253716679695, 41.889533842634002 ], [ -93.274077476523303, 41.8896633557112 ], [ -93.2739179620947, 41.889675186434097 ], [ -93.273795642780797, 41.889667236216198 ], [ -93.273306976151702, 41.889713243288298 ], [ -93.273193288169693, 41.889701898103503 ], [ -93.273109174031703, 41.8896482559296 ], [ -93.273071025949307, 41.889567864902702 ], [ -93.273055759207494, 41.8894611312924 ], [ -93.273071301581695, 41.889186937705702 ], [ -93.273009250372695, 41.889034504707503 ], [ -93.272590711366703, 41.8886831743689 ], [ -93.272520988166704, 41.8886030098544 ], [ -93.272414923617902, 41.888427290821397 ], [ -93.272269406745707, 41.888298130514997 ], [ -93.272285461929499, 41.888260019063402 ], [ -93.272311658465128, 41.888234498950517 ], [ -93.272527455208788, 41.888227273842396 ], [ -93.273387318914189, 41.888227933597221 ], [ -93.273406395417396, 41.888252419607802 ], [ -93.273490963276004, 41.888481335865301 ], [ -93.273620567505702, 41.888645032566401 ], [ -93.273681009967305, 41.888682972537197 ], [ -93.273711989168902, 41.888729231879303 ], [ -93.273902569684296, 41.888854871833701 ], [ -93.274039678626494, 41.888919469621797 ], [ -93.274253394601104, 41.8889499176654 ], [ -93.274413185742304, 41.888930938755003 ], [ -93.274543970804601, 41.8888773669103 ], [ -93.274742044540801, 41.888748314636103 ], [ -93.274894108672697, 41.888709499331597 ], [ -93.275168968209698, 41.888728718599602 ], [ -93.275245773803903, 41.888751801927 ], [ -93.275382510141597, 41.888763632130797 ], [ -93.275481609023004, 41.888744264208398 ], [ -93.2755575931659, 41.888694899179001 ], [ -93.275672684546294, 41.888576611841202 ], [ -93.275804608613072, 41.888229788331316 ], [ -93.276690515580967, 41.888230468068571 ], [ -93.276626400247295, 41.888435792674699 ], [ -93.276382424204201, 41.888683702328201 ], [ -93.276328229996594, 41.888828313898998 ], [ -93.2763822176871, 41.888938547107699 ], [ -93.276497005701401, 41.889015189871401 ], [ -93.276625903561694, 41.889072457846602 ], [ -93.276931020158102, 41.889125397783701 ], [ -93.276962094556296, 41.8892628675206 ], [ -93.277114866204997, 41.8893930697906 ], [ -93.277244359996999, 41.889403850915301 ], [ -93.277687023109294, 41.889385472877997 ], [ -93.277793776574796, 41.889419022953099 ], [ -93.277885652726198, 41.889522901418097 ], [ -93.277953238125306, 41.889564566920001 ], [ -93.278106404515597, 41.889591048222499 ], [ -93.278136640705497, 41.8898125555625 ], [ -93.278190180187806, 41.889934403310498 ], [ -93.278190382177598, 41.889991636896397 ], [ -93.278090381929303, 41.890002940054799 ], [ -93.277976522278394, 41.889964769236897 ], [ -93.277808936283094, 41.889934406667798 ], [ -93.277701657116495, 41.889945555922402 ], [ -93.277632917309404, 41.889995969370801 ], [ -93.277587467207297, 41.890071912129301 ], [ -93.277595524483502, 41.890239299166403 ], [ -93.277465299038298, 41.890247281358299 ], [ -93.277267383564407, 41.890216277985303 ], [ -93.277099515363702, 41.8902243595114 ], [ -93.277030048467594, 41.890262238399103 ], [ -93.276976974666198, 41.890315664838603 ], [ -93.276984995739795, 41.8904839454352 ], [ -93.2771143111881, 41.8908425702733 ], [ -93.277091474218395, 41.891086207437397 ], [ -93.277121927702396, 41.8912084627448 ], [ -93.277281767020497, 41.8914067741362 ], [ -93.277510905002103, 41.891540376314701 ], [ -93.277709415282104, 41.891556190262399 ], [ -93.277908380921204, 41.891529091437597 ], [ -93.278045373108995, 41.891472069977503 ], [ -93.278708901363601, 41.8912696699715 ], [ -93.278769598110898, 41.891238758808903 ], [ -93.278922114179196, 41.891219620717798 ], [ -93.278968484178705, 41.891307337102802 ], [ -93.278999485331099, 41.891540485458101 ], [ -93.279037018778595, 41.891605660217898 ], [ -93.279159127940105, 41.891681560900601 ], [ -93.279326406031799, 41.891719963069001 ], [ -93.279495778176994, 41.891822746393991 ], [ -93.276211564449525, 41.891806308366618 ], [ -93.276038948716106, 41.891643435222903 ], [ -93.275946807066703, 41.891452811184003 ], [ -93.2759544510822, 41.891318841061299 ], [ -93.276000634222598, 41.891224135783503 ], [ -93.276328202655804, 41.8908876756905 ], [ -93.276359235718303, 41.8908078520383 ], [ -93.276343372448395, 41.890716307744498 ] ] ], [ [ [ -93.279860784901302, 41.957244367839003 ], [ -93.27994891423603, 41.957176612088482 ], [ -93.280292384848011, 41.957175237534109 ], [ -93.28029085191821, 41.95857235302968 ], [ -93.280204267328799, 41.958599279628999 ], [ -93.280089857423405, 41.958384925715201 ], [ -93.279952822737201, 41.958221068938002 ], [ -93.279906946170698, 41.957900845390498 ], [ -93.279777243882293, 41.957611049883397 ], [ -93.279746553377905, 41.957431547886401 ], [ -93.279776536816499, 41.957348117562802 ], [ -93.279860784901302, 41.957244367839003 ] ] ], [ [ [ -93.271292749461907, 41.958210041263399 ], [ -93.2713311897719, 41.958221585005496 ], [ -93.271369183031098, 41.9582134451285 ], [ -93.271507043555303, 41.958137661850799 ], [ -93.271552747500607, 41.958087653713299 ], [ -93.271567832717295, 41.957950253411703 ], [ -93.271544867606593, 41.957760180850798 ], [ -93.271582723609995, 41.957568710753797 ], [ -93.271682427818604, 41.957442935712002 ], [ -93.2718426324912, 41.9573551044288 ], [ -93.272032799221094, 41.957340342602102 ], [ -93.272132472370302, 41.957371065407699 ], [ -93.272224185339795, 41.957481210789702 ], [ -93.272231104826602, 41.9575841990657 ], [ -93.272193140036194, 41.957809649634797 ], [ -93.271980198563497, 41.958252290482299 ], [ -93.271949129036798, 41.958519023749702 ], [ -93.271964380358298, 41.958595359802601 ], [ -93.272025986095301, 41.958667309559601 ], [ -93.272017647936707, 41.9587252616112 ], [ -93.271941921746205, 41.958828292454797 ], [ -93.271819422316298, 41.958946432037003 ], [ -93.271751098639598, 41.958984336725202 ], [ -93.271749744751801, 41.958984700307369 ], [ -93.271438346262073, 41.958979280787275 ], [ -93.271354395553203, 41.958934816871498 ], [ -93.271255424453301, 41.958854922847998 ], [ -93.271201425742603, 41.958743785117697 ], [ -93.271170756754998, 41.958564280847902 ], [ -93.270911386238097, 41.958328074567497 ], [ -93.270843492318903, 41.958137052108 ], [ -93.270758815887504, 41.958064614130997 ], [ -93.270695719808927, 41.958051579791125 ], [ -93.270710811293739, 41.957209569483538 ], [ -93.271101484981628, 41.957208264697442 ], [ -93.271057320466198, 41.957298266049499 ], [ -93.271056191382996, 41.957389458660302 ], [ -93.271102338347802, 41.957546038600498 ], [ -93.271285755425595, 41.957797630471198 ], [ -93.271331874640595, 41.957923804290402 ], [ -93.271331960240403, 41.9580150226328 ], [ -93.271262641518803, 41.958171845206799 ], [ -93.271292749461907, 41.958210041263399 ] ] ], [ [ [ -93.277282189890897, 41.959514247093701 ], [ -93.277182681712205, 41.959510360169503 ], [ -93.277152569991998, 41.959472165428402 ], [ -93.277160323541096, 41.9593355041482 ], [ -93.277389518674099, 41.959098881766202 ], [ -93.277465658312494, 41.958953825458401 ], [ -93.277419106142304, 41.958869675910897 ], [ -93.2773668230449, 41.958839062246298 ], [ -93.277259406982395, 41.958819805870696 ], [ -93.277152157515502, 41.958858681057002 ], [ -93.277023564057302, 41.958946291389097 ], [ -93.2768324387078, 41.9591103850968 ], [ -93.2766949997404, 41.959175451599698 ], [ -93.276572450105206, 41.959201483718203 ], [ -93.276450770671701, 41.959205177087497 ], [ -93.276274414451393, 41.9591773114457 ], [ -93.276367410022303, 41.959098787978903 ], [ -93.276725042022406, 41.958934629796403 ], [ -93.277007390234701, 41.958706283498898 ], [ -93.277160041546793, 41.958500241477097 ], [ -93.277282302287006, 41.9582631530239 ], [ -93.277359095138493, 41.958163718901098 ], [ -93.277602889047898, 41.957957809850399 ], [ -93.277687168890196, 41.957915767235001 ], [ -93.277762944821802, 41.957904845002403 ], [ -93.277824319236302, 41.957920447433999 ], [ -93.277907788474906, 41.957992855164903 ], [ -93.277938383673998, 41.9580498397006 ], [ -93.277961644593503, 41.9582327628301 ], [ -93.277923590156306, 41.958492195563103 ], [ -93.277884759065699, 41.958553082128503 ], [ -93.277838823136307, 41.9588588512824 ], [ -93.277885191607993, 41.959041367487501 ], [ -93.277831895719302, 41.9590679665219 ], [ -93.277701994459903, 41.959064333490197 ], [ -93.277602827794396, 41.959114110831401 ], [ -93.277534117178305, 41.959224446990703 ], [ -93.277465573143601, 41.959392914813797 ], [ -93.277351412246702, 41.959484406975598 ], [ -93.277282189890897, 41.959514247093701 ] ] ], [ [ [ -93.276397183167802, 41.962265171403097 ], [ -93.276420389873394, 41.962043878791199 ], [ -93.276366237144202, 41.961967616803697 ], [ -93.276244804885295, 41.9619024555519 ], [ -93.276160318834599, 41.961887259108302 ], [ -93.276084163774598, 41.961845409882002 ], [ -93.276000713094206, 41.961616501688297 ], [ -93.275924527892897, 41.961544246141301 ], [ -93.275855241885694, 41.961513273087803 ], [ -93.275748862419505, 41.961498508754701 ], [ -93.275558545868805, 41.961516850314197 ], [ -93.275328562913501, 41.961586222957301 ], [ -93.275024247925998, 41.961722886293401 ], [ -93.274848837413302, 41.961826498263399 ], [ -93.274756610389431, 41.961839095599949 ], [ -93.274455104914736, 41.961608579234358 ], [ -93.274482271343004, 41.961315280183101 ], [ -93.274474925179305, 41.961254313920598 ], [ -93.274429450113701, 41.961173762892301 ], [ -93.274397950596295, 41.9611400095352 ], [ -93.274276660970401, 41.961071272308601 ], [ -93.273910169770005, 41.960994675489999 ], [ -93.273796282214903, 41.960860811492402 ], [ -93.273749475460505, 41.960658609779401 ], [ -93.273627251714302, 41.960582697972598 ], [ -93.273452943941393, 41.960533408972097 ], [ -93.273352614395307, 41.960457064947697 ], [ -93.2733226492211, 41.960383995343797 ], [ -93.273315414178896, 41.960289048702599 ], [ -93.273383682553501, 41.959972126154497 ], [ -93.273330580298307, 41.959869056721097 ], [ -93.2735056450245, 41.959743082777699 ], [ -93.273589387904394, 41.959621440314898 ], [ -93.273582326821497, 41.959522026048198 ], [ -93.273459400347704, 41.959308380082298 ], [ -93.273375763038601, 41.959022232739898 ], [ -93.273399374763898, 41.9589154177296 ], [ -93.273428942805197, 41.9588740109551 ], [ -93.273498654060901, 41.9588316633061 ], [ -93.273590253035394, 41.9588201833214 ], [ -93.273673550023702, 41.958865761895602 ], [ -93.273810989403302, 41.9590189029241 ], [ -93.274108555288706, 41.9591485960499 ], [ -93.274154202872893, 41.959224679278499 ], [ -93.274154715329104, 41.959273875513702 ], [ -93.274100426961795, 41.9594193913941 ], [ -93.2740247030885, 41.959522423541898 ], [ -93.273941015245896, 41.959736178340599 ], [ -93.273910121572797, 41.960029744542098 ], [ -93.273978647736698, 41.960235981724203 ], [ -93.274085760777595, 41.960418887941003 ], [ -93.274627728859798, 41.9610447000967 ], [ -93.275000503968599, 41.961334266624498 ], [ -93.275207215768106, 41.961425374311702 ], [ -93.275291018215, 41.961364542971999 ], [ -93.275313861605895, 41.961277385359303 ], [ -93.2753058969584, 41.961169903446503 ], [ -93.275214766379904, 41.9610445694845 ], [ -93.2749861110604, 41.960830482119803 ], [ -93.274871878145703, 41.960674254805497 ], [ -93.274849107386999, 41.960510120703397 ], [ -93.274871533059695, 41.9604336858092 ], [ -93.274993124335396, 41.960338775327301 ], [ -93.275093225674794, 41.960327473657799 ], [ -93.275207511780494, 41.960357608183799 ], [ -93.275322137136996, 41.960441406638203 ], [ -93.275413545727105, 41.960559592065003 ], [ -93.275619036967797, 41.960681973141298 ], [ -93.275978011156596, 41.960670766923798 ], [ -93.276290164837405, 41.960769462946097 ], [ -93.276435546938501, 41.960750172568297 ], [ -93.276573097672596, 41.960651125827098 ], [ -93.276603059435601, 41.960505989975402 ], [ -93.276481897407194, 41.960246775772198 ], [ -93.276367070279605, 41.9601057401727 ], [ -93.276206232628496, 41.959991456587602 ], [ -93.275916850768894, 41.959838689696497 ], [ -93.275832136530596, 41.959735848727298 ], [ -93.275794539025398, 41.959640261770701 ], [ -93.2757490591232, 41.959591011072902 ], [ -93.275718264866498, 41.959476787764203 ], [ -93.275550879306394, 41.959312285556997 ], [ -93.2754592193523, 41.959262954619099 ], [ -93.275038865903298, 41.959102950666299 ], [ -93.274924695884593, 41.959007536009103 ], [ -93.274787502714403, 41.958816841667897 ], [ -93.274787919449494, 41.958587914894999 ], [ -93.274841016683496, 41.958504079042001 ], [ -93.275001194391805, 41.958354537932898 ], [ -93.275031104853994, 41.958335495047997 ], [ -93.275138767994605, 41.958317198787199 ], [ -93.275512789745704, 41.958293791804202 ], [ -93.275680477728798, 41.958263347485499 ], [ -93.275787522531601, 41.958198535147098 ], [ -93.275855812752098, 41.9581302222388 ], [ -93.275893574611302, 41.958034436856998 ], [ -93.275856256486193, 41.957931701755903 ], [ -93.275817506551803, 41.957896901604201 ], [ -93.275642381458894, 41.957775161807497 ], [ -93.275565499919196, 41.9577520768905 ], [ -93.275382414391203, 41.957741059288601 ], [ -93.275253198485302, 41.957813451877897 ], [ -93.275169117016105, 41.957912730945999 ], [ -93.275039791401198, 41.958019103625702 ], [ -93.274955057049496, 41.958072760587299 ], [ -93.274878967016306, 41.958091723068399 ], [ -93.274802707570402, 41.9580838535623 ], [ -93.274719241438504, 41.958011443816901 ], [ -93.2746877974038, 41.957851598490798 ], [ -93.274817859495997, 41.957695162125802 ], [ -93.274833107594304, 41.957584593432003 ], [ -93.274802798574399, 41.957489160206102 ], [ -93.274733939895597, 41.957416164542202 ], [ -93.274611581410795, 41.957343828123797 ], [ -93.274474228331201, 41.957313206139801 ], [ -93.274329758619402, 41.9573092621199 ], [ -93.274222763813796, 41.957279280739598 ], [ -93.274116396230099, 41.9572332155035 ], [ -93.274076783163139, 41.957198327689099 ], [ -93.275020777350122, 41.957195174903212 ], [ -93.275131077905499, 41.957298453232703 ], [ -93.275336702919702, 41.957385960486803 ], [ -93.275459345312001, 41.957419848237997 ], [ -93.275649089190793, 41.9574471032414 ], [ -93.275856212484499, 41.957496187318498 ], [ -93.276107391640906, 41.9575998571799 ], [ -93.276214135731493, 41.957698691107602 ], [ -93.276290826867097, 41.9578514419578 ], [ -93.276252467225007, 41.958274520763197 ], [ -93.276335931155103, 41.958378229211 ], [ -93.276428012369706, 41.958385537269201 ], [ -93.2765113923857, 41.958335427884997 ], [ -93.276549451976905, 41.958075995615403 ], [ -93.276611325538695, 41.957985190029802 ], [ -93.276664795108104, 41.957954123811902 ], [ -93.276725999211806, 41.957942894830303 ], [ -93.276824774202197, 41.957965546526303 ], [ -93.276969957205907, 41.9581072216262 ], [ -93.276977367190497, 41.958228999766199 ], [ -93.276893237447894, 41.958454372238499 ], [ -93.276695449658604, 41.958633527857899 ], [ -93.276366515066698, 41.958778617081201 ], [ -93.276114544332899, 41.958851103996501 ], [ -93.276038797698703, 41.958892431419002 ], [ -93.275954232870603, 41.958972921058503 ], [ -93.275917267121301, 41.959079454722897 ], [ -93.275963055899993, 41.9591519631255 ], [ -93.276054232858897, 41.959182503631098 ], [ -93.276274414451393, 41.9591773114457 ], [ -93.276228936115402, 41.959377565026301 ], [ -93.276282896110104, 41.959583493423203 ], [ -93.276397922934606, 41.959781767180303 ], [ -93.276503908945003, 41.959868959404702 ], [ -93.276557998585901, 41.959884408785904 ], [ -93.276786648129104, 41.959880288567199 ], [ -93.277091856551706, 41.959720389173199 ], [ -93.277160831838401, 41.959728103692399 ], [ -93.277214016657794, 41.959766784994898 ], [ -93.2772365950145, 41.959842380636402 ], [ -93.277229506502593, 41.959930764892299 ], [ -93.277068193558193, 41.960296700952 ], [ -93.277053493929202, 41.960486872749399 ], [ -93.277084224971702, 41.960571583215398 ], [ -93.277198090982495, 41.9606437383055 ], [ -93.277183827891903, 41.960666688838899 ], [ -93.277007243649095, 41.960769384457997 ], [ -93.276710047774401, 41.960910673031897 ], [ -93.276320718828899, 41.961139445711602 ], [ -93.276221470296207, 41.961253608756699 ], [ -93.276183877056994, 41.9613762266343 ], [ -93.276206202784607, 41.961520676999498 ], [ -93.276435177414996, 41.961726720443998 ], [ -93.276588620596399, 41.961906130532903 ], [ -93.276786661268204, 41.9620015241969 ], [ -93.276824713908098, 41.9620854949967 ], [ -93.276824632636504, 41.962181181517998 ], [ -93.276794473457699, 41.962237779554201 ], [ -93.276397625725593, 41.962596959729602 ], [ -93.2763890429421, 41.962692466997503 ], [ -93.2764435200598, 41.962947592554798 ], [ -93.276405667523619, 41.963099884173062 ], [ -93.275266818572263, 41.96222917586671 ], [ -93.275405079574, 41.962242452511397 ], [ -93.275443383475206, 41.962257569276296 ], [ -93.275702614149594, 41.962466935452902 ], [ -93.275832238727205, 41.962509018719501 ], [ -93.275969432777998, 41.962512807364597 ], [ -93.276191365696604, 41.962462937870299 ], [ -93.276297619824902, 41.962387376593199 ], [ -93.276397183167802, 41.962265171403097 ] ] ], [ [ [ -93.278886645184471, 41.96438009294468 ], [ -93.278087886425183, 41.964386026614456 ], [ -93.27771576795962, 41.964101523003571 ], [ -93.277748176067504, 41.964058082070203 ], [ -93.277870114283502, 41.963985532849499 ], [ -93.278044652554797, 41.963935555155402 ], [ -93.278441496276997, 41.963951074219203 ], [ -93.2785875360603, 41.964008703506899 ], [ -93.278923081069095, 41.964256337305997 ], [ -93.278891986510999, 41.964305761965903 ], [ -93.278886645184471, 41.96438009294468 ] ] ], [ [ [ -93.274810285468632, 42.029707959066528 ], [ -93.274948496796142, 42.029707829712294 ], [ -93.274948198940905, 42.0297127137841 ], [ -93.274894564331106, 42.029777765048301 ], [ -93.274810285468632, 42.029707959066528 ] ] ], [ [ [ -93.273169982115107, 42.030231495348602 ], [ -93.272872232126304, 42.030223423999502 ], [ -93.272628136901204, 42.0302433149267 ], [ -93.272567776111998, 42.030231308831901 ], [ -93.271896100826794, 42.030265427307498 ], [ -93.271728180891401, 42.030235051901599 ], [ -93.271583189002101, 42.030178329663499 ], [ -93.271400177627697, 42.0300671432462 ], [ -93.271239780561103, 42.029937652599699 ], [ -93.271110373669202, 42.029762309670097 ], [ -93.271089495857396, 42.029711441414207 ], [ -93.273206235930957, 42.02970946032265 ], [ -93.273177637614793, 42.029754965820501 ], [ -93.273155246548299, 42.029892223979097 ], [ -93.273162488581406, 42.029987178373901 ], [ -93.273200603273096, 42.030101565616299 ], [ -93.273253450219698, 42.030181383850099 ], [ -93.273254381217797, 42.030219860753299 ], [ -93.273169982115107, 42.030231495348602 ] ] ], [ [ [ -93.274314709611602, 42.031200082198403 ], [ -93.274283995787101, 42.031051865763601 ], [ -93.2745964149358, 42.030559404234801 ], [ -93.274704134275893, 42.030448987077598 ], [ -93.274833345631393, 42.030380163354899 ], [ -93.275061882039694, 42.030353679732002 ], [ -93.275329303589999, 42.030421922735599 ], [ -93.275457342028417, 42.030466441837056 ], [ -93.275450889565235, 42.031422512918255 ], [ -93.275413034977603, 42.031425365660802 ], [ -93.275237163852196, 42.031349215102999 ], [ -93.275115642252601, 42.031314456214702 ], [ -93.274727065347705, 42.0312955306578 ], [ -93.274566774278895, 42.0313189811909 ], [ -93.274398855625606, 42.031257306870799 ], [ -93.274314709611602, 42.031200082198403 ] ] ], [ [ [ -93.271263035964495, 42.032394046446903 ], [ -93.271361492265399, 42.032271809440303 ], [ -93.271491129223506, 42.032192265464701 ], [ -93.271835093435399, 42.032138710369502 ], [ -93.271911579103502, 42.032111705452003 ], [ -93.272056710111002, 42.032009234712802 ], [ -93.272117166147694, 42.031894244348202 ], [ -93.272078854859799, 42.0317226135382 ], [ -93.272026176572496, 42.031669628937799 ], [ -93.271965017901195, 42.031646873442398 ], [ -93.2718810479426, 42.031585179059903 ], [ -93.2718349017631, 42.031520705633099 ], [ -93.271796650847193, 42.031222971813001 ], [ -93.271682960835406, 42.031112354696198 ], [ -93.2714381033135, 42.030933680286097 ], [ -93.271415857373, 42.030849141142397 ], [ -93.271430561932803, 42.030784163602704 ], [ -93.271492087617005, 42.030704076160497 ], [ -93.271560760857199, 42.0306590194729 ], [ -93.271719975454502, 42.030631972548299 ], [ -93.271873448787204, 42.030658465581404 ], [ -93.272041538290296, 42.030715675042799 ], [ -93.272216973612402, 42.030865157978802 ], [ -93.272407601652105, 42.031124072766701 ], [ -93.272483719503995, 42.031199910760897 ], [ -93.272293060764895, 42.031284428174999 ], [ -93.272201482327702, 42.031417543129002 ], [ -93.272308019006005, 42.031711351941397 ], [ -93.272323315694095, 42.031818103244298 ], [ -93.272269339191496, 42.032016405646701 ], [ -93.272102460868496, 42.032146142675998 ], [ -93.2717129703626, 42.032337362841901 ], [ -93.271491548922, 42.032524081016298 ], [ -93.271438531055907, 42.032604348282 ], [ -93.271430869224005, 42.032707037694202 ], [ -93.271521575358094, 42.032783184369997 ], [ -93.271590761812803, 42.032787328040698 ], [ -93.271758944499396, 42.032748843566402 ], [ -93.272377092305703, 42.032497160969697 ], [ -93.272482892866094, 42.032467196949 ], [ -93.272681412460699, 42.032337232732203 ], [ -93.272864517684596, 42.032165802561003 ], [ -93.273055514471494, 42.031948032138601 ], [ -93.273139036220002, 42.0318031198913 ], [ -93.273193436072802, 42.031749711912703 ], [ -93.273246532035699, 42.031605052050402 ], [ -93.273238613926395, 42.031402760472503 ], [ -93.2731471456717, 42.031314972418201 ], [ -93.273070637604206, 42.031280266967698 ], [ -93.272849955036506, 42.031261300742798 ], [ -93.272750001670502, 42.031235043930103 ], [ -93.272758516639499, 42.031203921150599 ], [ -93.272918092220806, 42.0311053318555 ], [ -93.273024687350897, 42.031086116527 ], [ -93.273170694090496, 42.031116922236002 ], [ -93.273314503035394, 42.031204025832302 ], [ -93.273444511194199, 42.0313641753132 ], [ -93.273452512954705, 42.031688995442003 ], [ -93.273483166295506, 42.031776394697197 ], [ -93.273452939477195, 42.031833890192502 ], [ -93.273353556376605, 42.031917651746703 ], [ -93.273284681238394, 42.032123689427003 ], [ -93.273330605624693, 42.032474351948899 ], [ -93.2733914297703, 42.0326303589855 ], [ -93.273284547799193, 42.032688026020097 ], [ -93.273185104540701, 42.032710969973103 ], [ -93.272880468906706, 42.032692021274102 ], [ -93.272712234376897, 42.032638387254401 ], [ -93.272605607674095, 42.032627193585803 ], [ -93.272422215813705, 42.032650154079803 ], [ -93.272246972364101, 42.032744834921097 ], [ -93.2720869323241, 42.032886343060802 ], [ -93.272070983408796, 42.0329208863931 ], [ -93.271857815759006, 42.032989724260403 ], [ -93.271758143674205, 42.0331119360876 ], [ -93.271743473837901, 42.033176020222299 ], [ -93.271758880868703, 42.033248788493303 ], [ -93.271872888642505, 42.033351363227602 ], [ -93.272231160049003, 42.0335234872529 ], [ -93.272422813367996, 42.033725185350299 ], [ -93.272529156711599, 42.033774830600699 ], [ -93.272658568478406, 42.033794554357797 ], [ -93.272879543809907, 42.033775069547403 ], [ -93.273155113167306, 42.033790721849599 ], [ -93.273238952837701, 42.033824687615997 ], [ -93.273505902858005, 42.033874142947901 ], [ -93.273810911808297, 42.03397716768 ], [ -93.273879960053804, 42.033984884623301 ], [ -93.274001435341702, 42.034114445753303 ], [ -93.274015406591204, 42.034189237167467 ], [ -93.270905764930077, 42.034185722768903 ], [ -93.27072913813457, 42.034054661290462 ], [ -93.270730466158312, 42.033890960855352 ], [ -93.270927287812896, 42.034012006989499 ], [ -93.271247789262304, 42.034092111635402 ], [ -93.271674665846305, 42.034065349215098 ], [ -93.271804817125698, 42.0340350053131 ], [ -93.271964778422998, 42.033957889462101 ], [ -93.272025963273904, 42.033855435246501 ], [ -93.271987848457599, 42.033741047148801 ], [ -93.271819950785002, 42.0335541595731 ], [ -93.271331504645801, 42.033195048234198 ], [ -93.271163520932603, 42.033103854403599 ], [ -93.270926379402894, 42.033038925163197 ], [ -93.270737131814755, 42.033069310743265 ], [ -93.270749177379329, 42.031584499820738 ], [ -93.270805251555799, 42.0316241764043 ], [ -93.270874214195501, 42.031696286890202 ], [ -93.270927424200707, 42.031860183503198 ], [ -93.270904737816494, 42.032222813589399 ], [ -93.270941920277807, 42.032298724784098 ], [ -93.271118125383694, 42.032428549839501 ], [ -93.271148236768298, 42.032436340485603 ], [ -93.271263035964495, 42.032394046446903 ] ] ], [ [ [ -93.362436937400929, 42.034637823103239 ], [ -93.362435998801786, 42.034472522076584 ], [ -93.362514767520963, 42.034363765292504 ], [ -93.362518463177594, 42.0344011869661 ], [ -93.3624568728073, 42.0346145706961 ], [ -93.362436937400929, 42.034637823103239 ] ] ], [ [ [ -93.362342329769803, 42.0347481722537 ], [ -93.362320058718026, 42.03476264005279 ], [ -93.362373489584655, 42.034711827837754 ], [ -93.362342329769803, 42.0347481722537 ] ] ], [ [ [ -93.362334827114594, 42.037685023843899 ], [ -93.362251472421846, 42.03764751663752 ], [ -93.362242889570041, 42.036845617679468 ], [ -93.362304586152007, 42.0369072263316 ], [ -93.362358354196203, 42.037158738356901 ], [ -93.362349613194695, 42.037422389909104 ], [ -93.362365185114896, 42.037589949069996 ], [ -93.362334827114594, 42.037685023843899 ] ] ], [ [ [ -93.274292090242596, 42.099647440018998 ], [ -93.274258624099502, 42.099623202966328 ], [ -93.274396212830069, 42.099623959612977 ], [ -93.274292090242596, 42.099647440018998 ] ] ], [ [ [ -93.270950077660899, 42.101680677687703 ], [ -93.270903947142102, 42.101490084899197 ], [ -93.270828383530898, 42.101398153091303 ], [ -93.270812938591206, 42.101384822335511 ], [ -93.27081257375842, 42.100414905073215 ], [ -93.270964625939698, 42.100436830522902 ], [ -93.271018991558606, 42.100479121269302 ], [ -93.271072086059704, 42.100616194847603 ], [ -93.271040921219793, 42.100852561614602 ], [ -93.271048615626597, 42.100967211133003 ], [ -93.271079464670606, 42.101081454702303 ], [ -93.271156391331701, 42.101138532255597 ], [ -93.2712019823541, 42.101249509071302 ], [ -93.271186668585699, 42.101329684873001 ], [ -93.271315839790503, 42.101607894641703 ], [ -93.271530174571694, 42.101794879720401 ], [ -93.271353958836102, 42.101878817188499 ], [ -93.271193898258005, 42.102016761163902 ], [ -93.271041595003993, 42.102298872280997 ], [ -93.270874238320104, 42.102405356896 ], [ -93.270813329198361, 42.1024232614431 ], [ -93.270813123256715, 42.101875760313781 ], [ -93.270873628950497, 42.101829329461701 ], [ -93.270950077660899, 42.101680677687703 ] ] ], [ [ [ -93.278007300209396, 42.100685392912702 ], [ -93.278098475374094, 42.100845625378803 ], [ -93.278090505422298, 42.100925061885299 ], [ -93.278037614148204, 42.101032174915403 ], [ -93.277748215398901, 42.101364179500997 ], [ -93.277587143898799, 42.101341112332101 ], [ -93.277504015821805, 42.101349201572397 ], [ -93.277381697741504, 42.101425337047303 ], [ -93.277320569802598, 42.101493816025503 ], [ -93.277289444152601, 42.101573659626503 ], [ -93.277297288390599, 42.101684734087499 ], [ -93.277328210389101, 42.101859798855102 ], [ -93.277373986051302, 42.101966305109201 ], [ -93.277396808902296, 42.1021304662818 ], [ -93.277404684611994, 42.102271952121299 ], [ -93.277374179101898, 42.102398319292199 ], [ -93.277312317988702, 42.102485565990101 ], [ -93.277137215940002, 42.1026035231273 ], [ -93.276939016407397, 42.102814014747203 ], [ -93.276855340054794, 42.1030233392447 ], [ -93.276840322983503, 42.1032833028627 ], [ -93.276648794838394, 42.103229182727702 ], [ -93.276396994256601, 42.103065567047203 ], [ -93.276206932288204, 42.102973910974299 ], [ -93.276115427853796, 42.102946940162198 ], [ -93.275916735309195, 42.102920395472303 ], [ -93.275810061805203, 42.102970026175498 ], [ -93.275764266029498, 42.103020044404502 ], [ -93.275711230026005, 42.103130731545498 ], [ -93.275611015329702, 42.103233269641599 ], [ -93.275375195764099, 42.103408978429002 ], [ -93.2752610803294, 42.103462029722799 ], [ -93.275145717598505, 42.103484643931203 ], [ -93.274955681572905, 42.103454702378897 ], [ -93.275008749215601, 42.103374426855503 ], [ -93.275031813950505, 42.103282786131999 ], [ -93.275000678247494, 42.103175692779701 ], [ -93.274916838461607, 42.103046022821403 ], [ -93.274879134866595, 42.1029200080281 ], [ -93.274886999229295, 42.102874557648498 ], [ -93.274924382254596, 42.1028216792119 ], [ -93.274939860096097, 42.102550097904398 ], [ -93.274924992893304, 42.102463024823599 ], [ -93.274887035753096, 42.102405876020001 ], [ -93.274779513739404, 42.1023213231949 ], [ -93.274749651037297, 42.102306383171197 ], [ -93.274673094399105, 42.102302087029599 ], [ -93.2745894510266, 42.102260969835598 ], [ -93.274604058068405, 42.102229972470802 ], [ -93.274795720217995, 42.102062279450202 ], [ -93.274864296566093, 42.101959075642803 ], [ -93.274940022925307, 42.101703969147799 ], [ -93.275123625649698, 42.101711414472099 ], [ -93.275443671783407, 42.101592935317598 ], [ -93.275580794735205, 42.101574356976499 ], [ -93.275642469471407, 42.101585494621297 ], [ -93.275687588228294, 42.101646371689696 ], [ -93.275679781092194, 42.101783949620703 ], [ -93.275642425242296, 42.101898544497999 ], [ -93.275542582651099, 42.102085166725502 ], [ -93.275504724428501, 42.102306188377398 ], [ -93.275543475664406, 42.102405391993102 ], [ -93.2755808096951, 42.102447322131297 ], [ -93.275664418981606, 42.102489332390597 ], [ -93.275764754626493, 42.102508439615903 ], [ -93.276023049527197, 42.102443218736397 ], [ -93.276260277921196, 42.102356087442097 ], [ -93.276427486735997, 42.102253170654599 ], [ -93.276579922514699, 42.102123109727501 ], [ -93.276634281837204, 42.101978461896202 ], [ -93.276588589053702, 42.101776253013597 ], [ -93.276527166223005, 42.101696249969102 ], [ -93.276381716206799, 42.101584961558402 ], [ -93.276580281611402, 42.101489860353901 ], [ -93.276732885899506, 42.101386635861097 ], [ -93.276870027464298, 42.101211531305601 ], [ -93.276984970702898, 42.100887484054901 ], [ -93.277137995309801, 42.100742229865098 ], [ -93.277228423628898, 42.100734294538299 ], [ -93.277434407756004, 42.100792295755802 ], [ -93.277594934244703, 42.100704442425197 ], [ -93.2776177470937, 42.100650362350102 ], [ -93.277618137707606, 42.100577921811499 ], [ -93.277579663479301, 42.100471569475303 ], [ -93.277495992902502, 42.100368738072603 ], [ -93.277366847201606, 42.1002765770736 ], [ -93.277229180454597, 42.1002155416015 ], [ -93.277121511965305, 42.100197175581499 ], [ -93.277068875224202, 42.100204117463598 ], [ -93.276786160439499, 42.100177594226203 ], [ -93.276648633913297, 42.100112983365499 ], [ -93.276580395951399, 42.1000516200032 ], [ -93.276557544832201, 42.099857047877002 ], [ -93.276596254409696, 42.099738903860299 ], [ -93.276619063732198, 42.099716128934801 ], [ -93.276783817555511, 42.099640140658956 ], [ -93.276931471791968, 42.099641315031839 ], [ -93.277061080741206, 42.099686079260003 ], [ -93.277221245292907, 42.099701078177297 ], [ -93.277266615696803, 42.0996930888736 ], [ -93.277336151445297, 42.099658775338 ], [ -93.277345213126452, 42.099644605737311 ], [ -93.277697217293067, 42.099647405414167 ], [ -93.277671706316895, 42.099704297999601 ], [ -93.277678926872497, 42.0998001537722 ], [ -93.277709723512501, 42.099853573153702 ], [ -93.277892338662099, 42.099948647817399 ], [ -93.278029910933498, 42.099918448887401 ], [ -93.278297070050101, 42.099750551215699 ], [ -93.278382745867759, 42.099652857788492 ], [ -93.279489618156745, 42.099661661334075 ], [ -93.279029617977798, 42.099796372737799 ], [ -93.278784819074403, 42.099921809732301 ], [ -93.278502605635296, 42.100101019281503 ], [ -93.278204958908603, 42.100238759840302 ], [ -93.278029581757707, 42.100395172362099 ], [ -93.277976240953393, 42.100482598397001 ], [ -93.277968828708296, 42.100547735735297 ], [ -93.278007300209396, 42.100685392912702 ] ] ], [ [ [ -93.2808611644991, 42.103328526547799 ], [ -93.280692860211801, 42.103240912232302 ], [ -93.280670125061704, 42.103199290486501 ], [ -93.280677256432298, 42.103141302375498 ], [ -93.280753363682422, 42.103009502658693 ], [ -93.280911011594981, 42.103324958473756 ], [ -93.2808611644991, 42.103328526547799 ] ] ], [ [ [ -93.279556303296502, 42.104091770246903 ], [ -93.279587060462006, 42.104239998400899 ], [ -93.279517971553503, 42.104294000323002 ], [ -93.279441444568405, 42.104320118377302 ], [ -93.279289508342103, 42.1043124508722 ], [ -93.2792199048572, 42.104285942879699 ], [ -93.279021831733104, 42.104274621403299 ], [ -93.278854073195205, 42.1042979257318 ], [ -93.278770244655703, 42.104323889807901 ], [ -93.278594934417598, 42.104415906289397 ], [ -93.278419579418895, 42.104259269239698 ], [ -93.278205512725606, 42.1042520821983 ], [ -93.278311749432007, 42.104057542143003 ], [ -93.278326963910203, 42.103854826050103 ], [ -93.278312374309195, 42.103729298565803 ], [ -93.278220710098296, 42.103550272415802 ], [ -93.277976289108096, 42.103259805773902 ], [ -93.277938548402403, 42.1031033804976 ], [ -93.278014422287598, 42.103000328523102 ], [ -93.278151968957204, 42.102939718015897 ], [ -93.278510568452802, 42.102863186109502 ], [ -93.278610002257295, 42.102874222254897 ], [ -93.278625086363604, 42.1029246277336 ], [ -93.278594757057803, 42.103046526800902 ], [ -93.278518668571095, 42.103217551396298 ], [ -93.278502519920096, 42.1033817871159 ], [ -93.278534082498297, 42.1034468502151 ], [ -93.278617241632602, 42.103500476700297 ], [ -93.278777101586797, 42.103523517049702 ], [ -93.278946075158402, 42.103500238438897 ], [ -93.279097806226503, 42.103450658425501 ], [ -93.279174817430999, 42.103443333870601 ], [ -93.279144488859899, 42.1035652331432 ], [ -93.279174835247801, 42.1036302705065 ], [ -93.2792283050903, 42.103664489081602 ], [ -93.279426266527494, 42.103741101455697 ], [ -93.279556565878195, 42.103866378842397 ], [ -93.279579297924201, 42.103939305887899 ], [ -93.279556303296502, 42.104091770246903 ] ] ], [ [ [ -93.279822464186651, 42.104711602053314 ], [ -93.279838187914393, 42.104702334259301 ], [ -93.280036200064998, 42.104621526596503 ], [ -93.2801359153123, 42.104625411990298 ], [ -93.280098584951304, 42.104710928569133 ], [ -93.279822464186651, 42.104711602053314 ] ] ], [ [ [ -93.278457261869804, 42.105353954102 ], [ -93.278372709449599, 42.105304770295099 ], [ -93.278342363081094, 42.105239732611899 ], [ -93.278411561594694, 42.105151745036402 ], [ -93.278488403602793, 42.105117584260903 ], [ -93.278571222338002, 42.105117537655303 ], [ -93.278800065759498, 42.105151867882597 ], [ -93.278862162414399, 42.105152279634098 ], [ -93.278891995326902, 42.105136807343797 ], [ -93.278937790249998, 42.105086787879699 ], [ -93.278907002196206, 42.104908148011297 ], [ -93.278952625635299, 42.104831291951598 ], [ -93.278976199669202, 42.104820160169297 ], [ -93.2791896408973, 42.104843432546502 ], [ -93.279294161261063, 42.104906018508444 ], [ -93.27929701362649, 42.105555848341623 ], [ -93.279235432012399, 42.105605558683997 ], [ -93.278983758885602, 42.10578183554 ], [ -93.278876490674904, 42.105846661866302 ], [ -93.278770689202503, 42.105842647507899 ], [ -93.278846158532104, 42.105625098568503 ], [ -93.278815466038694, 42.105537692848799 ], [ -93.278701849924701, 42.1054530149759 ], [ -93.278457261869804, 42.105353954102 ] ] ], [ [ [ -93.272895079187606, 42.105697454052297 ], [ -93.272834338712599, 42.105693490292403 ], [ -93.272735443541194, 42.105762065893799 ], [ -93.272712829097202, 42.105842088387497 ], [ -93.2728119241564, 42.106204635278502 ], [ -93.272788599610706, 42.106365142155497 ], [ -93.272727008711698, 42.1064452374778 ], [ -93.272643309280994, 42.106498928018198 ], [ -93.272559755267693, 42.1065177385371 ], [ -93.272398982144395, 42.106517926631 ], [ -93.272224316685794, 42.106437322275802 ], [ -93.272071806742304, 42.106319618525298 ], [ -93.271865470959199, 42.105865365810601 ], [ -93.271765813994193, 42.105735359773099 ], [ -93.271637114013004, 42.105662879502603 ], [ -93.271667339357606, 42.105606273043001 ], [ -93.271827547007504, 42.105464753086203 ], [ -93.272368416408099, 42.105243604958901 ], [ -93.272445290553506, 42.105239859188799 ], [ -93.272605915212296, 42.105274550954498 ], [ -93.272971754268198, 42.105449522801202 ], [ -93.27319300968, 42.105522163769798 ], [ -93.273413868160006, 42.105480308234903 ], [ -93.273711517065095, 42.105312166399003 ], [ -93.273933282406603, 42.105247073806098 ], [ -93.274009702566403, 42.105254945198297 ], [ -93.274070751833605, 42.105282170231099 ], [ -93.274245566284506, 42.105296586935701 ], [ -93.274352159628407, 42.105342660148303 ], [ -93.274528415862207, 42.105476066721401 ], [ -93.274604751857296, 42.105579640557998 ], [ -93.274710817424193, 42.105670424126302 ], [ -93.274772006953597, 42.105694074041701 ], [ -93.275070283884801, 42.105728084681701 ], [ -93.275313791132504, 42.105823551570801 ], [ -93.275458829507997, 42.105945566159399 ], [ -93.275481387958095, 42.105991657462098 ], [ -93.275458946570893, 42.106098517106901 ], [ -93.275435995191998, 42.106124866806702 ], [ -93.275329316448406, 42.106174497306398 ], [ -93.275092637022098, 42.106216022927001 ], [ -93.274741541973796, 42.106193421807099 ], [ -93.2746812198545, 42.106178734504603 ], [ -93.274566760083303, 42.106178112056298 ], [ -93.274406331882105, 42.106200670794898 ], [ -93.274169846052303, 42.106330748005298 ], [ -93.274116291494195, 42.106392230117102 ], [ -93.274109049594699, 42.106452899196903 ], [ -93.274147207599199, 42.106567296643099 ], [ -93.274230880673002, 42.106670130983197 ], [ -93.274307222554796, 42.106742399967402 ], [ -93.274450471090375, 42.106836001417044 ], [ -93.273788258450253, 42.106831666800637 ], [ -93.273787510429898, 42.106827153713397 ], [ -93.2737422206568, 42.106739438927399 ], [ -93.273413939097296, 42.106475817078099 ], [ -93.273277112766195, 42.106330717806202 ], [ -93.273193241191606, 42.105983697567702 ], [ -93.273131480375199, 42.105850019213001 ], [ -93.273002126328706, 42.105731910304598 ], [ -93.272895079187606, 42.105697454052297 ] ] ], [ [ [ -93.269317031437794, 42.174594901597104 ], [ -93.269202431713097, 42.174563860347099 ], [ -93.2691112838517, 42.174556570934101 ], [ -93.268988913042506, 42.174568302189897 ], [ -93.268706399775994, 42.174777920751197 ], [ -93.268622762881293, 42.174796730301097 ], [ -93.268439878976807, 42.174766036962403 ], [ -93.268211065122102, 42.174694121284901 ], [ -93.268126945632204, 42.1746941355632 ], [ -93.268073909316797, 42.174678704373903 ], [ -93.2679367807131, 42.174693701326397 ], [ -93.267882752330394, 42.1746102661536 ], [ -93.267844882633199, 42.174487813364799 ], [ -93.267852312196396, 42.174422670713099 ], [ -93.267921277349998, 42.1743427252541 ], [ -93.268035206972996, 42.174266412023599 ], [ -93.268180553967795, 42.174228331065898 ], [ -93.2683783414207, 42.1742208751701 ], [ -93.268501307078907, 42.174193950349299 ], [ -93.268706645960506, 42.173900409447697 ], [ -93.268798928465699, 42.173816482901003 ], [ -93.269019475280899, 42.173663700753401 ], [ -93.269195029237096, 42.1734768724601 ], [ -93.269256759257104, 42.173519321865399 ], [ -93.269393660746402, 42.173572301650303 ], [ -93.269683208716501, 42.173618660540598 ], [ -93.269728963557398, 42.173819995867099 ], [ -93.269721787509695, 42.1740032194054 ], [ -93.269668715818796, 42.174144327674597 ], [ -93.2694704376174, 42.174319943422397 ], [ -93.269424023065298, 42.174415571928101 ], [ -93.269393499304698, 42.1745723623796 ], [ -93.269317031437794, 42.174594901597104 ] ] ], [ [ [ -93.262305300117802, 42.174796595562498 ], [ -93.2621452963308, 42.174835254652301 ], [ -93.262084636653796, 42.174827710421198 ], [ -93.262038264313304, 42.174766797399599 ], [ -93.262053734592399, 42.174403951714702 ], [ -93.262115689104405, 42.174285396865699 ], [ -93.262245435591694, 42.174179009575603 ], [ -93.262321283894195, 42.174141254672797 ], [ -93.262428100619601, 42.174122044754903 ], [ -93.262702748319498, 42.174175260412298 ], [ -93.262870845677, 42.174178813934098 ], [ -93.262985111254395, 42.174156182964801 ], [ -93.2631609232062, 42.174087443589698 ], [ -93.263358254667395, 42.174091614394499 ], [ -93.263443160593496, 42.174133661979802 ], [ -93.263465006260702, 42.174167220674804 ], [ -93.263457814601693, 42.174567810812398 ], [ -93.263549318245694, 42.174659196045098 ], [ -93.263625813308195, 42.174667074239203 ], [ -93.263778953565904, 42.174647947620699 ], [ -93.264236597636398, 42.174480503973399 ], [ -93.264412030028097, 42.174514623917602 ], [ -93.264464469169894, 42.1745452507378 ], [ -93.264549427642606, 42.174648125634903 ], [ -93.264609558910607, 42.174793412664499 ], [ -93.264617426256805, 42.174903604074899 ], [ -93.264578960902597, 42.175045019210103 ], [ -93.264496161663502, 42.1751667129639 ], [ -93.264296888427594, 42.175243009221802 ], [ -93.264068319409802, 42.175289167209002 ], [ -93.263946402505198, 42.175289274657501 ], [ -93.263885525792801, 42.175194064268197 ], [ -93.2638009087065, 42.175113558933703 ], [ -93.263610947579906, 42.175014726090097 ], [ -93.263427609187303, 42.174995644713398 ], [ -93.263061057776, 42.175109551296003 ], [ -93.262847993264003, 42.175102363970701 ], [ -93.262382557002198, 42.174816119287499 ], [ -93.262305300117802, 42.174796595562498 ] ] ], [ [ [ -93.262015614485307, 42.176398809098202 ], [ -93.262069823181704, 42.176136073062402 ], [ -93.262053889179199, 42.176014081972802 ], [ -93.262000639125802, 42.175910981192999 ], [ -93.261878061428007, 42.175803730854099 ], [ -93.261802127037797, 42.175781551244 ], [ -93.261466289367107, 42.175827225338701 ], [ -93.261199309292394, 42.175826945687199 ], [ -93.261062433746204, 42.175804371144601 ], [ -93.260955881940404, 42.175754707915601 ], [ -93.260748058425406, 42.17559088777795 ], [ -93.260738160121761, 42.174591223463331 ], [ -93.260802281916398, 42.174606479081 ], [ -93.260993339698004, 42.1747393308599 ], [ -93.261085663428204, 42.1749649125004 ], [ -93.261070315278005, 42.175262461392997 ], [ -93.261138685723097, 42.175415080689902 ], [ -93.261252453846197, 42.175529301507702 ], [ -93.261412802691297, 42.175606043246603 ], [ -93.261488877212599, 42.175624647988101 ], [ -93.261565969981007, 42.1756173332668 ], [ -93.261695744204602, 42.175541360393503 ], [ -93.261871182084406, 42.175358116684997 ], [ -93.261955046065296, 42.175395670688502 ], [ -93.262152886731798, 42.175449052363497 ], [ -93.262397001903295, 42.175441690543501 ], [ -93.262557958771495, 42.175471928900002 ], [ -93.2627174212966, 42.175602321166203 ], [ -93.262969426752306, 42.175735563948898 ], [ -93.263374220024701, 42.175765588129202 ], [ -93.263404673861899, 42.1759835989916 ], [ -93.263457760512495, 42.1760598602378 ], [ -93.263328127596594, 42.176132259828996 ], [ -93.263199141090695, 42.176250293271401 ], [ -93.263121947464001, 42.176353320053103 ], [ -93.263122418477494, 42.1766207903283 ], [ -93.263188723408291, 42.176714488908999 ], [ -93.26272592484932, 42.176707029622875 ], [ -93.262709649076896, 42.176700622338103 ], [ -93.262549626659194, 42.176677560072399 ], [ -93.262404527558004, 42.1766780705453 ], [ -93.262278915052235, 42.176699824816566 ], [ -93.262274736226772, 42.176699757463169 ], [ -93.262091742785501, 42.176571271441297 ], [ -93.262031348417594, 42.176494855043103 ], [ -93.262015614485307, 42.176398809098202 ] ] ], [ [ [ -93.269774686747297, 42.176014304830098 ], [ -93.269423880450205, 42.175788646190099 ], [ -93.269272106126394, 42.175617276940599 ], [ -93.269164702775797, 42.1754647335935 ], [ -93.269111497935697, 42.175422463877503 ], [ -93.269096370009606, 42.175372946590599 ], [ -93.269210635523095, 42.175350310095602 ], [ -93.269477333731899, 42.175357723432398 ], [ -93.269790271717895, 42.1752739763619 ], [ -93.270026397823401, 42.175346043394001 ], [ -93.270248124557995, 42.175536776668302 ], [ -93.270294133254893, 42.175544902703599 ], [ -93.270393573351697, 42.175838610315701 ], [ -93.270395336830106, 42.175840271584136 ], [ -93.270402163882551, 42.176765059198821 ], [ -93.270263188833198, 42.1766775992973 ], [ -93.270034373496699, 42.176418733327999 ], [ -93.269919721420706, 42.176139911222201 ], [ -93.269774686747297, 42.176014304830098 ] ] ], [ [ [ -93.266510322067404, 42.176654784368999 ], [ -93.266196646150604, 42.176601647422402 ], [ -93.265998299578698, 42.176467754918001 ], [ -93.265914554887402, 42.176364906460499 ], [ -93.265846199287694, 42.176242703572498 ], [ -93.265639581817496, 42.1760710662682 ], [ -93.265746207983796, 42.175994600547497 ], [ -93.2659910169954, 42.175876326741502 ], [ -93.266173402996699, 42.175826506714699 ], [ -93.2663036724758, 42.175831046062797 ], [ -93.266547412544398, 42.175926537647499 ], [ -93.2666621619681, 42.175922698369099 ], [ -93.266746378294798, 42.175826974007798 ], [ -93.266838373942804, 42.175532831668797 ], [ -93.2669137656857, 42.175506693079697 ], [ -93.266990262058002, 42.175514569294997 ], [ -93.267165323309897, 42.175651546751403 ], [ -93.267249596809805, 42.175865325216002 ], [ -93.267288055989198, 42.176128229613497 ], [ -93.267341742622904, 42.176189295102503 ], [ -93.2674097397677, 42.176227405191 ], [ -93.267455748589498, 42.176235532241499 ], [ -93.267753253681093, 42.1762346540376 ], [ -93.267822266984993, 42.176246844424298 ], [ -93.267806364417595, 42.176372635442497 ], [ -93.267882682161897, 42.176540625497097 ], [ -93.268012493478295, 42.176712427728802 ], [ -93.268111978939032, 42.176793840866686 ], [ -93.267015832860224, 42.176776173423519 ], [ -93.266905797575305, 42.176673866517497 ], [ -93.266799547276804, 42.1766474719199 ], [ -93.266510322067404, 42.176654784368999 ] ] ], [ [ [ -93.265113708972905, 42.176734424963399 ], [ -93.265140029137243, 42.176745939628681 ], [ -93.264720683389186, 42.176739180705475 ], [ -93.264739563968305, 42.176730994694204 ], [ -93.264884462008993, 42.176704536395398 ], [ -93.265113708972905, 42.176734424963399 ] ] ] ] } },
{ "type": "Feature", "properties": { "mukey": "2800481", "musym": "55", "muname": "Nicollet clay loam, 1 to 3 percent slopes" }, "geometry": { "type": "MultiPolygon", "coordinates": [ [ [ [ -93.5515437168674, 42.106525532852203 ], [ -93.551414298700394, 42.106396083630798 ], [ -93.5513535482728, 42.106357370492198 ], [ -93.551368133487202, 42.106288780422801 ], [ -93.551566700035806, 42.106078785249302 ], [ -93.551703738434199, 42.105991047816097 ], [ -93.551872469460406, 42.105971881688703 ], [ -93.551979221198195, 42.105983739709004 ], [ -93.552359776943007, 42.106140298954998 ], [ -93.552214929562695, 42.106277079412003 ], [ -93.552208029299095, 42.106300202346503 ], [ -93.552238072620199, 42.106346383383901 ], [ -93.552329995630004, 42.106399101339399 ], [ -93.552421610945999, 42.106425876822101 ], [ -93.552779533443598, 42.1064639504743 ], [ -93.552924603725003, 42.106494419823399 ], [ -93.553115972819697, 42.106593736415903 ], [ -93.553092722897901, 42.106692391414889 ], [ -93.551646205110345, 42.1067021697516 ], [ -93.5515437168674, 42.106525532852203 ] ] ], [ [ [ -93.549323600986796, 42.179969683521001 ], [ -93.5496139290142, 42.180137966690701 ], [ -93.549888409926496, 42.180202193587803 ], [ -93.549972528723899, 42.180236879596102 ], [ -93.549949398536597, 42.180305314379602 ], [ -93.5498126621616, 42.180484300044398 ], [ -93.549826939741607, 42.180633048376698 ], [ -93.549906896627647, 42.180753049217223 ], [ -93.549114264285492, 42.180756837102855 ], [ -93.549064427591901, 42.180649030456998 ], [ -93.549011485605604, 42.180317083042297 ], [ -93.549155690647098, 42.180133767342802 ], [ -93.549323600986796, 42.179969683521001 ] ] ], [ [ [ -93.547386253381916, 42.180765095039511 ], [ -93.547416604516101, 42.180671499986801 ], [ -93.547584622687694, 42.1804698534579 ], [ -93.547912371293194, 42.180232770161403 ], [ -93.548049575736698, 42.180213901337801 ], [ -93.548126108696295, 42.180221611521503 ], [ -93.5482706702239, 42.180270859731202 ], [ -93.548416033906605, 42.180366634212 ], [ -93.548369620875306, 42.180473089210999 ], [ -93.548400590515698, 42.180701759581702 ], [ -93.548441377826791, 42.18076005273867 ], [ -93.547386253381916, 42.180765095039511 ] ] ], [ [ [ -93.550712465569305, 42.181140851138501 ], [ -93.550686339686365, 42.181174845703282 ], [ -93.550687427289461, 42.180879445022832 ], [ -93.550712636975504, 42.180893092489498 ], [ -93.550758448817902, 42.180977142519701 ], [ -93.550712465569305, 42.181140851138501 ] ] ], [ [ [ -93.551261570194001, 42.1824455015594 ], [ -93.551558840405406, 42.1826595287611 ], [ -93.551666193644394, 42.182761736648203 ], [ -93.551727055512501, 42.182903315752696 ], [ -93.551711274899205, 42.183109635190597 ], [ -93.551681237416204, 42.183201195615503 ], [ -93.551604898045696, 42.183673810734497 ], [ -93.551460075921796, 42.183631716888897 ], [ -93.551429334260504, 42.183639185707698 ], [ -93.551292394094006, 42.183719780354302 ], [ -93.551231212101499, 42.183795546218903 ], [ -93.551147509047894, 42.183852997205001 ], [ -93.551002171571099, 42.183894971426398 ], [ -93.550895143674495, 42.1838875807493 ], [ -93.550765884148205, 42.183818946911302 ], [ -93.550697179315705, 42.183692424494801 ], [ -93.5507199408123, 42.183426308851402 ], [ -93.550681695372901, 42.1833003625432 ], [ -93.550678525751309, 42.183297165628865 ], [ -93.550681252037336, 42.18255668709768 ], [ -93.550712574309003, 42.1825603424627 ], [ -93.5509254897771, 42.182468663102 ], [ -93.551147730757293, 42.182285031547103 ], [ -93.551261570194001, 42.1824455015594 ] ] ], [ [ [ -93.555443145364805, 42.186168490483901 ], [ -93.555501587236691, 42.186241903741895 ], [ -93.555501231598143, 42.186325226685881 ], [ -93.555480613128296, 42.186351665891003 ], [ -93.5554421986986, 42.186508364381901 ], [ -93.555335799301304, 42.1866915076439 ], [ -93.555153140467397, 42.186858900062603 ], [ -93.555053647089395, 42.187018917789999 ], [ -93.555045266149307, 42.187084054634497 ], [ -93.555106645602706, 42.187419738823401 ], [ -93.555137811237501, 42.187782580821299 ], [ -93.555135879560069, 42.18779190555896 ], [ -93.554308344532629, 42.187798769681727 ], [ -93.554306178943193, 42.187785662626403 ], [ -93.554366512836097, 42.187282330112602 ], [ -93.554328079979001, 42.187091980276101 ], [ -93.554244462114795, 42.186973227870801 ], [ -93.554298007085706, 42.186767620413001 ], [ -93.554336315959702, 42.186718254484099 ], [ -93.554343882091302, 42.186676358085599 ], [ -93.5545962658652, 42.186328709556697 ], [ -93.554839459785001, 42.185756379866 ], [ -93.554870788711398, 42.185558403147901 ], [ -93.555160449571602, 42.185607699735101 ], [ -93.555305505967397, 42.185573765493601 ], [ -93.555343056866306, 42.1855807354817 ], [ -93.555359173970601, 42.185607873249197 ], [ -93.555343027301006, 42.185824920138302 ], [ -93.555373842512694, 42.185989186446299 ], [ -93.555443145364805, 42.186168490483901 ] ] ] ] } },
{ "type": "Feature", "properties": { "mukey": "2834933", "musym": "L236B", "muname": "Lester loam, Bemis moraine, 2 to 6 percent slopes" }, "geometry": { "type": "MultiPolygon", "coordinates": [ [ [ [ -93.369827520437298, 41.958530680767801 ], [ -93.369826520141203, 41.958621874322901 ], [ -93.369941730796199, 41.958725271859997 ], [ -93.370413829259803, 41.959033568221997 ], [ -93.370498173122698, 41.959117557314897 ], [ -93.370543623054601, 41.959201648566101 ], [ -93.370551321630899, 41.959255460625599 ], [ -93.370513928502504, 41.9593772120446 ], [ -93.370406604415194, 41.959484125496303 ], [ -93.370300082360401, 41.959537399905301 ], [ -93.370124940262997, 41.959540986851103 ], [ -93.370017766559499, 41.959514659052303 ], [ -93.369735770808106, 41.959354208808698 ], [ -93.369629034611606, 41.959316264280801 ], [ -93.369544396943596, 41.959304703255803 ], [ -93.369483404352906, 41.959278421552398 ], [ -93.369086869776794, 41.959255140172097 ], [ -93.368789044771702, 41.959289312931404 ], [ -93.368507585418996, 41.959373002591903 ], [ -93.368231867758993, 41.9595301376484 ], [ -93.368048981442598, 41.959674856345899 ], [ -93.367767470122899, 41.959598471613901 ], [ -93.367606830113402, 41.959571946087699 ], [ -93.367591241743, 41.959534069541299 ], [ -93.367507543243406, 41.959465293953997 ], [ -93.3674620967913, 41.9593812016087 ], [ -93.367415732870995, 41.959224655846597 ], [ -93.367385728882994, 41.958698222008202 ], [ -93.367338446374546, 41.958491960975444 ], [ -93.367678216826576, 41.958274591275028 ], [ -93.36810401920458, 41.958042087427735 ], [ -93.368142102635701, 41.958040002087166 ], [ -93.369971417351863, 41.958364101836686 ], [ -93.369987763925593, 41.95837387337 ], [ -93.369941726812698, 41.958434639163002 ], [ -93.369827520437298, 41.958530680767801 ] ] ], [ [ [ -93.372467132277805, 41.9597281740025 ], [ -93.372154382609693, 41.9596744138695 ], [ -93.372154237860798, 41.959613601602001 ], [ -93.372230680028593, 41.959422892580299 ], [ -93.372237408059704, 41.959308564938397 ], [ -93.372214895124699, 41.959228518135497 ], [ -93.372161647790307, 41.959125489481501 ], [ -93.3720162465588, 41.959049201369098 ], [ -93.371848890940896, 41.959007342139401 ], [ -93.371726597245399, 41.958930629782103 ], [ -93.371657736791093, 41.958855005000302 ], [ -93.371622299284212, 41.958656588643926 ], [ -93.371946584692239, 41.958714042300528 ], [ -93.371946634176552, 41.95870807058737 ], [ -93.371950865113121, 41.95822988135189 ], [ -93.372843268904745, 41.958250213666524 ], [ -93.372840175561805, 41.958274553794702 ], [ -93.372871043757499, 41.958488014130999 ], [ -93.372924062152094, 41.958629490645798 ], [ -93.373015901903599, 41.958740458121902 ], [ -93.373084596002201, 41.959014603085897 ], [ -93.373084696904598, 41.9592059754806 ], [ -93.373046810159707, 41.959373324456898 ], [ -93.372832728734096, 41.9597016314559 ], [ -93.372665297477397, 41.9598234203647 ], [ -93.372467132277805, 41.9597281740025 ] ] ], [ [ [ -93.367751213627898, 41.9609985459754 ], [ -93.367767488033195, 41.961147324457599 ], [ -93.367743447735407, 41.961269347662203 ], [ -93.367637337170194, 41.961440670487903 ], [ -93.367515771897601, 41.961570542327699 ], [ -93.367284127966713, 41.961499938465487 ], [ -93.367277301401955, 41.960628279997955 ], [ -93.367393333049407, 41.960658586212503 ], [ -93.367622129806605, 41.960811697480402 ], [ -93.367697971522603, 41.960895515269698 ], [ -93.367751213627898, 41.9609985459754 ] ] ] ] } },
{ "type": "Feature", "properties": { "mukey": "2835021", "musym": "L107", "muname": "Webster clay loam, Bemis moraine, 0 to 2 percent slopes" }, "geometry": { "type": "MultiPolygon", "coordinates": [ [ [ [ -93.472495130331595, 41.895748328938097 ], [ -93.472389462647797, 41.895614816748598 ], [ -93.472228324348407, 41.895504360077503 ], [ -93.4718547130107, 41.895427294662703 ], [ -93.471748438731595, 41.895377821429001 ], [ -93.471793926234398, 41.895328639677103 ], [ -93.472556583894402, 41.894954621818599 ], [ -93.4728543300658, 41.894778939465397 ], [ -93.473060186177506, 41.894592515079403 ], [ -93.473105595367045, 41.894524847693816 ], [ -93.47310572867022, 41.894646146140737 ], [ -93.473108169608736, 41.896864635850996 ], [ -93.473059751968407, 41.896823444183703 ], [ -93.472907348898602, 41.896571881404597 ], [ -93.472869471548293, 41.896343127616497 ], [ -93.4728847098621, 41.8961565458306 ], [ -93.472846806733301, 41.8959957480727 ], [ -93.472800855405197, 41.8959233148761 ], [ -93.472495130331595, 41.895748328938097 ] ] ], [ [ [ -93.465209243792501, 41.895233414269697 ], [ -93.465515065415801, 41.895103509467397 ], [ -93.4658806467272, 41.894798627436401 ], [ -93.465987692993593, 41.894759598473399 ], [ -93.466018025652701, 41.8947601942481 ], [ -93.466087475063205, 41.894820573138396 ], [ -93.466110446619794, 41.8949238532038 ], [ -93.466132690543304, 41.8949466441913 ], [ -93.466254603808594, 41.895000005914198 ], [ -93.466331738000306, 41.895015827385798 ], [ -93.466430420686805, 41.895107181789598 ], [ -93.466415375650698, 41.895187361136799 ], [ -93.466315883849603, 41.895252469615698 ], [ -93.466201718905396, 41.895286888252301 ], [ -93.465964831141406, 41.895290283116701 ], [ -93.465759473079004, 41.895328275154199 ], [ -93.465651842556696, 41.895450449833497 ], [ -93.465629467729798, 41.895565357591302 ], [ -93.465667515864993, 41.895721689742501 ], [ -93.465781955430302, 41.895847332517299 ], [ -93.465941887408604, 41.895923795486297 ], [ -93.466171060424202, 41.895965851535898 ], [ -93.466285145461399, 41.896034260323503 ], [ -93.466301145151107, 41.8960953777868 ], [ -93.466232017578406, 41.89616018844 ], [ -93.466049435186704, 41.896239759937799 ], [ -93.465621872701206, 41.8962778582586 ], [ -93.465484053194402, 41.896361884960399 ], [ -93.465309184882301, 41.896530129442802 ], [ -93.465102722177903, 41.896598500517698 ], [ -93.464713191378806, 41.896625718968899 ], [ -93.464324463913201, 41.896831785361897 ], [ -93.4641192126997, 41.896900178733503 ], [ -93.4639513827548, 41.896907609859603 ], [ -93.463684270482304, 41.896873745691799 ], [ -93.463575376597205, 41.896884356216866 ], [ -93.463576234274228, 41.895473882950036 ], [ -93.463668519232698, 41.895466018451202 ], [ -93.463828211238194, 41.8953815295732 ], [ -93.464179202902102, 41.895278446589998 ], [ -93.46446169571, 41.895256279663101 ], [ -93.464629375102803, 41.895286399939103 ], [ -93.464935195262598, 41.8952906211859 ], [ -93.465209243792501, 41.895233414269697 ] ], [ [ -93.463644986512904, 41.896148698507901 ], [ -93.463706993321495, 41.896213403302603 ], [ -93.463821093774399, 41.896247836312597 ], [ -93.464011828575394, 41.8962784106022 ], [ -93.464286544560593, 41.896236419433897 ], [ -93.464851135174598, 41.896102659947701 ], [ -93.465103168385696, 41.896083469664397 ], [ -93.465247538901394, 41.896053222044003 ], [ -93.4654387768459, 41.895969350903798 ], [ -93.465507354733703, 41.8959197306934 ], [ -93.465529502494803, 41.895878140005898 ], [ -93.465483866731702, 41.8957636844913 ], [ -93.465407719589606, 41.895687078663101 ], [ -93.465247417027399, 41.895587359453998 ], [ -93.4649278957029, 41.895458580786098 ], [ -93.464676043584305, 41.895439325124499 ], [ -93.464637735457202, 41.895424265664502 ], [ -93.464392887256807, 41.895446278688098 ], [ -93.464126488473298, 41.895526882576199 ], [ -93.463790795300795, 41.895743825254598 ], [ -93.463729737957806, 41.895820417382197 ], [ -93.4636232315206, 41.896045441713397 ], [ -93.463644986512904, 41.896148698507901 ] ] ], [ [ [ -93.660132982525894, 41.896251273087202 ], [ -93.659880877069895, 41.896201994802901 ], [ -93.659874617337181, 41.896167670443106 ], [ -93.660392699165058, 41.896166011075756 ], [ -93.660384686654595, 41.8961673199017 ], [ -93.660132982525894, 41.896251273087202 ] ] ], [ [ [ -93.467704737265706, 41.897605461910302 ], [ -93.467429904255397, 41.897617056519699 ], [ -93.466964364766, 41.897731312376202 ], [ -93.466856990541302, 41.8977122150662 ], [ -93.466789284940504, 41.897670648205398 ], [ -93.4667893492514, 41.897601798616797 ], [ -93.466842412967395, 41.8975447196433 ], [ -93.467048261520603, 41.897426260300499 ], [ -93.467124428168006, 41.897468887289399 ], [ -93.467170438571699, 41.897472473055601 ], [ -93.467307935686506, 41.897464442272202 ], [ -93.467376627392795, 41.897445224878197 ], [ -93.467483660173897, 41.897373110069402 ], [ -93.467497927183899, 41.897247312657498 ], [ -93.467422164334806, 41.897159985511898 ], [ -93.467322362045707, 41.897132989725399 ], [ -93.467148092794503, 41.897117050284301 ], [ -93.467109912603604, 41.8970984174045 ], [ -93.4670332123207, 41.897037002449103 ], [ -93.467024880019096, 41.896965305566901 ], [ -93.467109813469406, 41.896899910567903 ], [ -93.4671626988642, 41.896881277161903 ], [ -93.467497856080698, 41.896846724838198 ], [ -93.467658162286895, 41.896812316459297 ], [ -93.467819033551507, 41.896728739860002 ], [ -93.467857178564103, 41.896614141148497 ], [ -93.467857064678, 41.896583737283599 ], [ -93.467803336191693, 41.896491477885696 ], [ -93.467658219624198, 41.896408154715502 ], [ -93.467437117162106, 41.896377883906403 ], [ -93.467331233593995, 41.896384747042298 ], [ -93.467116652275294, 41.8964762102134 ], [ -93.467047977302798, 41.896461449464098 ], [ -93.466964919963502, 41.896407957181097 ], [ -93.466926383850904, 41.896332090668899 ], [ -93.466926625681594, 41.896224795558602 ], [ -93.466994926339694, 41.896015113530297 ], [ -93.467109576575496, 41.895900228816501 ], [ -93.467506313367394, 41.895606683592803 ], [ -93.467544037856101, 41.895503701006199 ], [ -93.467521986246496, 41.895408486711297 ], [ -93.467475491015804, 41.895351241669402 ], [ -93.467399585195906, 41.895301466754297 ], [ -93.467215888488397, 41.895244210722097 ], [ -93.4670640452117, 41.895145554086099 ], [ -93.467041137500502, 41.895107549436197 ], [ -93.467078748859393, 41.894974163233996 ], [ -93.467154943719194, 41.894881771916097 ], [ -93.467270045496306, 41.8948214401115 ], [ -93.467437047909698, 41.895004445472701 ], [ -93.467597384596104, 41.895103268366398 ], [ -93.467635951896199, 41.895111178707502 ], [ -93.467826328178901, 41.8950845138096 ], [ -93.467879503033799, 41.895057838384098 ], [ -93.467978879167205, 41.8949623249054 ], [ -93.468002400137493, 41.8949162900049 ], [ -93.468070845842504, 41.894870242608299 ], [ -93.468131543625205, 41.894870539642199 ], [ -93.468147124340405, 41.894943272676798 ], [ -93.468132324639697, 41.8950502819024 ], [ -93.468177273431294, 41.895351603134699 ], [ -93.468177651275894, 41.895576045800397 ], [ -93.468146418003997, 41.8958016565051 ], [ -93.468094020330099, 41.895873949726997 ], [ -93.468070483740604, 41.895953962657302 ], [ -93.468062948325397, 41.896095092835502 ], [ -93.468108847190194, 41.896202399236302 ], [ -93.468231235621502, 41.896343396608103 ], [ -93.468276923844698, 41.896422979713101 ], [ -93.468315122923002, 41.896541759124901 ], [ -93.468154433061201, 41.896721015581697 ], [ -93.468139551319894, 41.896796727621002 ], [ -93.468161878185299, 41.896850815711304 ], [ -93.468222676447596, 41.896915494576902 ], [ -93.468436987791193, 41.896999280712699 ], [ -93.468689152553395, 41.896976509280499 ], [ -93.468994120041302, 41.896903805791901 ], [ -93.469184615146105, 41.896907542709897 ], [ -93.469223183620002, 41.8969154525928 ], [ -93.469276168194497, 41.896961200196799 ], [ -93.469283677281197, 41.897022150752598 ], [ -93.469230066520296, 41.897094420735797 ], [ -93.469123050811802, 41.897132558960202 ], [ -93.468108938345097, 41.897273611481999 ], [ -93.46794130344, 41.8973427491105 ], [ -93.467819128861905, 41.897430662100803 ], [ -93.467727611235702, 41.897510235040798 ], [ -93.467704737265706, 41.897605461910302 ] ] ], [ [ [ -93.564330129532095, 41.896895979540098 ], [ -93.564177959794407, 41.896907413013103 ], [ -93.564101330592905, 41.896946202668602 ], [ -93.563689902061299, 41.897254960646997 ], [ -93.563598587154999, 41.897297049288397 ], [ -93.563491093787803, 41.897315584631698 ], [ -93.563339576480502, 41.897308252463198 ], [ -93.563301246120105, 41.897293222268502 ], [ -93.563231866017603, 41.897228427784199 ], [ -93.563208905699497, 41.8971555685754 ], [ -93.563232303065305, 41.897041560223101 ], [ -93.563293501735401, 41.896922900963297 ], [ -93.563560725481807, 41.896640927920103 ], [ -93.563674502719394, 41.896441894542903 ], [ -93.563720393079606, 41.896274662457799 ], [ -93.563697090497101, 41.896072146433298 ], [ -93.563620804523495, 41.895961620613903 ], [ -93.563621815476097, 41.895954460351696 ], [ -93.564849512315888, 41.895948428144038 ], [ -93.5648952442141, 41.896427386734103 ], [ -93.564895743993702, 41.896552575991201 ], [ -93.564849328645707, 41.896804742068099 ], [ -93.564772887510998, 41.896907913883901 ], [ -93.564704658977902, 41.896949544879199 ], [ -93.564598348713105, 41.8969689975957 ], [ -93.564330129532095, 41.896895979540098 ] ] ], [ [ [ -93.560920219883613, 41.896636792068804 ], [ -93.561049545049897, 41.896614046675602 ], [ -93.561218202246195, 41.8966521063982 ], [ -93.561233351904306, 41.896705147182203 ], [ -93.561202263691101, 41.896900376811899 ], [ -93.561195013294295, 41.896934217191699 ], [ -93.561118536813098, 41.897003408858303 ], [ -93.561022807583214, 41.897239832269555 ], [ -93.560934091479524, 41.896997106443735 ], [ -93.560920219883613, 41.896636792068804 ] ] ], [ [ [ -93.463745312967305, 41.8985059076197 ], [ -93.463584164118899, 41.898429417850302 ], [ -93.463574437781375, 41.898428264467405 ], [ -93.463574732088659, 41.897944268119872 ], [ -93.4637674352998, 41.8978956255932 ], [ -93.464111222107604, 41.897857674865101 ], [ -93.464545928632802, 41.8978572767112 ], [ -93.464805798800896, 41.897823040006102 ], [ -93.464950464404396, 41.897784750875999 ], [ -93.465117941461202, 41.897720084754802 ], [ -93.465285596769505, 41.897616972736202 ], [ -93.465308344555694, 41.897525320419099 ], [ -93.465277640033094, 41.897434406314296 ], [ -93.465232229160804, 41.897380758294503 ], [ -93.465103291402997, 41.8973201041767 ], [ -93.4646296485232, 41.897289337314703 ], [ -93.464407976971003, 41.897308229323599 ], [ -93.464203033132094, 41.897334603070803 ], [ -93.463714224748102, 41.897487733258998 ], [ -93.463574989983982, 41.897520152219691 ], [ -93.463575112978958, 41.897317883619877 ], [ -93.463935323459907, 41.897216675979102 ], [ -93.464401268287105, 41.897124793227199 ], [ -93.464469135675699, 41.897094831175401 ], [ -93.464675825472696, 41.897087268842498 ], [ -93.465125863089895, 41.897132772606597 ], [ -93.465552993723904, 41.897140269801703 ], [ -93.465827971071505, 41.897091127064101 ], [ -93.466239037068604, 41.896972228980999 ], [ -93.466560088166105, 41.896991946184301 ], [ -93.466681989288304, 41.897079285633701 ], [ -93.466704590262594, 41.8971593102223 ], [ -93.466659372855702, 41.897167364021598 ], [ -93.466621581232204, 41.897205071111998 ], [ -93.466506733810903, 41.897258254251398 ], [ -93.466277313532203, 41.897323493965999 ], [ -93.466079698567199, 41.8974492671286 ], [ -93.466026456148001, 41.897544791463297 ], [ -93.466033121091399, 41.897628974067402 ], [ -93.466072336512795, 41.897686076794898 ], [ -93.466385107655697, 41.897800413481903 ], [ -93.466453476461098, 41.897857194428902 ], [ -93.466506314641407, 41.898074620493297 ], [ -93.466682495796405, 41.898239030114098 ], [ -93.466811436615799, 41.898299682717401 ], [ -93.4669262213378, 41.898315348882903 ], [ -93.467224111170097, 41.898304207911501 ], [ -93.467651442002904, 41.8982392744023 ], [ -93.467933797916103, 41.8981205268474 ], [ -93.467978869514795, 41.898082962208697 ], [ -93.468024538482197, 41.897995335929203 ], [ -93.468093536869802, 41.897934098310003 ], [ -93.468452556816302, 41.897743532496101 ], [ -93.468574166452299, 41.897704786952502 ], [ -93.468856294743205, 41.897659354700501 ], [ -93.469146590307901, 41.897555961245899 ], [ -93.469390407343695, 41.8974954696655 ], [ -93.469635096450403, 41.897410852259199 ], [ -93.470062243654993, 41.8973843565119 ], [ -93.470275434737999, 41.897331310235202 ], [ -93.470381785954501, 41.897277957208402 ], [ -93.470656752257995, 41.897094679196002 ], [ -93.4707557075929, 41.897010779274297 ], [ -93.470870367284505, 41.896861913089801 ], [ -93.470893716852302, 41.896686220306698 ], [ -93.470787081824895, 41.896579512612298 ], [ -93.4707255568119, 41.896568470661002 ], [ -93.470610889186901, 41.8965832117673 ], [ -93.470473753441894, 41.896648479661998 ], [ -93.469978501600707, 41.896980339832197 ], [ -93.469757205685795, 41.897022496645299 ], [ -93.469672382928707, 41.8969841723152 ], [ -93.469634783795897, 41.896949456613903 ], [ -93.469657120175, 41.8968354415126 ], [ -93.469725581222406, 41.896755415142501 ], [ -93.4700472356391, 41.896556959214102 ], [ -93.470153097626195, 41.896449946956203 ], [ -93.470207126927804, 41.896366060735701 ], [ -93.470207087288998, 41.896232829420299 ], [ -93.470183804163398, 41.896171569681698 ], [ -93.4700538269486, 41.896072451177702 ], [ -93.469939967745304, 41.896064853406102 ], [ -93.469703321468998, 41.896095084857699 ], [ -93.469612156996405, 41.896030705357198 ], [ -93.469596086720799, 41.895904312974501 ], [ -93.469673216355602, 41.895786007686397 ], [ -93.469703137622005, 41.895630115780797 ], [ -93.4696810006714, 41.895503604485 ], [ -93.469619294398498, 41.895396882898602 ], [ -93.469382688651393, 41.895191055226697 ], [ -93.469336741436905, 41.895118620862803 ], [ -93.469459527019694, 41.8950807919299 ], [ -93.469665164874797, 41.895202854845202 ], [ -93.469917003053794, 41.895256078700797 ], [ -93.4700771822787, 41.895359366192402 ], [ -93.470160761284205, 41.8954656222813 ], [ -93.470259708048502, 41.895549825559797 ], [ -93.470427588338396, 41.895641639499402 ], [ -93.470535495337501, 41.895679521725597 ], [ -93.470550170278301, 41.895710211016699 ], [ -93.470695113256994, 41.895831976481503 ], [ -93.470748083915794, 41.895911701386503 ], [ -93.470786138075795, 41.896236134885498 ], [ -93.470840580868099, 41.896308735324297 ], [ -93.470946551282097, 41.896400229121603 ], [ -93.471053878404504, 41.896454194514597 ], [ -93.471297763961303, 41.896526037214102 ], [ -93.471518679743497, 41.896628725050199 ], [ -93.471663464868101, 41.896754957214299 ], [ -93.471901064669794, 41.8968999971001 ], [ -93.472137104869702, 41.896953801174298 ], [ -93.472533320500901, 41.896976764508601 ], [ -93.472709862012707, 41.897064274352303 ], [ -93.472724538197397, 41.897094963444502 ], [ -93.472579490951901, 41.897143983651098 ], [ -93.472426595623702, 41.897174966649899 ], [ -93.472214014407101, 41.897143976860598 ], [ -93.472129983833597, 41.897117293836203 ], [ -93.471931252836796, 41.897106246578602 ], [ -93.4715494080653, 41.897155990420003 ], [ -93.471274679026706, 41.897231975106102 ], [ -93.471221213166203, 41.897266693788502 ], [ -93.470870207905506, 41.897403774177199 ], [ -93.470572681831001, 41.897472157206998 ], [ -93.470489804173496, 41.897514346470999 ], [ -93.469978306452703, 41.897590157042998 ], [ -93.469390574699503, 41.8976251270429 ], [ -93.469222843258706, 41.897696946960899 ], [ -93.469047751788295, 41.897804388951698 ], [ -93.468864084245396, 41.897880366647897 ], [ -93.468620233086, 41.897941750792903 ], [ -93.468231121821603, 41.898158551654198 ], [ -93.468009793474494, 41.898402786787599 ], [ -93.467928980130765, 41.898533622518762 ], [ -93.467819278287635, 41.898534070507431 ], [ -93.467826379876286, 41.899145397511269 ], [ -93.467795851688905, 41.899180984876203 ], [ -93.467726915201396, 41.899173372710997 ], [ -93.467452189751597, 41.899215371343402 ], [ -93.467239442810396, 41.899188840954899 ], [ -93.4671022974333, 41.899119980173197 ], [ -93.466896134441299, 41.898945146532903 ], [ -93.466727409699701, 41.898876559510903 ], [ -93.466536698986005, 41.898845095611797 ], [ -93.466216642359299, 41.898864741409703 ], [ -93.465858112958799, 41.898940857543202 ], [ -93.465606166021502, 41.899024431393499 ], [ -93.465285960020694, 41.8992157523831 ], [ -93.465210211181201, 41.899295633590398 ], [ -93.465204371705227, 41.899309692782211 ], [ -93.464682869680601, 41.899311775262952 ], [ -93.464523016386593, 41.899226692413997 ], [ -93.464118640270698, 41.8990935614327 ], [ -93.464019145306693, 41.899024543157402 ], [ -93.463950406040695, 41.898944505154297 ], [ -93.463927874766497, 41.898795630240301 ], [ -93.463867422535799, 41.898620973220197 ], [ -93.463745312967305, 41.8985059076197 ] ], [ [ -93.466049313815702, 41.8979529806399 ], [ -93.465903678507999, 41.897883951866497 ], [ -93.465659711805998, 41.897914926504903 ], [ -93.4652550298091, 41.898025006743502 ], [ -93.465117531357393, 41.898033035344802 ], [ -93.464943098493606, 41.898021560568203 ], [ -93.464737068913905, 41.8980443372172 ], [ -93.464538852764704, 41.898086044615397 ], [ -93.464308989776299, 41.898196874852999 ], [ -93.464209895498996, 41.898284344071001 ], [ -93.464163863208697, 41.898448860463702 ], [ -93.4642781921996, 41.8985441010255 ], [ -93.464576212945602, 41.898529392035499 ], [ -93.464965174364394, 41.898384132342599 ], [ -93.465316906209097, 41.898361535310698 ], [ -93.465506725364307, 41.8983840418379 ], [ -93.465721006853897, 41.898334600989102 ], [ -93.465987317781895, 41.898189611578601 ], [ -93.466033264212896, 41.898127922252101 ], [ -93.466072043789893, 41.8980294312911 ], [ -93.466049313815702, 41.8979529806399 ] ] ], [ [ [ -93.668059887936593, 41.896911588724002 ], [ -93.668037525052, 41.896999702190101 ], [ -93.668037703058403, 41.8971400819091 ], [ -93.668098060217005, 41.897369172893796 ], [ -93.668159601839207, 41.897453438148098 ], [ -93.668388156492696, 41.897663215841398 ], [ -93.668449460513102, 41.897754629628402 ], [ -93.668510124673006, 41.8979381260434 ], [ -93.668509931586698, 41.898162546356303 ], [ -93.668471794238897, 41.8982503749709 ], [ -93.668449186186393, 41.8986737789144 ], [ -93.668464172564001, 41.899207839156603 ], [ -93.668433382258698, 41.899257353478902 ], [ -93.668402793007601, 41.899483013095299 ], [ -93.668372322654804, 41.899559356811899 ], [ -93.668120949178004, 41.899778350357977 ], [ -93.665569880489315, 41.899774968779091 ], [ -93.665656545354096, 41.899657781433703 ], [ -93.665931792769697, 41.899414195322699 ], [ -93.6659624656793, 41.899368255914098 ], [ -93.666350650925807, 41.8991240296371 ], [ -93.666748289406797, 41.898814702502897 ], [ -93.667007115831694, 41.898517170330898 ], [ -93.667090488129503, 41.898383665785502 ], [ -93.667121904661997, 41.898315386639297 ], [ -93.667145067988699, 41.898094063889502 ], [ -93.667007609504495, 41.897628424868998 ], [ -93.666962055066307, 41.897392447968798 ], [ -93.666968696434395, 41.897338920956997 ], [ -93.667022103069002, 41.897266568962998 ], [ -93.667099033049695, 41.897216995247099 ], [ -93.667181978470296, 41.897132659647099 ], [ -93.667182525252997, 41.896934175336 ], [ -93.667212982063802, 41.896785408340001 ], [ -93.667304740371193, 41.896728055586102 ], [ -93.667366385777299, 41.896736323056601 ], [ -93.667533113099097, 41.896797454932901 ], [ -93.667602724131797, 41.896785301586597 ], [ -93.667663729957994, 41.8967399102945 ], [ -93.667747031548998, 41.896644851428299 ], [ -93.667777263040705, 41.896575656744403 ], [ -93.667891846662599, 41.896197728136201 ], [ -93.667935386083798, 41.89614185255931 ], [ -93.668838373296225, 41.896138960376241 ], [ -93.668769349585403, 41.896316409886197 ], [ -93.668739350894796, 41.8965608559161 ], [ -93.668685440437997, 41.8966483994108 ], [ -93.668593683366595, 41.896705753141198 ], [ -93.668228105500404, 41.8967822995806 ], [ -93.668120722468103, 41.8968349 ], [ -93.668059887936593, 41.896911588724002 ] ] ], [ [ [ -93.662841452583095, 41.896331658612802 ], [ -93.662955650953506, 41.8963659154808 ], [ -93.663353059013104, 41.896354336927097 ], [ -93.663558163185897, 41.896320498371701 ], [ -93.663810012628602, 41.896232070609997 ], [ -93.66395929149202, 41.896154587616145 ], [ -93.664669848973446, 41.896152311767395 ], [ -93.664687509059306, 41.896350780120699 ], [ -93.664634173016694, 41.896602850113403 ], [ -93.664519629340106, 41.896869906360799 ], [ -93.664382457072406, 41.897087376441398 ], [ -93.664062178309095, 41.897407037494297 ], [ -93.664016864221097, 41.897418734747099 ], [ -93.663703962023504, 41.897590104813901 ], [ -93.663154848462696, 41.897781337406002 ], [ -93.662871770779304, 41.8979684458047 ], [ -93.662795741559094, 41.898063633551203 ], [ -93.662498537868203, 41.898273732471502 ], [ -93.662353303593505, 41.898296136577898 ], [ -93.662093149122398, 41.898414811485097 ], [ -93.661963895553697, 41.898540328612299 ], [ -93.661888499731702, 41.898689174650698 ], [ -93.661841756539403, 41.898925269664502 ], [ -93.661865216466694, 41.899058918860199 ], [ -93.6619491804978, 41.899162370222001 ], [ -93.6620632636171, 41.899200202311199 ], [ -93.662193010762095, 41.899314318438201 ], [ -93.662262224391299, 41.899459526064497 ], [ -93.662223302227702, 41.899570586061998 ], [ -93.662231755892407, 41.899608292344197 ], [ -93.662201150815207, 41.899615784916399 ], [ -93.662124651881498, 41.899688610936998 ], [ -93.662094055157596, 41.899768527512798 ], [ -93.662094032800979, 41.899770361355856 ], [ -93.661670491686621, 41.899769799929309 ], [ -93.661546989838939, 41.899773005968704 ], [ -93.661508832810824, 41.899772964437744 ], [ -93.661266433649303, 41.899772744620137 ], [ -93.661216523871303, 41.899250127507301 ], [ -93.6612312270871, 41.899173499567297 ], [ -93.661200868490894, 41.898955677757499 ], [ -93.661262126560899, 41.8986849753082 ], [ -93.661345700342494, 41.898509454217702 ], [ -93.661499055476298, 41.898353080303302 ], [ -93.661589846002201, 41.8982885608836 ], [ -93.661605571869899, 41.8982539751944 ], [ -93.661651364713094, 41.898227981508697 ], [ -93.661758220085204, 41.898082388180498 ], [ -93.661864855141204, 41.897979708571803 ], [ -93.661903000633103, 41.8978918819369 ], [ -93.661872569936804, 41.8977125064796 ], [ -93.661833971198305, 41.897632230324596 ], [ -93.661720002194599, 41.897518399936502 ], [ -93.661529390313007, 41.897372780292798 ], [ -93.661369099984398, 41.897373451482402 ], [ -93.661132532455895, 41.8974040339629 ], [ -93.660575379068604, 41.8975450391723 ], [ -93.6602777278665, 41.897659453949998 ], [ -93.660026681945297, 41.897796172210398 ], [ -93.659820382330395, 41.897938172225899 ], [ -93.659659504680704, 41.8981015606401 ], [ -93.659561365988296, 41.898276816424399 ], [ -93.659552805902806, 41.898387532162999 ], [ -93.659583350505798, 41.898563333988299 ], [ -93.659682929726898, 41.898780623511598 ], [ -93.659697891389996, 41.8989141190089 ], [ -93.659682451141094, 41.899157934191997 ], [ -93.6597281973511, 41.899460083077798 ], [ -93.659767380490607, 41.899559147222497 ], [ -93.659828477617097, 41.899620161563099 ], [ -93.659934891093002, 41.899669480045503 ], [ -93.660278395053098, 41.899745451041298 ], [ -93.660314146136969, 41.899771877871792 ], [ -93.659313704150506, 41.899770961743769 ], [ -93.659297075910956, 41.897737491713123 ], [ -93.659522962801304, 41.897609999876899 ], [ -93.659583932653604, 41.897602164654998 ], [ -93.659774355736999, 41.897499218398899 ], [ -93.660277851188695, 41.897365290676603 ], [ -93.660903873741205, 41.897125393977397 ], [ -93.661010008065304, 41.8971103298203 ], [ -93.661086703173495, 41.897067908320999 ], [ -93.661254710114804, 41.8970906244774 ], [ -93.661498762787602, 41.897163001202401 ], [ -93.661781343765298, 41.897354099479202 ], [ -93.661986943445797, 41.897559896354203 ], [ -93.662124714374897, 41.8976518047971 ], [ -93.662368142973804, 41.897742945080601 ], [ -93.662437218490595, 41.8977468789287 ], [ -93.662566986105404, 41.897678594456103 ], [ -93.662590062048395, 41.897605694693397 ], [ -93.662551264075304, 41.897495015102102 ], [ -93.662200850789304, 41.897190030427801 ], [ -93.662170238287899, 41.897125099155502 ], [ -93.662193433884795, 41.897048625196803 ], [ -93.662262112019306, 41.896991751846699 ], [ -93.662360647593303, 41.896949725336903 ], [ -93.662894438375005, 41.896926313161401 ], [ -93.663009453814595, 41.896899784704402 ], [ -93.663108028851894, 41.896820205366097 ], [ -93.663138772346898, 41.896735820927297 ], [ -93.663123545457495, 41.896682792135302 ], [ -93.663055436205099, 41.896613605487502 ], [ -93.663024365247296, 41.896598736802197 ], [ -93.662833304269199, 41.896575605338299 ], [ -93.662582029991597, 41.896610394573003 ], [ -93.662437236433902, 41.8966560537391 ], [ -93.662291666473493, 41.896724945770202 ], [ -93.661941766314996, 41.896804440946099 ], [ -93.661742498996105, 41.8968088768437 ], [ -93.661613112508206, 41.896793120117898 ], [ -93.661521024166703, 41.896751215715398 ], [ -93.661308480392805, 41.896716963187302 ], [ -93.661216971015605, 41.896621421921203 ], [ -93.661025514962802, 41.896537480519797 ], [ -93.660911627324495, 41.896457627494698 ], [ -93.660804068731593, 41.896297418430301 ], [ -93.66062352065147, 41.896165271776255 ], [ -93.661034647077585, 41.896163954976998 ], [ -93.661635785086503, 41.896586989559303 ], [ -93.661765369324897, 41.896633149889801 ], [ -93.661926284993399, 41.896613713076597 ], [ -93.662291710995206, 41.896469228630501 ], [ -93.662612487504902, 41.8963892049617 ], [ -93.662795631574895, 41.896358546242297 ], [ -93.662841452583095, 41.896331658612802 ] ] ], [ [ [ -93.472259437082997, 41.898239325477903 ], [ -93.4721595133324, 41.8983500326826 ], [ -93.472175548704101, 41.898578359287697 ], [ -93.472304810093306, 41.898731111758899 ], [ -93.472381735304594, 41.8988873096514 ], [ -93.472366451303898, 41.898940660232398 ], [ -93.4723274161354, 41.898979238832801 ], [ -93.472235785817901, 41.899028411164601 ], [ -93.472038378466095, 41.899047791765497 ], [ -93.471968906260898, 41.899021393869901 ], [ -93.471816601273801, 41.899002314509801 ], [ -93.471748374867005, 41.898975046738897 ], [ -93.471480701972993, 41.8989563887122 ], [ -93.471374653435106, 41.898967722857101 ], [ -93.471267506853096, 41.899009437078 ], [ -93.471191474405899, 41.899097363586002 ], [ -93.4712671979551, 41.899219560334799 ], [ -93.471152899790496, 41.899257557644702 ], [ -93.470992603640894, 41.899257992368298 ], [ -93.470817678005503, 41.899192865885801 ], [ -93.470725456595602, 41.899123995488097 ], [ -93.470664728699802, 41.8989564898596 ], [ -93.470703290186904, 41.898830274075998 ], [ -93.4707943033861, 41.898731017376001 ], [ -93.470916720910296, 41.898669931237201 ], [ -93.471099580887596, 41.898616288895703 ], [ -93.471473691859401, 41.898444787914897 ], [ -93.471625417908399, 41.898311848050902 ], [ -93.471640979316007, 41.898284433847401 ], [ -93.471587414647104, 41.898086667567597 ], [ -93.471382188933404, 41.897784888260603 ], [ -93.471480784286001, 41.897643754051003 ], [ -93.471580648504798, 41.8976018970463 ], [ -93.471778051904707, 41.897582517177398 ], [ -93.471893081346295, 41.897625008676897 ], [ -93.472076341618006, 41.897761830201198 ], [ -93.472213371277803, 41.897968384814099 ], [ -93.472427141877503, 41.898067354492902 ], [ -93.472655790244403, 41.898090611152703 ], [ -93.472793301009105, 41.898048596473402 ], [ -93.472960629376701, 41.898021472332601 ], [ -93.472953245677999, 41.898125050944003 ], [ -93.472907698880107, 41.898243082897103 ], [ -93.4728307464229, 41.8983229447227 ], [ -93.4727245961585, 41.898269897994602 ], [ -93.472503401994302, 41.898208338351402 ], [ -93.472358914324701, 41.898208190246301 ], [ -93.472259437082997, 41.898239325477903 ] ] ], [ [ [ -93.660613918935397, 41.966373340168097 ], [ -93.660719919205903, 41.9663654242432 ], [ -93.661026109953497, 41.966404055392097 ], [ -93.661452447100402, 41.966484205949897 ], [ -93.662048244573697, 41.966548645116198 ], [ -93.662474893132497, 41.9665831941943 ], [ -93.663039510927305, 41.966598778100398 ], [ -93.663498168383796, 41.966693813782598 ], [ -93.6638105947154, 41.966800509583102 ], [ -93.663887424764496, 41.9668653869658 ], [ -93.663787815873604, 41.966900246842201 ], [ -93.663543726415497, 41.966930704347803 ], [ -93.663245974051193, 41.967003111552899 ], [ -93.662803878156893, 41.967212399633603 ], [ -93.662559845337796, 41.967350159295599 ], [ -93.662421874910606, 41.967369122563902 ], [ -93.662353358169099, 41.967346421733701 ], [ -93.662299517316299, 41.967284642110897 ], [ -93.662224005364294, 41.967071351857399 ], [ -93.661994981628595, 41.966942018983701 ], [ -93.661781278642195, 41.966899699633302 ], [ -93.661353533458495, 41.966861551656699 ], [ -93.660735426682294, 41.9667010267368 ], [ -93.660582923052303, 41.9666821687279 ], [ -93.660476683026403, 41.966697233737897 ], [ -93.660224582016298, 41.966858091765801 ], [ -93.660163199311896, 41.966949081328501 ], [ -93.659874077614006, 41.967162919486803 ], [ -93.659552703986805, 41.967250985702002 ], [ -93.659301443380997, 41.967277728526497 ], [ -93.659018913856002, 41.967258300252404 ], [ -93.658934727882198, 41.9672317367788 ], [ -93.658889756745793, 41.967231815725903 ], [ -93.658813512040496, 41.9671132943595 ], [ -93.658638117468996, 41.966979562497002 ], [ -93.658600557538122, 41.966964660743585 ], [ -93.658598747099688, 41.96677296971756 ], [ -93.659308972839199, 41.966907669590398 ], [ -93.659431428058795, 41.966952810253296 ], [ -93.659614417217099, 41.966968645343002 ], [ -93.659813022954594, 41.9668810369485 ], [ -93.660133669304003, 41.966560467274697 ], [ -93.6603157770884, 41.966457358009897 ], [ -93.660613918935397, 41.966373340168097 ] ] ], [ [ [ -93.660591130015305, 41.967998567682599 ], [ -93.6606675696206, 41.9680750645309 ], [ -93.660712435630998, 41.968223419019097 ], [ -93.660674639044402, 41.968299634938802 ], [ -93.660415401031699, 41.968528323122101 ], [ -93.659851085909807, 41.968902601771902 ], [ -93.659629204427006, 41.969031815833297 ], [ -93.659476707405204, 41.9691578160758 ], [ -93.659378313305794, 41.969265124474497 ], [ -93.659316226951503, 41.969413329622498 ], [ -93.659385378708805, 41.969489695263597 ], [ -93.659523282214593, 41.969509184241197 ], [ -93.659751980693201, 41.969466830621499 ], [ -93.660018835819301, 41.969337536959102 ], [ -93.660225076504801, 41.969203567837098 ], [ -93.660414789712902, 41.969054991911101 ], [ -93.660644291323393, 41.968806986841301 ], [ -93.660697878717698, 41.968731056915402 ], [ -93.660750830978202, 41.968601463887502 ], [ -93.660949701826794, 41.968433380965301 ], [ -93.661033613593403, 41.968395556274899 ], [ -93.661293062372494, 41.968342132489397 ], [ -93.661483507294804, 41.968207875556203 ], [ -93.661590377170398, 41.968174043018102 ], [ -93.661727482540599, 41.9681809965032 ], [ -93.661789269062197, 41.968223248054002 ], [ -93.661842482482498, 41.968303794634103 ], [ -93.661887652687994, 41.968334120795099 ], [ -93.662238188412402, 41.968319006104998 ], [ -93.662413774363003, 41.9683382799331 ], [ -93.6625138325428, 41.9683991077248 ], [ -93.662551595679005, 41.968432876352097 ], [ -93.662552033404694, 41.968456133278799 ], [ -93.662383810320506, 41.968689155237399 ], [ -93.662277531611807, 41.9690323899299 ], [ -93.662184935622605, 41.969184514989799 ], [ -93.662139384659497, 41.969238236196098 ], [ -93.661994687819302, 41.969349179281501 ], [ -93.661949207198205, 41.969364451385303 ], [ -93.661475765806401, 41.969710874218499 ], [ -93.660987578708998, 41.970207253165 ], [ -93.660850831138106, 41.970371096630402 ], [ -93.660567869488304, 41.970836317856097 ], [ -93.660515041603901, 41.971034766496103 ], [ -93.660423391311497, 41.971267385522303 ], [ -93.660353861031098, 41.971347497757698 ], [ -93.660087244498399, 41.971542073188999 ], [ -93.659897063198301, 41.971740715719797 ], [ -93.659881714996203, 41.971836116649001 ], [ -93.659965278633607, 41.971881446393603 ], [ -93.6603852985793, 41.9718971037858 ], [ -93.660606511394704, 41.971751780208997 ], [ -93.660788785899697, 41.971535109532802 ], [ -93.661025238288502, 41.971442818922597 ], [ -93.661140575093199, 41.971446696106099 ], [ -93.661360959588706, 41.971580345472802 ], [ -93.661429599746697, 41.971599472322602 ], [ -93.661544110775097, 41.971591709640798 ], [ -93.661719816307397, 41.971534979853402 ], [ -93.6619493296879, 41.971359401742298 ], [ -93.662048358825501, 41.971305754369403 ], [ -93.662185510962303, 41.971275151916799 ], [ -93.662292583753995, 41.971271724916797 ], [ -93.662437301628501, 41.971305641219601 ], [ -93.662575019783006, 41.971367150732398 ], [ -93.6626507884109, 41.971427538936901 ], [ -93.662711761157993, 41.971530580717001 ], [ -93.6628033706275, 41.971626129152199 ], [ -93.662833379695101, 41.971637402571197 ], [ -93.663260696666498, 41.971725612526001 ], [ -93.663528738666002, 41.971706318763999 ], [ -93.663581897011497, 41.971679560395998 ], [ -93.663634856164094, 41.971622395756199 ], [ -93.663642960787897, 41.9715617370803 ], [ -93.663619244167094, 41.971507656306798 ], [ -93.6635438629296, 41.971435651150301 ], [ -93.663314463978296, 41.971317043817898 ], [ -93.663047609922899, 41.971119069153303 ], [ -93.662932842257007, 41.970989122458498 ], [ -93.662856945146402, 41.970859879110797 ], [ -93.662826161927995, 41.9706536572263 ], [ -93.662833590276193, 41.970576890917101 ], [ -93.662902091848494, 41.970454731726797 ], [ -93.663146553767007, 41.970195368089499 ], [ -93.663970750120598, 41.969463627383703 ], [ -93.664207688341406, 41.969283709247499 ], [ -93.664389916644495, 41.969177019301497 ], [ -93.664596517751093, 41.969104749195701 ], [ -93.665053733440203, 41.968879632307598 ], [ -93.665252149622404, 41.968834038987602 ], [ -93.6654197424633, 41.968837962929797 ], [ -93.665793612838897, 41.968997627856098 ], [ -93.666060918932004, 41.969036438296797 ], [ -93.666229288011806, 41.969017126210801 ], [ -93.666328042045095, 41.968971518580197 ], [ -93.666374416445507, 41.968929435351299 ], [ -93.666382228542503, 41.9688410515041 ], [ -93.666343930547001, 41.968677616528403 ], [ -93.666213370280801, 41.968547387777498 ], [ -93.666159934183099, 41.968509760245901 ], [ -93.665771638996006, 41.968345364755798 ], [ -93.665413192568295, 41.968124279438499 ], [ -93.665298368396904, 41.968105214002598 ], [ -93.664558651948596, 41.967509720360503 ], [ -93.6644746413251, 41.967368707261997 ], [ -93.664275997370297, 41.967166604255198 ], [ -93.664215384441604, 41.967052839929501 ], [ -93.664275319134802, 41.967041405294403 ], [ -93.664313828852997, 41.967052832088903 ], [ -93.664619557945599, 41.967178182800602 ], [ -93.665031351277307, 41.967402917345296 ], [ -93.665176044225603, 41.967510153746701 ], [ -93.665976852496598, 41.967986926272097 ], [ -93.666228965273902, 41.968116669298396 ], [ -93.666664129240502, 41.968406202807003 ], [ -93.667121681219996, 41.968753367574799 ], [ -93.667144654037202, 41.9688297888585 ], [ -93.667114352745699, 41.968936544514897 ], [ -93.667091580733299, 41.969291127420298 ], [ -93.667068165887599, 41.969337202445303 ], [ -93.667060997170907, 41.969734094439197 ], [ -93.667083316890796, 41.970085021262101 ], [ -93.667061051370297, 41.970424412505203 ], [ -93.666984639749302, 41.970710962513103 ], [ -93.666892452912293, 41.970923903682902 ], [ -93.666756037602099, 41.9711145851414 ], [ -93.666664446143699, 41.971309653137098 ], [ -93.666709766082107, 41.971481263094297 ], [ -93.666793504418905, 41.971557888301298 ], [ -93.666900300750797, 41.971599162218098 ], [ -93.667091286092102, 41.971557902543999 ], [ -93.667404353976096, 41.9714276397928 ], [ -93.667761962726303, 41.9712373754748 ], [ -93.6681817503693, 41.970931987733302 ], [ -93.668256414131932, 41.970870113369266 ], [ -93.66827202229878, 41.97197337349202 ], [ -93.667945176984304, 41.971939049844302 ], [ -93.667853693715003, 41.971912360434203 ], [ -93.667746978016197, 41.971905068169498 ], [ -93.667503260468607, 41.971923915801199 ], [ -93.667335234613205, 41.971969167587602 ], [ -93.667075321482898, 41.972072670435502 ], [ -93.66698224522824, 41.972124704365086 ], [ -93.665673754650555, 41.972121579671338 ], [ -93.665679606818998, 41.972084112995297 ], [ -93.6656414699914, 41.971988638960603 ], [ -93.6655271348138, 41.971881951448303 ], [ -93.665367467768206, 41.971786068919599 ], [ -93.664977672874798, 41.971629691358302 ], [ -93.664710447034693, 41.971588197592801 ], [ -93.664397461728797, 41.971606681013903 ], [ -93.664184560812799, 41.971721758591599 ], [ -93.664092711997597, 41.9718515441063 ], [ -93.6640389474166, 41.972041929549803 ], [ -93.664048996307869, 41.972117699725757 ], [ -93.663296831091586, 41.972115903544733 ], [ -93.663260625255603, 41.972091337356602 ], [ -93.663128898612769, 41.972115502519628 ], [ -93.658649103963981, 41.972104804707541 ], [ -93.65864649758656, 41.971828838867722 ], [ -93.658684043646005, 41.971813515596203 ], [ -93.658904875752, 41.971752242476398 ], [ -93.659148744651006, 41.971728942800098 ], [ -93.659461606519599, 41.971641616688402 ], [ -93.659660225722902, 41.971554008052898 ], [ -93.659805439437804, 41.971427875178698 ], [ -93.659835172609306, 41.9713747621783 ], [ -93.659813295926497, 41.971229506007198 ], [ -93.659759035468298, 41.971180236199899 ], [ -93.659659639827197, 41.971172175672997 ], [ -93.659462111033903, 41.971190950913197 ], [ -93.658706624561702, 41.971538512373101 ], [ -93.658643863524077, 41.971549941706463 ], [ -93.658632556038711, 41.970352693884514 ], [ -93.658713936573207, 41.970340422364998 ], [ -93.658904491886503, 41.9703483477738 ], [ -93.6590805485244, 41.970389989517003 ], [ -93.6593240767982, 41.970485611430398 ], [ -93.659515458282797, 41.9705051754434 ], [ -93.659652765435197, 41.9705425373674 ], [ -93.660163932093198, 41.9704856290994 ], [ -93.660476667494095, 41.970401875267797 ], [ -93.660675084042396, 41.970283858989802 ], [ -93.660903134859197, 41.970042980325999 ], [ -93.661704693586998, 41.968898620664298 ], [ -93.661742679651795, 41.968780380763299 ], [ -93.661704669572501, 41.968681331326501 ], [ -93.6616668170319, 41.968650243396603 ], [ -93.661589916289898, 41.968623813569103 ], [ -93.661476187410599, 41.968608341324497 ], [ -93.661308643985294, 41.968639286672001 ], [ -93.661177767975204, 41.968700404238803 ], [ -93.661026171507501, 41.968799596711698 ], [ -93.660819581788104, 41.969016720665799 ], [ -93.6605226706981, 41.969390480515102 ], [ -93.660384630873807, 41.969520320537001 ], [ -93.660179364929306, 41.969661461188799 ], [ -93.659881525718902, 41.969772309929198 ], [ -93.659530329692004, 41.969879508468402 ], [ -93.659240507003901, 41.969932378413098 ], [ -93.6588049951946, 41.9699441563154 ], [ -93.658628495675018, 41.96992277852889 ], [ -93.658617553543621, 41.968764214748546 ], [ -93.659484196206193, 41.9682807480159 ], [ -93.659583659611698, 41.968250359656103 ], [ -93.659858923159405, 41.968123901547301 ], [ -93.660049394632793, 41.968097844512002 ], [ -93.6603769643703, 41.968006312398003 ], [ -93.660537925064901, 41.967990450324599 ], [ -93.660591130015305, 41.967998567682599 ] ], [ [ -93.665068777868001, 41.9698483151533 ], [ -93.664962276713993, 41.969943856664301 ], [ -93.664931675183695, 41.970168640148103 ], [ -93.664962333612394, 41.970306006121497 ], [ -93.665016378894194, 41.9703981910557 ], [ -93.665245311820399, 41.970603523637898 ], [ -93.665252799800299, 41.9706340616071 ], [ -93.665237164436803, 41.971320520301298 ], [ -93.665321220242305, 41.971423978067499 ], [ -93.665381946332701, 41.971461737823397 ], [ -93.665473428068907, 41.971488428969998 ], [ -93.665588765195395, 41.9714923021819 ], [ -93.665839569862698, 41.9714431836546 ], [ -93.665962063378004, 41.971378332878601 ], [ -93.666106996821696, 41.971260235844298 ], [ -93.666281875318703, 41.9710461067978 ], [ -93.666389697518994, 41.970874581447198 ], [ -93.666709355976295, 41.9705468227761 ], [ -93.666770443321496, 41.9704281044826 ], [ -93.666824225840699, 41.970382578073298 ], [ -93.666853926557195, 41.9701846037173 ], [ -93.666823652226299, 41.970035620707002 ], [ -93.666778346206399, 41.969936440950598 ], [ -93.666640733373995, 41.969798931538499 ], [ -93.666388733099197, 41.969665614447102 ], [ -93.666228494493097, 41.969623374400399 ], [ -93.666122370560799, 41.969634869490697 ], [ -93.666038767107807, 41.969627099252001 ], [ -93.665908907920098, 41.9696578374569 ], [ -93.665428268029501, 41.969710849084301 ], [ -93.665160365184505, 41.969799001989799 ], [ -93.665068777868001, 41.9698483151533 ] ], [ [ -93.663253045559998, 41.970572856593002 ], [ -93.663253931114994, 41.970691800494201 ], [ -93.663291874623596, 41.970829298816902 ], [ -93.663337365600697, 41.970886456167101 ], [ -93.663421637218804, 41.970946997727602 ], [ -93.663611886082407, 41.971000514551001 ], [ -93.664023887600507, 41.971183229559202 ], [ -93.664214525769196, 41.971225127996803 ], [ -93.664428820284201, 41.971213802269901 ], [ -93.664558015192895, 41.971130295926599 ], [ -93.664557993270805, 41.970985435986499 ], [ -93.664519938678893, 41.970923942584797 ], [ -93.664283479812397, 41.9707256260644 ], [ -93.664245653853797, 41.970584553432602 ], [ -93.664291312832404, 41.970454826860397 ], [ -93.664420495684297, 41.970298890819201 ], [ -93.664435797985305, 41.970241044952097 ], [ -93.664413773617696, 41.970172687913099 ], [ -93.664344615692698, 41.970096324903302 ], [ -93.664222301100594, 41.970046720465099 ], [ -93.664122637795899, 41.970046706265897 ], [ -93.663924456354593, 41.970085148686003 ], [ -93.663581847364497, 41.970226492897602 ], [ -93.663429424642601, 41.970314048892497 ], [ -93.663307249140502, 41.970405728778601 ], [ -93.663253045559998, 41.970572856593002 ] ] ], [ [ [ -93.464728714482106, 41.971630133863101 ], [ -93.464500200107196, 41.971630118823199 ], [ -93.463820909736796, 41.971591741592697 ], [ -93.463577111823199, 41.971476961578603 ], [ -93.4633554641931, 41.971488704537002 ], [ -93.463264121694394, 41.971527151317702 ], [ -93.463218838060101, 41.971569185516302 ], [ -93.463203811628418, 41.971569159993358 ], [ -93.463216994250615, 41.970726684036585 ], [ -93.463248367467997, 41.970722022843901 ], [ -93.463447014499195, 41.970741126862599 ], [ -93.463485493346695, 41.970752613555902 ], [ -93.463607209864193, 41.970881986660899 ], [ -93.4636762166095, 41.970889601654797 ], [ -93.463744689642297, 41.970878427027301 ], [ -93.464064627203896, 41.970737159885999 ], [ -93.464103527599306, 41.970737029515398 ], [ -93.464164533305805, 41.970764160476698 ], [ -93.464187334570397, 41.970805743367002 ], [ -93.464164820818596, 41.9708902543588 ], [ -93.463843678255202, 41.971198721595798 ], [ -93.463790927813903, 41.971279061796302 ], [ -93.463775863358606, 41.971359247856299 ], [ -93.463843346725099, 41.9714088622814 ], [ -93.463904644714603, 41.971427950925502 ], [ -93.463973943821102, 41.971427523303902 ], [ -93.464423542254195, 41.971263762460801 ], [ -93.4645842799127, 41.971222206102901 ], [ -93.464736919306404, 41.971202846646499 ], [ -93.464874044599398, 41.971142047287799 ], [ -93.464981354827501, 41.971065460410202 ], [ -93.465102304261194, 41.970813869614801 ], [ -93.465225274236801, 41.970741166928399 ], [ -93.465301309538106, 41.970756072946401 ], [ -93.465338946211801, 41.970790792856299 ], [ -93.465346476493593, 41.970817767926803 ], [ -93.465308870147894, 41.970916290753301 ], [ -93.465316513333903, 41.970973672295798 ], [ -93.465271182153103, 41.971050581689603 ], [ -93.465277723577401, 41.971138345875602 ], [ -93.465347377833993, 41.971195156037297 ], [ -93.465613996530394, 41.971317534429602 ], [ -93.465659309575997, 41.971408742215097 ], [ -93.465651469563298, 41.9715579269618 ], [ -93.465560273647, 41.971625888250998 ], [ -93.465392636632203, 41.971656579521103 ], [ -93.465217339520507, 41.971663869899402 ], [ -93.464790174961195, 41.971644754055703 ], [ -93.464728714482106, 41.971630133863101 ] ] ], [ [ [ -93.559790840826395, 42.035697852757004 ], [ -93.559073895069105, 42.035778215693803 ], [ -93.558944118222996, 42.035766821967599 ], [ -93.558852718019494, 42.035736478580702 ], [ -93.558715745349303, 42.035652511420999 ], [ -93.558586197860294, 42.035495352792097 ], [ -93.558319114424705, 42.035305190224598 ], [ -93.558159196898501, 42.035251194814599 ], [ -93.557586412594105, 42.035209966837201 ], [ -93.557487190872394, 42.0351598003597 ], [ -93.557464063034601, 42.0351253803898 ], [ -93.557456712193002, 42.0350572756426 ], [ -93.557502611607404, 42.034927577077198 ], [ -93.557586230957597, 42.034797697006802 ], [ -93.557602454677209, 42.034694371906525 ], [ -93.560003502324818, 42.034695692486324 ], [ -93.560042830610499, 42.034927263073001 ], [ -93.560295073008504, 42.035228927644901 ], [ -93.560271624561395, 42.035342953763099 ], [ -93.560150164205496, 42.035476592713401 ], [ -93.560042734540602, 42.035556839206599 ], [ -93.559829747948498, 42.035663710073898 ], [ -93.559790840826395, 42.035697852757004 ] ] ], [ [ [ -93.556090414847205, 42.035754928054402 ], [ -93.555946197651295, 42.035808541328599 ], [ -93.555673392067192, 42.03585140589324 ], [ -93.555673837519691, 42.035523188766938 ], [ -93.555670935975215, 42.035380103353702 ], [ -93.555900733046698, 42.035369480408498 ], [ -93.556136340167697, 42.035415966885303 ], [ -93.556244103018102, 42.035465401622197 ], [ -93.556304294193694, 42.035518408323099 ], [ -93.556312296890695, 42.035602622703799 ], [ -93.556121650008706, 42.035766250096003 ], [ -93.556090414847205, 42.035754928054402 ] ] ], [ [ [ -93.463645476883798, 42.035083750358702 ], [ -93.463843777677695, 42.0349499177564 ], [ -93.463874642950202, 42.034904019257297 ], [ -93.4643709092054, 42.034873511935899 ], [ -93.464629426300206, 42.034790046546298 ], [ -93.464903407521064, 42.034611812977737 ], [ -93.465828395631632, 42.034611813116655 ], [ -93.465515132527898, 42.034789531223801 ], [ -93.4654695173558, 42.034839612399601 ], [ -93.465430920431999, 42.034930969440502 ], [ -93.465469108022404, 42.035152612835702 ], [ -93.465606502285993, 42.035255469695599 ], [ -93.465942631620194, 42.035313035823698 ], [ -93.466239792837996, 42.035304552539998 ], [ -93.466323160698906, 42.035320495757297 ], [ -93.466529221783304, 42.035274453575902 ], [ -93.466620775508602, 42.035232426908699 ], [ -93.4666901700148, 42.035164030882399 ], [ -93.466727420015104, 42.035076224309499 ], [ -93.466796976334194, 42.035003359867197 ], [ -93.466872562830602, 42.034965491649203 ], [ -93.4669952879524, 42.034969685435001 ], [ -93.467086938907798, 42.034992050652001 ], [ -93.467346138383803, 42.035225178807998 ], [ -93.467415193392, 42.035266775839801 ], [ -93.467643073442702, 42.035290021267798 ], [ -93.467675315353731, 42.035282590075376 ], [ -93.467674861473526, 42.035785086928968 ], [ -93.467673784280606, 42.035785176347296 ], [ -93.467345692085999, 42.035774276376799 ], [ -93.466751009280699, 42.035801077780803 ], [ -93.466530049514404, 42.035754714365801 ], [ -93.466231670948403, 42.0356290279273 ], [ -93.466086785695097, 42.035598464 ], [ -93.465880739816896, 42.035610522018899 ], [ -93.465827635816893, 42.0355987491264 ], [ -93.465484258048903, 42.035640309037802 ], [ -93.465285553536901, 42.035751778556602 ], [ -93.465239710528493, 42.035808115431699 ], [ -93.465240242963404, 42.035961053036097 ], [ -93.465316686237202, 42.036201333190803 ], [ -93.465392548139505, 42.036323552855301 ], [ -93.465385590750898, 42.036548782907303 ], [ -93.465393535008417, 42.036567650274876 ], [ -93.465259390543181, 42.036568865880049 ], [ -93.465303509395653, 42.036915202489183 ], [ -93.464965111084894, 42.036636228147501 ], [ -93.464897095671802, 42.036498958777301 ], [ -93.464889754552502, 42.036399546207399 ], [ -93.464843606309401, 42.0362966895635 ], [ -93.464668652249003, 42.036189517800302 ], [ -93.4645910381074, 42.036182629490398 ], [ -93.464462604382703, 42.036201573567602 ], [ -93.464248675763201, 42.036296645372801 ], [ -93.463988672669501, 42.036521382378503 ], [ -93.463950557320601, 42.036666407385802 ], [ -93.463980957440498, 42.0369683870641 ], [ -93.463935125284493, 42.037124886805501 ], [ -93.463843904567995, 42.037258138170401 ], [ -93.4637148046166, 42.0372618651827 ], [ -93.463607346617096, 42.037239187368797 ], [ -93.463500782656396, 42.037158396683097 ], [ -93.463447713155702, 42.037078655722397 ], [ -93.463416515788595, 42.036899180982999 ], [ -93.463447665139597, 42.036678002825298 ], [ -93.463393403696799, 42.036430107827101 ], [ -93.463439029870898, 42.036178807308403 ], [ -93.463508608325299, 42.036071961046801 ], [ -93.463706540244601, 42.035914869104701 ], [ -93.463844295263897, 42.035873750910099 ], [ -93.463973505065596, 42.035900432561697 ], [ -93.464203073338794, 42.0358772129957 ], [ -93.464438494992507, 42.035793294702003 ], [ -93.464508313965794, 42.035713282033498 ], [ -93.464515658052605, 42.035678547975003 ], [ -93.464492300993797, 42.035618170962699 ], [ -93.4643855762545, 42.035541849533097 ], [ -93.464248278519193, 42.035503383581002 ], [ -93.464171621345201, 42.035503668269598 ], [ -93.463943674510006, 42.0355492773311 ], [ -93.463829216640406, 42.035518413555103 ], [ -93.463638299077601, 42.035415398746302 ], [ -93.463561140282593, 42.035395998389703 ], [ -93.463378063953698, 42.0354120804096 ], [ -93.463172938676607, 42.035499274296903 ], [ -93.462997604478105, 42.035637134055101 ], [ -93.462981781833705, 42.035670807308897 ], [ -93.462967143944397, 42.036006781082101 ], [ -93.462888248405605, 42.036103956723295 ], [ -93.462891805241426, 42.034834719726632 ], [ -93.462913010845, 42.034851163028598 ], [ -93.462967139502496, 42.035102632457601 ], [ -93.463088613264205, 42.0351747729989 ], [ -93.463264683718407, 42.035217578407803 ], [ -93.463371102717801, 42.035201780765902 ], [ -93.463530952259404, 42.035121746914903 ], [ -93.463645476883798, 42.035083750358702 ] ] ], [ [ [ -93.463988955834694, 42.037719766711497 ], [ -93.464187607328199, 42.037475939422698 ], [ -93.464225304936704, 42.0372083851829 ], [ -93.464331890954597, 42.037121044936498 ], [ -93.4644163961554, 42.037105710761097 ], [ -93.464560911570999, 42.037113017191501 ], [ -93.464751479840501, 42.037158787883001 ], [ -93.464858094640107, 42.037204700322597 ], [ -93.465072606573301, 42.0372276880315 ], [ -93.465156690066095, 42.037223971160799 ], [ -93.465216700645399, 42.0372466115208 ], [ -93.465263205778996, 42.037406711121498 ], [ -93.465379901979205, 42.037514890533224 ], [ -93.465395012541663, 42.037633509687375 ], [ -93.4648353228242, 42.037764987745099 ], [ -93.464598759464906, 42.037880185644397 ], [ -93.464362536988304, 42.0379524627891 ], [ -93.464149368654503, 42.0379259230277 ], [ -93.464072888408694, 42.037887755708503 ], [ -93.463981351657196, 42.037761650236199 ], [ -93.463988955834694, 42.037719766711497 ] ] ], [ [ [ -93.560127645306295, 42.0374793730874 ], [ -93.560172746402301, 42.0376510336636 ], [ -93.560187479774896, 42.037890981352099 ], [ -93.560158046602893, 42.037967334696603 ], [ -93.559967177990004, 42.038241855945301 ], [ -93.559928394397105, 42.038272423971499 ], [ -93.559851945337698, 42.038406018610303 ], [ -93.559806172904601, 42.038532143741499 ], [ -93.559791106511099, 42.038684782987403 ], [ -93.559836738399397, 42.038841251005401 ], [ -93.559874893935302, 42.038898311614801 ], [ -93.559967262861704, 42.038970704261097 ], [ -93.560188199249794, 42.039054466549103 ], [ -93.560419396945505, 42.039025835097888 ], [ -93.560418171147745, 42.03945011482525 ], [ -93.559966633380398, 42.039650353686199 ], [ -93.559828898313796, 42.0396575908321 ], [ -93.559631582184196, 42.039733457747097 ], [ -93.559440971709904, 42.0397566877663 ], [ -93.559364466456699, 42.039752560389701 ], [ -93.559149858002897, 42.039661761804403 ], [ -93.5591349889513, 42.039634652277797 ], [ -93.559143348389298, 42.039569526835898 ], [ -93.559196009465694, 42.039490034985697 ], [ -93.559165305438995, 42.039428643380802 ], [ -93.559112713842794, 42.039401715829598 ], [ -93.558852865567701, 42.039386971541099 ], [ -93.558806634523705, 42.039352115361801 ], [ -93.558799841748794, 42.039302801042503 ], [ -93.558883896366694, 42.039230162271103 ], [ -93.559096643055298, 42.039165319434197 ], [ -93.5591965298334, 42.039161839868903 ], [ -93.559371988645495, 42.039119544056902 ], [ -93.559593189273301, 42.038952016588802 ], [ -93.559607781467903, 42.038917414741199 ], [ -93.559600836202605, 42.038802814393598 ], [ -93.5595240239399, 42.038737869530998 ], [ -93.559447490732197, 42.038699758613497 ], [ -93.559021080004698, 42.0386121149796 ], [ -93.558669455969394, 42.038577751310797 ], [ -93.558318136544401, 42.038639081553299 ], [ -93.557906578333998, 42.038787807603001 ], [ -93.557800050295597, 42.038807257924503 ], [ -93.557708271573105, 42.038787638027301 ], [ -93.557654590197998, 42.038757112128401 ], [ -93.5576478013582, 42.038672920488601 ], [ -93.557677890844801, 42.038612677232997 ], [ -93.557838733860393, 42.038501246977603 ], [ -93.557944545587404, 42.038467474454599 ], [ -93.558692324719701, 42.038341196223101 ], [ -93.559135115365905, 42.038203789097302 ], [ -93.559509197632707, 42.038013214451198 ], [ -93.559729836393601, 42.037792019053299 ], [ -93.559813858983304, 42.0376853962536 ], [ -93.559837002623098, 42.037475675160202 ], [ -93.559799353476905, 42.037299683721997 ], [ -93.559668707538705, 42.0371738053515 ], [ -93.559501081706898, 42.037166169079903 ], [ -93.559356739289797, 42.037223361046202 ], [ -93.559241324022295, 42.037323130686502 ], [ -93.559119327265805, 42.0374719618763 ], [ -93.558998115672097, 42.037528695987397 ], [ -93.558944434700805, 42.0374981706697 ], [ -93.558990611688301, 42.037395305145701 ], [ -93.5589828818878, 42.037372801934801 ], [ -93.558936370981002, 42.037345989180203 ], [ -93.558875798932206, 42.037338585220397 ], [ -93.558577890659194, 42.037368730233801 ], [ -93.558456496667503, 42.037361071544197 ], [ -93.558265559598695, 42.037254621504999 ], [ -93.558235135812794, 42.037220063783501 ], [ -93.558227127837597, 42.037170726591398 ], [ -93.558288332804693, 42.037055625183697 ], [ -93.558539547131204, 42.036934275709299 ], [ -93.558875862030305, 42.036884287537703 ], [ -93.558997255239404, 42.036891945829197 ], [ -93.559044018115898, 42.036876731734701 ], [ -93.559219344069604, 42.036872888259197 ], [ -93.559364091879104, 42.036804078383398 ], [ -93.5594174645571, 42.036773786057999 ], [ -93.559478765203295, 42.036586248626101 ], [ -93.559745880890603, 42.036357882603198 ], [ -93.559875477474407, 42.036270006133897 ], [ -93.560081226128304, 42.036300718788702 ], [ -93.560219138309293, 42.0363578736048 ], [ -93.560325535337597, 42.036376873339897 ], [ -93.560427081636021, 42.03636596861098 ], [ -93.560426401963682, 42.036601220465556 ], [ -93.560386500661707, 42.036616798955997 ], [ -93.560241752478603, 42.036720487173802 ], [ -93.560058435951504, 42.0369182418018 ], [ -93.560020084613299, 42.037040929690797 ], [ -93.560012315763998, 42.037158829164603 ], [ -93.560050246373606, 42.037326777213998 ], [ -93.560127645306295, 42.0374793730874 ] ] ], [ [ [ -93.5598757623914, 42.0412064956733 ], [ -93.559661683819499, 42.041030750031702 ], [ -93.559303075551895, 42.0408129262944 ], [ -93.559097003927405, 42.0407562718867 ], [ -93.558959208932606, 42.040695540762997 ], [ -93.558867679771794, 42.040633894644898 ], [ -93.558837785287807, 42.040584143977703 ], [ -93.558913983899103, 42.040527453953899 ], [ -93.559058487329693, 42.040500671112802 ], [ -93.559234507263199, 42.040512043508102 ], [ -93.559317779821498, 42.040496624289403 ], [ -93.559416985748797, 42.040443051273797 ], [ -93.559485859447193, 42.040352239521297 ], [ -93.5595923623289, 42.040263926754697 ], [ -93.559806046330095, 42.040207148949499 ], [ -93.559936518522406, 42.040198880410799 ], [ -93.560157332057301, 42.0403210950467 ], [ -93.560341207160803, 42.040351394341002 ], [ -93.560415636850038, 42.040327299603291 ], [ -93.560411285800967, 42.041833308152491 ], [ -93.559302852367395, 42.041844271559661 ], [ -93.559302981663507, 42.041790387285097 ], [ -93.559699210345798, 42.041732584553202 ], [ -93.559852728796997, 42.041656784776698 ], [ -93.559890985395896, 42.041606532205599 ], [ -93.559959147167305, 42.041431643037903 ], [ -93.559921493652396, 42.041290528210197 ], [ -93.5598757623914, 42.0412064956733 ] ] ], [ [ [ -93.658813441434376, 42.107042760576924 ], [ -93.658813323762899, 42.107063189377499 ], [ -93.658744358622599, 42.107086088581298 ], [ -93.6585918660533, 42.107094061038303 ], [ -93.658294405906602, 42.107067213263903 ], [ -93.658143262410661, 42.107027765800623 ], [ -93.658233669350935, 42.107028370807519 ], [ -93.658813441434376, 42.107042760576924 ] ] ], [ [ [ -93.656333256983999, 42.107951979616999 ], [ -93.656410355562997, 42.108013297127599 ], [ -93.656517084410595, 42.108062630507298 ], [ -93.656737692090303, 42.108093456496903 ], [ -93.657180808700502, 42.107989688500801 ], [ -93.657241422458796, 42.107997940821903 ], [ -93.657271882808203, 42.1080700397371 ], [ -93.657264750508602, 42.108173654264199 ], [ -93.657088700552194, 42.108302828979298 ], [ -93.656974601191294, 42.108436702771499 ], [ -93.656928850585103, 42.108856215292803 ], [ -93.6569512931611, 42.109420952280303 ], [ -93.656989496331903, 42.109588886367099 ], [ -93.6569436861828, 42.109683751553902 ], [ -93.656898122089601, 42.109916350166401 ], [ -93.657012203453604, 42.110000695765102 ], [ -93.657271748357104, 42.109996452144102 ], [ -93.657310185771095, 42.110012351970603 ], [ -93.657356032660601, 42.110061476675 ], [ -93.657325971902694, 42.110195084011501 ], [ -93.657127155142902, 42.110385556727401 ], [ -93.657081508116093, 42.110439285162897 ], [ -93.65707887403525, 42.110446378714897 ], [ -93.656624616288283, 42.110449169360962 ], [ -93.656363804459303, 42.110160666442901 ], [ -93.656227004957799, 42.110100056008903 ], [ -93.656119522581903, 42.110073067279799 ], [ -93.655951983468498, 42.110129953143499 ], [ -93.655739116034496, 42.110412286734501 ], [ -93.655728402840737, 42.110454675077797 ], [ -93.655264658935124, 42.110457524000275 ], [ -93.655417582068495, 42.110195395188903 ], [ -93.655516887532499, 42.110103288500198 ], [ -93.655723132472303, 42.109981817364897 ], [ -93.655982601277103, 42.109943589866504 ], [ -93.656128231948898, 42.109886307097703 ], [ -93.656325475080806, 42.109778981494401 ], [ -93.656371919065904, 42.109737788617601 ], [ -93.656433072067699, 42.109657511027898 ], [ -93.656463014223206, 42.1095274791859 ], [ -93.6565319034993, 42.1093981528063 ], [ -93.656585551533695, 42.1091424479472 ], [ -93.656569603822703, 42.1090008528667 ], [ -93.656486538625799, 42.1089358499528 ], [ -93.656409485253505, 42.108909412636599 ], [ -93.656166353138701, 42.1089327329871 ], [ -93.6559829945827, 42.108989332180599 ], [ -93.655829672731699, 42.109058101804798 ], [ -93.655699987695499, 42.109184537527298 ], [ -93.655639180478303, 42.109290756963802 ], [ -93.655586548256693, 42.109443630399298 ], [ -93.655456697650095, 42.109611202783597 ], [ -93.6553118192585, 42.109718581684199 ], [ -93.654938080558495, 42.109931816921701 ], [ -93.654609568386306, 42.110176278751702 ], [ -93.654570861712102, 42.110240864270601 ], [ -93.654541306310705, 42.110359276381701 ], [ -93.654572562183574, 42.110461775765017 ], [ -93.654358169989834, 42.110463092842679 ], [ -93.654356093173291, 42.11028085371629 ], [ -93.654510410188095, 42.1100465899178 ], [ -93.654609836813606, 42.109950908741801 ], [ -93.654730976233495, 42.109897655278601 ], [ -93.6549217900603, 42.109764279245603 ], [ -93.655067810590893, 42.109622936384397 ], [ -93.655051713428506, 42.109340926274101 ], [ -93.655090103186595, 42.1092495046423 ], [ -93.655173585483894, 42.109157111559398 ], [ -93.655563533575801, 42.109004984999103 ], [ -93.655647451259298, 42.108935852468903 ], [ -93.655670063753604, 42.108879024231598 ], [ -93.655731142647596, 42.108837202468202 ], [ -93.656357039029501, 42.108730488368103 ], [ -93.656447867867001, 42.108673107009203 ], [ -93.656455754497003, 42.108619589297497 ], [ -93.656440802939898, 42.108593382531303 ], [ -93.656341796147899, 42.1085316681541 ], [ -93.656173521923705, 42.108501789566603 ], [ -93.656074637773301, 42.108508941593499 ], [ -93.655829735303797, 42.108584995431102 ], [ -93.655631980832894, 42.108562631082997 ], [ -93.655548166247002, 42.108519972568097 ], [ -93.655471940354104, 42.108505176143801 ], [ -93.655273555491803, 42.108501581021002 ], [ -93.654838621956998, 42.108615328762397 ], [ -93.654639456382398, 42.1087074132449 ], [ -93.654434400367293, 42.108829798328799 ], [ -93.654340478328919, 42.108910662593871 ], [ -93.654333719242928, 42.108317557763577 ], [ -93.654587087109306, 42.108200265766101 ], [ -93.654937647610097, 42.107951732672397 ], [ -93.655082807687705, 42.107799642472102 ], [ -93.655204645660604, 42.107544280151401 ], [ -93.655204599970702, 42.107509399991002 ], [ -93.655006411596602, 42.107391332220097 ], [ -93.654983406459806, 42.107314896202602 ], [ -93.655006605239905, 42.107276859993398 ], [ -93.655143831854105, 42.107215848913199 ], [ -93.655570824820302, 42.107193179435903 ], [ -93.655715233029497, 42.107135875268803 ], [ -93.655799268425397, 42.107063167608402 ], [ -93.655813270389359, 42.10701217339988 ], [ -93.656757021348866, 42.107018489019431 ], [ -93.656616548998798, 42.107131633799703 ], [ -93.656447849164607, 42.107295819894297 ], [ -93.656386968430198, 42.107368053082503 ], [ -93.656303568554193, 42.107566874821501 ], [ -93.656334147830293, 42.107635398728199 ], [ -93.656273312906293, 42.107742512061101 ], [ -93.656333256983999, 42.107951979616999 ] ] ], [ [ [ -93.657950499663599, 42.109367496125401 ], [ -93.658027279921598, 42.109329534865601 ], [ -93.658233119868299, 42.109328788944197 ], [ -93.658431481863005, 42.109405715208801 ], [ -93.658531104247501, 42.109412884204701 ], [ -93.658637364599798, 42.109367407005699 ], [ -93.658828314423999, 42.109157114437998 ], [ -93.658881819187499, 42.109123203232897 ], [ -93.658942584072093, 42.109126985768 ], [ -93.659019128861999, 42.109168616185599 ], [ -93.6590650663601, 42.109215058833598 ], [ -93.659065581414097, 42.109272306093203 ], [ -93.659004269455906, 42.109393721729198 ], [ -93.658973042611606, 42.109562187562503 ], [ -93.658996250383595, 42.109669034324597 ], [ -93.659064593551307, 42.109737346634098 ], [ -93.659113734197945, 42.10976173904519 ], [ -93.659115506517381, 42.109971407189093 ], [ -93.659064609393099, 42.109954672385101 ], [ -93.658722298930101, 42.109703428356703 ], [ -93.658621998869293, 42.109680149068502 ], [ -93.658492535662504, 42.109691221316801 ], [ -93.6583095886987, 42.109844420418 ], [ -93.658240385090096, 42.109946911759401 ], [ -93.658226144138993, 42.110008363728298 ], [ -93.658240513930394, 42.110088220420003 ], [ -93.658393262214602, 42.1102179818268 ], [ -93.658492543162694, 42.1102716505494 ], [ -93.658729011216494, 42.110301865771298 ], [ -93.659073160910793, 42.110389478208099 ], [ -93.659119061292444, 42.110391942603272 ], [ -93.659119415475729, 42.110433843036702 ], [ -93.658220579558574, 42.110439364864185 ], [ -93.658012536262206, 42.1103130460477 ], [ -93.657982027088707, 42.110206066837101 ], [ -93.657997447062996, 42.1100006468385 ], [ -93.658058401308494, 42.109889957198703 ], [ -93.658095836040005, 42.109718026468997 ], [ -93.657943085286703, 42.1095158228987 ], [ -93.657950499663599, 42.109367496125401 ] ] ], [ [ [ -93.367767074238401, 41.892344980025499 ], [ -93.367445938701664, 41.892330454156152 ], [ -93.367445243070208, 41.892203562377844 ], [ -93.367904691725641, 41.892203888145943 ], [ -93.367865709191705, 41.892272775014703 ], [ -93.367767074238401, 41.892344980025499 ] ] ], [ [ [ -93.463798699753795, 41.8924105371146 ], [ -93.463897527145207, 41.892330217000598 ], [ -93.463973123060597, 41.892287889118997 ], [ -93.464194666541502, 41.892238594246798 ], [ -93.464355272392993, 41.892162170603399 ], [ -93.464378587858334, 41.892098528146612 ], [ -93.464945881929935, 41.892097204660701 ], [ -93.464950012373706, 41.892200683586303 ], [ -93.464805211875003, 41.892276524396799 ], [ -93.464370859954698, 41.892402112408 ], [ -93.464027471371693, 41.892463319111698 ], [ -93.463897425228893, 41.8924670218302 ], [ -93.463867482212095, 41.892455703249901 ], [ -93.463798699753795, 41.8924105371146 ] ] ], [ [ [ -93.371329712413498, 41.892757412982 ], [ -93.371352337223996, 41.8928338798273 ], [ -93.371268700360801, 41.892894768677202 ], [ -93.371169622160295, 41.892914210246502 ], [ -93.370979095734398, 41.892814649733502 ], [ -93.370926116060204, 41.8928028398227 ], [ -93.370757207186003, 41.892806550975401 ], [ -93.370635576564396, 41.892779928985902 ], [ -93.370505650400503, 41.892715581962797 ], [ -93.370368906429704, 41.892574195803 ], [ -93.370147366778497, 41.892395313496202 ], [ -93.369971909938798, 41.892314836605699 ], [ -93.3698492015846, 41.892284615149997 ], [ -93.369743281107901, 41.892292291680803 ], [ -93.369643737131398, 41.892356431877701 ], [ -93.369628137099298, 41.892383833581697 ], [ -93.369674977670499, 41.892623536424402 ], [ -93.369621305068506, 41.8927270619293 ], [ -93.369522234609704, 41.892810883844703 ], [ -93.369353896716703, 41.892799403627301 ], [ -93.368896393859302, 41.892696184059403 ], [ -93.368758279201302, 41.892623620560698 ], [ -93.368644866336098, 41.892539936329598 ], [ -93.368629594749095, 41.892494021307499 ], [ -93.368736247622905, 41.892402307068402 ], [ -93.368911453273995, 41.892360276979602 ], [ -93.369018008533601, 41.892303433814703 ], [ -93.369110075852305, 41.892276697449098 ], [ -93.369148085304701, 41.892234551639298 ], [ -93.369151310193999, 41.89220477205 ], [ -93.370331900017874, 41.892205609137015 ], [ -93.370383862390398, 41.892273159890998 ], [ -93.370475841671805, 41.892345675425901 ], [ -93.370971640180102, 41.892528358165599 ], [ -93.371047340091494, 41.892581763626801 ], [ -93.371131326634497, 41.8926085123192 ], [ -93.371238302371495, 41.892669708483297 ], [ -93.371329712413498, 41.892757412982 ] ] ], [ [ [ -93.375457738985205, 41.892890640091203 ], [ -93.375403887096198, 41.892902063111002 ], [ -93.375190832226593, 41.892917400530798 ], [ -93.375090917096898, 41.892959182700601 ], [ -93.375030623638807, 41.892948119862197 ], [ -93.374945837162002, 41.892975008594902 ], [ -93.374800656591802, 41.892993514836903 ], [ -93.374740363150096, 41.892982451862501 ], [ -93.374442460348405, 41.893058654415299 ], [ -93.374199040127706, 41.893074266405101 ], [ -93.374046131629797, 41.893039857544899 ], [ -93.373839514860293, 41.8928836401033 ], [ -93.373656773108394, 41.8928030199937 ], [ -93.3735342300036, 41.8927683345105 ], [ -93.373489574911204, 41.892761166069597 ], [ -93.373366741588399, 41.892798903568597 ], [ -93.373191162865993, 41.892818577450697 ], [ -93.372939697731297, 41.892886780217303 ], [ -93.372764689003901, 41.892891263971201 ], [ -93.372711066076207, 41.892864240535999 ], [ -93.372688512308798, 41.892818177728799 ], [ -93.372588305851096, 41.892738342746398 ], [ -93.372512106666605, 41.892730531523803 ], [ -93.372443259361404, 41.892753272320498 ], [ -93.372367545803698, 41.8928295243973 ], [ -93.372275685581798, 41.892883092897897 ], [ -93.372130398644103, 41.892872085830803 ], [ -93.372046641169007, 41.8928068924534 ], [ -93.372024658352402, 41.892745639989698 ], [ -93.372055087535301, 41.892517348226498 ], [ -93.372054323530804, 41.892376051300403 ], [ -93.3720316258499, 41.892269180832798 ], [ -93.371999377062153, 41.892206741640209 ], [ -93.373000007318936, 41.892207409482559 ], [ -93.373068798531904, 41.892261690738501 ], [ -93.373572878613899, 41.892547363307301 ], [ -93.373717500278403, 41.892608429602703 ], [ -93.373840189269103, 41.892703922500402 ], [ -93.374045881940006, 41.8927876920676 ], [ -93.374167782121702, 41.892807162817398 ], [ -93.374427107658406, 41.892788297874802 ], [ -93.374541917081402, 41.892737877486297 ], [ -93.374801685946593, 41.892577739539497 ], [ -93.374854405714302, 41.892467039185497 ], [ -93.3748469793548, 41.892406083480502 ], [ -93.374808886957894, 41.892353445603 ], [ -93.374544794173858, 41.892208440506835 ], [ -93.376368097217409, 41.892209657418853 ], [ -93.376358184123504, 41.892223115861199 ], [ -93.3761437648227, 41.8923072792618 ], [ -93.375998834427094, 41.892383913898499 ], [ -93.375885287193299, 41.8924978483291 ], [ -93.375815791639496, 41.892635033385801 ], [ -93.3757472272776, 41.892715009522398 ], [ -93.375457738985205, 41.892890640091203 ] ] ], [ [ [ -93.36748933464574, 41.893649141162079 ], [ -93.367485155089298, 41.893642058796203 ], [ -93.367461519661305, 41.893528014596797 ], [ -93.367469462396798, 41.893413720601401 ], [ -93.367515281632194, 41.893260855250197 ], [ -93.367599019947605, 41.8931650974801 ], [ -93.367629788054799, 41.893154100856698 ], [ -93.367927479639803, 41.893245122643499 ], [ -93.3683083216348, 41.893417422690497 ], [ -93.368461638374896, 41.893505498002099 ], [ -93.368552474773495, 41.893608394093398 ], [ -93.368484338012607, 41.893676750925501 ], [ -93.368415905617098, 41.893817530938598 ], [ -93.368339410142397, 41.893882140459603 ], [ -93.368178964445207, 41.893951296687 ], [ -93.368104688510201, 41.893944889132868 ], [ -93.368090715942614, 41.893639100046286 ], [ -93.36748933464574, 41.893649141162079 ] ] ], [ [ [ -93.463874732327994, 41.894634028005903 ], [ -93.463623075163298, 41.894676471437002 ], [ -93.463576721620981, 41.894672427929891 ], [ -93.463576822401592, 41.894506691467754 ], [ -93.4635852308583, 41.894257451434797 ], [ -93.463828561728107, 41.894199450659897 ], [ -93.463897492892201, 41.894207064864503 ], [ -93.464034254190594, 41.894252673100702 ], [ -93.464110948790307, 41.894314089644297 ], [ -93.464050341959805, 41.894512296975201 ], [ -93.4639663627662, 41.894584861856401 ], [ -93.463874732327994, 41.894634028005903 ] ] ], [ [ [ -93.375472366032596, 41.895316866003 ], [ -93.375389172303798, 41.895236485012603 ], [ -93.375403584263694, 41.8951759734394 ], [ -93.375487790018198, 41.8950998921527 ], [ -93.375564521585702, 41.895061214654497 ], [ -93.375823151364202, 41.895061110479801 ], [ -93.375907772481, 41.895038688636298 ], [ -93.375990931788294, 41.894958114825997 ], [ -93.376044697203696, 41.894851905892502 ], [ -93.376174054076898, 41.8947373982949 ], [ -93.376289281686098, 41.8947406359284 ], [ -93.376388777373705, 41.894774850077397 ], [ -93.376876707123103, 41.895038720979898 ], [ -93.376807631807694, 41.895099909598997 ], [ -93.376784936415802, 41.895187078492199 ], [ -93.376563284002799, 41.895366774046998 ], [ -93.376319925271105, 41.895542451097597 ], [ -93.376220456774007, 41.895637000502198 ], [ -93.376197786931598, 41.8956910849246 ], [ -93.376194914230027, 41.895694059916003 ], [ -93.37583258283, 41.895693270489808 ], [ -93.375938095219794, 41.895622315815402 ], [ -93.375983609726006, 41.895541870445101 ], [ -93.375976825684802, 41.895496128877703 ], [ -93.375861676687705, 41.895393637730301 ], [ -93.375724266915597, 41.8953666996374 ], [ -93.375610285101203, 41.895362592671901 ], [ -93.375472366032596, 41.895316866003 ] ] ], [ [ [ -93.368415840514103, 41.895401138301601 ], [ -93.368475974013805, 41.895481053593002 ], [ -93.368522503227297, 41.8956644174106 ], [ -93.368534926204291, 41.89567304685562 ], [ -93.367465108102564, 41.895669419986525 ], [ -93.367464327843209, 41.895533286631156 ], [ -93.367744595440499, 41.895427683059403 ], [ -93.367850823399493, 41.8954119666043 ], [ -93.367919943709893, 41.895382080156097 ], [ -93.368156665015903, 41.8953511418934 ], [ -93.368285373804795, 41.895351084919298 ], [ -93.3683397026726, 41.895359346680699 ], [ -93.368415840514103, 41.895401138301601 ] ] ], [ [ [ -93.36985844018254, 41.895677533797787 ], [ -93.369879795525904, 41.895637549492399 ], [ -93.369941161081499, 41.895587831702898 ], [ -93.370002597923303, 41.895568517786003 ], [ -93.370116651166697, 41.895603033605802 ], [ -93.3702233619303, 41.895671378859397 ], [ -93.370229637342973, 41.8956787922206 ], [ -93.36985844018254, 41.895677533797787 ] ] ], [ [ [ -93.280290835945351, 41.958586910730467 ], [ -93.280290337420567, 41.959160754480223 ], [ -93.280288502028299, 41.9591519293798 ], [ -93.280249855852901, 41.959083150171899 ], [ -93.280143331725796, 41.9587285606313 ], [ -93.2801513502733, 41.958678649967197 ], [ -93.280204267328799, 41.958599279628999 ], [ -93.28029085191821, 41.95857235302968 ], [ -93.280290835945351, 41.958586910730467 ] ] ], [ [ [ -93.371604788477697, 41.964206948555599 ], [ -93.371024901588399, 41.9641459594704 ], [ -93.370956650963095, 41.964118636383802 ], [ -93.370871561152299, 41.964054305761202 ], [ -93.370856781197404, 41.964027177043597 ], [ -93.370917347399796, 41.963871020522902 ], [ -93.371047070908702, 41.963718060537502 ], [ -93.371215522395801, 41.9635694659273 ], [ -93.371292249862705, 41.963435994820898 ], [ -93.371269395870797, 41.963332689803401 ], [ -93.371193038431301, 41.9632300840832 ], [ -93.371078730523706, 41.963134754018 ], [ -93.3709937472767, 41.963099936230599 ], [ -93.370742152577705, 41.963100179105098 ], [ -93.370605024011894, 41.963126897384903 ], [ -93.370467832537301, 41.963187596076402 ], [ -93.370185254468495, 41.963332971142002 ], [ -93.3699030239015, 41.963565990131002 ], [ -93.369727648578404, 41.9636724118511 ], [ -93.369499071393193, 41.963771489761498 ], [ -93.369254395047903, 41.963813900932998 ], [ -93.368766245028596, 41.9638021663391 ], [ -93.368446005294302, 41.963882383663901 ], [ -93.368339172287094, 41.963943698898902 ], [ -93.3681632923645, 41.964095715604103 ], [ -93.368102686173998, 41.964252764448901 ], [ -93.368171860968005, 41.964416929782601 ], [ -93.368324737054451, 41.964619634381123 ], [ -93.367330251367676, 41.964612871164171 ], [ -93.367308385238303, 41.964597258561305 ], [ -93.367298354820903, 41.963316512156148 ], [ -93.367598688839294, 41.963306200587297 ], [ -93.367805217816596, 41.963340815572998 ], [ -93.368003619125204, 41.963397621052401 ], [ -93.368438525867901, 41.963661349022999 ], [ -93.368537035866694, 41.963691972885698 ], [ -93.368873570879103, 41.9636308668629 ], [ -93.369064331891096, 41.963535490877398 ], [ -93.369185460530204, 41.963417233749503 ], [ -93.369224580864696, 41.963314296687997 ], [ -93.369216105568498, 41.963248843089701 ], [ -93.369154967513097, 41.963161748589997 ], [ -93.369056117917907, 41.963107867550903 ], [ -93.368835284577401, 41.963065809026801 ], [ -93.368224654625095, 41.963111491880298 ], [ -93.368041066243094, 41.963080922196603 ], [ -93.367927610492998, 41.963027636823803 ], [ -93.367859123431998, 41.962974373749397 ], [ -93.367820550849302, 41.962836765809598 ], [ -93.367858705046302, 41.9625013021802 ], [ -93.367804889658402, 41.962413462077997 ], [ -93.367675641113905, 41.962295467941203 ], [ -93.367538231474697, 41.962200558026097 ], [ -93.367288738253933, 41.962088608762151 ], [ -93.367284127966713, 41.961499938465487 ], [ -93.367515771897601, 41.961570542327699 ], [ -93.367613911525794, 41.961643189462002 ], [ -93.367720996113405, 41.9617687800977 ], [ -93.367881889644096, 41.961917823978098 ], [ -93.368034141608007, 41.962005881965403 ], [ -93.368216512724601, 41.9620364268686 ], [ -93.368270587232004, 41.9620205380794 ], [ -93.368346854565999, 41.961963965700001 ], [ -93.368498994263106, 41.961635296631798 ], [ -93.368575492892603, 41.961540275789901 ], [ -93.368674867267302, 41.961483279903298 ], [ -93.368819242633293, 41.961425412432497 ], [ -93.369063440074498, 41.961395512212903 ], [ -93.369186198287906, 41.961395330614302 ], [ -93.369353995160196, 41.961425576970903 ], [ -93.369522203629103, 41.961509486931703 ], [ -93.369682091756204, 41.961685335701198 ], [ -93.369704905174402, 41.9617573410193 ], [ -93.369682351458493, 41.961872240826999 ], [ -93.369643732896606, 41.961929580899699 ], [ -93.369331447766001, 41.962153937626802 ], [ -93.3692701319751, 41.962265364951897 ], [ -93.369285561481107, 41.962372096034599 ], [ -93.369384283552904, 41.9624939379081 ], [ -93.369461137949799, 41.962550947622397 ], [ -93.369605900815202, 41.962612023431298 ], [ -93.369773398201204, 41.962650311447902 ], [ -93.369941429492101, 41.962642108681102 ], [ -93.370025491332697, 41.962604473468097 ], [ -93.370093693755393, 41.962536110414902 ], [ -93.370125025594405, 41.962478621761299 ], [ -93.370146696219294, 41.962322567950501 ], [ -93.370108787566195, 41.9621348959638 ], [ -93.369986847509693, 41.961951772284799 ], [ -93.369918851710807, 41.961788526701802 ], [ -93.369934126977796, 41.961479424785601 ], [ -93.369872682858201, 41.961368179614702 ], [ -93.369735368838306, 41.961238398086401 ], [ -93.369117132027597, 41.9610022387944 ], [ -93.368484648714499, 41.960628070637199 ], [ -93.368270871154905, 41.9605602214545 ], [ -93.368170882148604, 41.9605367213154 ], [ -93.367828077857297, 41.960506483004302 ], [ -93.367537603756801, 41.960571207630899 ], [ -93.367393333049407, 41.960658586212503 ], [ -93.367277301401955, 41.960628279997955 ], [ -93.36726975826825, 41.95966512552544 ], [ -93.3673479676836, 41.959636420350897 ], [ -93.367606830113402, 41.959571946087699 ], [ -93.367767470122899, 41.959598471613901 ], [ -93.368048981442598, 41.959674856345899 ], [ -93.368209897732697, 41.9597586193224 ], [ -93.368423060363696, 41.959778166244803 ], [ -93.368750735887204, 41.959693629990802 ], [ -93.369078974737505, 41.959529515672699 ], [ -93.369231883981797, 41.959503120780397 ], [ -93.369429561577803, 41.959514302247797 ], [ -93.369598265844303, 41.9595526150948 ], [ -93.369689824442801, 41.959606347066902 ], [ -93.369895826426003, 41.959816222086801 ], [ -93.369986847729805, 41.959884250997298 ], [ -93.370162911125604, 41.959953117681799 ], [ -93.370307089116906, 41.959964996649497 ], [ -93.370422049819993, 41.959945875757803 ], [ -93.370536669910706, 41.959903497187902 ], [ -93.370620958908802, 41.959827413426702 ], [ -93.370750603800502, 41.959644048321302 ], [ -93.370803999182698, 41.959613836655301 ], [ -93.370894709427503, 41.959625520494299 ], [ -93.370955909121903, 41.959678633393601 ], [ -93.370978929476806, 41.959777470173997 ], [ -93.371025182223207, 41.959807922332303 ], [ -93.371100374346796, 41.959812136024702 ], [ -93.371162423884499, 41.959907296129998 ], [ -93.371261510567507, 41.959987113646903 ], [ -93.371559179197703, 41.960021789592801 ], [ -93.371795887601294, 41.9600292906484 ], [ -93.371894163882999, 41.960098360114301 ], [ -93.371917550129496, 41.960155174191797 ], [ -93.371886499693204, 41.9602699011485 ], [ -93.3716201081413, 41.960502350819297 ], [ -93.371604805935306, 41.960586099376897 ], [ -93.3716502344855, 41.960735470585 ], [ -93.371734313127106, 41.960826607614102 ], [ -93.371901783969705, 41.960930173009203 ], [ -93.372037751071701, 41.960991994259956 ], [ -93.371952352486318, 41.960992271279565 ], [ -93.371538622181731, 41.961120731079291 ], [ -93.37118124812622, 41.961025043336015 ], [ -93.371070711659002, 41.960891793031202 ], [ -93.370864774795706, 41.9607123257952 ], [ -93.370826816217303, 41.960655214758603 ], [ -93.370338165082103, 41.960269676475001 ], [ -93.369910596481503, 41.960037404075599 ], [ -93.369643403009306, 41.959838802088498 ], [ -93.369490985621894, 41.959755214072203 ], [ -93.369331084350506, 41.959709032134498 ], [ -93.369170649079507, 41.959709340405198 ], [ -93.369094582851901, 41.959728358420598 ], [ -93.368987218687593, 41.959803971024101 ], [ -93.368903402468902, 41.959899737014702 ], [ -93.368865124351402, 41.959980334305499 ], [ -93.368888784530895, 41.960094386941599 ], [ -93.368965172523502, 41.960228293377199 ], [ -93.369071140069494, 41.960318983927202 ], [ -93.369209086123504, 41.960399594865898 ], [ -93.369247543781199, 41.960411109487502 ], [ -93.369583259463596, 41.960403640858701 ], [ -93.369689219953699, 41.960429944306803 ], [ -93.369758277456597, 41.9604680155403 ], [ -93.369888135421803, 41.960602116366999 ], [ -93.370033075511799, 41.961013743799299 ], [ -93.370094347246905, 41.961097263378001 ], [ -93.370200283959605, 41.961188846665102 ], [ -93.370338598413198, 41.961227433847597 ], [ -93.370566603654396, 41.961207932138798 ], [ -93.370772484802302, 41.9612273268352 ], [ -93.370887662929405, 41.961299424074703 ], [ -93.370963849787401, 41.961406497608898 ], [ -93.370993854869397, 41.961513525097899 ], [ -93.370986068865903, 41.961558973679203 ], [ -93.370841934856799, 41.961642781921299 ], [ -93.370666254282099, 41.961692860127897 ], [ -93.370574033406001, 41.961753580233001 ], [ -93.370475206826001, 41.961860667146901 ], [ -93.370468412865407, 41.962008975545203 ], [ -93.370498614681097, 41.962078448417003 ], [ -93.370666254737699, 41.962177547697898 ], [ -93.370742394965106, 41.962188934926601 ], [ -93.370940579843307, 41.962154517144597 ], [ -93.371039684327897, 41.962104667985002 ], [ -93.371154163698804, 41.962001476323898 ], [ -93.371231023969699, 41.9618644312039 ], [ -93.371246159046805, 41.961558903396799 ], [ -93.371215635238102, 41.9613686995257 ], [ -93.371221796408392, 41.961204855067244 ], [ -93.371585262632266, 41.961234965778431 ], [ -93.37200017531562, 41.961428076714633 ], [ -93.372254555785005, 41.961380201090478 ], [ -93.372398864403849, 41.961369630904564 ], [ -93.372329813266703, 41.961635509876501 ], [ -93.3722147652134, 41.961753893282399 ], [ -93.371909680061904, 41.962013278570097 ], [ -93.371444569795699, 41.962585078798803 ], [ -93.371359899317596, 41.962832853189802 ], [ -93.3713835070145, 41.963013079696097 ], [ -93.371467357731703, 41.963142665567403 ], [ -93.371558519287802, 41.963207119334101 ], [ -93.371947498190295, 41.963302673925199 ], [ -93.372252612900297, 41.963398309239899 ], [ -93.372291509365894, 41.9633982065194 ], [ -93.372466319805298, 41.963371358954802 ], [ -93.372688539607097, 41.963214914067301 ], [ -93.372818173785106, 41.9631612133605 ], [ -93.372969875099102, 41.963134789222401 ], [ -93.372972912138565, 41.963133686970302 ], [ -93.372908624849089, 41.964632789411709 ], [ -93.372580691028602, 41.9644351716492 ], [ -93.372146629597907, 41.964310085230302 ], [ -93.371940229984503, 41.964271902844096 ], [ -93.371879338014807, 41.9642751348416 ], [ -93.371818340210893, 41.964248854089398 ], [ -93.371673073039901, 41.964233377726799 ], [ -93.371604788477697, 41.964206948555599 ] ] ], [ [ [ -93.362514767520963, 42.034363765292504 ], [ -93.362515365246026, 42.034362940007341 ], [ -93.363306018746542, 42.034364416959733 ], [ -93.363273074189706, 42.034457723090803 ], [ -93.363188753546595, 42.034499825317198 ], [ -93.363036454911693, 42.034537857592497 ], [ -93.362875884275397, 42.034633852739198 ], [ -93.362776807806995, 42.034744517506503 ], [ -93.362670438464093, 42.034919425607001 ], [ -93.362655379200007, 42.034996031232502 ], [ -93.362700770356497, 42.035179402047703 ], [ -93.362731333540907, 42.0352399462204 ], [ -93.362845512747896, 42.035373743410297 ], [ -93.362823734757697, 42.035499400526597 ], [ -93.362754341242393, 42.035629452130401 ], [ -93.362724052971998, 42.035754935627203 ], [ -93.362770117084693, 42.035823845147 ], [ -93.362883822112096, 42.035873565008004 ], [ -93.362998201174804, 42.035873215643001 ], [ -93.363029032866805, 42.035862218295001 ], [ -93.363242790848702, 42.035678768472799 ], [ -93.363280374675895, 42.035617825958298 ], [ -93.3633646279863, 42.035545314770502 ], [ -93.363509295767997, 42.035483873614801 ], [ -93.363646569089397, 42.0354571606006 ], [ -93.363792280795806, 42.035335819903203 ], [ -93.363838203911698, 42.035247322933103 ], [ -93.363753911066794, 42.0351597474004 ], [ -93.363639902974299, 42.0351180711788 ], [ -93.363311898946193, 42.035137316038799 ], [ -93.363189888366406, 42.035114257224102 ], [ -93.363128865715197, 42.035087076535198 ], [ -93.363066828838896, 42.035022313006202 ], [ -93.363051527754493, 42.034911997493097 ], [ -93.363066689817799, 42.034897103118404 ], [ -93.363158878821494, 42.034839957754699 ], [ -93.363296151011596, 42.034813245132902 ], [ -93.363624729546302, 42.034843200538099 ], [ -93.363990418922896, 42.034824723515399 ], [ -93.364120327589902, 42.034767452436498 ], [ -93.364348871706298, 42.0346111327584 ], [ -93.364432417780804, 42.034621779771598 ], [ -93.364700443362196, 42.0345798451755 ], [ -93.365028111064305, 42.034633925495001 ], [ -93.365096257740504, 42.0346335261072 ], [ -93.3652722606015, 42.034579876601398 ], [ -93.365486048865506, 42.034492118001403 ], [ -93.365760859647594, 42.034431538510397 ], [ -93.365928462057198, 42.034503818136997 ], [ -93.366264469263299, 42.034530340885503 ], [ -93.366591868374599, 42.034591566423401 ], [ -93.366813201507597, 42.034690875342498 ], [ -93.366767889018405, 42.034763287638697 ], [ -93.366638257414905, 42.034877804420397 ], [ -93.366561173010396, 42.035018433139903 ], [ -93.366408665226402, 42.034965242938398 ], [ -93.3661958828053, 42.0349618014138 ], [ -93.366027003042007, 42.034987872972899 ], [ -93.365814395942806, 42.035076550944503 ], [ -93.365630464109401, 42.035243620255997 ], [ -93.365546557083903, 42.035403784811599 ], [ -93.365485175215795, 42.035579612200003 ], [ -93.365470323283802, 42.0356830524657 ], [ -93.365203101080894, 42.035671344988302 ], [ -93.365172769584802, 42.035572349682802 ], [ -93.365096240988606, 42.035472412606602 ], [ -93.365004552768099, 42.0354195662457 ], [ -93.364882844602505, 42.0353884661831 ], [ -93.364731048977305, 42.035380899628599 ], [ -93.364531842248397, 42.035404562266599 ], [ -93.364264963229502, 42.035480504781802 ], [ -93.363959623473704, 42.035640624335997 ], [ -93.363539739625594, 42.035934346006002 ], [ -93.363227540489504, 42.036082697689501 ], [ -93.363014423333198, 42.036281364411899 ], [ -93.362952392230497, 42.036441973940001 ], [ -93.362884617757004, 42.036529130590601 ], [ -93.362754908148204, 42.036613234833801 ], [ -93.362708372772204, 42.036621228697697 ], [ -93.362647618972602, 42.036586898538502 ], [ -93.362593888054803, 42.036495474031398 ], [ -93.362502741128495, 42.036460523622303 ], [ -93.362404030610605, 42.036464769665102 ], [ -93.362297181889801, 42.036491207999497 ], [ -93.362239429521196, 42.036522344060643 ], [ -93.362221597328642, 42.03485627584061 ], [ -93.362320058718026, 42.03476264005279 ], [ -93.362342329769803, 42.0347481722537 ], [ -93.362373489584655, 42.034711827837754 ], [ -93.362437014584188, 42.03465141620417 ], [ -93.362436937400929, 42.034637823103239 ], [ -93.3624568728073, 42.0346145706961 ], [ -93.362518463177594, 42.0344011869661 ], [ -93.362514767520963, 42.034363765292504 ] ] ], [ [ [ -93.368819665951605, 42.0360410441046 ], [ -93.368766357791699, 42.035873612457799 ], [ -93.368728528433294, 42.035812027518702 ], [ -93.368629202405302, 42.035735775559601 ], [ -93.368545519671997, 42.0357287058441 ], [ -93.368254901815405, 42.035788969545699 ], [ -93.368148898263797, 42.035793071446598 ], [ -93.367988719503501, 42.035717368528701 ], [ -93.367888849063704, 42.035591022114801 ], [ -93.367744169064196, 42.0354914874641 ], [ -93.367637219683203, 42.035488414989402 ], [ -93.367591362390897, 42.035510733751501 ], [ -93.367553917119594, 42.035568102913402 ], [ -93.367522663705799, 42.035751699514201 ], [ -93.367538679412903, 42.035843247961999 ], [ -93.367636929653401, 42.035980293723902 ], [ -93.367697940046199, 42.036201542943601 ], [ -93.367766845138902, 42.036342462689397 ], [ -93.367858000988903, 42.036441801732103 ], [ -93.3678895090125, 42.036445126383498 ], [ -93.367957418414093, 42.036418784864402 ], [ -93.368087559210394, 42.036323057965298 ], [ -93.368216494082404, 42.036323894701098 ], [ -93.368255670296506, 42.036349733806098 ], [ -93.368263348754994, 42.036468836873802 ], [ -93.368286050432602, 42.036544423363701 ], [ -93.368338842499398, 42.036628671550297 ], [ -93.368269993530006, 42.036712231686202 ], [ -93.368187074169001, 42.036910874739704 ], [ -93.368110189368295, 42.037013946616 ], [ -93.368018206916801, 42.037097929951102 ], [ -93.367950128477801, 42.037128739779703 ], [ -93.367912271973097, 42.037132440563902 ], [ -93.367851077315095, 42.0371097302951 ], [ -93.367744624351602, 42.037028860735603 ], [ -93.367606791920807, 42.036876699389602 ], [ -93.367461941230005, 42.036781632525198 ], [ -93.367103002861001, 42.036491710918199 ], [ -93.367019240651302, 42.036357642807403 ], [ -93.366943037076794, 42.036152181729499 ], [ -93.366996613229603, 42.035957413523001 ], [ -93.367118909579304, 42.035747052841998 ], [ -93.367263865876495, 42.035548780046497 ], [ -93.367423501912597, 42.035251534933202 ], [ -93.3674004833575, 42.035023010623902 ], [ -93.367362655663896, 42.034961425347298 ], [ -93.367301257997298, 42.034911880651201 ], [ -93.3673705442733, 42.034816703776997 ], [ -93.3674003215135, 42.034736820170103 ], [ -93.367385084024505, 42.034656914017802 ], [ -93.367332732524901, 42.034561048209902 ], [ -93.367446665443495, 42.034507920131801 ], [ -93.367553542865707, 42.0344805839554 ], [ -93.367873274966001, 42.034519291709799 ], [ -93.367964725153499, 42.034546195415302 ], [ -93.368202258186898, 42.034538511688403 ], [ -93.368461771288395, 42.0344963960165 ], [ -93.368560407768896, 42.034461736554498 ], [ -93.368781968022304, 42.034458198240102 ], [ -93.368850589526005, 42.0344774818929 ], [ -93.368926172317998, 42.034538046586398 ], [ -93.368942324250696, 42.034626020133103 ], [ -93.368903503934604, 42.034752225343603 ], [ -93.368789339699703, 42.034843806378603 ], [ -93.368682058170606, 42.034881867377202 ], [ -93.368545225632701, 42.034896968282098 ], [ -93.368354932158795, 42.034877890150497 ], [ -93.368293907704498, 42.034850711907303 ], [ -93.368148784156702, 42.034698403010204 ], [ -93.368094751061705, 42.034679416047297 ], [ -93.368003506007597, 42.034679346645902 ], [ -93.367866441186294, 42.034732898480001 ], [ -93.367735898869498, 42.034839348761103 ], [ -93.367675647082606, 42.035114471148397 ], [ -93.3676902418932, 42.035179160515099 ], [ -93.367759139609007, 42.035255687829903 ], [ -93.367828438435794, 42.035289295190303 ], [ -93.368011475576196, 42.035339528052397 ], [ -93.368086782499006, 42.035342850223302 ], [ -93.368209162144694, 42.035323878144801 ], [ -93.368431021234997, 42.0352479053198 ], [ -93.368537293315498, 42.0352366539949 ], [ -93.368713204893794, 42.0352822691044 ], [ -93.368873723805294, 42.035381230724497 ], [ -93.368949505868599, 42.035404237433902 ], [ -93.3691170688396, 42.035380818247503 ], [ -93.369232082801503, 42.035331287888802 ], [ -93.369391721705526, 42.035194045577938 ], [ -93.36939019746751, 42.03562067745009 ], [ -93.369368584953193, 42.0356479777926 ], [ -93.369255367416699, 42.036037392327998 ], [ -93.369201037696001, 42.036090840974197 ], [ -93.369086362899907, 42.0361636310097 ], [ -93.369026320866197, 42.036174929536003 ], [ -93.368980527160403, 42.036163265341699 ], [ -93.368819665951605, 42.0360410441046 ] ] ], [ [ [ -93.365348400585503, 42.038108693653399 ], [ -93.365348396454607, 42.038044301175901 ], [ -93.365417583164998, 42.037887413483503 ], [ -93.3654248376955, 42.037791867130601 ], [ -93.365394439625106, 42.0377268551551 ], [ -93.365309838410795, 42.037647323239497 ], [ -93.365150404176902, 42.0376163487554 ], [ -93.364829818232707, 42.037632171619101 ], [ -93.364738365212602, 42.037605265597598 ], [ -93.364647077390998, 42.037509498821301 ], [ -93.364562300157402, 42.037273453635102 ], [ -93.364478577275605, 42.037170686307 ], [ -93.364379896361797, 42.037109647805501 ], [ -93.364211415462407, 42.037124993255397 ], [ -93.364134886540597, 42.037025055426 ], [ -93.3641044870201, 42.036895650816597 ], [ -93.3641045177649, 42.036830364781999 ], [ -93.364151116036396, 42.036723994547003 ], [ -93.364295947878503, 42.036529299447999 ], [ -93.364463508477797, 42.036377101556802 ], [ -93.364593519094001, 42.036284952777599 ], [ -93.364653900902098, 42.036296915983797 ], [ -93.364661883705693, 42.036536761120701 ], [ -93.364761410660194, 42.0366398504841 ], [ -93.364806327253703, 42.036674751078102 ], [ -93.364905545564895, 42.0366892946356 ], [ -93.365119445813093, 42.036663247839499 ], [ -93.365379293314703, 42.0364190246748 ], [ -93.365509089838298, 42.036171256023799 ], [ -93.365539272155402, 42.036048452761101 ], [ -93.365608123737005, 42.035964894145302 ], [ -93.365654085293798, 42.035972091284101 ], [ -93.365775291472303, 42.036048791545497 ], [ -93.365920133690395, 42.0360794678896 ], [ -93.366026850349996, 42.036120993497903 ], [ -93.366171868674598, 42.036243789814399 ], [ -93.366103291945294, 42.036384591904302 ], [ -93.365951101276806, 42.036548731459497 ], [ -93.365417650899104, 42.036853560104703 ], [ -93.365310199973806, 42.036960479037397 ], [ -93.365264212194504, 42.0370829602114 ], [ -93.365294982758201, 42.037170338214899 ], [ -93.365340407722897, 42.037224030091103 ], [ -93.365470597926205, 42.037288393111901 ], [ -93.365775613392202, 42.037265991003999 ], [ -93.365936087312804, 42.037204869112998 ], [ -93.366035003270994, 42.037227454670401 ], [ -93.366233035118299, 42.0372350674469 ], [ -93.366264105300999, 42.0372500099596 ], [ -93.366416928934399, 42.037391746248502 ], [ -93.366439600351299, 42.037532619230099 ], [ -93.366469864513206, 42.037601205550402 ], [ -93.366142345766704, 42.037929908798297 ], [ -93.365874288337295, 42.038165917632703 ], [ -93.365752312085505, 42.038238556230702 ], [ -93.365539454456695, 42.038269097161503 ], [ -93.365424527876499, 42.038219354714101 ], [ -93.365370726717302, 42.038161914728597 ], [ -93.365348400585503, 42.038108693653399 ] ] ], [ [ [ -93.363616374998699, 42.037932966029501 ], [ -93.363685437044396, 42.0379406350404 ], [ -93.364150915831999, 42.038212169664099 ], [ -93.364174453880963, 42.03824763066396 ], [ -93.364070681657381, 42.038244127756094 ], [ -93.36336470392763, 42.038211545899387 ], [ -93.363280528918693, 42.038127341691798 ], [ -93.3632204135222, 42.038043836132097 ], [ -93.363182147105405, 42.037929474405097 ], [ -93.3632585351817, 42.037872006339697 ], [ -93.363349007254797, 42.037860436829 ], [ -93.363494290749799, 42.037879498495599 ], [ -93.363616374998699, 42.037932966029501 ] ] ], [ [ [ -93.368560882895693, 42.038162508943799 ], [ -93.368309068650404, 42.038322834672599 ], [ -93.368102162670596, 42.0384214707056 ], [ -93.367850508411493, 42.038512934813099 ], [ -93.367507434880906, 42.038608796952701 ], [ -93.367163778957803, 42.038623261505101 ], [ -93.367041895787295, 42.038596631619903 ], [ -93.366935612760003, 42.038543489244901 ], [ -93.366767859393207, 42.038410392681499 ], [ -93.366744075061504, 42.038299010132498 ], [ -93.366752538158494, 42.0381390959421 ], [ -93.366874881064007, 42.03802443 ], [ -93.366927765247695, 42.0380094092408 ], [ -93.367072202016899, 42.037986415716297 ], [ -93.367232345429599, 42.0379986211519 ], [ -93.367301068084302, 42.0379830285164 ], [ -93.367491878077104, 42.0380208997246 ], [ -93.367705377235595, 42.038005572433697 ], [ -93.367934405223394, 42.037933323383101 ], [ -93.368117772783407, 42.037845834801502 ], [ -93.368346318025601, 42.037689507485702 ], [ -93.368354925885797, 42.0376548035794 ], [ -93.368446477892107, 42.037646829865402 ], [ -93.368614423942105, 42.037677973541498 ], [ -93.368682779195098, 42.037704406573397 ], [ -93.368758196983293, 42.037769439857698 ], [ -93.368766071192795, 42.037818788722603 ], [ -93.368721177225396, 42.038009263079303 ], [ -93.368560882895693, 42.038162508943799 ] ] ], [ [ [ -93.280265122469103, 42.103591481557501 ], [ -93.279990719123106, 42.103351371122699 ], [ -93.279723951703602, 42.103290306979403 ], [ -93.279556163589703, 42.103283200842299 ], [ -93.279373212835495, 42.103321391611402 ], [ -93.279227772853204, 42.1033970427642 ], [ -93.279174817430999, 42.103443333870601 ], [ -93.279097806226503, 42.103450658425501 ], [ -93.278946075158402, 42.103500238438897 ], [ -93.278777101586797, 42.103523517049702 ], [ -93.278617241632602, 42.103500476700297 ], [ -93.278534082498297, 42.1034468502151 ], [ -93.278502519920096, 42.1033817871159 ], [ -93.278518668571095, 42.103217551396298 ], [ -93.278594757057803, 42.103046526800902 ], [ -93.278625086363604, 42.1029246277336 ], [ -93.278610002257295, 42.102874222254897 ], [ -93.278740043960696, 42.102756209670197 ], [ -93.278793493115401, 42.102634796963898 ], [ -93.278770387986697, 42.102477785518701 ], [ -93.278693950747893, 42.102314285600102 ], [ -93.278525980983204, 42.102062100283199 ], [ -93.278373020013603, 42.101924717649197 ], [ -93.278129053970801, 42.101653938795202 ], [ -93.277900518312194, 42.101455933055398 ], [ -93.277748215398901, 42.101364179500997 ], [ -93.278037614148204, 42.101032174915403 ], [ -93.278090505422298, 42.100925061885299 ], [ -93.278098475374094, 42.100845625378803 ], [ -93.278007300209396, 42.100685392912702 ], [ -93.277968828708296, 42.100547735735297 ], [ -93.277976240953393, 42.100482598397001 ], [ -93.278029581757707, 42.100395172362099 ], [ -93.278204958908603, 42.100238759840302 ], [ -93.278502605635296, 42.100101019281503 ], [ -93.278784819074403, 42.099921809732301 ], [ -93.279029617977798, 42.099796372737799 ], [ -93.279489618156745, 42.099661661334075 ], [ -93.280286890392063, 42.099668002465329 ], [ -93.280333798639404, 42.099704840289903 ], [ -93.280242317570895, 42.099864808286597 ], [ -93.280120457932796, 42.099929328174703 ], [ -93.280006423932306, 42.099949291118698 ], [ -93.279838367653895, 42.099918030019097 ], [ -93.279677684659504, 42.099853829929302 ], [ -93.279601269774204, 42.099845961935898 ], [ -93.279494571441106, 42.099865184269802 ], [ -93.279350149290806, 42.099914918085702 ], [ -93.278991069208502, 42.100097878547402 ], [ -93.278838956008997, 42.100219898738999 ], [ -93.278800810599407, 42.100292439436402 ], [ -93.278822983063904, 42.1003796654255 ], [ -93.278922784928795, 42.100506090402099 ], [ -93.279410698593495, 42.100860707942203 ], [ -93.279517462787894, 42.100902308171698 ], [ -93.279639389104901, 42.1008986112926 ], [ -93.279784855709593, 42.100853371163502 ], [ -93.279944928984804, 42.100745828009501 ], [ -93.280014086186299, 42.100658733751999 ], [ -93.280113153240407, 42.1004291598272 ], [ -93.280173513539907, 42.100349035988998 ], [ -93.280272985896801, 42.100265262326403 ], [ -93.280405033973565, 42.100186554959315 ], [ -93.280408526187728, 42.100613247612735 ], [ -93.280354433954173, 42.101417305494898 ], [ -93.280357961743348, 42.102218297504479 ], [ -93.280753363682422, 42.103009502658693 ], [ -93.280677256432298, 42.103141302375498 ], [ -93.280670125061704, 42.103199290486501 ], [ -93.280692860211801, 42.103240912232302 ], [ -93.2808611644991, 42.103328526547799 ], [ -93.280911011594981, 42.103324958473756 ], [ -93.281202000423335, 42.103907231442257 ], [ -93.280368941318414, 42.104710269144853 ], [ -93.280098584951304, 42.104710928569133 ], [ -93.2801359153123, 42.104625411990298 ], [ -93.280203891690803, 42.104568703031497 ], [ -93.280295725025994, 42.1044311022385 ], [ -93.280357036022494, 42.104232932772099 ], [ -93.280380481785002, 42.104068850147002 ], [ -93.280372783213807, 42.1037976754101 ], [ -93.280265122469103, 42.103591481557501 ] ] ], [ [ [ -93.458834273108891, 42.10943285989044 ], [ -93.458998782402901, 42.109401615627398 ], [ -93.459144371076306, 42.109416996418901 ], [ -93.459265859751994, 42.109458735508703 ], [ -93.459373375361395, 42.109516299136203 ], [ -93.459503474636506, 42.109622603274403 ], [ -93.459433966502203, 42.109691895306398 ], [ -93.459373361322704, 42.109817708815903 ], [ -93.459014552880205, 42.110038732257898 ], [ -93.458884802687393, 42.1101569268465 ], [ -93.458838612671897, 42.110221310259099 ], [ -93.45881018625343, 42.11042606786296 ], [ -93.458834273108891, 42.10943285989044 ] ] ], [ [ [ -93.461821769837101, 42.1107440581562 ], [ -93.461653978083703, 42.110736294339098 ], [ -93.461418207473301, 42.110755817047099 ], [ -93.461258200983195, 42.110801869009499 ], [ -93.460868823109706, 42.110992783034298 ], [ -93.460739255895803, 42.111072524294599 ], [ -93.460624111515699, 42.111191007413197 ], [ -93.460571414190596, 42.1112668908955 ], [ -93.460578144549302, 42.111316214612103 ], [ -93.460479667232704, 42.111411770559201 ], [ -93.460250854963306, 42.111808861827299 ], [ -93.459831329294303, 42.112392714770799 ], [ -93.459762684597706, 42.112572034742399 ], [ -93.459746439703295, 42.112750594740497 ], [ -93.459693265178601, 42.112872977218302 ], [ -93.459655925682696, 42.112861511350999 ], [ -93.459510440551, 42.112709290826999 ], [ -93.459441476344495, 42.112663216926499 ], [ -93.459274012542096, 42.112579432973497 ], [ -93.459060377576193, 42.112526045874702 ], [ -93.458785523075605, 42.112548373968799 ], [ -93.458758604664141, 42.112553005760681 ], [ -93.458764715658361, 42.112301022342201 ], [ -93.459274137508302, 42.112308433863802 ], [ -93.459411232318899, 42.112289660504103 ], [ -93.459518635427798, 42.1122166403348 ], [ -93.459556618985999, 42.112110058847797 ], [ -93.459540757948702, 42.112010469665101 ], [ -93.459441335250304, 42.111797440449003 ], [ -93.459396303877796, 42.1116293045608 ], [ -93.459426080305406, 42.111480525533999 ], [ -93.459532948485403, 42.111388712683798 ], [ -93.459640851235505, 42.1113353789858 ], [ -93.459884610026805, 42.111297234027802 ], [ -93.460029317251696, 42.1112365730554 ], [ -93.460166532585603, 42.111114051744899 ], [ -93.460235676130395, 42.110954418357601 ], [ -93.460235616969896, 42.110889126528903 ], [ -93.460189204539006, 42.110725435979901 ], [ -93.460127804477594, 42.110672355875899 ], [ -93.459899752078897, 42.110580228277499 ], [ -93.459648159761997, 42.110599437128599 ], [ -93.459563876945097, 42.110572739226299 ], [ -93.459495175159205, 42.110519515446299 ], [ -93.459494804223397, 42.110496253959099 ], [ -93.459617271215606, 42.110343928805698 ], [ -93.459724619105501, 42.110305788910303 ], [ -93.459891908390603, 42.1102938687578 ], [ -93.460029773839096, 42.110320723995798 ], [ -93.460426242152494, 42.110503807714103 ], [ -93.460860451991195, 42.110553472086501 ], [ -93.461005249229601, 42.110557208120802 ], [ -93.462172563572196, 42.110408387493102 ], [ -93.462386964086306, 42.110340147155497 ], [ -93.462470651999894, 42.110282758727401 ], [ -93.462501421476702, 42.110240431422199 ], [ -93.462531158188099, 42.110092545685703 ], [ -93.462470764548996, 42.110011760370497 ], [ -93.462340641833705, 42.109939445669802 ], [ -93.461944549047203, 42.109946880651499 ], [ -93.461731161718404, 42.109920334609001 ], [ -93.461417517238303, 42.109737091387302 ], [ -93.461226994389193, 42.109718148265003 ], [ -93.460990372997102, 42.109660735767299 ], [ -93.460677748020103, 42.109549956433099 ], [ -93.460502101887798, 42.109389990435403 ], [ -93.460128262053303, 42.109187674711698 ], [ -93.4600596913413, 42.109130876312399 ], [ -93.4600139250864, 42.109016390191201 ], [ -93.459784700100201, 42.108856265758597 ], [ -93.459289747932601, 42.108802721633197 ], [ -93.458849011876367, 42.108825115081387 ], [ -93.458864012335965, 42.108206579544927 ], [ -93.459098763451294, 42.108261442286299 ], [ -93.459457490018806, 42.108443787550698 ], [ -93.459563676583997, 42.108470915610603 ], [ -93.459685606367302, 42.108467049047199 ], [ -93.459769958119495, 42.108424880163 ], [ -93.459609305076398, 42.108154303107298 ], [ -93.459625601345905, 42.108108114825903 ], [ -93.459723762850601, 42.1080545900953 ], [ -93.459892341976001, 42.1080739990457 ], [ -93.460067449610705, 42.108215172949897 ], [ -93.460143380601707, 42.108337406255998 ], [ -93.460288565212593, 42.108497669023599 ], [ -93.460555732144599, 42.108619184072502 ], [ -93.460487443078605, 42.108688500474102 ], [ -93.460463825985698, 42.108768532018402 ], [ -93.460472033291893, 42.108810729465397 ], [ -93.460517317861004, 42.108871542502797 ], [ -93.460586311559297, 42.108916721866002 ], [ -93.4606625940052, 42.108928951806398 ], [ -93.460754451199193, 42.108981734954398 ], [ -93.460929099117195, 42.109035248474498 ], [ -93.461120715642096, 42.109157962819403 ], [ -93.461234832862303, 42.109268423454402 ], [ -93.461394700470706, 42.109527356190497 ], [ -93.461631674846103, 42.109642015886998 ], [ -93.461784014122998, 42.109672730783601 ], [ -93.462211098298198, 42.109683792052699 ], [ -93.462478930710404, 42.109653269760898 ], [ -93.462561642623697, 42.1096226939178 ], [ -93.462745917861795, 42.109645984501498 ], [ -93.462753611851966, 42.109650210686866 ], [ -93.462773644655812, 42.111264698913502 ], [ -93.462630811893305, 42.111270625401701 ], [ -93.462524681178195, 42.1113087916222 ], [ -93.462493297385294, 42.111301020964198 ], [ -93.462226204074497, 42.111076656102597 ], [ -93.462134704696098, 42.110946963222297 ], [ -93.462051154076093, 42.110866617785 ], [ -93.461821769837101, 42.1107440581562 ] ] ], [ [ [ -93.364387210926594, 42.176910172340101 ], [ -93.364410657235794, 42.176838195903898 ], [ -93.364364660841304, 42.176635999572397 ], [ -93.364379640951796, 42.176433255424399 ], [ -93.364417434829306, 42.176368726975298 ], [ -93.364448320156001, 42.176196719241403 ], [ -93.364532503899198, 42.176098249913601 ], [ -93.364577501652207, 42.175972148358902 ], [ -93.364677419698594, 42.175876682672801 ], [ -93.364883702183803, 42.1759989532205 ], [ -93.365004606559097, 42.176025564789299 ], [ -93.365058478078794, 42.176051706705103 ], [ -93.364906392979904, 42.176333953748298 ], [ -93.364898244876599, 42.176452754962099 ], [ -93.364928977007807, 42.176575030870197 ], [ -93.365005054020301, 42.1767232752239 ], [ -93.365265017248106, 42.177005856691501 ], [ -93.365302928350204, 42.177196259862598 ], [ -93.365302791690283, 42.177253368285925 ], [ -93.36374966545317, 42.177255166553635 ], [ -93.363792170664595, 42.177074274111497 ], [ -93.363930024015502, 42.176975108666497 ], [ -93.364066627951601, 42.176941215410999 ], [ -93.364173254948099, 42.176990793858202 ], [ -93.364212135408394, 42.176994268752601 ], [ -93.364317980542396, 42.176967799535497 ], [ -93.364387210926594, 42.176910172340101 ] ] ], [ [ [ -93.361884394546607, 42.177070305873997 ], [ -93.361868085689522, 42.177257345117134 ], [ -93.361441701374616, 42.177257838800855 ], [ -93.361442809200867, 42.176653887902837 ], [ -93.361541640309198, 42.176559724411497 ], [ -93.361571721893796, 42.176505773461201 ], [ -93.361632968842997, 42.176498076498397 ], [ -93.361663087834998, 42.1767652482093 ], [ -93.361701495229099, 42.176845640382098 ], [ -93.361793705622304, 42.176921761795597 ], [ -93.361884394546607, 42.177070305873997 ] ] ], [ [ [ -93.450851139603998, 42.1793710330995 ], [ -93.450774380730195, 42.179336426669401 ], [ -93.450599374806302, 42.179188077268201 ], [ -93.450569573250803, 42.179138489153303 ], [ -93.450563675940558, 42.178301543334669 ], [ -93.450676160101395, 42.178455229392597 ], [ -93.450751806602497, 42.178520225918398 ], [ -93.450973428367405, 42.1788940044692 ], [ -93.451003281420697, 42.178977777779998 ], [ -93.450980898432505, 42.179123135761799 ], [ -93.450904986494706, 42.1792987465248 ], [ -93.450851139603998, 42.1793710330995 ] ] ], [ [ [ -93.272162483635029, 41.889400064235261 ], [ -93.272157841561352, 41.888306518595719 ], [ -93.272178213321993, 41.888301567391103 ], [ -93.272269406745707, 41.888298130514997 ], [ -93.272414923617902, 41.888427290821397 ], [ -93.272520988166704, 41.8886030098544 ], [ -93.272590711366703, 41.8886831743689 ], [ -93.273009250372695, 41.889034504707503 ], [ -93.273071301581695, 41.889186937705702 ], [ -93.273055759207494, 41.8894611312924 ], [ -93.273071025949307, 41.889567864902702 ], [ -93.273109174031703, 41.8896482559296 ], [ -93.273193288169693, 41.889701898103503 ], [ -93.273306976151702, 41.889713243288298 ], [ -93.273795642780797, 41.889667236216198 ], [ -93.2739179620947, 41.889675186434097 ], [ -93.274077476523303, 41.8896633557112 ], [ -93.274253716679695, 41.889533842634002 ], [ -93.274329076245394, 41.889282373896897 ], [ -93.274414259760803, 41.8891527250994 ], [ -93.274574448791498, 41.889030026223601 ], [ -93.274680344756405, 41.888992024132101 ], [ -93.274795214955802, 41.888972989916297 ], [ -93.274932294884096, 41.889007183053401 ], [ -93.275000638827706, 41.889060490854703 ], [ -93.275000893708395, 41.889209829009801 ], [ -93.275039247902797, 41.889316155787398 ], [ -93.275138433502903, 41.889419296480298 ], [ -93.275352381401206, 41.889537380008399 ], [ -93.275497250017096, 41.889652215815701 ], [ -93.275482096308494, 41.889698394614101 ], [ -93.275420703639, 41.889747173654598 ], [ -93.275275747073906, 41.8897593135287 ], [ -93.275191661452993, 41.889736076443803 ], [ -93.2745663364324, 41.889705876502497 ], [ -93.274398986228505, 41.889731849614599 ], [ -93.274291731606894, 41.889804696979603 ], [ -93.274245482514203, 41.889869891226098 ], [ -93.274245740820703, 41.889987932300798 ], [ -93.274185102650094, 41.890079648784898 ], [ -93.273864867508195, 41.8902588773256 ], [ -93.273856404987399, 41.8902891016184 ], [ -93.273880135657805, 41.890365610936698 ], [ -93.273918255475195, 41.890415598037201 ], [ -93.274260655637804, 41.890571272086497 ], [ -93.274299089084494, 41.890613217815797 ], [ -93.274314919855399, 41.890674358581499 ], [ -93.274253659708606, 41.890750860467101 ], [ -93.274154900641307, 41.890792589990703 ], [ -93.273879018575002, 41.890830576527399 ], [ -93.273734512059605, 41.890831099515097 ], [ -93.273490461324101, 41.890800009528803 ], [ -93.273307666615395, 41.890723714916803 ], [ -93.273192565918805, 41.890655110435603 ], [ -93.2728801071747, 41.8903543102236 ], [ -93.2728578750027, 41.8902393813514 ], [ -93.272642994296106, 41.8899272303129 ], [ -93.272559646402399, 41.889667041566703 ], [ -93.272475614098795, 41.889549017628198 ], [ -93.272391779325403, 41.889488227213 ], [ -93.272254844942907, 41.889419160268702 ], [ -93.272162483635029, 41.889400064235261 ] ] ], [ [ [ -93.279326406031799, 41.891719963069001 ], [ -93.279159127940105, 41.891681560900601 ], [ -93.279037018778595, 41.891605660217898 ], [ -93.278999485331099, 41.891540485458101 ], [ -93.278968484178705, 41.891307337102802 ], [ -93.278922114179196, 41.891219620717798 ], [ -93.278937373122105, 41.891139463746903 ], [ -93.278792571281301, 41.890960250147799 ], [ -93.278434605903001, 41.890705002737803 ], [ -93.278120898037997, 41.8905293785472 ], [ -93.277793982542306, 41.890381195356397 ], [ -93.277595524483502, 41.890239299166403 ], [ -93.277587467207297, 41.890071912129301 ], [ -93.277632917309404, 41.889995969370801 ], [ -93.277701657116495, 41.889945555922402 ], [ -93.277808936283094, 41.889934406667798 ], [ -93.277976522278394, 41.889964769236897 ], [ -93.278090381929303, 41.890002940054799 ], [ -93.278190382177598, 41.889991636896397 ], [ -93.278442459883607, 41.8901597011902 ], [ -93.278517776958907, 41.890189904814498 ], [ -93.279059718479203, 41.890522357608901 ], [ -93.279388548020407, 41.890621396442299 ], [ -93.279502829056796, 41.890617547090102 ], [ -93.279632851787198, 41.890552329214799 ], [ -93.279692892714195, 41.890475799210201 ], [ -93.27973889914, 41.8903542628316 ], [ -93.279730935768299, 41.890246789933101 ], [ -93.279693819235106, 41.8901708937696 ], [ -93.279517892214002, 41.889980294327898 ], [ -93.279281444618505, 41.889816138693497 ], [ -93.279190121885406, 41.889697965589498 ], [ -93.279182512506196, 41.889518963583598 ], [ -93.279349801952705, 41.889369582428102 ], [ -93.279380101365703, 41.889308521151797 ], [ -93.279381047546494, 41.889190505763999 ], [ -93.279365244680505, 41.889159769436901 ], [ -93.279151817981898, 41.888965696133297 ], [ -93.279083207378903, 41.888763052439899 ], [ -93.278953031311403, 41.888644953953701 ], [ -93.278846935668398, 41.8886257260368 ], [ -93.278739797662496, 41.8886333022432 ], [ -93.278640279786899, 41.8886946915216 ], [ -93.278564001202398, 41.888938989224002 ], [ -93.278518691798396, 41.889011358323302 ], [ -93.278389046802801, 41.889129341121397 ], [ -93.278305067728795, 41.889415504111902 ], [ -93.278106404515597, 41.889591048222499 ], [ -93.277953238125306, 41.889564566920001 ], [ -93.277885652726198, 41.889522901418097 ], [ -93.277793776574796, 41.889419022953099 ], [ -93.277687023109294, 41.889385472877997 ], [ -93.277244359996999, 41.889403850915301 ], [ -93.277114866204997, 41.8893930697906 ], [ -93.276962094556296, 41.8892628675206 ], [ -93.276931020158102, 41.889125397783701 ], [ -93.277045515066703, 41.889053595399403 ], [ -93.277190716952006, 41.889003902047001 ], [ -93.277533973182202, 41.888950340680601 ], [ -93.277778752674607, 41.888931362823499 ], [ -93.277855079568297, 41.888904358873397 ], [ -93.277976542541495, 41.888809453365099 ], [ -93.278068719484807, 41.888687103604497 ], [ -93.278105644784105, 41.888580577918503 ], [ -93.278106829776604, 41.888518902654504 ], [ -93.278364038775365, 41.888231752126714 ], [ -93.279826094636249, 41.888232873930555 ], [ -93.279868286080401, 41.888275277079302 ], [ -93.279952500497004, 41.888420125826102 ], [ -93.280131350980298, 41.888549920869494 ], [ -93.280143210057233, 41.889791673858426 ], [ -93.28016693898762, 41.891826105663725 ], [ -93.279495778176994, 41.891822746393991 ], [ -93.279326406031799, 41.891719963069001 ] ] ], [ [ [ -93.275168762961599, 41.890822951305204 ], [ -93.275283213951795, 41.890845935562801 ], [ -93.275351638621004, 41.890834861840098 ], [ -93.275435808702596, 41.890762420156904 ], [ -93.275420699800904, 41.890495626586599 ], [ -93.275474057731401, 41.890403755745602 ], [ -93.275558535820196, 41.890354569977902 ], [ -93.2756722252457, 41.890365913087201 ], [ -93.275795059098797, 41.890423053878202 ], [ -93.275847912219604, 41.890468880467701 ], [ -93.276290970951806, 41.890658866168998 ], [ -93.276343372448395, 41.890716307744498 ], [ -93.276359235718303, 41.8908078520383 ], [ -93.276328202655804, 41.8908876756905 ], [ -93.276000634222598, 41.891224135783503 ], [ -93.2759544510822, 41.891318841061299 ], [ -93.275946807066703, 41.891452811184003 ], [ -93.276038948716106, 41.891643435222903 ], [ -93.276211564449525, 41.891806308366618 ], [ -93.275615482455507, 41.891803324878651 ], [ -93.275443432031196, 41.891502092929102 ], [ -93.274917742700097, 41.891033153526998 ], [ -93.274841157804403, 41.890910817336099 ], [ -93.274886611431199, 41.890834875472699 ], [ -93.274970051266095, 41.890781197064399 ], [ -93.275085093639802, 41.890788992424 ], [ -93.275168762961599, 41.890822951305204 ] ] ], [ [ [ -93.272666213505701, 41.958362470993599 ], [ -93.272636441828098, 41.9583779391576 ], [ -93.272429997880494, 41.9584048780129 ], [ -93.272300156042604, 41.958462051811203 ], [ -93.272025986095301, 41.958667309559601 ], [ -93.271964380358298, 41.958595359802601 ], [ -93.271949129036798, 41.958519023749702 ], [ -93.271980198563497, 41.958252290482299 ], [ -93.272193140036194, 41.957809649634797 ], [ -93.272231104826602, 41.9575841990657 ], [ -93.272224185339795, 41.957481210789702 ], [ -93.272132472370302, 41.957371065407699 ], [ -93.272032799221094, 41.957340342602102 ], [ -93.2718426324912, 41.9573551044288 ], [ -93.271682427818604, 41.957442935712002 ], [ -93.271582723609995, 41.957568710753797 ], [ -93.271544867606593, 41.957760180850798 ], [ -93.271567832717295, 41.957950253411703 ], [ -93.271552747500607, 41.958087653713299 ], [ -93.271507043555303, 41.958137661850799 ], [ -93.271369183031098, 41.9582134451285 ], [ -93.2713311897719, 41.958221585005496 ], [ -93.271292749461907, 41.958210041263399 ], [ -93.271262641518803, 41.958171845206799 ], [ -93.271331960240403, 41.9580150226328 ], [ -93.271331874640595, 41.957923804290402 ], [ -93.271285755425595, 41.957797630471198 ], [ -93.271102338347802, 41.957546038600498 ], [ -93.271056191382996, 41.957389458660302 ], [ -93.271057320466198, 41.957298266049499 ], [ -93.271101484981628, 41.957208264697442 ], [ -93.271565717330418, 41.957206714237472 ], [ -93.271605689893406, 41.957229370019597 ], [ -93.271727505629002, 41.957222107055401 ], [ -93.271754745484316, 41.957206082914418 ], [ -93.272489018444531, 41.957203630563058 ], [ -93.272483696805295, 41.957340031426199 ], [ -93.272498355810896, 41.957431557532999 ], [ -93.272536848201995, 41.957535212739202 ], [ -93.272788825727204, 41.957992146303603 ], [ -93.2728263314998, 41.958183420027702 ], [ -93.272757753695402, 41.958290179353099 ], [ -93.272666213505701, 41.958362470993599 ] ] ], [ [ [ -93.279792260192906, 41.964065388111202 ], [ -93.279739468651997, 41.963829079375202 ], [ -93.279678131219796, 41.963718684593601 ], [ -93.279517702502105, 41.963531082324202 ], [ -93.279289301315202, 41.963341153408699 ], [ -93.2791283761795, 41.963291259832502 ], [ -93.278960958821997, 41.9632832605527 ], [ -93.278793086309605, 41.963318177059101 ], [ -93.278510772614595, 41.963420435502499 ], [ -93.278366286861996, 41.963447795825402 ], [ -93.278228467863698, 41.963428793770397 ], [ -93.277938817024804, 41.963344885353102 ], [ -93.277732704951106, 41.9633941971925 ], [ -93.277603199102401, 41.963505040865698 ], [ -93.277473665231298, 41.963554178251798 ], [ -93.277358328856593, 41.9635508521215 ], [ -93.277258926721004, 41.963481684871198 ], [ -93.277214286007194, 41.963348389565098 ], [ -93.277267526846899, 41.9632296782043 ], [ -93.277419654393299, 41.963130937565801 ], [ -93.2776491844605, 41.963104477063297 ], [ -93.277747455500801, 41.963046631906202 ], [ -93.277816837543796, 41.962856718031702 ], [ -93.277900190504695, 41.962776201208698 ], [ -93.277984055083493, 41.9627761805882 ], [ -93.278221135578704, 41.9628679236192 ], [ -93.2784037827264, 41.962890553408201 ], [ -93.278510411512002, 41.962867760895001 ], [ -93.278639775600297, 41.962760490592501 ], [ -93.278655749249694, 41.962631156259 ], [ -93.278625119754906, 41.962543765316397 ], [ -93.278571416455094, 41.962455888068497 ], [ -93.278495540767295, 41.962375592024998 ], [ -93.278396635758696, 41.9622000166204 ], [ -93.278419447105605, 41.962051152310302 ], [ -93.278472232677601, 41.961944056764601 ], [ -93.278472245267295, 41.961818857568602 ], [ -93.278395918139097, 41.961750177656597 ], [ -93.278365836385206, 41.961742389344103 ], [ -93.278281973046404, 41.961742410212402 ], [ -93.278090577943601, 41.961788455511297 ], [ -93.278030101342196, 41.961780920672403 ], [ -93.277945618433506, 41.961734425604597 ], [ -93.277937924653401, 41.961651095201297 ], [ -93.278030479376596, 41.961490287079101 ], [ -93.278220874566799, 41.961376255434203 ], [ -93.278335271309302, 41.961372406803797 ], [ -93.278572005854002, 41.961410484957199 ], [ -93.278723738910202, 41.961384171579702 ], [ -93.278808335251995, 41.961334086132297 ], [ -93.278861429751103, 41.961250248359597 ], [ -93.278884410743501, 41.961128216162699 ], [ -93.2790069803428, 41.960914383188403 ], [ -93.279220245487096, 41.960712298385999 ], [ -93.279281077411397, 41.960616997917199 ], [ -93.2792893110108, 41.960499126412401 ], [ -93.279265895590598, 41.960444976208997 ], [ -93.279143976383594, 41.960392327460497 ], [ -93.279053002284599, 41.9603877275541 ], [ -93.278761884072694, 41.960529148739901 ], [ -93.278579584629895, 41.960560183546598 ], [ -93.278419570867698, 41.960487057019698 ], [ -93.278251831887999, 41.960300193848603 ], [ -93.278059960292595, 41.960296149198101 ], [ -93.277885462500294, 41.960376532898799 ], [ -93.277762799887, 41.960467846317002 ], [ -93.277572152186096, 41.9606820312571 ], [ -93.277504062782796, 41.9608075835094 ], [ -93.277427670375104, 41.9610214945167 ], [ -93.2773511823532, 41.961456291084197 ], [ -93.277236237472906, 41.961692640578697 ], [ -93.277023102827798, 41.961891148141703 ], [ -93.276786661268204, 41.9620015241969 ], [ -93.276588620596399, 41.961906130532903 ], [ -93.276435177414996, 41.961726720443998 ], [ -93.276206202784607, 41.961520676999498 ], [ -93.276183877056994, 41.9613762266343 ], [ -93.276221470296207, 41.961253608756699 ], [ -93.276320718828899, 41.961139445711602 ], [ -93.276710047774401, 41.960910673031897 ], [ -93.277007243649095, 41.960769384457997 ], [ -93.277183827891903, 41.960666688838899 ], [ -93.277198090982495, 41.9606437383055 ], [ -93.2772749140032, 41.9606060099145 ], [ -93.277595668426599, 41.960140593049999 ], [ -93.277892907659194, 41.959873210104398 ], [ -93.277983964060994, 41.959750824836497 ], [ -93.278022189569299, 41.959518223689798 ], [ -93.277999908956502, 41.959247681605099 ], [ -93.277968832836294, 41.959140607243903 ], [ -93.277885191607993, 41.959041367487501 ], [ -93.277838823136307, 41.9588588512824 ], [ -93.277884759065699, 41.958553082128503 ], [ -93.277923590156306, 41.958492195563103 ], [ -93.277961644593503, 41.9582327628301 ], [ -93.277938383673998, 41.9580498397006 ], [ -93.277907788474906, 41.957992855164903 ], [ -93.277824319236302, 41.957920447433999 ], [ -93.277762944821802, 41.957904845002403 ], [ -93.277687168890196, 41.957915767235001 ], [ -93.277602889047898, 41.957957809850399 ], [ -93.277359095138493, 41.958163718901098 ], [ -93.277282302287006, 41.9582631530239 ], [ -93.277160041546793, 41.958500241477097 ], [ -93.277007390234701, 41.958706283498898 ], [ -93.276725042022406, 41.958934629796403 ], [ -93.276367410022303, 41.959098787978903 ], [ -93.276274414451393, 41.9591773114457 ], [ -93.276054232858897, 41.959182503631098 ], [ -93.275963055899993, 41.9591519631255 ], [ -93.275917267121301, 41.959079454722897 ], [ -93.275954232870603, 41.958972921058503 ], [ -93.276038797698703, 41.958892431419002 ], [ -93.276114544332899, 41.958851103996501 ], [ -93.276366515066698, 41.958778617081201 ], [ -93.276695449658604, 41.958633527857899 ], [ -93.276893237447894, 41.958454372238499 ], [ -93.276977367190497, 41.958228999766199 ], [ -93.276969957205907, 41.9581072216262 ], [ -93.276824774202197, 41.957965546526303 ], [ -93.276725999211806, 41.957942894830303 ], [ -93.276664795108104, 41.957954123811902 ], [ -93.276611325538695, 41.957985190029802 ], [ -93.276549451976905, 41.958075995615403 ], [ -93.2765113923857, 41.958335427884997 ], [ -93.276428012369706, 41.958385537269201 ], [ -93.276335931155103, 41.958378229211 ], [ -93.276252467225007, 41.958274520763197 ], [ -93.276290826867097, 41.9578514419578 ], [ -93.276214135731493, 41.957698691107602 ], [ -93.276107391640906, 41.9575998571799 ], [ -93.275856212484499, 41.957496187318498 ], [ -93.275649089190793, 41.9574471032414 ], [ -93.275459345312001, 41.957419848237997 ], [ -93.275336702919702, 41.957385960486803 ], [ -93.275131077905499, 41.957298453232703 ], [ -93.275020777350122, 41.957195174903212 ], [ -93.275665062552434, 41.957193023096217 ], [ -93.275916271137504, 41.9572336424837 ], [ -93.2760848099241, 41.957306057622397 ], [ -93.276190730500304, 41.957332437670303 ], [ -93.276313481763793, 41.957332344343698 ], [ -93.276504069236907, 41.957275553781201 ], [ -93.276582927470315, 41.95718995757781 ], [ -93.276771779212112, 41.957189326843938 ], [ -93.2791382290917, 41.957179856414982 ], [ -93.279060023405094, 41.957240909367101 ], [ -93.278953574340605, 41.957290534097197 ], [ -93.278868985964095, 41.957309319771397 ], [ -93.278671003897102, 41.9574312401664 ], [ -93.278556395588197, 41.957534349259902 ], [ -93.278503161272695, 41.957653060368202 ], [ -93.278457791513006, 41.957881933399896 ], [ -93.278464985901095, 41.958102971671103 ], [ -93.278434671680998, 41.958350942006902 ], [ -93.278395761996507, 41.958507514830799 ], [ -93.278304179673398, 41.958705902756599 ], [ -93.278244204797502, 41.9589040626743 ], [ -93.278274534500994, 41.9591863998901 ], [ -93.278327254435098, 41.959361895627097 ], [ -93.278351108197398, 41.959529628679398 ], [ -93.278327924495798, 41.959594422398901 ], [ -93.278349969377999, 41.959808619911598 ], [ -93.278388927170994, 41.959869357826904 ], [ -93.278479546402707, 41.959945493119299 ], [ -93.278807721708205, 41.9601321600951 ], [ -93.279143680463505, 41.960212570934999 ], [ -93.279494945452299, 41.960243223714102 ], [ -93.279571552849305, 41.9602734547368 ], [ -93.279701004432894, 41.960288702008498 ], [ -93.279876744026197, 41.960270047377399 ], [ -93.279998395293305, 41.960204644844602 ], [ -93.280165817344994, 41.960056144073 ], [ -93.280289784486541, 41.959797227818903 ], [ -93.280289161121914, 41.960514772691184 ], [ -93.280258134665999, 41.960650996165 ], [ -93.28028892229122, 41.960788976203055 ], [ -93.280286331384048, 41.963159878236496 ], [ -93.280158048474405, 41.9631922244035 ], [ -93.280044197807896, 41.963275677393497 ], [ -93.280006299730701, 41.9633750387733 ], [ -93.280120439408904, 41.963596542408403 ], [ -93.280089924919693, 41.9637872762803 ], [ -93.280028564913295, 41.963958580494399 ], [ -93.280006099135306, 41.964161109665902 ], [ -93.280013591959303, 41.964187201729999 ], [ -93.280082775728104, 41.9642521531879 ], [ -93.280219101911996, 41.964309576002201 ], [ -93.28028507083701, 41.964313386768644 ], [ -93.280285009292754, 41.964369705038763 ], [ -93.278886645184471, 41.96438009294468 ], [ -93.278891986510999, 41.964305761965903 ], [ -93.278923081069095, 41.964256337305997 ], [ -93.279243381892698, 41.964271135146902 ], [ -93.279555566905898, 41.964244624140903 ], [ -93.279701201337602, 41.964187775266403 ], [ -93.279753877095999, 41.964145959345501 ], [ -93.279792260192906, 41.964065388111202 ] ] ], [ [ [ -93.274314709611602, 42.031200082198403 ], [ -93.274398855625606, 42.031257306870799 ], [ -93.274566774278895, 42.0313189811909 ], [ -93.274551140795197, 42.0313454821815 ], [ -93.274399000141301, 42.031440652858102 ], [ -93.274077948236396, 42.0315930770523 ], [ -93.273718977166993, 42.031688356171898 ], [ -93.273551903720303, 42.031760852016497 ], [ -93.273483166295506, 42.031776394697197 ], [ -93.273452512954705, 42.031688995442003 ], [ -93.273444511194199, 42.0313641753132 ], [ -93.273314503035394, 42.031204025832302 ], [ -93.273170694090496, 42.031116922236002 ], [ -93.273024687350897, 42.031086116527 ], [ -93.272918092220806, 42.0311053318555 ], [ -93.272758516639499, 42.031203921150599 ], [ -93.272750001670502, 42.031235043930103 ], [ -93.272575611333295, 42.031245673490702 ], [ -93.272483719503995, 42.031199910760897 ], [ -93.272407601652105, 42.031124072766701 ], [ -93.272216973612402, 42.030865157978802 ], [ -93.272041538290296, 42.030715675042799 ], [ -93.271873448787204, 42.030658465581404 ], [ -93.271719975454502, 42.030631972548299 ], [ -93.271560760857199, 42.0306590194729 ], [ -93.271492087617005, 42.030704076160497 ], [ -93.271430561932803, 42.030784163602704 ], [ -93.271415857373, 42.030849141142397 ], [ -93.2714381033135, 42.030933680286097 ], [ -93.271682960835406, 42.031112354696198 ], [ -93.271796650847193, 42.031222971813001 ], [ -93.2718349017631, 42.031520705633099 ], [ -93.2718810479426, 42.031585179059903 ], [ -93.271965017901195, 42.031646873442398 ], [ -93.272026176572496, 42.031669628937799 ], [ -93.272078854859799, 42.0317226135382 ], [ -93.272117166147694, 42.031894244348202 ], [ -93.272056710111002, 42.032009234712802 ], [ -93.271911579103502, 42.032111705452003 ], [ -93.271835093435399, 42.032138710369502 ], [ -93.271491129223506, 42.032192265464701 ], [ -93.271361492265399, 42.032271809440303 ], [ -93.271263035964495, 42.032394046446903 ], [ -93.271148236768298, 42.032436340485603 ], [ -93.271118125383694, 42.032428549839501 ], [ -93.270941920277807, 42.032298724784098 ], [ -93.270904737816494, 42.032222813589399 ], [ -93.270927424200707, 42.031860183503198 ], [ -93.270874214195501, 42.031696286890202 ], [ -93.270805251555799, 42.0316241764043 ], [ -93.270749177379329, 42.031584499820738 ], [ -93.270754827403024, 42.030888042893586 ], [ -93.270972937715499, 42.0307888108781 ], [ -93.271102578816794, 42.030677965108197 ], [ -93.271240027442403, 42.030429553294198 ], [ -93.271269973141102, 42.030223589432197 ], [ -93.271400177627697, 42.0300671432462 ], [ -93.271583189002101, 42.030178329663499 ], [ -93.271728180891401, 42.030235051901599 ], [ -93.271896100826794, 42.030265427307498 ], [ -93.272567776111998, 42.030231308831901 ], [ -93.272628136901204, 42.0302433149267 ], [ -93.272872232126304, 42.030223423999502 ], [ -93.273169982115107, 42.030231495348602 ], [ -93.273254381217797, 42.030219860753299 ], [ -93.273474695584795, 42.030341669380597 ], [ -93.273948482378501, 42.0304527260217 ], [ -93.274184825928003, 42.030475598132 ], [ -93.274276204854203, 42.030472159271099 ], [ -93.274398292498503, 42.0304300163723 ], [ -93.274475054284807, 42.030395861038301 ], [ -93.274543137392598, 42.030334692 ], [ -93.274635477095103, 42.030181915936303 ], [ -93.274719047652596, 42.029910900163799 ], [ -93.274688054581802, 42.029769833001403 ], [ -93.274612498915801, 42.029708144178187 ], [ -93.274810285468632, 42.029707959066528 ], [ -93.274894564331106, 42.029777765048301 ], [ -93.275001223842693, 42.030006285613901 ], [ -93.275123909882197, 42.030135870709003 ], [ -93.275290641174706, 42.030227927063997 ], [ -93.275428137973506, 42.030258550795203 ], [ -93.275458781719948, 42.030253120598879 ], [ -93.275457342028417, 42.030466441837056 ], [ -93.275329303589999, 42.030421922735599 ], [ -93.275061882039694, 42.030353679732002 ], [ -93.274833345631393, 42.030380163354899 ], [ -93.274704134275893, 42.030448987077598 ], [ -93.2745964149358, 42.030559404234801 ], [ -93.274283995787101, 42.031051865763601 ], [ -93.274314709611602, 42.031200082198403 ] ] ], [ [ [ -93.273879960053804, 42.033984884623301 ], [ -93.273810911808297, 42.03397716768 ], [ -93.273505902858005, 42.033874142947901 ], [ -93.273238952837701, 42.033824687615997 ], [ -93.273155113167306, 42.033790721849599 ], [ -93.272879543809907, 42.033775069547403 ], [ -93.272658568478406, 42.033794554357797 ], [ -93.272529156711599, 42.033774830600699 ], [ -93.272422813367996, 42.033725185350299 ], [ -93.272231160049003, 42.0335234872529 ], [ -93.271872888642505, 42.033351363227602 ], [ -93.271758880868703, 42.033248788493303 ], [ -93.271743473837901, 42.033176020222299 ], [ -93.271758143674205, 42.0331119360876 ], [ -93.271857815759006, 42.032989724260403 ], [ -93.272070983408796, 42.0329208863931 ], [ -93.272178005427705, 42.033046566684597 ], [ -93.272314942077301, 42.033122794187797 ], [ -93.272506111819794, 42.033118779469298 ], [ -93.272720489136603, 42.033081268586599 ], [ -93.272948954144596, 42.033119180682903 ], [ -93.273048003087098, 42.033168671569399 ], [ -93.273146826214301, 42.033317431373 ], [ -93.273223226378306, 42.033386120151803 ], [ -93.273399070972303, 42.033431864829701 ], [ -93.273566486731895, 42.033413037663799 ], [ -93.273673962610403, 42.033340178768199 ], [ -93.273879577456796, 42.033153123337399 ], [ -93.274063189685606, 42.033062194203801 ], [ -93.274146266695993, 42.0330845166255 ], [ -93.274223086112499, 42.033142481328397 ], [ -93.274276927821504, 42.033321594062102 ], [ -93.274153878086494, 42.033481772072498 ], [ -93.274039850263307, 42.033691330004203 ], [ -93.273978553539806, 42.033859070901698 ], [ -93.273879960053804, 42.033984884623301 ] ] ], [ [ [ -93.277336151445297, 42.099658775338 ], [ -93.277266615696803, 42.0996930888736 ], [ -93.277221245292907, 42.099701078177297 ], [ -93.277061080741206, 42.099686079260003 ], [ -93.276931471791968, 42.099641315031839 ], [ -93.277345213126452, 42.099644605737311 ], [ -93.277336151445297, 42.099658775338 ] ] ], [ [ [ -93.271064747736602, 42.099620539048601 ], [ -93.271018743724596, 42.099605385775781 ], [ -93.272313569558918, 42.099612506458008 ], [ -93.272293057107106, 42.099632135131898 ], [ -93.2721635752944, 42.099704536793404 ], [ -93.271980315424599, 42.099750760180697 ], [ -93.271834957013098, 42.099762005483598 ], [ -93.271361773764397, 42.0996858372256 ], [ -93.271208917716606, 42.099639680158901 ], [ -93.271064747736602, 42.099620539048601 ] ] ], [ [ [ -93.273230737501606, 42.100162623683701 ], [ -93.272956322348605, 42.100391179548097 ], [ -93.272819591721799, 42.100555555453802 ], [ -93.272406828776496, 42.100833964956401 ], [ -93.272307858362694, 42.100966937129797 ], [ -93.272155102711196, 42.101105036091496 ], [ -93.271972697394403, 42.100848959943299 ], [ -93.271835488474096, 42.1007763006685 ], [ -93.271659643742098, 42.1007573866532 ], [ -93.271560382523404, 42.100773181676097 ], [ -93.271423596912399, 42.100845428704801 ], [ -93.271308119684704, 42.100933330413298 ], [ -93.271156391331701, 42.101138532255597 ], [ -93.271079464670606, 42.101081454702303 ], [ -93.271048615626597, 42.100967211133003 ], [ -93.271040921219793, 42.100852561614602 ], [ -93.271072086059704, 42.100616194847603 ], [ -93.271018991558606, 42.100479121269302 ], [ -93.270964625939698, 42.100436830522902 ], [ -93.27081257375842, 42.100414905073215 ], [ -93.270812410244957, 42.099980200372599 ], [ -93.270965003369597, 42.099960107043501 ], [ -93.271071872477506, 42.099967728196603 ], [ -93.271186833430704, 42.100017558180099 ], [ -93.271407247027994, 42.100204671446498 ], [ -93.271514488407803, 42.100265071471703 ], [ -93.271628827400804, 42.1002996826276 ], [ -93.2718276506194, 42.100322659043599 ], [ -93.271979891794601, 42.100322292031599 ], [ -93.272330980047997, 42.100219680754797 ], [ -93.2727052502525, 42.099960137668198 ], [ -93.272917910716302, 42.099784840777197 ], [ -93.273040260126095, 42.099739120891201 ], [ -93.273497823264805, 42.099685261489903 ], [ -93.273658346849402, 42.099628718067699 ], [ -93.273672446088355, 42.099619979376534 ], [ -93.274258624099502, 42.099623202966328 ], [ -93.274292090242596, 42.099647440018998 ], [ -93.274276301711296, 42.099677517918501 ], [ -93.274031798607695, 42.099857512490701 ], [ -93.273933171436894, 42.100044158657397 ], [ -93.273734627652402, 42.100014035935303 ], [ -93.273513163486797, 42.100040673302402 ], [ -93.273368911318897, 42.100085931984502 ], [ -93.273230737501606, 42.100162623683701 ] ] ], [ [ [ -93.277068875224202, 42.100204117463598 ], [ -93.277121511965305, 42.100197175581499 ], [ -93.277229180454597, 42.1002155416015 ], [ -93.277366847201606, 42.1002765770736 ], [ -93.277495992902502, 42.100368738072603 ], [ -93.277579663479301, 42.100471569475303 ], [ -93.277618137707606, 42.100577921811499 ], [ -93.2776177470937, 42.100650362350102 ], [ -93.277594934244703, 42.100704442425197 ], [ -93.277434407756004, 42.100792295755802 ], [ -93.277228423628898, 42.100734294538299 ], [ -93.277137995309801, 42.100742229865098 ], [ -93.276984970702898, 42.100887484054901 ], [ -93.276870027464298, 42.101211531305601 ], [ -93.276732885899506, 42.101386635861097 ], [ -93.276580281611402, 42.101489860353901 ], [ -93.276381716206799, 42.101584961558402 ], [ -93.276275293408602, 42.101597031709503 ], [ -93.276190952216396, 42.1015737895058 ], [ -93.2760611780311, 42.1014977135953 ], [ -93.276023050297098, 42.101413728695 ], [ -93.276015848870401, 42.101192652765903 ], [ -93.276168160303996, 42.1009409474335 ], [ -93.276191052460803, 42.100822470296002 ], [ -93.276184004091405, 42.100753450795999 ], [ -93.276115312386494, 42.1007037051764 ], [ -93.2759320219145, 42.100719522962002 ], [ -93.275848161695805, 42.1007463787276 ], [ -93.275595969691807, 42.100967358342899 ], [ -93.275420524116996, 42.101062944930703 ], [ -93.275283820896306, 42.101070798748097 ], [ -93.275183771267805, 42.101013236661203 ], [ -93.275161154102904, 42.1009063230604 ], [ -93.275215066356907, 42.100741989120898 ], [ -93.275336361507598, 42.100536141876098 ], [ -93.275427915452099, 42.100436999703398 ], [ -93.275603573870498, 42.100055200343697 ], [ -93.275603766095102, 42.099925512187902 ], [ -93.275489190467894, 42.099834550584802 ], [ -93.275497258961906, 42.099815043088803 ], [ -93.275657018018094, 42.099746853530299 ], [ -93.276007849500104, 42.099681793113703 ], [ -93.276120899205807, 42.099634868115807 ], [ -93.276783817555511, 42.099640140658956 ], [ -93.276619063732198, 42.099716128934801 ], [ -93.276596254409696, 42.099738903860299 ], [ -93.276557544832201, 42.099857047877002 ], [ -93.276580395951399, 42.1000516200032 ], [ -93.276648633913297, 42.100112983365499 ], [ -93.276786160439499, 42.100177594226203 ], [ -93.277068875224202, 42.100204117463598 ] ] ], [ [ [ -93.270828383530898, 42.101398153091303 ], [ -93.270903947142102, 42.101490084899197 ], [ -93.270950077660899, 42.101680677687703 ], [ -93.270873628950497, 42.101829329461701 ], [ -93.270813123256715, 42.101875760313781 ], [ -93.270812938591206, 42.101384822335511 ], [ -93.270828383530898, 42.101398153091303 ] ] ], [ [ [ -93.274062595789601, 42.102435910655402 ], [ -93.273559134682202, 42.102417250679402 ], [ -93.273391553396493, 42.102436079392497 ], [ -93.273085991772504, 42.102588847513204 ], [ -93.272880484596698, 42.102767873979097 ], [ -93.272735685238004, 42.1029204526426 ], [ -93.272460774386602, 42.103130214933103 ], [ -93.272155352443903, 42.103435037744198 ], [ -93.272102421230699, 42.103511737315301 ], [ -93.272094100769493, 42.103568805622103 ], [ -93.272177878015995, 42.103637654764597 ], [ -93.272422084456593, 42.103652642786599 ], [ -93.272536458566904, 42.103717664647 ], [ -93.272551911121695, 42.103820850344299 ], [ -93.272232275070607, 42.103897293226296 ], [ -93.272063559734505, 42.104007328716698 ], [ -93.271949009345704, 42.104133711652899 ], [ -93.271895541033103, 42.104286426835401 ], [ -93.271903668730602, 42.104327742231597 ], [ -93.271873717559799, 42.104408504163899 ], [ -93.271835281234104, 42.104675129632398 ], [ -93.271690358406104, 42.104892998785402 ], [ -93.271636383414304, 42.104965204144797 ], [ -93.271369722311604, 42.1055865794157 ], [ -93.271384976522995, 42.105632517408502 ], [ -93.271438269335206, 42.1056712077811 ], [ -93.271544867659102, 42.105685978189499 ], [ -93.271637114013004, 42.105662879502603 ], [ -93.271765813994193, 42.105735359773099 ], [ -93.271865470959199, 42.105865365810601 ], [ -93.272071806742304, 42.106319618525298 ], [ -93.272224316685794, 42.106437322275802 ], [ -93.272398982144395, 42.106517926631 ], [ -93.272559755267693, 42.1065177385371 ], [ -93.272643309280994, 42.106498928018198 ], [ -93.272727008711698, 42.1064452374778 ], [ -93.272788599610706, 42.106365142155497 ], [ -93.2728119241564, 42.106204635278502 ], [ -93.272712829097202, 42.105842088387497 ], [ -93.272735443541194, 42.105762065893799 ], [ -93.272834338712599, 42.105693490292403 ], [ -93.272895079187606, 42.105697454052297 ], [ -93.273002126328706, 42.105731910304598 ], [ -93.273131480375199, 42.105850019213001 ], [ -93.273193241191606, 42.105983697567702 ], [ -93.273277112766195, 42.106330717806202 ], [ -93.273413939097296, 42.106475817078099 ], [ -93.2737422206568, 42.106739438927399 ], [ -93.273787510429898, 42.106827153713397 ], [ -93.273788258450253, 42.106831666800637 ], [ -93.270917909260746, 42.106812878481094 ], [ -93.270888772609496, 42.1065486870367 ], [ -93.270814853943747, 42.106476835926372 ], [ -93.270814306495353, 42.105021430412762 ], [ -93.270866335549499, 42.104942700175599 ], [ -93.270896489100195, 42.104732249520801 ], [ -93.270896207261302, 42.104583767311802 ], [ -93.270858055669905, 42.104469369181999 ], [ -93.270814076041489, 42.104408762944672 ], [ -93.2708135553586, 42.103024514188057 ], [ -93.271522571640304, 42.102954798542299 ], [ -93.271911011969905, 42.1028628143684 ], [ -93.272049017884399, 42.1027905923088 ], [ -93.272162657495301, 42.102687445588103 ], [ -93.272231517848994, 42.102577093530101 ], [ -93.272315044128007, 42.102496566974303 ], [ -93.272445660372099, 42.102519893011099 ], [ -93.272544295076898, 42.102520183804003 ], [ -93.272704267056, 42.1024779405071 ], [ -93.273117067907194, 42.1022299408111 ], [ -93.273398511433797, 42.102008687551397 ], [ -93.273543989761194, 42.1019321493823 ], [ -93.273726940063298, 42.101893966919199 ], [ -93.273826197147997, 42.101909475206199 ], [ -93.274024317098906, 42.102012932199798 ], [ -93.274169884234894, 42.102027627229198 ], [ -93.274291782918795, 42.101993524082197 ], [ -93.274390671221397, 42.101924947604601 ], [ -93.274443848036995, 42.101810686383303 ], [ -93.274466773364097, 42.101722620716799 ], [ -93.2744827016014, 42.101470726762201 ], [ -93.2746118205676, 42.101501174509103 ], [ -93.274940022925307, 42.101703969147799 ], [ -93.274864296566093, 42.101959075642803 ], [ -93.274795720217995, 42.102062279450202 ], [ -93.274604058068405, 42.102229972470802 ], [ -93.2745894510266, 42.102260969835598 ], [ -93.274482498320396, 42.102317748975601 ], [ -93.274161823894204, 42.102421007377501 ], [ -93.274062595789601, 42.102435910655402 ] ] ], [ [ [ -93.275680041678598, 42.105613917172398 ], [ -93.275626485117797, 42.1054571576271 ], [ -93.275619799091302, 42.105285285337999 ], [ -93.275702688090604, 42.105033905930597 ], [ -93.275817996449803, 42.104919163252703 ], [ -93.275955239074804, 42.104835293129199 ], [ -93.276054160420202, 42.104797126547702 ], [ -93.276313846596693, 42.104790072237499 ], [ -93.276787007913995, 42.104805400045699 ], [ -93.276893683528399, 42.104755768426699 ], [ -93.276931864393106, 42.104713639299703 ], [ -93.276962371716095, 42.1045872718787 ], [ -93.276954523850307, 42.104507502098897 ], [ -93.276916253884295, 42.1044270919528 ], [ -93.276625864919794, 42.104191109637597 ], [ -93.276519271833706, 42.104145038362198 ], [ -93.276282678041795, 42.104122168501199 ], [ -93.276137795450495, 42.104152211993103 ], [ -93.276023504932795, 42.104209732501097 ], [ -93.275931523903097, 42.104350905020802 ], [ -93.275870845569401, 42.10440776547 ], [ -93.275772203818306, 42.1044387823015 ], [ -93.275656948738103, 42.1044274108053 ], [ -93.275543394652601, 42.104434858139498 ], [ -93.275473853264302, 42.104469170910001 ], [ -93.275268002274103, 42.1046258334691 ], [ -93.275191612936297, 42.104648374224297 ], [ -93.275115018800605, 42.104644972030997 ], [ -93.274902506063995, 42.104473236392103 ], [ -93.274841282656098, 42.104450480272099 ], [ -93.274612333873606, 42.104450129258701 ], [ -93.274459834387201, 42.1044880603514 ], [ -93.274231194640606, 42.104510970467601 ], [ -93.274085203338601, 42.104506999846002 ], [ -93.273918181039605, 42.104480225019202 ], [ -93.273803600132098, 42.1043892614219 ], [ -93.273765613208894, 42.104301700769099 ], [ -93.273788201538196, 42.104159961778201 ], [ -93.274039902505905, 42.1038584750928 ], [ -93.274230832270504, 42.103740855292799 ], [ -93.274703700926196, 42.1035764036153 ], [ -93.274871817692102, 42.103481557600702 ], [ -93.274955681572905, 42.103454702378897 ], [ -93.275145717598505, 42.103484643931203 ], [ -93.2752610803294, 42.103462029722799 ], [ -93.275375195764099, 42.103408978429002 ], [ -93.275611015329702, 42.103233269641599 ], [ -93.275711230026005, 42.103130731545498 ], [ -93.275764266029498, 42.103020044404502 ], [ -93.275810061805203, 42.102970026175498 ], [ -93.275916735309195, 42.102920395472303 ], [ -93.276115427853796, 42.102946940162198 ], [ -93.276206932288204, 42.102973910974299 ], [ -93.276396994256601, 42.103065567047203 ], [ -93.276648794838394, 42.103229182727702 ], [ -93.276840322983503, 42.1032833028627 ], [ -93.276847690046495, 42.103312974207697 ], [ -93.276946558516798, 42.103400920905301 ], [ -93.277030976395295, 42.103671922022301 ], [ -93.277198836284398, 42.1039580959389 ], [ -93.277420153859097, 42.104091552301902 ], [ -93.277542117157495, 42.104118268762903 ], [ -93.277587207889994, 42.1041487339753 ], [ -93.277923750537298, 42.104263147898102 ], [ -93.278090460085593, 42.1042979608427 ], [ -93.2781443515577, 42.104290150414698 ], [ -93.278205512725606, 42.1042520821983 ], [ -93.278419579418895, 42.104259269239698 ], [ -93.278594934417598, 42.104415906289397 ], [ -93.278479976886999, 42.104553019467602 ], [ -93.277954000273397, 42.104892571039201 ], [ -93.277732082907306, 42.105117770858698 ], [ -93.277587711270598, 42.105228325860701 ], [ -93.277442826944807, 42.105258370854102 ], [ -93.277389321884201, 42.105225045175303 ], [ -93.277366030093106, 42.105197721952599 ], [ -93.277366107138704, 42.105133324317102 ], [ -93.277404601775103, 42.105083151730398 ], [ -93.277404431046605, 42.105056315116997 ], [ -93.277351208799203, 42.104984534719001 ], [ -93.277258968931207, 42.104976332349402 ], [ -93.277068990123695, 42.105007216667502 ], [ -93.276931891857203, 42.105056208075801 ], [ -93.276519851257206, 42.105315864511098 ], [ -93.276389657400699, 42.105468755159798 ], [ -93.276321424604802, 42.105594328343997 ], [ -93.276329206211599, 42.105644580531902 ], [ -93.276351629700102, 42.105662941330998 ], [ -93.276405239257102, 42.105693586355002 ], [ -93.276458538956007, 42.105700969524499 ], [ -93.276557317706803, 42.105697682457397 ], [ -93.276740136706806, 42.105663070361899 ], [ -93.276839651752198, 42.105609710232898 ], [ -93.276915588185901, 42.105598786585503 ], [ -93.277084284613395, 42.105613965085404 ], [ -93.277274560477807, 42.105731563096803 ], [ -93.277465817000703, 42.105792832076702 ], [ -93.277777732676199, 42.105758251999902 ], [ -93.278106183388601, 42.105861762009297 ], [ -93.278602226569802, 42.105915130726302 ], [ -93.278770689202503, 42.105842647507899 ], [ -93.278876490674904, 42.105846661866302 ], [ -93.278983758885602, 42.10578183554 ], [ -93.279235432012399, 42.105605558683997 ], [ -93.27929701362649, 42.105555848341623 ], [ -93.279298549835119, 42.10590582951238 ], [ -93.2792664511677, 42.105934468434597 ], [ -93.279166894137504, 42.106082639604203 ], [ -93.279151649612004, 42.106254944885499 ], [ -93.279300989502318, 42.106461637862985 ], [ -93.279302772149094, 42.106867762912522 ], [ -93.278970353921039, 42.106865587017019 ], [ -93.279036693089907, 42.106735522038697 ], [ -93.279060142797206, 42.106571439155204 ], [ -93.278983767177095, 42.106437456358002 ], [ -93.278830966997106, 42.106326910188898 ], [ -93.278731670699599, 42.106280994199402 ], [ -93.278579837961502, 42.1062393395786 ], [ -93.278419582038595, 42.106288739945398 ], [ -93.278014419488002, 42.106590584728302 ], [ -93.277930337024401, 42.106685414594097 ], [ -93.277862276719802, 42.106837825445801 ], [ -93.277865893955976, 42.106858357601581 ], [ -93.275926713413696, 42.106845664392054 ], [ -93.2759397423754, 42.106791991056802 ], [ -93.276023626832298, 42.106639914331801 ], [ -93.276076778133699, 42.106463935152199 ], [ -93.276076737952806, 42.106246586415999 ], [ -93.276053803713197, 42.106147715601601 ], [ -93.275931797708594, 42.105903649026203 ], [ -93.275680041678598, 42.105613917172398 ] ], [ [ -93.274886637425098, 42.103881681423303 ], [ -93.274772685746797, 42.103992873969403 ], [ -93.274764572028104, 42.104075885367003 ], [ -93.274779483900005, 42.104099454781398 ], [ -93.274894035458402, 42.104160006101203 ], [ -93.275092731143104, 42.104186552401302 ], [ -93.275275542323399, 42.104183247518002 ], [ -93.275519690502406, 42.104137406941703 ], [ -93.275718748461202, 42.104061100061699 ], [ -93.275977812457995, 42.104007522856499 ], [ -93.276305540287495, 42.1039732795128 ], [ -93.276442950822499, 42.103916245545101 ], [ -93.276542886215907, 42.103820856307898 ], [ -93.276542793625495, 42.103729622209002 ], [ -93.276503652483498, 42.103671554475099 ], [ -93.276099998967993, 42.1034045646282 ], [ -93.275985478223603, 42.103374425782597 ], [ -93.2757102527748, 42.103405301747301 ], [ -93.275633895382896, 42.103458254084501 ], [ -93.275566081933306, 42.103573102188399 ], [ -93.275420462815305, 42.1036532175752 ], [ -93.275154303237002, 42.103732582726401 ], [ -93.274886637425098, 42.103881681423303 ] ] ], [ [ [ -93.262122656171698, 42.173331992871098 ], [ -93.261702737026994, 42.173408091725598 ], [ -93.261359402387995, 42.1734276657373 ], [ -93.261009167333498, 42.1733746372986 ], [ -93.260756800736999, 42.173312944247797 ], [ -93.260725385670014, 42.173301086888081 ], [ -93.260724596690679, 42.173221405104471 ], [ -93.263583746962865, 42.173238801279687 ], [ -93.263823341528962, 42.173240254732846 ], [ -93.263679726051507, 42.173324654725398 ], [ -93.263434731382006, 42.173385670950502 ], [ -93.263023149578601, 42.173404701458999 ], [ -93.262816812376897, 42.173381554959498 ], [ -93.262702182445295, 42.173351401775598 ], [ -93.2623816968066, 42.173316896239001 ], [ -93.262122656171698, 42.173331992871098 ] ] ], [ [ [ -93.270377947404, 42.173484712426131 ], [ -93.270339135038498, 42.173461638502097 ], [ -93.270087207954901, 42.173419652309903 ], [ -93.270072534775593, 42.173358516212701 ], [ -93.270087830644101, 42.173279227248997 ], [ -93.270087682321787, 42.1732781152173 ], [ -93.27037643505976, 42.173279851362814 ], [ -93.270377947404, 42.173484712426131 ] ] ], [ [ [ -93.267822015123997, 42.173671535738102 ], [ -93.267706967102399, 42.173496467319801 ], [ -93.267592771337306, 42.173392977725399 ], [ -93.267477972246894, 42.173335989898199 ], [ -93.267333483896394, 42.173290004036097 ], [ -93.267088921277207, 42.173308994176303 ], [ -93.266983203414497, 42.173393530407303 ], [ -93.266944102918799, 42.173458004443198 ], [ -93.266959601166803, 42.173808980248303 ], [ -93.266921054397699, 42.174014798942999 ], [ -93.266845534012802, 42.174137542083798 ], [ -93.266723418611505, 42.174236044299398 ], [ -93.266235362835204, 42.173904610875802 ], [ -93.266120353463705, 42.173728647225403 ], [ -93.266036489062998, 42.173442421629602 ], [ -93.266037172533899, 42.173362824500501 ], [ -93.26606254792442, 42.173253796410229 ], [ -93.26842364349254, 42.17326807014679 ], [ -93.268370660518798, 42.173327990458802 ], [ -93.268287628877502, 42.173580279961101 ], [ -93.268172992372996, 42.173705776545901 ], [ -93.268089348801695, 42.173755893472098 ], [ -93.267935904321206, 42.173751761373801 ], [ -93.267890177310704, 42.173736484337397 ], [ -93.267822015123997, 42.173671535738102 ] ] ], [ [ [ -93.265746207983796, 42.175994600547497 ], [ -93.265639581817496, 42.1760710662682 ], [ -93.265251103286104, 42.176060178600999 ], [ -93.2651366432233, 42.176025558599299 ], [ -93.264976377882505, 42.175884418222601 ], [ -93.264953803764499, 42.1758383211425 ], [ -93.264731634643397, 42.175659197795099 ], [ -93.264526368035604, 42.175639654782202 ], [ -93.264259088981206, 42.1757091472697 ], [ -93.264152611517105, 42.175750728819601 ], [ -93.2640452473197, 42.175845962458197 ], [ -93.263991872443, 42.176025526748901 ], [ -93.263945739563994, 42.176082695462298 ], [ -93.263908564195404, 42.176098011213099 ], [ -93.263832233209499, 42.176116972137997 ], [ -93.263732416630901, 42.176113073839304 ], [ -93.263579398085398, 42.176066903441701 ], [ -93.263457760512495, 42.1760598602378 ], [ -93.263404673861899, 42.1759835989916 ], [ -93.263374220024701, 42.175765588129202 ], [ -93.263533833833307, 42.175643729298301 ], [ -93.263648698021797, 42.175605903551997 ], [ -93.263755947379195, 42.175544659405503 ], [ -93.263946402505198, 42.175289274657501 ], [ -93.264068319409802, 42.175289167209002 ], [ -93.264296888427594, 42.175243009221802 ], [ -93.264496161663502, 42.1751667129639 ], [ -93.264578960902597, 42.175045019210103 ], [ -93.264617426256805, 42.174903604074899 ], [ -93.264609558910607, 42.174793412664499 ], [ -93.264549427642606, 42.174648125634903 ], [ -93.264464469169894, 42.1745452507378 ], [ -93.264412030028097, 42.174514623917602 ], [ -93.264236597636398, 42.174480503973399 ], [ -93.263778953565904, 42.174647947620699 ], [ -93.263625813308195, 42.174667074239203 ], [ -93.263549318245694, 42.174659196045098 ], [ -93.263457814601693, 42.174567810812398 ], [ -93.263465006260702, 42.174167220674804 ], [ -93.263443160593496, 42.174133661979802 ], [ -93.263358254667395, 42.174091614394499 ], [ -93.2631609232062, 42.174087443589698 ], [ -93.262985111254395, 42.174156182964801 ], [ -93.262870845677, 42.174178813934098 ], [ -93.262702748319498, 42.174175260412298 ], [ -93.262428100619601, 42.174122044754903 ], [ -93.262321283894195, 42.174141254672797 ], [ -93.262245435591694, 42.174179009575603 ], [ -93.262115689104405, 42.174285396865699 ], [ -93.262053734592399, 42.174403951714702 ], [ -93.262038264313304, 42.174766797399599 ], [ -93.262084636653796, 42.174827710421198 ], [ -93.261893719590702, 42.175094711328597 ], [ -93.261840655710202, 42.1752662306112 ], [ -93.261871182084406, 42.175358116684997 ], [ -93.261695744204602, 42.175541360393503 ], [ -93.261565969981007, 42.1756173332668 ], [ -93.261488877212599, 42.175624647988101 ], [ -93.261412802691297, 42.175606043246603 ], [ -93.261252453846197, 42.175529301507702 ], [ -93.261138685723097, 42.175415080689902 ], [ -93.261070315278005, 42.175262461392997 ], [ -93.261085663428204, 42.1749649125004 ], [ -93.260993339698004, 42.1747393308599 ], [ -93.260802281916398, 42.174606479081 ], [ -93.260738160121761, 42.174591223463331 ], [ -93.260734799036968, 42.174251775750882 ], [ -93.260810614519102, 42.174270317911997 ], [ -93.260925185942398, 42.174270952580798 ], [ -93.261001234761096, 42.174259143583498 ], [ -93.261093235127902, 42.174213680423499 ], [ -93.261252860258594, 42.174060516879301 ], [ -93.261367077616399, 42.173977059372099 ], [ -93.261527511952906, 42.173896368278903 ], [ -93.261718892748704, 42.173896837685902 ], [ -93.262229768337093, 42.173988146890402 ], [ -93.262511368819602, 42.173957425696699 ], [ -93.262625914919795, 42.1739276448791 ], [ -93.262870516016903, 42.1739077693802 ], [ -93.262961602315002, 42.173885542970901 ], [ -93.263305384927904, 42.173885653420903 ], [ -93.263671469305905, 42.173907702576003 ], [ -93.263899899719704, 42.173958149939303 ], [ -93.263939054104895, 42.173954504744103 ], [ -93.263976429131603, 42.1739651341477 ], [ -93.264404070123106, 42.1742514687962 ], [ -93.264869059016206, 42.174300650429899 ], [ -93.265006239232207, 42.174346484723202 ], [ -93.265152138447206, 42.174449751877297 ], [ -93.265220780685198, 42.1745334969007 ], [ -93.265251021596995, 42.174663840058599 ], [ -93.265234974499705, 42.174793205607102 ], [ -93.2652742332033, 42.174911216065702 ], [ -93.265357519402698, 42.175025683806403 ], [ -93.265434347656495, 42.175087238794902 ], [ -93.265663326318304, 42.175185998345498 ], [ -93.265982630344297, 42.175250884151097 ], [ -93.266112977773105, 42.175346665784097 ], [ -93.266249644224303, 42.175498935091802 ], [ -93.266326166951998, 42.175537225739703 ], [ -93.266487125744405, 42.1755674592169 ], [ -93.266753315670996, 42.175525669147902 ], [ -93.266838373942804, 42.175532831668797 ], [ -93.266746378294798, 42.175826974007798 ], [ -93.2666621619681, 42.175922698369099 ], [ -93.266547412544398, 42.175926537647499 ], [ -93.2663036724758, 42.175831046062797 ], [ -93.266173402996699, 42.175826506714699 ], [ -93.2659910169954, 42.175876326741502 ], [ -93.265746207983796, 42.175994600547497 ] ] ], [ [ [ -93.269347852855404, 42.176609101372897 ], [ -93.269416957394199, 42.176681225303803 ], [ -93.269504319338424, 42.176816282305232 ], [ -93.268712109962578, 42.176803513647485 ], [ -93.268676178989494, 42.176700487918602 ], [ -93.268775066202707, 42.176665898647002 ], [ -93.269004224476305, 42.176635845937803 ], [ -93.269111925899907, 42.176562978189096 ], [ -93.269141903918296, 42.176513517611298 ], [ -93.269195081918596, 42.176525373293799 ], [ -93.269347852855404, 42.176609101372897 ] ] ], [ [ [ -93.262549626659194, 42.176677560072399 ], [ -93.262709649076896, 42.176700622338103 ], [ -93.26272592484932, 42.176707029622875 ], [ -93.262278915052235, 42.176699824816566 ], [ -93.262404527558004, 42.1766780705453 ], [ -93.262549626659194, 42.176677560072399 ] ] ] ] } },
{ "type": "Feature", "properties": { "mukey": "2835032", "musym": "107", "muname": "Webster clay loam, 0 to 2 percent slopes" }, "geometry": { "type": "MultiPolygon", "coordinates": [ [ [ [ -93.556434013197304, 42.101844782280203 ], [ -93.556319683720304, 42.101840833981498 ], [ -93.556068098534595, 42.101757377802898 ], [ -93.555870200079596, 42.101531838010601 ], [ -93.555824309003299, 42.101451373037499 ], [ -93.55582170166187, 42.101433882761341 ], [ -93.556950886973155, 42.101434533184275 ], [ -93.556937758687397, 42.101577939484699 ], [ -93.556884613554402, 42.101635069156202 ], [ -93.5566023296482, 42.101802349129599 ], [ -93.556434013197304, 42.101844782280203 ] ] ], [ [ [ -93.558494246857805, 42.102024095218198 ], [ -93.558425993645002, 42.102165010145697 ], [ -93.558448763574802, 42.102279917841798 ], [ -93.558509295489401, 42.102324883840801 ], [ -93.558623779653502, 42.102359241319498 ], [ -93.558738641673301, 42.102347993510797 ], [ -93.558844706096494, 42.102309748819998 ], [ -93.559188398858893, 42.102092644098498 ], [ -93.559570587594195, 42.101993425728502 ], [ -93.559654029267193, 42.101940443908298 ], [ -93.559729862704003, 42.101791622185203 ], [ -93.559699787172207, 42.101711456979203 ], [ -93.559555228224397, 42.101596935251102 ], [ -93.559417062637607, 42.101543350330303 ], [ -93.559303139876306, 42.101527785680801 ], [ -93.559134770174595, 42.101467370099201 ], [ -93.55910707043094, 42.101435775169243 ], [ -93.559715620558123, 42.101436125700687 ], [ -93.559837031468007, 42.101512815244199 ], [ -93.559943526105499, 42.101628179234339 ], [ -93.559387047705599, 42.102528831051309 ], [ -93.559062099717096, 42.103073166633486 ], [ -93.558906750414707, 42.103042505582501 ], [ -93.558494508890007, 42.103095542719402 ], [ -93.558380023581705, 42.103061185095797 ], [ -93.5583112538732, 42.103008014288598 ], [ -93.558272632230995, 42.102893701640099 ], [ -93.558303186704407, 42.102820940826298 ], [ -93.558410565542999, 42.102745158154804 ], [ -93.558471574882404, 42.102672077734802 ], [ -93.5584866839515, 42.102588293092197 ], [ -93.558441318122803, 42.102527514833099 ], [ -93.558235195625002, 42.102397519858499 ], [ -93.558136099674897, 42.102306213499801 ], [ -93.558067026698197, 42.1021573404444 ], [ -93.558105385974599, 42.102035537324902 ], [ -93.558303487798, 42.101768285784097 ], [ -93.5583038372868, 42.101688694470297 ], [ -93.558203931893999, 42.101585746287498 ], [ -93.558151168729395, 42.101562391410198 ], [ -93.558005449591406, 42.1015506972305 ], [ -93.557838633049897, 42.101585111254202 ], [ -93.557701332521702, 42.101646018699903 ], [ -93.557640044803605, 42.101692262648399 ], [ -93.5575704918258, 42.101696315665698 ], [ -93.557433572610805, 42.101676737756598 ], [ -93.557357099883504, 42.101600167726701 ], [ -93.557372460342705, 42.101509233180401 ], [ -93.557449941104366, 42.101434820644847 ], [ -93.558465758941352, 42.101435405766892 ], [ -93.558631917153306, 42.101604556113102 ], [ -93.558677686491393, 42.1016885951787 ], [ -93.558646533651498, 42.101848097450798 ], [ -93.558494246857805, 42.102024095218198 ] ] ], [ [ [ -93.554656183067195, 42.104518419921597 ], [ -93.554557284991205, 42.104595254439197 ], [ -93.554511992080293, 42.104706193610703 ], [ -93.554458559359901, 42.105014633122302 ], [ -93.554389839279295, 42.105064312773699 ], [ -93.554198260644696, 42.105144761233703 ], [ -93.554114529039197, 42.105205783680397 ], [ -93.554053570719006, 42.105311954810098 ], [ -93.554053717641494, 42.105377246122501 ], [ -93.554031399515907, 42.105423331074697 ], [ -93.553977564699494, 42.105465242697299 ], [ -93.553832543841906, 42.105537627294296 ], [ -93.553695764727806, 42.105583336667799 ], [ -93.553306778736399, 42.105667205909498 ], [ -93.553069227776007, 42.105773614306102 ], [ -93.552749732944093, 42.106063605705998 ], [ -93.552665973178506, 42.106090640938604 ], [ -93.552443662289605, 42.106109688832497 ], [ -93.552359776943007, 42.106140298954998 ], [ -93.551979221198195, 42.105983739709004 ], [ -93.551872469460406, 42.105971881688703 ], [ -93.551703738434199, 42.105991047816097 ], [ -93.551566700035806, 42.106078785249302 ], [ -93.551368133487202, 42.106288780422801 ], [ -93.5513535482728, 42.106357370492198 ], [ -93.551086087158296, 42.1065177656237 ], [ -93.550834960956195, 42.106594399117199 ], [ -93.550693791024131, 42.106614793511824 ], [ -93.550705092691985, 42.104161811362069 ], [ -93.5507431434431, 42.104144785773599 ], [ -93.550842139190493, 42.104065272906197 ], [ -93.550956096948397, 42.103732938589701 ], [ -93.551017083588604, 42.103660755365802 ], [ -93.551146621837802, 42.103439616909696 ], [ -93.551300015512297, 42.103302105593102 ], [ -93.551521489402106, 42.103202551486703 ], [ -93.551612265656402, 42.103183699193799 ], [ -93.551719276014097, 42.103118647259798 ], [ -93.551819084484706, 42.103015895773503 ], [ -93.551909651107806, 42.102760033561403 ], [ -93.551779988383004, 42.102637735438002 ], [ -93.551680919798201, 42.102615290276098 ], [ -93.551131549038303, 42.102585216199699 ], [ -93.550811686399996, 42.102538914715602 ], [ -93.550712853506539, 42.102477357368727 ], [ -93.55071592577184, 42.101810534378842 ], [ -93.550766056093906, 42.101757273839503 ], [ -93.550827191576104, 42.101715501975598 ], [ -93.550903362892697, 42.101696373744801 ], [ -93.551009330133098, 42.101695696735099 ], [ -93.551208367611807, 42.1017495486632 ], [ -93.551315244463098, 42.101722952172601 ], [ -93.551452274625305, 42.101635215468598 ], [ -93.551482189994204, 42.101684971486797 ], [ -93.551581684035, 42.101764663905399 ], [ -93.551780772868995, 42.101886487296802 ], [ -93.551940838141405, 42.101940494909499 ], [ -93.552192866161903, 42.102150072408897 ], [ -93.552275831853606, 42.102180261742497 ], [ -93.552490290059097, 42.1022111500832 ], [ -93.552581623413104, 42.102211089271201 ], [ -93.552627537021493, 42.102325541656597 ], [ -93.552726474591694, 42.102386441114497 ], [ -93.552817959415705, 42.102416791257198 ], [ -93.553047178651397, 42.102443486088298 ], [ -93.553253223920606, 42.102401770821203 ], [ -93.553459399447405, 42.1023216001999 ], [ -93.553557757709399, 42.102294840738303 ], [ -93.553588055969996, 42.102298991139897 ], [ -93.553672641665997, 42.102352463572103 ], [ -93.553702611514197, 42.102470191506598 ], [ -93.553755959166494, 42.1025463265604 ], [ -93.553779514833707, 42.102569130990197 ], [ -93.553863823982894, 42.1025957672597 ], [ -93.553985581571396, 42.102596280715503 ], [ -93.554092333348805, 42.102573256976399 ], [ -93.554344077436994, 42.102408982249202 ], [ -93.554480975197606, 42.102359697293998 ], [ -93.554633876396593, 42.102340228588403 ], [ -93.554816664231495, 42.102371408759403 ], [ -93.554924122404003, 42.102432467550699 ], [ -93.554939159784197, 42.102455110762399 ], [ -93.5549700444043, 42.102512039170399 ], [ -93.554962076243598, 42.1026004302378 ], [ -93.554885806652095, 42.1026571221539 ], [ -93.554641597619707, 42.102710639698699 ], [ -93.554511996364297, 42.102794942846998 ], [ -93.554496578532707, 42.102817904774902 ], [ -93.554526598735904, 42.103038485000901 ], [ -93.554572771258606, 42.103110906669002 ], [ -93.554763873847705, 42.103287130560503 ], [ -93.554870147739607, 42.103347272693199 ], [ -93.555030751131, 42.103386082501899 ], [ -93.555236699784302, 42.103381925336997 ], [ -93.555434307090295, 42.103198738041897 ], [ -93.555564895003997, 42.102947207143501 ], [ -93.555808470642404, 42.102703177126898 ], [ -93.556083994391599, 42.1024856867352 ], [ -93.556244044372306, 42.102435942942101 ], [ -93.556380589159104, 42.102466247351202 ], [ -93.556449075182698, 42.102527463067702 ], [ -93.556465405631798, 42.1027218476328 ], [ -93.556526433775502, 42.102787394255699 ], [ -93.556609276915495, 42.1028211559101 ], [ -93.5568006168686, 42.102851600420003 ], [ -93.556907670718601, 42.102924276599197 ], [ -93.556930695581798, 42.102962274543302 ], [ -93.556922608113993, 42.103019360870498 ], [ -93.556845776383597, 42.1030921418199 ], [ -93.556777591891105, 42.103126628543102 ], [ -93.556564244827896, 42.103168211548301 ], [ -93.556251266996995, 42.103168560381697 ], [ -93.556098266685495, 42.103225592319902 ], [ -93.5559685684144, 42.103347458286997 ], [ -93.555922871591804, 42.103470016789302 ], [ -93.555885497651801, 42.103667858876399 ], [ -93.555770397830599, 42.103824880626597 ], [ -93.555625382240706, 42.103897267088897 ], [ -93.555190816270397, 42.103996378899197 ], [ -93.555069329364699, 42.104057582703597 ], [ -93.554992901682198, 42.1041187436333 ], [ -93.554916250206404, 42.104221040949 ], [ -93.554808905513994, 42.104469433532799 ], [ -93.554656183067195, 42.104518419921597 ] ], [ [ -93.552879053435504, 42.1046332811081 ], [ -93.552795065033493, 42.104736332882197 ], [ -93.552741276140196, 42.104881096601702 ], [ -93.552742277458407, 42.105060882586699 ], [ -93.552711465432296, 42.105140792449603 ], [ -93.552680784274102, 42.1051822471523 ], [ -93.552558227242002, 42.105273836892103 ], [ -93.552429071943607, 42.105449371912499 ], [ -93.552184206789605, 42.105625400700603 ], [ -93.5521698791528, 42.105651960540399 ], [ -93.552184659705205, 42.105716634427999 ], [ -93.552291587732896, 42.105792889763201 ], [ -93.552489959474798, 42.105796642746398 ], [ -93.552627147323307, 42.105739315609299 ], [ -93.552932177645403, 42.105549219811301 ], [ -93.553001332658198, 42.1055219082007 ], [ -93.5531922502566, 42.105495110758 ], [ -93.553260412754099, 42.105426639508003 ], [ -93.553305984939101, 42.105342536822398 ], [ -93.553374862633007, 42.105080002182298 ], [ -93.553436004636197, 42.105003348847397 ], [ -93.553588734095996, 42.104919483803101 ], [ -93.554039112215904, 42.104716929970301 ], [ -93.554282470582805, 42.104548918792702 ], [ -93.554321365589601, 42.104446802394001 ], [ -93.554267895317594, 42.104339362436399 ], [ -93.554152573820602, 42.104259372734099 ], [ -93.553931871966995, 42.104197960835599 ], [ -93.553657608372305, 42.104240176132997 ], [ -93.552992964669599, 42.104545105084902 ], [ -93.552879053435504, 42.1046332811081 ] ], [ [ -93.551993843607093, 42.1042131762281 ], [ -93.552108940895096, 42.104125917825399 ], [ -93.552230732492603, 42.104125539164102 ], [ -93.552260906060397, 42.104133264963103 ], [ -93.552306925934303, 42.104175276348002 ], [ -93.552276561076297, 42.104381299639698 ], [ -93.552237731589997, 42.104446747829201 ], [ -93.552268278344101, 42.104652134924699 ], [ -93.552299136145905, 42.104675077835303 ], [ -93.552359609183, 42.104686954324698 ], [ -93.552626829768798, 42.104602573408897 ], [ -93.552711653547902, 42.104545150070798 ], [ -93.552780223082905, 42.104465060143902 ], [ -93.5528787685992, 42.1042594320704 ], [ -93.553176521260397, 42.104068304148797 ], [ -93.5532913400246, 42.103954208608897 ], [ -93.553321064474702, 42.103835820608602 ], [ -93.553290561924101, 42.103733286467801 ], [ -93.553222892318303, 42.103648830992697 ], [ -93.553176182755607, 42.103626482880102 ], [ -93.553084847549897, 42.103626544111897 ], [ -93.553008298616206, 42.103656398900497 ], [ -93.552840429269295, 42.1037900609833 ], [ -93.552818110850097, 42.1038361456377 ], [ -93.552719086332701, 42.103916553764101 ], [ -93.5525810926936, 42.103962238848297 ], [ -93.552482611958396, 42.103957692672701 ], [ -93.552359734795502, 42.1039195934448 ], [ -93.552169440117893, 42.103789887908597 ], [ -93.552123802653298, 42.103702271251599 ], [ -93.552154740130405, 42.103618786592598 ], [ -93.552253764875502, 42.103538378926999 ], [ -93.552589741333804, 42.1035420522674 ], [ -93.552696338286694, 42.103523498497701 ], [ -93.552802940670901, 42.103470064635196 ], [ -93.552932926786099, 42.103340157904498 ], [ -93.553009308891603, 42.103176145802799 ], [ -93.553085643996198, 42.102909281275302 ], [ -93.553084813828903, 42.1028287730797 ], [ -93.553062323905607, 42.102775580398998 ], [ -93.552985321951795, 42.102714201740604 ], [ -93.552917366184801, 42.102672670092097 ], [ -93.552832806550498, 42.102653183347002 ], [ -93.552627011062498, 42.102687747813803 ], [ -93.552505116657102, 42.102760568097899 ], [ -93.552489572778299, 42.102787104857697 ], [ -93.552505385047596, 42.1030306702608 ], [ -93.552474693390394, 42.103141884787597 ], [ -93.552391119431107, 42.103198437128697 ], [ -93.551971664341195, 42.103248634042799 ], [ -93.551864126909706, 42.103294000261201 ], [ -93.551796090556195, 42.103358895524899 ], [ -93.5517576881835, 42.103481590737502 ], [ -93.551704411924803, 42.1035422934876 ], [ -93.551421951075994, 42.103714031389799 ], [ -93.551376383885199, 42.103763253228102 ], [ -93.551421481105393, 42.103900944248899 ], [ -93.551375525028206, 42.1040306513801 ], [ -93.551307612959704, 42.104091971368298 ], [ -93.551101028298604, 42.104148877698101 ], [ -93.551001882274207, 42.1041979795815 ], [ -93.550925450873606, 42.104259138119197 ], [ -93.550887303879406, 42.104339803010099 ], [ -93.550934118656201, 42.104636723506502 ], [ -93.551009947526396, 42.104800933127898 ], [ -93.551147730390497, 42.1049001325406 ], [ -93.551215662188696, 42.104907678934303 ], [ -93.551353809199099, 42.104892406468103 ], [ -93.551475300815994, 42.104831206090203 ], [ -93.551528408462204, 42.104671225785999 ], [ -93.551582626567793, 42.104583709932697 ], [ -93.551795026793499, 42.104465201785302 ], [ -93.551902295738898, 42.104358119399201 ], [ -93.551993843607093, 42.1042131762281 ] ] ], [ [ [ -93.555244125554694, 42.106193941668103 ], [ -93.5551068180323, 42.106219966578799 ], [ -93.555015045367298, 42.106197661865501 ], [ -93.554893106903094, 42.1060978716554 ], [ -93.554870739826598, 42.106041103989803 ], [ -93.554877921057795, 42.106009936971802 ], [ -93.554946180777307, 42.105903903366503 ], [ -93.555725298682205, 42.105251430631903 ], [ -93.555991578214204, 42.105193855851603 ], [ -93.556320233295395, 42.105163395263901 ], [ -93.556427113426196, 42.105136794441002 ], [ -93.556503134089297, 42.105087251618002 ], [ -93.556601647977104, 42.105090900968399 ], [ -93.556755309161701, 42.105015099105401 ], [ -93.556983094900801, 42.104804753771297 ], [ -93.557006575446295, 42.104655838696203 ], [ -93.556938410034206, 42.104481045256897 ], [ -93.556861938237105, 42.104369594630597 ], [ -93.556823947569598, 42.104202525911397 ], [ -93.556838304431395, 42.104175071832302 ], [ -93.556915540732106, 42.1041255518073 ], [ -93.557051936026497, 42.104125444389297 ], [ -93.557166951038496, 42.104179489165901 ], [ -93.557242519018899, 42.104281978899699 ], [ -93.557342273636607, 42.104354516972499 ], [ -93.557448620280198, 42.104343109436599 ], [ -93.5575787214093, 42.104244502855799 ], [ -93.557601318369805, 42.1041903734206 ], [ -93.557594238581004, 42.104149099138297 ], [ -93.5576316392184, 42.103950362671902 ], [ -93.5578305556365, 42.1037296332388 ], [ -93.558090282156201, 42.103580705898203 ], [ -93.558394813678007, 42.103473764278803 ], [ -93.558577788583193, 42.1035693365735 ], [ -93.558630988617296, 42.103615058558901 ], [ -93.558685152984594, 42.103702833667903 ], [ -93.558685418752077, 42.103704162545569 ], [ -93.558116280110781, 42.104657553317637 ], [ -93.557593705660665, 42.105172884905855 ], [ -93.557092196726956, 42.10541953104174 ], [ -93.556728698337778, 42.105601280682485 ], [ -93.556252876219858, 42.105860767225565 ], [ -93.55606844780813, 42.105980944786168 ], [ -93.556030342893905, 42.105964634928903 ], [ -93.555877688549202, 42.1059420750816 ], [ -93.555717509063598, 42.105960513610903 ], [ -93.5555489315594, 42.106010096002201 ], [ -93.555244125554694, 42.106193941668103 ] ] ], [ [ [ -93.551361261757094, 42.179607516969298 ], [ -93.551239168735407, 42.179508608188698 ], [ -93.551048054089506, 42.179500521925497 ], [ -93.550895415877207, 42.179542357565602 ], [ -93.550804232458304, 42.179535266379801 ], [ -93.550788100129793, 42.179439255596101 ], [ -93.550803342271095, 42.1792830159254 ], [ -93.550758519260995, 42.178927967909601 ], [ -93.550819402912495, 42.178756491562503 ], [ -93.550878452067224, 42.178649704743897 ], [ -93.551930876860382, 42.178625729950149 ], [ -93.552016385541705, 42.178726352326798 ], [ -93.552062348608999, 42.178840815639198 ], [ -93.552024534878896, 42.179119167567798 ], [ -93.551848658033194, 42.179336770658701 ], [ -93.551779782036803, 42.179492890906097 ], [ -93.551749935846004, 42.1797526102782 ], [ -93.551772494354395, 42.179908670307 ], [ -93.551811399136994, 42.180015844862503 ], [ -93.551711869227503, 42.180038113249303 ], [ -93.551642488902402, 42.180035012649697 ], [ -93.5514521447965, 42.179900824699999 ], [ -93.551399148636307, 42.179813061403998 ], [ -93.551361261757094, 42.179607516969298 ] ] ], [ [ [ -93.546515583558204, 42.179531006836797 ], [ -93.546463053929401, 42.179603356225201 ], [ -93.546104027886997, 42.179863098654003 ], [ -93.546004510048803, 42.179954235343502 ], [ -93.545905792223095, 42.1800918983961 ], [ -93.545762241018465, 42.180195554572308 ], [ -93.54575046174817, 42.178766523077172 ], [ -93.545927986239064, 42.178762478975322 ], [ -93.546088392717394, 42.178818088839897 ], [ -93.546234145491098, 42.178833372946897 ], [ -93.546440168901796, 42.178798815424301 ], [ -93.546554781307194, 42.178798303576102 ], [ -93.546790592289696, 42.178817976597401 ], [ -93.546905070461804, 42.178855923063701 ], [ -93.547103836571296, 42.178992960605797 ], [ -93.547126723953497, 42.179035433086099 ], [ -93.5471271476097, 42.179092685652499 ], [ -93.546875089025903, 42.179084333271703 ], [ -93.5466533674619, 42.179183888679098 ], [ -93.546561947497906, 42.179252817944501 ], [ -93.546515583558204, 42.179531006836797 ] ] ], [ [ [ -93.555228581072996, 42.180049990478601 ], [ -93.555297096584496, 42.179973467220002 ], [ -93.555382009860907, 42.1799160368274 ], [ -93.555524913917765, 42.179884503223825 ], [ -93.55552521656611, 42.180479847125135 ], [ -93.555320216352101, 42.180461376339899 ], [ -93.555206412053096, 42.180473539044002 ], [ -93.555160294631094, 42.1802937793043 ], [ -93.555228581072996, 42.180049990478601 ] ] ], [ [ [ -93.554473797983306, 42.181896187306698 ], [ -93.554329222220304, 42.1821251189576 ], [ -93.554099706603097, 42.1823426073923 ], [ -93.554061117687198, 42.182400017683499 ], [ -93.553962950435505, 42.182487608362003 ], [ -93.5539163710759, 42.1824947786058 ], [ -93.553871365004497, 42.182422372669599 ], [ -93.553886371418997, 42.182342155797102 ], [ -93.554008840608105, 42.182048406776403 ], [ -93.554069415072405, 42.181816100077398 ], [ -93.554030986039393, 42.181625751443804 ], [ -93.553962957648494, 42.181549332984901 ], [ -93.553871117559794, 42.181526131545702 ], [ -93.553604466724096, 42.181690145097797 ], [ -93.553519931409596, 42.181701964844599 ], [ -93.553511784691807, 42.181656194128401 ], [ -93.553627117280698, 42.181461594505699 ], [ -93.5537187415093, 42.181247763608503 ], [ -93.553764106747494, 42.181205687104701 ], [ -93.553886622331206, 42.181014800857199 ], [ -93.553916426543793, 42.180999263781302 ], [ -93.554015853253802, 42.181049441874798 ], [ -93.5541297793213, 42.181068588112701 ], [ -93.554336087663998, 42.181025973248403 ], [ -93.554527158051599, 42.180931192429398 ], [ -93.5545959795719, 42.180915497545499 ], [ -93.554640828641993, 42.180992372365601 ], [ -93.554603628208994, 42.181427265367397 ], [ -93.5545732364928, 42.181633308706203 ], [ -93.554473797983306, 42.181896187306698 ] ] ], [ [ [ -93.555153140467397, 42.186858900062603 ], [ -93.555335799301304, 42.1866915076439 ], [ -93.5554421986986, 42.186508364381901 ], [ -93.555480613128296, 42.186351665891003 ], [ -93.555501231598143, 42.186325226685881 ], [ -93.555494984240539, 42.18778892690726 ], [ -93.555135879560069, 42.18779190555896 ], [ -93.555137811237501, 42.187782580821299 ], [ -93.555106645602706, 42.187419738823401 ], [ -93.555045266149307, 42.187084054634497 ], [ -93.555053647089395, 42.187018917789999 ], [ -93.555153140467397, 42.186858900062603 ] ] ], [ [ [ -93.554244462114795, 42.186973227870801 ], [ -93.554328079979001, 42.187091980276101 ], [ -93.554366512836097, 42.187282330112602 ], [ -93.554306178943193, 42.187785662626403 ], [ -93.554308344532629, 42.187798769681727 ], [ -93.553954351148562, 42.187801705936948 ], [ -93.553916292373003, 42.187465240656103 ], [ -93.553962354663597, 42.187160207539499 ], [ -93.554000109172904, 42.187057164015698 ], [ -93.554137554610406, 42.1869622644017 ], [ -93.554244462114795, 42.186973227870801 ] ] ] ] } },
{ "type": "Feature", "properties": { "mukey": "2835194", "musym": "L95", "muname": "Harps clay loam, Bemis moraine, 0 to 2 percent slopes" }, "geometry": { "type": "MultiPolygon", "coordinates": [ [ [ [ -93.661765369324897, 41.896633149889801 ], [ -93.661635785086503, 41.896586989559303 ], [ -93.661034647077585, 41.896163954976998 ], [ -93.661395166054007, 41.896162800268641 ], [ -93.661644168541997, 41.896263470541697 ], [ -93.661849191841299, 41.896304739180898 ], [ -93.6621012202082, 41.896320035694998 ], [ -93.662216354372703, 41.896289933653598 ], [ -93.662383446824094, 41.896194608158801 ], [ -93.662420527029042, 41.896159516133928 ], [ -93.662983599703296, 41.896157712665136 ], [ -93.662955900982595, 41.896213025792797 ], [ -93.662841452583095, 41.896331658612802 ], [ -93.662795631574895, 41.896358546242297 ], [ -93.662612487504902, 41.8963892049617 ], [ -93.662291710995206, 41.896469228630501 ], [ -93.661926284993399, 41.896613713076597 ], [ -93.661765369324897, 41.896633149889801 ] ] ], [ [ [ -93.668449186186393, 41.8986737789144 ], [ -93.668471794238897, 41.8982503749709 ], [ -93.668509931586698, 41.898162546356303 ], [ -93.668510124673006, 41.8979381260434 ], [ -93.668449460513102, 41.897754629628402 ], [ -93.668388156492696, 41.897663215841398 ], [ -93.668159601839207, 41.897453438148098 ], [ -93.668098060217005, 41.897369172893796 ], [ -93.668037703058403, 41.8971400819091 ], [ -93.668037525052, 41.896999702190101 ], [ -93.668059887936593, 41.896911588724002 ], [ -93.668120722468103, 41.8968349 ], [ -93.668228105500404, 41.8967822995806 ], [ -93.668593683366595, 41.896705753141198 ], [ -93.668685440437997, 41.8966483994108 ], [ -93.668739350894796, 41.8965608559161 ], [ -93.668769349585403, 41.896316409886197 ], [ -93.668838373296225, 41.896138960376241 ], [ -93.668921541524824, 41.896138693996228 ], [ -93.66895336534354, 41.898525958656322 ], [ -93.668907226078005, 41.898628407993201 ], [ -93.668753783095497, 41.898860789038203 ], [ -93.668716740025204, 41.898952214046297 ], [ -93.668738643145801, 41.899242304597003 ], [ -93.668823086706794, 41.899368112984199 ], [ -93.668937851458494, 41.899422045407597 ], [ -93.668965382829441, 41.89942745069991 ], [ -93.668970075558732, 41.89977947592071 ], [ -93.668120949178004, 41.899778350357977 ], [ -93.668372322654804, 41.899559356811899 ], [ -93.668402793007601, 41.899483013095299 ], [ -93.668433382258698, 41.899257353478902 ], [ -93.668464172564001, 41.899207839156603 ], [ -93.668449186186393, 41.8986737789144 ] ] ], [ [ [ -93.661758220085204, 41.898082388180498 ], [ -93.661651364713094, 41.898227981508697 ], [ -93.661605571869899, 41.8982539751944 ], [ -93.661589846002201, 41.8982885608836 ], [ -93.661499055476298, 41.898353080303302 ], [ -93.661345700342494, 41.898509454217702 ], [ -93.661262126560899, 41.8986849753082 ], [ -93.661200868490894, 41.898955677757499 ], [ -93.6612312270871, 41.899173499567297 ], [ -93.661216523871303, 41.899250127507301 ], [ -93.661266433649303, 41.899772744620137 ], [ -93.660783155172481, 41.899772306363175 ], [ -93.660765396905589, 41.899772291092631 ], [ -93.660314146136969, 41.899771877871792 ], [ -93.660278395053098, 41.899745451041298 ], [ -93.659934891093002, 41.899669480045503 ], [ -93.659828477617097, 41.899620161563099 ], [ -93.659767380490607, 41.899559147222497 ], [ -93.6597281973511, 41.899460083077798 ], [ -93.659682451141094, 41.899157934191997 ], [ -93.659697891389996, 41.8989141190089 ], [ -93.659682929726898, 41.898780623511598 ], [ -93.659583350505798, 41.898563333988299 ], [ -93.659552805902806, 41.898387532162999 ], [ -93.659561365988296, 41.898276816424399 ], [ -93.659659504680704, 41.8981015606401 ], [ -93.659820382330395, 41.897938172225899 ], [ -93.660026681945297, 41.897796172210398 ], [ -93.6602777278665, 41.897659453949998 ], [ -93.660575379068604, 41.8975450391723 ], [ -93.661132532455895, 41.8974040339629 ], [ -93.661369099984398, 41.897373451482402 ], [ -93.661529390313007, 41.897372780292798 ], [ -93.661720002194599, 41.897518399936502 ], [ -93.661833971198305, 41.897632230324596 ], [ -93.661872569936804, 41.8977125064796 ], [ -93.661903000633103, 41.8978918819369 ], [ -93.661864855141204, 41.897979708571803 ], [ -93.661758220085204, 41.898082388180498 ] ], [ [ -93.660476844238602, 41.898422172983999 ], [ -93.660454021327595, 41.898342182383402 ], [ -93.660552863392894, 41.898182138751601 ], [ -93.660636254494904, 41.898121062319802 ], [ -93.660713387611906, 41.8981018960461 ], [ -93.660811735035196, 41.898101890874997 ], [ -93.661018335113397, 41.898132459971997 ], [ -93.661292868693906, 41.898128495309599 ], [ -93.661529691752406, 41.8979450225238 ], [ -93.661498373824202, 41.897864878202697 ], [ -93.661415356644497, 41.897769490902697 ], [ -93.661216586818298, 41.897686311291501 ], [ -93.661071932153803, 41.897655077228002 ], [ -93.660781088219295, 41.897674839837002 ], [ -93.660575160538599, 41.897769459372199 ], [ -93.660308866464504, 41.897926466489103 ], [ -93.660171553102799, 41.8980750827753 ], [ -93.660086954544099, 41.8982085607973 ], [ -93.6600256860862, 41.898406838619898 ], [ -93.660056710811403, 41.898749849708601 ], [ -93.660087639000096, 41.898841610994097 ], [ -93.660080168965393, 41.899246512648901 ], [ -93.660117398306696, 41.899440318159797 ], [ -93.660133609661202, 41.899463859326197 ], [ -93.660239634651404, 41.899524794091597 ], [ -93.660316141927396, 41.8995243932102 ], [ -93.6603776213191, 41.899501366731698 ], [ -93.660461126951802, 41.899364291999603 ], [ -93.660522408560894, 41.899310861729703 ], [ -93.660575244170104, 41.899292149047902 ], [ -93.660735658402302, 41.899287904522303 ], [ -93.660835411573899, 41.899245901067502 ], [ -93.660896543427199, 41.899196938527503 ], [ -93.660918677021598, 41.899115974719102 ], [ -93.660850268843305, 41.899055722515499 ], [ -93.660743377653404, 41.899020702100202 ], [ -93.660720871423507, 41.898967540886602 ], [ -93.660727637215999, 41.898910439781197 ], [ -93.660812164252306, 41.8988154071575 ], [ -93.660987082973605, 41.898704130760898 ], [ -93.661094227906602, 41.898586260865002 ], [ -93.661132763005398, 41.8984868178648 ], [ -93.661110129789094, 41.898364807150102 ], [ -93.661026145378599, 41.898334672825698 ], [ -93.660888310593293, 41.898353632951803 ], [ -93.660613741593494, 41.898467573002897 ], [ -93.660530074378997, 41.898464267731299 ], [ -93.660476844238602, 41.898422172983999 ] ] ], [ [ [ -93.660179364929306, 41.969661461188799 ], [ -93.660384630873807, 41.969520320537001 ], [ -93.6605226706981, 41.969390480515102 ], [ -93.660819581788104, 41.969016720665799 ], [ -93.661026171507501, 41.968799596711698 ], [ -93.661177767975204, 41.968700404238803 ], [ -93.661308643985294, 41.968639286672001 ], [ -93.661476187410599, 41.968608341324497 ], [ -93.661589916289898, 41.968623813569103 ], [ -93.6616668170319, 41.968650243396603 ], [ -93.661704669572501, 41.968681331326501 ], [ -93.661742679651795, 41.968780380763299 ], [ -93.661704693586998, 41.968898620664298 ], [ -93.660903134859197, 41.970042980325999 ], [ -93.660675084042396, 41.970283858989802 ], [ -93.660476667494095, 41.970401875267797 ], [ -93.660163932093198, 41.9704856290994 ], [ -93.659652765435197, 41.9705425373674 ], [ -93.659515458282797, 41.9705051754434 ], [ -93.6593240767982, 41.970485611430398 ], [ -93.6590805485244, 41.970389989517003 ], [ -93.658904491886503, 41.9703483477738 ], [ -93.658713936573207, 41.970340422364998 ], [ -93.658632556038711, 41.970352693884514 ], [ -93.658628495675018, 41.96992277852889 ], [ -93.6588049951946, 41.9699441563154 ], [ -93.659240507003901, 41.969932378413098 ], [ -93.659530329692004, 41.969879508468402 ], [ -93.659881525718902, 41.969772309929198 ], [ -93.660179364929306, 41.969661461188799 ] ] ], [ [ [ -93.666900300750797, 41.971599162218098 ], [ -93.666793504418905, 41.971557888301298 ], [ -93.666709766082107, 41.971481263094297 ], [ -93.666664446143699, 41.971309653137098 ], [ -93.666756037602099, 41.9711145851414 ], [ -93.666892452912293, 41.970923903682902 ], [ -93.666984639749302, 41.970710962513103 ], [ -93.667061051370297, 41.970424412505203 ], [ -93.667083316890796, 41.970085021262101 ], [ -93.667060997170907, 41.969734094439197 ], [ -93.667068165887599, 41.969337202445303 ], [ -93.667091580733299, 41.969291127420298 ], [ -93.667114352745699, 41.968936544514897 ], [ -93.667144654037202, 41.9688297888585 ], [ -93.667121681219996, 41.968753367574799 ], [ -93.667197513019801, 41.968666212420601 ], [ -93.667328063670993, 41.968578257231201 ], [ -93.667411077572197, 41.968567237976501 ], [ -93.667544204543077, 41.968579667927941 ], [ -93.667545335685986, 41.968580212552283 ], [ -93.667948679517821, 41.968677957571579 ], [ -93.667949309794594, 41.968677993072127 ], [ -93.668052831244793, 41.968712062271898 ], [ -93.668197598695201, 41.9687808464288 ], [ -93.668227264387525, 41.968808870889923 ], [ -93.668230213675656, 41.969018139405101 ], [ -93.668256414131932, 41.970870113369266 ], [ -93.6681817503693, 41.970931987733302 ], [ -93.667761962726303, 41.9712373754748 ], [ -93.667404353976096, 41.9714276397928 ], [ -93.667091286092102, 41.971557902543999 ], [ -93.666900300750797, 41.971599162218098 ] ], [ [ -93.6673739615767, 41.9694974214081 ], [ -93.667434808507096, 41.969932203853602 ], [ -93.667419148942699, 41.970146527335501 ], [ -93.667327737370201, 41.970481987138697 ], [ -93.667251567680097, 41.970615634550299 ], [ -93.667205675503695, 41.970752511433702 ], [ -93.667106477649497, 41.970920616414602 ], [ -93.667144778656194, 41.971084051590402 ], [ -93.667228316280401, 41.971130270252203 ], [ -93.667328100417393, 41.9711267074332 ], [ -93.667434852644504, 41.971096444566797 ], [ -93.667541113623201, 41.971008050132497 ], [ -93.667579492694799, 41.970950620664098 ], [ -93.6675712002165, 41.970798457949698 ], [ -93.667541138990998, 41.970752311152502 ], [ -93.667533568429704, 41.970687792479502 ], [ -93.667564003189298, 41.970649891819797 ], [ -93.667594439520997, 41.9704662376475 ], [ -93.667823222462403, 41.9698748367367 ], [ -93.667838888454796, 41.969623851521199 ], [ -93.667808464352305, 41.969333583793201 ], [ -93.667731360929807, 41.969130998158903 ], [ -93.667670941575807, 41.969047641347601 ], [ -93.667601862806706, 41.969005260945998 ], [ -93.667525748742705, 41.969028029451003 ], [ -93.667441891432603, 41.969100732808101 ], [ -93.667373933820997, 41.969352561743598 ], [ -93.6673739615767, 41.9694974214081 ] ] ], [ [ [ -93.6656414699914, 41.971988638960603 ], [ -93.665679606818998, 41.972084112995297 ], [ -93.665673754650555, 41.972121579671338 ], [ -93.664048996307869, 41.972117699725757 ], [ -93.6640389474166, 41.972041929549803 ], [ -93.664092711997597, 41.9718515441063 ], [ -93.664184560812799, 41.971721758591599 ], [ -93.664397461728797, 41.971606681013903 ], [ -93.664710447034693, 41.971588197592801 ], [ -93.664977672874798, 41.971629691358302 ], [ -93.665367467768206, 41.971786068919599 ], [ -93.6655271348138, 41.971881951448303 ], [ -93.6656414699914, 41.971988638960603 ] ] ], [ [ [ -93.559791106511099, 42.038684782987403 ], [ -93.559806172904601, 42.038532143741499 ], [ -93.559851945337698, 42.038406018610303 ], [ -93.559928394397105, 42.038272423971499 ], [ -93.559967177990004, 42.038241855945301 ], [ -93.560158046602893, 42.037967334696603 ], [ -93.560187479774896, 42.037890981352099 ], [ -93.560172746402301, 42.0376510336636 ], [ -93.560127645306295, 42.0374793730874 ], [ -93.560050246373606, 42.037326777213998 ], [ -93.560012315763998, 42.037158829164603 ], [ -93.560020084613299, 42.037040929690797 ], [ -93.560058435951504, 42.0369182418018 ], [ -93.560241752478603, 42.036720487173802 ], [ -93.560386500661707, 42.036616798955997 ], [ -93.560426401963682, 42.036601220465556 ], [ -93.560419396945505, 42.039025835097888 ], [ -93.560188199249794, 42.039054466549103 ], [ -93.559967262861704, 42.038970704261097 ], [ -93.559874893935302, 42.038898311614801 ], [ -93.559836738399397, 42.038841251005401 ], [ -93.559791106511099, 42.038684782987403 ] ] ], [ [ [ -93.658240513930394, 42.110088220420003 ], [ -93.658226144138993, 42.110008363728298 ], [ -93.658240385090096, 42.109946911759401 ], [ -93.6583095886987, 42.109844420418 ], [ -93.658492535662504, 42.109691221316801 ], [ -93.658621998869293, 42.109680149068502 ], [ -93.658722298930101, 42.109703428356703 ], [ -93.659064609393099, 42.109954672385101 ], [ -93.659115506517381, 42.109971407189093 ], [ -93.659119061292444, 42.110391942603272 ], [ -93.659073160910793, 42.110389478208099 ], [ -93.658729011216494, 42.110301865771298 ], [ -93.658492543162694, 42.1102716505494 ], [ -93.658393262214602, 42.1102179818268 ], [ -93.658240513930394, 42.110088220420003 ] ] ], [ [ [ -93.470160761284205, 41.8954656222813 ], [ -93.4700771822787, 41.895359366192402 ], [ -93.469917003053794, 41.895256078700797 ], [ -93.469665164874797, 41.895202854845202 ], [ -93.469459527019694, 41.8950807919299 ], [ -93.469490259320196, 41.894969624277699 ], [ -93.469589083793096, 41.894889299571602 ], [ -93.469696178186993, 41.894882458390903 ], [ -93.469832571355397, 41.8949048049491 ], [ -93.469977540280595, 41.8949586152549 ], [ -93.470130065708105, 41.895038504313597 ], [ -93.470306423529195, 41.895164462835297 ], [ -93.470534857714497, 41.895294124636102 ], [ -93.470771832327799, 41.895389081081802 ], [ -93.471152998978496, 41.895492228494398 ], [ -93.471580074302395, 41.895534577204501 ], [ -93.471755946533605, 41.895606874406802 ], [ -93.471831855782995, 41.895656646776601 ], [ -93.471915825223107, 41.895752179391899 ], [ -93.471961213224802, 41.895873780879697 ], [ -93.471968969340693, 41.895961560917499 ], [ -93.472053313306205, 41.896080349068001 ], [ -93.472358243199807, 41.896411799264797 ], [ -93.472427582193006, 41.896609873867199 ], [ -93.472404295287603, 41.896716717390497 ], [ -93.472357852203899, 41.896758727406102 ], [ -93.472258796671696, 41.896778246666798 ], [ -93.472144677823295, 41.8967777990919 ], [ -93.472037723334196, 41.896747090195298 ], [ -93.471824390574099, 41.896602526114599 ], [ -93.471641008220701, 41.896301175699499 ], [ -93.471427479057397, 41.896094909814302 ], [ -93.471007943824901, 41.895877452267698 ], [ -93.470909268056502, 41.895752123327703 ], [ -93.470748117719694, 41.895675642743697 ], [ -93.470634678999005, 41.895656429689403 ], [ -93.470535495337501, 41.895679521725597 ], [ -93.470427588338396, 41.895641639499402 ], [ -93.470259708048502, 41.895549825559797 ], [ -93.470160761284205, 41.8954656222813 ] ] ], [ [ [ -93.275916271137504, 41.9572336424837 ], [ -93.275665062552434, 41.957193023096217 ], [ -93.276582927470315, 41.95718995757781 ], [ -93.276504069236907, 41.957275553781201 ], [ -93.276313481763793, 41.957332344343698 ], [ -93.276190730500304, 41.957332437670303 ], [ -93.2760848099241, 41.957306057622397 ], [ -93.275916271137504, 41.9572336424837 ] ] ], [ [ [ -93.370940579843307, 41.962154517144597 ], [ -93.370742394965106, 41.962188934926601 ], [ -93.370666254737699, 41.962177547697898 ], [ -93.370498614681097, 41.962078448417003 ], [ -93.370468412865407, 41.962008975545203 ], [ -93.370475206826001, 41.961860667146901 ], [ -93.370574033406001, 41.961753580233001 ], [ -93.370666254282099, 41.961692860127897 ], [ -93.370841934856799, 41.961642781921299 ], [ -93.370986068865903, 41.961558973679203 ], [ -93.370993854869397, 41.961513525097899 ], [ -93.370963849787401, 41.961406497608898 ], [ -93.370887662929405, 41.961299424074703 ], [ -93.370772484802302, 41.9612273268352 ], [ -93.370566603654396, 41.961207932138798 ], [ -93.370338598413198, 41.961227433847597 ], [ -93.370200283959605, 41.961188846665102 ], [ -93.370094347246905, 41.961097263378001 ], [ -93.370033075511799, 41.961013743799299 ], [ -93.369888135421803, 41.960602116366999 ], [ -93.369758277456597, 41.9604680155403 ], [ -93.369689219953699, 41.960429944306803 ], [ -93.369583259463596, 41.960403640858701 ], [ -93.369247543781199, 41.960411109487502 ], [ -93.369209086123504, 41.960399594865898 ], [ -93.369071140069494, 41.960318983927202 ], [ -93.368965172523502, 41.960228293377199 ], [ -93.368888784530895, 41.960094386941599 ], [ -93.368865124351402, 41.959980334305499 ], [ -93.368903402468902, 41.959899737014702 ], [ -93.368987218687593, 41.959803971024101 ], [ -93.369094582851901, 41.959728358420598 ], [ -93.369170649079507, 41.959709340405198 ], [ -93.369331084350506, 41.959709032134498 ], [ -93.369490985621894, 41.959755214072203 ], [ -93.369643403009306, 41.959838802088498 ], [ -93.369910596481503, 41.960037404075599 ], [ -93.370338165082103, 41.960269676475001 ], [ -93.370826816217303, 41.960655214758603 ], [ -93.370864774795706, 41.9607123257952 ], [ -93.371070711659002, 41.960891793031202 ], [ -93.37118124812622, 41.961025043336015 ], [ -93.370863249476685, 41.960939898450228 ], [ -93.370802545358842, 41.961043040906567 ], [ -93.371186606112232, 41.961201939789909 ], [ -93.371221796408392, 41.961204855067244 ], [ -93.371215635238102, 41.9613686995257 ], [ -93.371246159046805, 41.961558903396799 ], [ -93.371231023969699, 41.9618644312039 ], [ -93.371154163698804, 41.962001476323898 ], [ -93.371039684327897, 41.962104667985002 ], [ -93.370940579843307, 41.962154517144597 ] ] ], [ [ [ -93.270756790429843, 42.030646068045414 ], [ -93.270764370142459, 42.029711745704667 ], [ -93.270936326067101, 42.029711584768314 ], [ -93.270972506890601, 42.030021444565897 ], [ -93.270941619921601, 42.030407153934398 ], [ -93.270904469055594, 42.030517269555297 ], [ -93.270835788959403, 42.030593628206098 ], [ -93.270756790429843, 42.030646068045414 ] ] ], [ [ [ -93.274642828947194, 42.033828362147297 ], [ -93.2744670124696, 42.033813027955802 ], [ -93.274330072118701, 42.0337368026698 ], [ -93.274306710763696, 42.033649557237197 ], [ -93.274322145620005, 42.033565813076898 ], [ -93.274360259246194, 42.033493279498003 ], [ -93.274489591062903, 42.033359170155201 ], [ -93.274551538890506, 42.033237055124999 ], [ -93.274550886120807, 42.0331914291149 ], [ -93.274459916956403, 42.032997223858899 ], [ -93.274536028303402, 42.032699219194697 ], [ -93.274452104539094, 42.032542725600997 ], [ -93.274428374703604, 42.032371402987103 ], [ -93.2744745383837, 42.032123745347498 ], [ -93.274460025350706, 42.0318721251178 ], [ -93.274474478240407, 42.031844704865001 ], [ -93.274565659513001, 42.031784022788202 ], [ -93.2746425921937, 42.031776701559302 ], [ -93.274817840896802, 42.031837635775503 ], [ -93.274893932028704, 42.031883063667301 ], [ -93.274993089905607, 42.031898569758603 ], [ -93.275161668415393, 42.031974566922102 ], [ -93.275245816056099, 42.032031791095697 ], [ -93.275321061853504, 42.032161270413098 ], [ -93.275337072577003, 42.032405767286399 ], [ -93.275291697060197, 42.032508556059902 ], [ -93.275275810376698, 42.032603917315598 ], [ -93.275161643258301, 42.0328483529103 ], [ -93.275192438704195, 42.032932177391402 ], [ -93.275245568979201, 42.033004846100098 ], [ -93.275321522208699, 42.033053848292496 ], [ -93.275439831714593, 42.033060971116186 ], [ -93.275434209313445, 42.033894050668771 ], [ -93.275383223148495, 42.033904788950601 ], [ -93.275191458714701, 42.033923999522898 ], [ -93.275023842357001, 42.033885585657103 ], [ -93.274848867291695, 42.033817502587603 ], [ -93.274642828947194, 42.033828362147297 ] ] ], [ [ [ -93.365028111064305, 42.034633925495001 ], [ -93.364700443362196, 42.0345798451755 ], [ -93.364432417780804, 42.034621779771598 ], [ -93.364348871706298, 42.0346111327584 ], [ -93.364334079356297, 42.034584001048302 ], [ -93.364471512565302, 42.034424034542099 ], [ -93.364489993306961, 42.034366628641664 ], [ -93.365752045323603, 42.034368986173426 ], [ -93.365760859647594, 42.034431538510397 ], [ -93.365486048865506, 42.034492118001403 ], [ -93.3652722606015, 42.034579876601398 ], [ -93.365096257740504, 42.0346335261072 ], [ -93.365028111064305, 42.034633925495001 ] ] ], [ [ [ -93.463561459461204, 42.0347172230315 ], [ -93.463523255073198, 42.034663709003098 ], [ -93.463516198848836, 42.034611812769398 ], [ -93.464903407521064, 42.034611812977737 ], [ -93.464629426300206, 42.034790046546298 ], [ -93.4643709092054, 42.034873511935899 ], [ -93.463874642950202, 42.034904019257297 ], [ -93.463721397375494, 42.034835727583904 ], [ -93.463561459461204, 42.0347172230315 ] ] ], [ [ [ -93.5561370190416, 42.040889934268201 ], [ -93.556106262810701, 42.041038699864004 ], [ -93.556014579578203, 42.041259645675503 ], [ -93.555899739265399, 42.041412187266602 ], [ -93.555831364284799, 42.041453820563497 ], [ -93.555762555318594, 42.041473088258599 ], [ -93.555694934958893, 42.041458395202 ], [ -93.555665818111095, 42.041432028123175 ], [ -93.555666468354616, 42.040952917422096 ], [ -93.555671612387698, 42.040942840702201 ], [ -93.555679338565199, 42.040722096220598 ], [ -93.555666892766894, 42.04064020308671 ], [ -93.55566817823015, 42.039693051464688 ], [ -93.555854988718195, 42.039596819701103 ], [ -93.555930684332196, 42.039589308049997 ], [ -93.556044939313907, 42.039627240029397 ], [ -93.556182072932998, 42.039706741908702 ], [ -93.556296727297294, 42.0398028102327 ], [ -93.556549405270502, 42.040126849388201 ], [ -93.556747694749504, 42.040336284893797 ], [ -93.556579477234095, 42.040553995649503 ], [ -93.556579525380897, 42.040691717744402 ], [ -93.556311877263795, 42.040691129665397 ], [ -93.556243878507701, 42.040722038715899 ], [ -93.5561370190416, 42.040889934268201 ] ] ] ] } },
{ "type": "Feature", "properties": { "mukey": "2877301", "musym": "L138C", "muname": "Clarion loam, Bemis moraine, 6 to 10 percent slopes" }, "geometry": { "type": "Polygon", "coordinates": [ [ [ -93.4649278957029, 41.895458580786098 ], [ -93.465247417027399, 41.895587359453998 ], [ -93.465407719589606, 41.895687078663101 ], [ -93.465483866731702, 41.8957636844913 ], [ -93.465529502494803, 41.895878140005898 ], [ -93.465507354733703, 41.8959197306934 ], [ -93.4654387768459, 41.895969350903798 ], [ -93.465247538901394, 41.896053222044003 ], [ -93.465103168385696, 41.896083469664397 ], [ -93.464851135174598, 41.896102659947701 ], [ -93.464286544560593, 41.896236419433897 ], [ -93.464011828575394, 41.8962784106022 ], [ -93.463821093774399, 41.896247836312597 ], [ -93.463706993321495, 41.896213403302603 ], [ -93.463644986512904, 41.896148698507901 ], [ -93.4636232315206, 41.896045441713397 ], [ -93.463729737957806, 41.895820417382197 ], [ -93.463790795300795, 41.895743825254598 ], [ -93.464126488473298, 41.895526882576199 ], [ -93.464392887256807, 41.895446278688098 ], [ -93.464637735457202, 41.895424265664502 ], [ -93.464676043584305, 41.895439325124499 ], [ -93.4649278957029, 41.895458580786098 ] ] ] } },
{ "type": "Feature", "properties": { "mukey": "2877334", "musym": "L138C2", "muname": "Clarion loam, Bemis moraine, 6 to 10 percent slopes, moderately eroded" }, "geometry": { "type": "MultiPolygon", "coordinates": [ [ [ [ -93.467277117839799, 41.892512850739401 ], [ -93.467131978523298, 41.892497483011603 ], [ -93.466666634078805, 41.892540207356603 ], [ -93.466621176446495, 41.892387307219501 ], [ -93.466582497436505, 41.892348992879803 ], [ -93.466522060662598, 41.892341546908 ], [ -93.466346121107705, 41.892372069836902 ], [ -93.465919665353894, 41.892547891175099 ], [ -93.465774509791402, 41.892566499751901 ], [ -93.465713150908698, 41.8925509878298 ], [ -93.465636845194595, 41.892478850046999 ], [ -93.465598603958597, 41.892394941741898 ], [ -93.465628758672807, 41.892299858816102 ], [ -93.4656907652288, 41.892230438137503 ], [ -93.465720240143497, 41.892154119251003 ], [ -93.465730535211478, 41.892095374080029 ], [ -93.467501860254771, 41.892091241613542 ], [ -93.467506597413703, 41.892143596254499 ], [ -93.467483061407194, 41.892223608738703 ], [ -93.467406352424405, 41.892330296395102 ], [ -93.4673384927478, 41.892494384086497 ], [ -93.467277117839799, 41.892512850739401 ] ] ], [ [ [ -93.467620587361196, 41.894428630158004 ], [ -93.467383668308202, 41.894298796600097 ], [ -93.467170642212096, 41.894012058965103 ], [ -93.466972469580796, 41.893851689648301 ], [ -93.4668196592052, 41.893779838715403 ], [ -93.466704832955301, 41.893664919487598 ], [ -93.466644393771503, 41.893322162515197 ], [ -93.466728061517202, 41.893291615600504 ], [ -93.467193685452997, 41.893207764920497 ], [ -93.467300551111407, 41.893207180432199 ], [ -93.467399263878093, 41.893230578187897 ], [ -93.467384318340507, 41.893375139093003 ], [ -93.467422028128496, 41.893440259064697 ], [ -93.467528410145405, 41.893520139510898 ], [ -93.467757933266498, 41.893619426039102 ], [ -93.468009331694404, 41.893852371725401 ], [ -93.468063321925399, 41.894138669288097 ], [ -93.468001399195501, 41.894306450837398 ], [ -93.467902849302007, 41.8944127104199 ], [ -93.467849674946095, 41.894439385835497 ], [ -93.467742128327203, 41.8944587348822 ], [ -93.467620587361196, 41.894428630158004 ] ] ], [ [ [ -93.565917191508632, 41.897578119863219 ], [ -93.565681951234012, 41.897487536386784 ], [ -93.565629802162178, 41.897420849803439 ], [ -93.565712023581895, 41.897414732292503 ], [ -93.565864599324698, 41.897426552347603 ], [ -93.566115990131905, 41.897494779022502 ], [ -93.566333082976996, 41.897647115584981 ], [ -93.566073396361858, 41.897569010094649 ], [ -93.565917191508632, 41.897578119863219 ] ] ], [ [ [ -93.467224111170097, 41.898304207911501 ], [ -93.4669262213378, 41.898315348882903 ], [ -93.466811436615799, 41.898299682717401 ], [ -93.466682495796405, 41.898239030114098 ], [ -93.466506314641407, 41.898074620493297 ], [ -93.466453476461098, 41.897857194428902 ], [ -93.466385107655697, 41.897800413481903 ], [ -93.466072336512795, 41.897686076794898 ], [ -93.466033121091399, 41.897628974067402 ], [ -93.466026456148001, 41.897544791463297 ], [ -93.466079698567199, 41.8974492671286 ], [ -93.466277313532203, 41.897323493965999 ], [ -93.466506733810903, 41.897258254251398 ], [ -93.466621581232204, 41.897205071111998 ], [ -93.466659372855702, 41.897167364021598 ], [ -93.466704590262594, 41.8971593102223 ], [ -93.466918382434599, 41.897190332910199 ], [ -93.467032470198404, 41.897258741132198 ], [ -93.4670789663341, 41.897315986457798 ], [ -93.467048261520603, 41.897426260300499 ], [ -93.466842412967395, 41.8975447196433 ], [ -93.4667893492514, 41.897601798616797 ], [ -93.466789284940504, 41.897670648205398 ], [ -93.466856990541302, 41.8977122150662 ], [ -93.466964364766, 41.897731312376202 ], [ -93.467429904255397, 41.897617056519699 ], [ -93.467704737265706, 41.897605461910302 ], [ -93.467796046878703, 41.897632290716501 ], [ -93.467994797203303, 41.897743491377099 ], [ -93.468093536869802, 41.897934098310003 ], [ -93.468024538482197, 41.897995335929203 ], [ -93.467978869514795, 41.898082962208697 ], [ -93.467933797916103, 41.8981205268474 ], [ -93.467651442002904, 41.8982392744023 ], [ -93.467224111170097, 41.898304207911501 ] ] ], [ [ [ -93.563244838995459, 41.898325322529963 ], [ -93.563048510642702, 41.898204945709601 ], [ -93.562827112831698, 41.898147115139103 ], [ -93.562698648341495, 41.898140217702299 ], [ -93.562537732820502, 41.898158637250397 ], [ -93.562390658074861, 41.898225258183274 ], [ -93.562374116901054, 41.898225848005701 ], [ -93.562032599822601, 41.898307175109117 ], [ -93.561706770714494, 41.8982948636123 ], [ -93.561888908703494, 41.898101670880799 ], [ -93.562156048398407, 41.897857252620902 ], [ -93.562392569966704, 41.897690045915297 ], [ -93.562568606029004, 41.897620946062702 ], [ -93.562736676129703, 41.897606238237898 ], [ -93.562873259416605, 41.897658890316897 ], [ -93.563064755598703, 41.897808252791201 ], [ -93.563193809620998, 41.897937658654797 ], [ -93.563399463671303, 41.898064040316299 ], [ -93.563606456500693, 41.898117127159701 ], [ -93.563796835415303, 41.898124298641797 ], [ -93.564079027873802, 41.898075083989603 ], [ -93.564391149862502, 41.897968314419799 ], [ -93.564849155315201, 41.897681892469201 ], [ -93.565201034927597, 41.897514175589201 ], [ -93.565262236206195, 41.89749910974728 ], [ -93.565213606375565, 41.897548223876029 ], [ -93.565192716634797, 41.897670161767572 ], [ -93.565161244228591, 41.897868852570554 ], [ -93.565041787150875, 41.898134158820483 ], [ -93.565018840610605, 41.898249801636972 ], [ -93.564863147210033, 41.898317290389393 ], [ -93.564827272967236, 41.898354346757216 ], [ -93.564612833684606, 41.8984714311216 ], [ -93.564414956215501, 41.898540121527397 ], [ -93.564409501472369, 41.898541090014803 ], [ -93.564161243935274, 41.898479215203835 ], [ -93.563613502964131, 41.898398502192485 ], [ -93.563244838995459, 41.898325322529963 ] ] ], [ [ [ -93.567275400345494, 41.898197087700403 ], [ -93.567178527835949, 41.898245586304789 ], [ -93.567130275792678, 41.898263910063925 ], [ -93.566914991160431, 41.898056970334778 ], [ -93.566799487493753, 41.897955264008402 ], [ -93.566856519705198, 41.897987112687701 ], [ -93.567054023621296, 41.897998884443602 ], [ -93.567374420602505, 41.8979682659104 ], [ -93.567466452292905, 41.8979753659411 ], [ -93.567451085655605, 41.898033195485397 ], [ -93.567275400345494, 41.898197087700403 ] ] ], [ [ [ -93.466483674022896, 41.970462712336897 ], [ -93.466338842658303, 41.970534987261303 ], [ -93.466140826278405, 41.970733200903702 ], [ -93.466079754176704, 41.970909062593101 ], [ -93.465912134181707, 41.971106978169502 ], [ -93.465613996530394, 41.971317534429602 ], [ -93.465347377833993, 41.971195156037297 ], [ -93.465277723577401, 41.971138345875602 ], [ -93.465271182153103, 41.971050581689603 ], [ -93.465316513333903, 41.970973672295798 ], [ -93.465461685560101, 41.970992617878203 ], [ -93.465598939410796, 41.9709282433382 ], [ -93.465637354629294, 41.970874448430898 ], [ -93.465636951419597, 41.9707179480964 ], [ -93.465522389561301, 41.9705922943796 ], [ -93.465362788989594, 41.970535507504003 ], [ -93.465232291505004, 41.970447098944298 ], [ -93.465132906331704, 41.9702716652303 ], [ -93.465186690285606, 41.9702297973095 ], [ -93.465217121607196, 41.970161537992503 ], [ -93.465285821557501, 41.970077039203602 ], [ -93.465400676588899, 41.969993446265697 ], [ -93.465552423259993, 41.969898057878702 ], [ -93.465804625664902, 41.969814477321798 ], [ -93.465927301594306, 41.969749816501398 ], [ -93.466018284318906, 41.969654129497698 ], [ -93.466056099700495, 41.969516264140097 ], [ -93.466033913561404, 41.969390635081503 ], [ -93.465995742975494, 41.969337125888998 ], [ -93.466033396261295, 41.969203728613998 ], [ -93.466125058372995, 41.9690892758926 ], [ -93.466163100400806, 41.968811019326303 ], [ -93.466201514021904, 41.968757224383701 ], [ -93.466338762803304, 41.968692849224901 ], [ -93.466537745202999, 41.968803167608399 ], [ -93.466598053964205, 41.9688830438702 ], [ -93.466705505968605, 41.969104240643802 ], [ -93.466750300496599, 41.969142677454599 ], [ -93.4671393624632, 41.969340782061899 ], [ -93.467407112363205, 41.969566016425802 ], [ -93.467429753285202, 41.969612066714902 ], [ -93.467506695411103, 41.969669018528798 ], [ -93.467529336431994, 41.969715068806003 ], [ -93.467719821351807, 41.969825218768499 ], [ -93.467853608348236, 41.969876962216624 ], [ -93.467878116180387, 41.970376873245712 ], [ -93.467826446405695, 41.970539125515401 ], [ -93.467209047320907, 41.970637904259597 ], [ -93.466994998038999, 41.970607773040101 ], [ -93.466689657356397, 41.970447079854097 ], [ -93.466620650719605, 41.970439466473898 ], [ -93.466483674022896, 41.970462712336897 ] ] ], [ [ [ -93.468436843115597, 41.971942533358401 ], [ -93.468231213577596, 41.972015407220901 ], [ -93.4681012479099, 41.9720799275198 ], [ -93.468086166079686, 41.972102376134558 ], [ -93.467628314203381, 41.97210238893225 ], [ -93.4677197976944, 41.971973187576197 ], [ -93.467811153825807, 41.9719007566936 ], [ -93.467979097113897, 41.971828038873198 ], [ -93.468215627383003, 41.971774550324 ], [ -93.468383585169306, 41.9716678510663 ], [ -93.468413707508404, 41.971641614274802 ], [ -93.468436460082998, 41.971583934521703 ], [ -93.468383013983896, 41.971515818636 ], [ -93.468230437876201, 41.971466326970301 ], [ -93.467963329999506, 41.971424426286497 ], [ -93.467330440121103, 41.971480872735299 ], [ -93.466941350855706, 41.971450885542502 ], [ -93.466834900156599, 41.971470259370101 ], [ -93.466758329571505, 41.9715036328774 ], [ -93.466705598286893, 41.971549993379199 ], [ -93.466651085650199, 41.971645502285298 ], [ -93.466521847889197, 41.971656380674702 ], [ -93.466461293864199, 41.971549672063297 ], [ -93.466338777347502, 41.971408660821098 ], [ -93.466331441012699, 41.971309255936298 ], [ -93.466415477522702, 41.971237576723802 ], [ -93.466544681981105, 41.971160523855602 ], [ -93.466659100201298, 41.971122527484802 ], [ -93.466788498878998, 41.971107180928897 ], [ -93.4674221324765, 41.971164320572903 ], [ -93.467711586762704, 41.9711261787632 ], [ -93.467902362773799, 41.971027081591501 ], [ -93.467986688660403, 41.9709473589146 ], [ -93.468022375578713, 41.970875716823386 ], [ -93.469612979587211, 41.970867262394819 ], [ -93.469870577956613, 41.970944968654727 ], [ -93.470077806922902, 41.971202959103302 ], [ -93.469863114440898, 41.971324841184099 ], [ -93.469314366121694, 41.971508139649004 ], [ -93.469169482973697, 41.971481155911398 ], [ -93.469001718462906, 41.971515426292903 ], [ -93.468826068476503, 41.971599619484103 ], [ -93.468643037468297, 41.971820486902899 ], [ -93.4685893838098, 41.971858781906498 ], [ -93.468436843115597, 41.971942533358401 ] ] ], [ [ [ -93.558830546867696, 42.0362663726047 ], [ -93.558913840827202, 42.036319814416203 ], [ -93.558929451489604, 42.036430106697999 ], [ -93.558829748609298, 42.036532855465197 ], [ -93.558761879969694, 42.036560190893098 ], [ -93.558501872940994, 42.036724300491002 ], [ -93.557701325035396, 42.036933643187098 ], [ -93.557364908877702, 42.037056063853797 ], [ -93.556967951101399, 42.037170185111698 ], [ -93.556792342900394, 42.037182068824201 ], [ -93.556534156926304, 42.037154831113298 ], [ -93.556395812107496, 42.037075306863599 ], [ -93.556304668930494, 42.0369680575903 ], [ -93.556311916154698, 42.036830474018501 ], [ -93.556297549131997, 42.036789065085202 ], [ -93.556563543179195, 42.036662633128898 ], [ -93.556754521340395, 42.036628683059199 ], [ -93.557113102230105, 42.036498634368101 ], [ -93.557266514957504, 42.036460396429497 ], [ -93.557388563633793, 42.036449288567503 ], [ -93.557632260723295, 42.036368936174 ], [ -93.557899210676396, 42.036319428480198 ], [ -93.558005831523204, 42.036262419845002 ], [ -93.558097763246806, 42.036277570981603 ], [ -93.5581666914359, 42.036254727370299 ], [ -93.558471764934097, 42.036228295929 ], [ -93.558746315874302, 42.036239741689101 ], [ -93.558830546867696, 42.0362663726047 ] ] ], [ [ [ -93.5568002280543, 42.037826106698503 ], [ -93.556975379140795, 42.037722996687499 ], [ -93.557112957718104, 42.037685353841098 ], [ -93.557494571963502, 42.037662159660201 ], [ -93.557670178199103, 42.037685152239703 ], [ -93.557899536518207, 42.037632251203902 ], [ -93.5581967387009, 42.0374831538428 ], [ -93.558441555217897, 42.037475258377299 ], [ -93.558586328496901, 42.037510187355302 ], [ -93.558661800315804, 42.037543807267099 ], [ -93.558761461107295, 42.037616338439598 ], [ -93.558784184303704, 42.037662376375799 ], [ -93.558761107444099, 42.037765678150997 ], [ -93.558631660315399, 42.037883962420601 ], [ -93.558532488662394, 42.037936640970699 ], [ -93.558394754135094, 42.0379787538388 ], [ -93.558241994856203, 42.037998225485602 ], [ -93.557792920813398, 42.037967384217701 ], [ -93.557502326187802, 42.038101402710602 ], [ -93.557151720490296, 42.038211929197097 ], [ -93.556862012828304, 42.038181413581498 ], [ -93.556708547700296, 42.038081929427698 ], [ -93.556686482318895, 42.038017123411898 ], [ -93.556701704607704, 42.037929770675397 ], [ -93.5568002280543, 42.037826106698503 ] ] ], [ [ [ -93.466327144184532, 42.03805447815094 ], [ -93.466225439790037, 42.037966045903254 ], [ -93.466326512284908, 42.037967291676217 ], [ -93.466327144184532, 42.03805447815094 ] ] ], [ [ [ -93.556228458173806, 42.039459005576198 ], [ -93.556220146188295, 42.0393488504914 ], [ -93.556304558732805, 42.039161750734202 ], [ -93.556372809807002, 42.039088814791199 ], [ -93.5566559593248, 42.038959129288301 ], [ -93.557098678680603, 42.038997902957 ], [ -93.557723453410901, 42.0391536900513 ], [ -93.558075077029201, 42.039222933632701 ], [ -93.558219913462295, 42.039290953009903 ], [ -93.558272811588594, 42.039378698550898 ], [ -93.558242313312107, 42.039485437446402 ], [ -93.558127577350007, 42.0396004222562 ], [ -93.558089323424795, 42.039615796851798 ], [ -93.557700559849593, 42.0396343864983 ], [ -93.557563659156799, 42.039722123294901 ], [ -93.557548659458405, 42.039768343066498 ], [ -93.557426730037307, 42.039775876316803 ], [ -93.556694163048206, 42.039745039832297 ], [ -93.556495016586396, 42.039699243658703 ], [ -93.556419543481695, 42.039665622395901 ], [ -93.556242950793504, 42.039496839844197 ], [ -93.556228458173806, 42.039459005576198 ] ] ], [ [ [ -93.557044511749694, 42.041415941407003 ], [ -93.556976463682105, 42.0413091286512 ], [ -93.556983351851002, 42.041007881796297 ], [ -93.557113213962097, 42.040877980602403 ], [ -93.557235930113706, 42.040813227685398 ], [ -93.557372298763497, 42.040775561447802 ], [ -93.5574794894669, 42.040702466297603 ], [ -93.557586620529605, 42.040596281095503 ], [ -93.557647016931597, 42.040504415786899 ], [ -93.557807044408804, 42.040138096399801 ], [ -93.5578843371717, 42.040050127440999 ], [ -93.557990350295597, 42.0398714832194 ], [ -93.558013582357603, 42.039798590154497 ], [ -93.558081957264605, 42.039722078447099 ], [ -93.558166541538895, 42.039669124512102 ], [ -93.558326474635294, 42.039653365523698 ], [ -93.558517767288507, 42.039680230380597 ], [ -93.558692720331806, 42.039756866703598 ], [ -93.558784276932201, 42.039852496521597 ], [ -93.558829938567399, 42.040008071409801 ], [ -93.558806791064995, 42.040217792953698 ], [ -93.558707483661607, 42.040378678682302 ], [ -93.558425727509004, 42.040607661763097 ], [ -93.5583260437202, 42.040779271708701 ], [ -93.558273406425101, 42.0409276243957 ], [ -93.558273134434998, 42.041213793169703 ], [ -93.558234905363904, 42.041298028937398 ], [ -93.558112567108296, 42.041317180993403 ], [ -93.557883475173099, 42.0413969167139 ], [ -93.557525305041196, 42.041549333861497 ], [ -93.557365801840902, 42.041587457459102 ], [ -93.557280752233098, 42.041584061712598 ], [ -93.557044511749694, 42.041415941407003 ] ] ], [ [ [ -93.367637681287704, 41.892879746331197 ], [ -93.367449020803591, 41.89289266764866 ], [ -93.367445938701664, 41.892330454156152 ], [ -93.367767074238401, 41.892344980025499 ], [ -93.367881326019898, 41.892406327481403 ], [ -93.368125424165896, 41.892437238985302 ], [ -93.368102147479604, 41.892539595609897 ], [ -93.368064779113197, 41.892596955400997 ], [ -93.368110098756802, 41.892844675632297 ], [ -93.368079875239204, 41.892905757962197 ], [ -93.367637681287704, 41.892879746331197 ] ] ], [ [ [ -93.375946018503996, 41.894698781196901 ], [ -93.375656227189694, 41.894752797126202 ], [ -93.375411185877098, 41.894779108818703 ], [ -93.375297205038095, 41.894775001579298 ], [ -93.375228343415401, 41.8947333621553 ], [ -93.375098918751604, 41.894687807910799 ], [ -93.375038074431203, 41.894626659387498 ], [ -93.375014533433998, 41.894542126800097 ], [ -93.375045153855297, 41.894470320671701 ], [ -93.375091787889403, 41.894424771789097 ], [ -93.375213235675403, 41.894359284553502 ], [ -93.375412064186705, 41.894302524966001 ], [ -93.375617977676896, 41.894283465052098 ], [ -93.375930531403299, 41.894302341387302 ], [ -93.376098725948694, 41.894253005341398 ], [ -93.376342719415206, 41.894222200159298 ], [ -93.376471653460598, 41.894183689625301 ], [ -93.376639486090994, 41.894176372294901 ], [ -93.376724139375696, 41.894153056433403 ], [ -93.37696763298986, 41.894124401640639 ], [ -93.376975055412686, 41.89504033506612 ], [ -93.376876707123103, 41.895038720979898 ], [ -93.376388777373705, 41.894774850077397 ], [ -93.376289281686098, 41.8947406359284 ], [ -93.376174054076898, 41.8947373982949 ], [ -93.376090364619998, 41.8947026112697 ], [ -93.375946018503996, 41.894698781196901 ] ] ], [ [ [ -93.275169117016105, 41.957912730945999 ], [ -93.275253198485302, 41.957813451877897 ], [ -93.275382414391203, 41.957741059288601 ], [ -93.275565499919196, 41.9577520768905 ], [ -93.275642381458894, 41.957775161807497 ], [ -93.275817506551803, 41.957896901604201 ], [ -93.275856256486193, 41.957931701755903 ], [ -93.275893574611302, 41.958034436856998 ], [ -93.275855812752098, 41.9581302222388 ], [ -93.275787522531601, 41.958198535147098 ], [ -93.275680477728798, 41.958263347485499 ], [ -93.275512789745704, 41.958293791804202 ], [ -93.275138767994605, 41.958317198787199 ], [ -93.275031104853994, 41.958335495047997 ], [ -93.275001194391805, 41.958354537932898 ], [ -93.274841016683496, 41.958504079042001 ], [ -93.274787919449494, 41.958587914894999 ], [ -93.274787502714403, 41.958816841667897 ], [ -93.274626736165402, 41.958950273157299 ], [ -93.274490091773899, 41.959026085469802 ], [ -93.274391206554, 41.959037412289199 ], [ -93.274314010489306, 41.959022368494701 ], [ -93.274170179607694, 41.958908441408298 ], [ -93.274092899637907, 41.958770879364003 ], [ -93.274047760717494, 41.958557087813702 ], [ -93.274085148072402, 41.9582216280754 ], [ -93.2741846250957, 41.957976907173801 ], [ -93.274344593972501, 41.957832728230102 ], [ -93.274420858053603, 41.957809298352799 ], [ -93.274565781660002, 41.957801626209097 ], [ -93.2746877974038, 41.957851598490798 ], [ -93.274719241438504, 41.958011443816901 ], [ -93.274802707570402, 41.9580838535623 ], [ -93.274878967016306, 41.958091723068399 ], [ -93.274955057049496, 41.958072760587299 ], [ -93.275039791401198, 41.958019103625702 ], [ -93.275169117016105, 41.957912730945999 ] ] ], [ [ [ -93.272732073839293, 41.960738340419766 ], [ -93.271951725454585, 41.960758689255215 ], [ -93.272052476428186, 41.959557566919479 ], [ -93.272247307299693, 41.959598460235298 ], [ -93.272368906152906, 41.959659157347801 ], [ -93.2724371718962, 41.9597473447241 ], [ -93.272407347128606, 41.959857605575799 ], [ -93.272247218294495, 41.960067956102002 ], [ -93.272185842339098, 41.960239255850901 ], [ -93.272170136205304, 41.960361440662098 ], [ -93.2721863236129, 41.960444950870802 ], [ -93.272308371227496, 41.960525331756998 ], [ -93.272444800042393, 41.9605174823906 ], [ -93.272483073323798, 41.960502193799499 ], [ -93.272590374329098, 41.960399829378602 ], [ -93.272758439419306, 41.960048349490499 ], [ -93.272903564695497, 41.959911012547799 ], [ -93.273032647487099, 41.959842196313602 ], [ -93.273101279449193, 41.959827548728001 ], [ -93.273246829249999, 41.959835093959299 ], [ -93.273330580298307, 41.959869056721097 ], [ -93.273383682553501, 41.959972126154497 ], [ -93.273315414178896, 41.960289048702599 ], [ -93.2733226492211, 41.960383995343797 ], [ -93.273352614395307, 41.960457064947697 ], [ -93.273452943941393, 41.960533408972097 ], [ -93.273627251714302, 41.960582697972598 ], [ -93.273749475460505, 41.960658609779401 ], [ -93.273796282214903, 41.960860811492402 ], [ -93.273910169770005, 41.960994675489999 ], [ -93.274276660970401, 41.961071272308601 ], [ -93.274397950596295, 41.9611400095352 ], [ -93.274429450113701, 41.961173762892301 ], [ -93.274474925179305, 41.961254313920598 ], [ -93.274482271343004, 41.961315280183101 ], [ -93.274455104914736, 41.961608579234358 ], [ -93.273297582202801, 41.960723593882378 ], [ -93.273294170683798, 41.960723682843209 ], [ -93.273185066838707, 41.960639537346999 ], [ -93.273079002965005, 41.960616728916499 ], [ -93.272880460660204, 41.960659038369798 ], [ -93.272735275496899, 41.960735562980901 ], [ -93.272732073839293, 41.960738340419766 ] ] ], [ [ [ -93.280289161121914, 41.960514772691184 ], [ -93.280288925302273, 41.960786220827657 ], [ -93.28028892229122, 41.960788976203055 ], [ -93.280258134665999, 41.960650996165 ], [ -93.280289161121914, 41.960514772691184 ] ] ], [ [ [ -93.274932029573804, 41.961906056626901 ], [ -93.274941591178575, 41.961980522880033 ], [ -93.274756610389431, 41.961839095599949 ], [ -93.274848837413302, 41.961826498263399 ], [ -93.274932029573804, 41.961906056626901 ] ] ], [ [ [ -93.463320023086794, 41.968484340171337 ], [ -93.463347767872904, 41.968585843197303 ], [ -93.463317155587504, 41.968692550770299 ], [ -93.463246955574746, 41.968811913602686 ], [ -93.463252081417394, 41.968484330885744 ], [ -93.463320023086794, 41.968484340171337 ] ] ], [ [ [ -93.465858364341102, 42.0363613044346 ], [ -93.465956759301406, 42.0365331526746 ], [ -93.466002475780272, 42.036562132107939 ], [ -93.465393535008417, 42.036567650274876 ], [ -93.465385590750898, 42.036548782907303 ], [ -93.465392548139505, 42.036323552855301 ], [ -93.465538068216006, 42.036236080925697 ], [ -93.465644196384702, 42.036228324470997 ], [ -93.465720303057793, 42.0362432313893 ], [ -93.465858364341102, 42.0363613044346 ] ] ], [ [ [ -93.465263205778996, 42.037406711121498 ], [ -93.465216700645399, 42.0372466115208 ], [ -93.465270908586902, 42.037227999694203 ], [ -93.465335448755795, 42.0371659290849 ], [ -93.465379901979205, 42.037514890533224 ], [ -93.465263205778996, 42.037406711121498 ] ] ], [ [ [ -93.280379793357895, 42.099712068293698 ], [ -93.280333798639404, 42.099704840289903 ], [ -93.280286890392063, 42.099668002465329 ], [ -93.280400797358453, 42.099668908428178 ], [ -93.28040127182966, 42.09972688121303 ], [ -93.280379793357895, 42.099712068293698 ] ] ], [ [ [ -93.274086216337196, 42.103202937018303 ], [ -93.273864148603906, 42.103244767941597 ], [ -93.273619693511904, 42.103267343573101 ], [ -93.273299921469402, 42.103347363829897 ], [ -93.273192622317694, 42.103381773899997 ], [ -93.273032532593007, 42.103489309043603 ], [ -93.272948528216602, 42.103519737809002 ], [ -93.272689294793295, 42.103546472347197 ], [ -93.272583188560006, 42.103519191160103 ], [ -93.272528784691403, 42.103477794612402 ], [ -93.272505774859496, 42.103443320996597 ], [ -93.272506345465402, 42.103366411743799 ], [ -93.272545092968201, 42.103278679785603 ], [ -93.272757763945606, 42.103103382453597 ], [ -93.273177415412803, 42.102867154355899 ], [ -93.273253384360103, 42.102855339197298 ], [ -93.273421845162105, 42.102782863211097 ], [ -93.273590335190704, 42.102740798340299 ], [ -93.273833850928497, 42.102711047562003 ], [ -93.2740250715364, 42.102710605048799 ], [ -93.274184648866907, 42.102740800623003 ], [ -93.274291552466096, 42.102778830472097 ], [ -93.274375954319595, 42.102862896612002 ], [ -93.2744060117045, 42.102966389647399 ], [ -93.274359825914203, 42.1030575430837 ], [ -93.274230788689707, 42.103149634091203 ], [ -93.274086216337196, 42.103202937018303 ] ] ], [ [ [ -93.273398461223195, 42.104503260481899 ], [ -93.2732847615938, 42.104545585721603 ], [ -93.273093850298395, 42.104537983856602 ], [ -93.272773815219907, 42.104499932145998 ], [ -93.272719643529101, 42.104514889925099 ], [ -93.272628365628805, 42.104575575989003 ], [ -93.272543928931796, 42.104679339107001 ], [ -93.2724304610731, 42.104964954857898 ], [ -93.2722930682814, 42.105083701164503 ], [ -93.272155966512202, 42.105132687517198 ], [ -93.272003435313295, 42.105140204328201 ], [ -93.271896354630002, 42.105106640973197 ], [ -93.2717123549061, 42.104953389861002 ], [ -93.271690358406104, 42.104892998785402 ], [ -93.271835281234104, 42.104675129632398 ], [ -93.271873717559799, 42.104408504163899 ], [ -93.271903668730602, 42.104327742231597 ], [ -93.271895541033103, 42.104286426835401 ], [ -93.271949009345704, 42.104133711652899 ], [ -93.272063559734505, 42.104007328716698 ], [ -93.272232275070607, 42.103897293226296 ], [ -93.272551911121695, 42.103820850344299 ], [ -93.273101711353505, 42.103931723128603 ], [ -93.273353308692805, 42.104038097429203 ], [ -93.273497746259594, 42.104175306818298 ], [ -93.273535756963298, 42.104324584006697 ], [ -93.2734748214543, 42.104450309396803 ], [ -93.273398461223195, 42.104503260481899 ] ] ], [ [ [ -93.365828824729405, 42.106048952600602 ], [ -93.365661768046095, 42.106086693883697 ], [ -93.365546664370299, 42.106070933810997 ], [ -93.365165683096095, 42.105903969736701 ], [ -93.365088612680495, 42.105945331796399 ], [ -93.365020231449606, 42.106014597559799 ], [ -93.364891220182002, 42.106334852536499 ], [ -93.364890554411602, 42.106513721427902 ], [ -93.364929131251898, 42.106620942261102 ], [ -93.3650667262703, 42.106815149065397 ], [ -93.365070349368878, 42.10682254692388 ], [ -93.364748103082093, 42.106819947869475 ], [ -93.364761468727195, 42.106739167239198 ], [ -93.364745509692099, 42.106678022100098 ], [ -93.364669816889304, 42.1065861445609 ], [ -93.3645240474074, 42.106479423242199 ], [ -93.364547539127699, 42.1064378644218 ], [ -93.364524648289802, 42.106334540684202 ], [ -93.364601368123502, 42.106044525230701 ], [ -93.364638684857596, 42.105991620695796 ], [ -93.3647534664793, 42.105693436523097 ], [ -93.364822252697806, 42.1056134462412 ], [ -93.364982194400994, 42.105312604272001 ], [ -93.365020757303796, 42.1051944330721 ], [ -93.365027679951893, 42.105075617433002 ], [ -93.364952189137696, 42.104946179075803 ], [ -93.364768390636101, 42.104782335710702 ], [ -93.364348915694507, 42.1046029578456 ], [ -93.364212872040426, 42.104569787913718 ], [ -93.363868987207454, 42.104217972440345 ], [ -93.363738496107999, 42.104057671260655 ], [ -93.363738676420098, 42.104057455189299 ], [ -93.363860330860504, 42.103996431140402 ], [ -93.364128353121004, 42.103961644017502 ], [ -93.364470847764096, 42.104018708952303 ], [ -93.364570332230599, 42.104060984117702 ], [ -93.3646923287844, 42.104087618424302 ], [ -93.364791678472002, 42.104133468312 ], [ -93.364883657460993, 42.104148758052801 ], [ -93.364967322501798, 42.104190710677102 ], [ -93.365150637555004, 42.104206071779402 ], [ -93.365386682808406, 42.1041795748434 ], [ -93.365516818511296, 42.1040874176431 ], [ -93.365524115678994, 42.104023168760499 ], [ -93.365623630143105, 42.104000151822099 ], [ -93.366080682056193, 42.104022874450003 ], [ -93.366363077702204, 42.104091232431003 ], [ -93.366484836283504, 42.104091922318403 ], [ -93.366538997320887, 42.104117497581377 ], [ -93.366532395992195, 42.104689253738776 ], [ -93.366493102994099, 42.104744115253098 ], [ -93.366446914262895, 42.1049998707078 ], [ -93.366385712128405, 42.105201655962802 ], [ -93.366073247612306, 42.105865208401198 ], [ -93.365966773427601, 42.1059757364064 ], [ -93.365828824729405, 42.106048952600602 ] ] ] ] } },
{ "type": "Feature", "properties": { "mukey": "2916637", "musym": "L638C2", "muname": "Clarion-Storden complex, Bemis moraine, 6 to 10 percent slopes, moderately eroded" }, "geometry": { "type": "MultiPolygon", "coordinates": [ [ [ [ -93.469016567036903, 41.8928259662991 ], [ -93.468947865383697, 41.892879162309697 ], [ -93.468673309736502, 41.892883611285498 ], [ -93.468521439250907, 41.892852912314297 ], [ -93.468398185411402, 41.892803103163402 ], [ -93.468368481131094, 41.892684490941498 ], [ -93.468413596513898, 41.8926120550205 ], [ -93.468589499213095, 41.892448298521103 ], [ -93.4690393428519, 41.892364131774798 ], [ -93.469184124127494, 41.892322264028699 ], [ -93.469336557866299, 41.892303794419199 ], [ -93.469702781424203, 41.892215302595702 ], [ -93.470024116849302, 41.892192991512601 ], [ -93.470138213855506, 41.892227418779903 ], [ -93.470192279523502, 41.892276763664697 ], [ -93.470176255912506, 41.892417726836001 ], [ -93.469962307759303, 41.892559279443198 ], [ -93.469764224966596, 41.892631398333002 ], [ -93.469672744985502, 41.8926430165439 ], [ -93.469604044010595, 41.892696212892801 ], [ -93.469421130811597, 41.892684577658798 ], [ -93.469268663948696, 41.892703940903402 ], [ -93.469016567036903, 41.8928259662991 ] ] ], [ [ [ -93.471243996421705, 41.893142364976498 ], [ -93.471175803649203, 41.893047141378098 ], [ -93.471168062704194, 41.892925383735303 ], [ -93.471275061486907, 41.892753119680599 ], [ -93.471534377987993, 41.892531979638001 ], [ -93.471793993784601, 41.892436921629802 ], [ -93.471900322908695, 41.892417545475098 ], [ -93.472266988040204, 41.892417576926 ], [ -93.472548646680295, 41.892451708390603 ], [ -93.472755263454204, 41.892512982345401 ], [ -93.472960841650902, 41.892535786734499 ], [ -93.473103413415785, 41.892539393941199 ], [ -93.473103896223535, 41.892978722020622 ], [ -93.472457149418403, 41.893001612842099 ], [ -93.472289155006195, 41.893047500272097 ], [ -93.472091635414301, 41.893070454936598 ], [ -93.471991708026195, 41.893047037000102 ], [ -93.471710291959994, 41.893039733921903 ], [ -93.471511558921307, 41.893062663921 ], [ -93.471243996421705, 41.893142364976498 ] ] ], [ [ [ -93.463851800084001, 41.893089356314903 ], [ -93.463767822391802, 41.893161920949701 ], [ -93.463782830168995, 41.893283822179797 ], [ -93.463897942468904, 41.8933907022179 ], [ -93.463927885890598, 41.893402020803101 ], [ -93.464278362552093, 41.893413380743603 ], [ -93.464583894994803, 41.8935928533188 ], [ -93.4643472508657, 41.893757199312702 ], [ -93.4639512862327, 41.8940963518044 ], [ -93.463844254823101, 41.8941684634149 ], [ -93.463828561728107, 41.894199450659897 ], [ -93.4635852308583, 41.894257451434797 ], [ -93.46359091842892, 41.894088862793822 ], [ -93.463595224570184, 41.89277865341387 ], [ -93.464202486160602, 41.892558858028103 ], [ -93.464560967608094, 41.892516724875897 ], [ -93.464591169776398, 41.892520895088303 ], [ -93.464676096839398, 41.892589626292597 ], [ -93.464492308723905, 41.892669171421304 ], [ -93.464171381846796, 41.892948101534401 ], [ -93.464019007846602, 41.893031840175098 ], [ -93.463851800084001, 41.893089356314903 ] ] ], [ [ [ -93.472549204911104, 41.893646318153898 ], [ -93.472465668388907, 41.893673294738797 ], [ -93.472228108517299, 41.893695465205802 ], [ -93.472029992561403, 41.893768481195799 ], [ -93.471884776797594, 41.893855945964603 ], [ -93.471809229800797, 41.893863407143002 ], [ -93.471610970143601, 41.893973974507503 ], [ -93.471374820804797, 41.894057868264198 ], [ -93.471138149640694, 41.894088995807401 ], [ -93.471016220311995, 41.894069616644003 ], [ -93.470855493598094, 41.893981520462397 ], [ -93.470793902033606, 41.893905203390801 ], [ -93.470825392822405, 41.893806568758301 ], [ -93.4709922508369, 41.893657832249403 ], [ -93.471587678918098, 41.893375323882303 ], [ -93.471915970633503, 41.893295023817799 ], [ -93.472076409070297, 41.893223058115701 ], [ -93.472175026615403, 41.8932491328042 ], [ -93.472320297711093, 41.893260920758202 ], [ -93.473060800367193, 41.893230719074701 ], [ -93.473104182598959, 41.893239307665105 ], [ -93.473104550424651, 41.893574008495683 ], [ -93.473059735221995, 41.893596410077301 ], [ -93.472908106425095, 41.893592545883401 ], [ -93.472808506899199, 41.893627255491602 ], [ -93.472549204911104, 41.893646318153898 ] ] ], [ [ [ -93.466735852449105, 41.971855523733801 ], [ -93.466720304478102, 41.971747909565103 ], [ -93.466651085650199, 41.971645502285298 ], [ -93.466705598286893, 41.971549993379199 ], [ -93.466758329571505, 41.9715036328774 ], [ -93.466834900156599, 41.971470259370101 ], [ -93.466941350855706, 41.971450885542502 ], [ -93.467330440121103, 41.971480872735299 ], [ -93.467963329999506, 41.971424426286497 ], [ -93.468230437876201, 41.971466326970301 ], [ -93.468383013983896, 41.971515818636 ], [ -93.468436460082998, 41.971583934521703 ], [ -93.468413707508404, 41.971641614274802 ], [ -93.468383585169306, 41.9716678510663 ], [ -93.468215627383003, 41.971774550324 ], [ -93.467979097113897, 41.971828038873198 ], [ -93.467811153825807, 41.9719007566936 ], [ -93.4677197976944, 41.971973187576197 ], [ -93.467628314203381, 41.97210238893225 ], [ -93.466359702481256, 41.972102424391984 ], [ -93.466422198996, 41.972091710764701 ], [ -93.466613886545602, 41.972034662621098 ], [ -93.466705243902993, 41.971962232515402 ], [ -93.466735852449105, 41.971855523733801 ] ] ], [ [ [ -93.4697720055958, 41.972095681542299 ], [ -93.469796881748749, 41.972102328317305 ], [ -93.469529067024894, 41.972102335803157 ], [ -93.4697720055958, 41.972095681542299 ] ] ] ] } },
{ "type": "Feature", "properties": { "mukey": "2916702", "musym": "L62D2", "muname": "Storden loam, Bemis moraine, 10 to 16 percent slopes, moderately eroded" }, "geometry": { "type": "MultiPolygon", "coordinates": [ [ [ [ -93.369682250726996, 41.893108334005603 ], [ -93.369536543003704, 41.893237702832103 ], [ -93.369461157717495, 41.893272827394902 ], [ -93.369300979395007, 41.893302646122599 ], [ -93.369040769532802, 41.893280350182302 ], [ -93.368865080231998, 41.893238317045203 ], [ -93.368079875239204, 41.892905757962197 ], [ -93.368110098756802, 41.892844675632297 ], [ -93.368064779113197, 41.892596955400997 ], [ -93.368102147479604, 41.892539595609897 ], [ -93.368125424165896, 41.892437238985302 ], [ -93.368263359562107, 41.8924176982649 ], [ -93.368560168093296, 41.892467567956302 ], [ -93.368629594749095, 41.892494021307499 ], [ -93.368644866336098, 41.892539936329598 ], [ -93.368758279201302, 41.892623620560698 ], [ -93.368896393859302, 41.892696184059403 ], [ -93.369353896716703, 41.892799403627301 ], [ -93.369522234609704, 41.892810883844703 ], [ -93.369659074055093, 41.892917399620302 ], [ -93.369705353284999, 41.892978253725801 ], [ -93.369682250726996, 41.893108334005603 ] ] ], [ [ [ -93.570106758290706, 41.896488089982697 ], [ -93.569824281168295, 41.896720610978399 ], [ -93.5696947441036, 41.896884481162999 ], [ -93.569663111957297, 41.896991182221299 ], [ -93.569587453670707, 41.8970720180006 ], [ -93.569580052119207, 41.897110326639996 ], [ -93.569525893073404, 41.897201402942997 ], [ -93.569541173302298, 41.897250868558302 ], [ -93.569529626882826, 41.897260136496996 ], [ -93.568719414814851, 41.897324723747218 ], [ -93.568526942103702, 41.897262159447699 ], [ -93.568556870794694, 41.896785252037901 ], [ -93.568648888930696, 41.896617993508897 ], [ -93.568869929992303, 41.896476413886198 ], [ -93.569480497883006, 41.896026541144501 ], [ -93.569678334386708, 41.895915096978086 ], [ -93.570558240106152, 41.895908772355469 ], [ -93.570561229745124, 41.896244665595241 ], [ -93.570404234921895, 41.896313075892202 ], [ -93.570251329183407, 41.896415704916102 ], [ -93.570106758290706, 41.896488089982697 ] ] ], [ [ [ -93.276931064881595, 41.963473876857996 ], [ -93.276940915606346, 41.963509108724772 ], [ -93.276764645535422, 41.963374341234548 ], [ -93.276817302853303, 41.963367740792798 ], [ -93.276847245899205, 41.963379103679699 ], [ -93.276931064881595, 41.963473876857996 ] ] ], [ [ [ -93.465148878311396, 42.0398861900035 ], [ -93.464950502497601, 42.039954739127701 ], [ -93.464866106785294, 42.040000482638398 ], [ -93.464721146581596, 42.040038778003897 ], [ -93.4644766828266, 42.040069755524598 ], [ -93.464393242914994, 42.040122672015201 ], [ -93.464362910100505, 42.040187362035397 ], [ -93.464355351632904, 42.040328515654203 ], [ -93.464377834054204, 42.040413022372697 ], [ -93.464621513620003, 42.040671787997702 ], [ -93.464721127452904, 42.040843661905903 ], [ -93.464737029171204, 42.0409083645702 ], [ -93.464706112341901, 42.040989140973103 ], [ -93.464683655261993, 42.041172035398098 ], [ -93.464644811308105, 42.041236558632598 ], [ -93.464644920697097, 42.041401115072198 ], [ -93.464676155675903, 42.041579696794301 ], [ -93.464748199437523, 42.041728001886831 ], [ -93.464586931026773, 42.041727763408282 ], [ -93.463981211680647, 42.04172459817093 ], [ -93.4638283469816, 42.041572902774398 ], [ -93.463760244079594, 42.041538476814999 ], [ -93.463630472143905, 42.041526987338301 ], [ -93.463279880922201, 42.041598807536197 ], [ -93.463202553078801, 42.041583875225001 ], [ -93.4631272852005, 42.0415457310419 ], [ -93.4630431022062, 42.041485053908403 ], [ -93.463035435332998, 42.0414616511828 ], [ -93.463042816427802, 42.041358949556397 ], [ -93.463180570952503, 42.041217668056497 ], [ -93.463217828592704, 42.041129861863801 ], [ -93.463218820235696, 42.041069067773002 ], [ -93.463142361064101, 42.040862768674003 ], [ -93.463157700946297, 42.040775426698502 ], [ -93.4632105045998, 42.040695080191398 ], [ -93.463241744639504, 42.040672441055399 ], [ -93.4633177434971, 42.040656940506203 ], [ -93.463469820862301, 42.040657241913202 ], [ -93.463630261728497, 42.040695268539501 ], [ -93.463714511754901, 42.040687084193799 ], [ -93.463806463732197, 42.040634335095703 ], [ -93.4638590243339, 42.0405271540996 ], [ -93.463806368681801, 42.040134410568399 ], [ -93.463737620611795, 42.040050784604603 ], [ -93.463630760095498, 42.0399780368653 ], [ -93.463539395831006, 42.039947625957403 ], [ -93.463279970113206, 42.0399550554081 ], [ -93.463080592213402, 42.0399171584654 ], [ -93.462989166594298, 42.039821460916201 ], [ -93.462974370572596, 42.039726373056702 ], [ -93.463020318601494, 42.0396002820939 ], [ -93.463302011466695, 42.039348247823803 ], [ -93.463332604585503, 42.039276408693503 ], [ -93.463302820067696, 42.039024521703602 ], [ -93.463332961521999, 42.038898120549 ], [ -93.463463123636203, 42.038764739097097 ], [ -93.463599701069796, 42.0387227034877 ], [ -93.463805966239207, 42.038738376916903 ], [ -93.463897863325599, 42.0387875786762 ], [ -93.463966577891696, 42.0388720981069 ], [ -93.464003692070506, 42.039123234343201 ], [ -93.464080039407307, 42.039299123595598 ], [ -93.464164835093101, 42.039409893583702 ], [ -93.464241007760293, 42.039490087652602 ], [ -93.464355065749103, 42.039565658984003 ], [ -93.464515764156403, 42.039596535033802 ], [ -93.4646143106132, 42.0395966794066 ], [ -93.464766856868295, 42.039550484153601 ], [ -93.464843552398904, 42.039482231847302 ], [ -93.464858078817798, 42.039417231774799 ], [ -93.464812333397802, 42.039336740556202 ], [ -93.464698989040699, 42.039241508727201 ], [ -93.464660781306804, 42.0391879947475 ], [ -93.464659799210096, 42.038913420962899 ], [ -93.464606354796004, 42.0388104208415 ], [ -93.464492477126598, 42.038696397811997 ], [ -93.464408300169097, 42.0385015747542 ], [ -93.464400488106605, 42.038448656990099 ], [ -93.464431241933298, 42.038372349290398 ], [ -93.464538835261394, 42.038257304761103 ], [ -93.464705563484898, 42.038189030061602 ], [ -93.464843889378997, 42.038165808079903 ], [ -93.465125288736999, 42.038223197134101 ], [ -93.465232197331005, 42.038261066227399 ], [ -93.465468644353294, 42.038383752185702 ], [ -93.465720557451604, 42.038482594483703 ], [ -93.465911486468002, 42.038585606592598 ], [ -93.466089479101143, 42.038649406900603 ], [ -93.4657860486179, 42.038845033010688 ], [ -93.465546102905535, 42.039130218524669 ], [ -93.465543423874806, 42.039352457638977 ], [ -93.465566268990543, 42.039384408892104 ], [ -93.465491779129806, 42.039489578013701 ], [ -93.465408030217503, 42.039718669056697 ], [ -93.465369609395495, 42.039771574570601 ], [ -93.465148878311396, 42.0398861900035 ] ] ], [ [ [ -93.462891644564948, 42.04163676642591 ], [ -93.462951141945197, 42.0416719500193 ], [ -93.462992676054412, 42.041715002556195 ], [ -93.462891694781874, 42.04165918279859 ], [ -93.462891644564948, 42.04163676642591 ] ] ] ] } },
{ "type": "Feature", "properties": { "mukey": "2916730", "musym": "L62E2", "muname": "Storden loam, Bemis moraine, 10 to 22 percent slopes, moderately eroded" }, "geometry": { "type": "MultiPolygon", "coordinates": [ [ [ [ -93.569580052119207, 41.897110326639996 ], [ -93.569587453670707, 41.8970720180006 ], [ -93.569663111957297, 41.896991182221299 ], [ -93.5696947441036, 41.896884481162999 ], [ -93.569824281168295, 41.896720610978399 ], [ -93.570106758290706, 41.896488089982697 ], [ -93.570251329183407, 41.896415704916102 ], [ -93.570404234921895, 41.896313075892202 ], [ -93.570561229745124, 41.896244665595241 ], [ -93.57056675976132, 41.896865976422298 ], [ -93.570359309799713, 41.897021410301058 ], [ -93.569960134556268, 41.897129572953617 ], [ -93.569570992682941, 41.89724795647188 ], [ -93.569541173302298, 41.897250868558302 ], [ -93.569525893073404, 41.897201402942997 ], [ -93.569580052119207, 41.897110326639996 ] ] ], [ [ [ -93.273185066838707, 41.960639537346999 ], [ -93.273294170683798, 41.960723682843209 ], [ -93.272732073839293, 41.960738340419766 ], [ -93.272735275496899, 41.960735562980901 ], [ -93.272880460660204, 41.960659038369798 ], [ -93.273079002965005, 41.960616728916499 ], [ -93.273185066838707, 41.960639537346999 ] ] ], [ [ [ -93.464889052032206, 41.969119566696897 ], [ -93.464851012105598, 41.969062482764599 ], [ -93.464774202449405, 41.969001954990901 ], [ -93.464652565586206, 41.968970951288199 ], [ -93.464599108110207, 41.968936814856299 ], [ -93.464560938870093, 41.968883305268101 ], [ -93.464500035499498, 41.968719357720502 ], [ -93.464370903913704, 41.968593417108004 ], [ -93.464163957256005, 41.968501717992098 ], [ -93.464138234119929, 41.968484451996304 ], [ -93.465193507865848, 41.968484596220655 ], [ -93.465312812843322, 41.968483689182506 ], [ -93.465599313113913, 41.968520382566801 ], [ -93.465986213797279, 41.968518812707515 ], [ -93.466189911041681, 41.968525587096174 ], [ -93.466356133695143, 41.96858852640888 ], [ -93.466796622459228, 41.968866681909816 ], [ -93.467462345939566, 41.969300257253117 ], [ -93.467842535368277, 41.969651095450068 ], [ -93.467853608348236, 41.969876962216624 ], [ -93.467719821351807, 41.969825218768499 ], [ -93.467529336431994, 41.969715068806003 ], [ -93.467506695411103, 41.969669018528798 ], [ -93.467429753285202, 41.969612066714902 ], [ -93.467407112363205, 41.969566016425802 ], [ -93.4671393624632, 41.969340782061899 ], [ -93.466750300496599, 41.969142677454599 ], [ -93.466705505968605, 41.969104240643802 ], [ -93.466598053964205, 41.9688830438702 ], [ -93.466537745202999, 41.968803167608399 ], [ -93.466338762803304, 41.968692849224901 ], [ -93.466201514021904, 41.968757224383701 ], [ -93.466163100400806, 41.968811019326303 ], [ -93.466125058372995, 41.9690892758926 ], [ -93.466033396261295, 41.969203728613998 ], [ -93.465995742975494, 41.969337125888998 ], [ -93.466033913561404, 41.969390635081503 ], [ -93.466056099700495, 41.969516264140097 ], [ -93.466018284318906, 41.969654129497698 ], [ -93.465927301594306, 41.969749816501398 ], [ -93.465804625664902, 41.969814477321798 ], [ -93.465552423259993, 41.969898057878702 ], [ -93.465400676588899, 41.969993446265697 ], [ -93.465285821557501, 41.970077039203602 ], [ -93.465217121607196, 41.970161537992503 ], [ -93.465186690285606, 41.9702297973095 ], [ -93.465132906331704, 41.9702716652303 ], [ -93.4649351831156, 41.970260630110403 ], [ -93.464728715360806, 41.970222595754699 ], [ -93.464569165765994, 41.970130933456197 ], [ -93.464530995896993, 41.9700774237849 ], [ -93.464523061732905, 41.970028084705199 ], [ -93.464553526027601, 41.969958931955098 ], [ -93.464652591817298, 41.9698750296862 ], [ -93.464645387687696, 41.969772050461899 ], [ -93.464728922506197, 41.969680689314799 ], [ -93.464736605379798, 41.969401836848597 ], [ -93.464897421727599, 41.969257444102702 ], [ -93.464889052032206, 41.969119566696897 ] ] ], [ [ [ -93.467889120573489, 41.970601340976572 ], [ -93.467841135870401, 41.970569817755397 ], [ -93.467826446405695, 41.970539125515401 ], [ -93.467878116180387, 41.970376873245712 ], [ -93.467889120573489, 41.970601340976572 ] ] ], [ [ [ -93.470397223102694, 41.972049803649099 ], [ -93.4702831717007, 41.971976924473303 ], [ -93.470229335405804, 41.971919532627403 ], [ -93.470222191218696, 41.9718818345006 ], [ -93.470306576406102, 41.971733254769902 ], [ -93.470382430246005, 41.971652470306203 ], [ -93.470443140348095, 41.971553504347298 ], [ -93.470435507115894, 41.971462142155303 ], [ -93.470359401457102, 41.971381958149102 ], [ -93.470077806922902, 41.971202959103302 ], [ -93.469870577956613, 41.970944968654727 ], [ -93.470261991165472, 41.971063041050165 ], [ -93.47055536996362, 41.971207269842267 ], [ -93.470696873258177, 41.971297927353291 ], [ -93.470653584452762, 41.971664136244208 ], [ -93.470584245994232, 41.971985473625686 ], [ -93.470565537942505, 41.972000340079603 ], [ -93.470558504825121, 41.97202341620811 ], [ -93.470523188631674, 41.972050064267101 ], [ -93.470397223102694, 41.972049803649099 ] ] ], [ [ [ -93.364967322501798, 42.104190710677102 ], [ -93.364883657460993, 42.104148758052801 ], [ -93.364791678472002, 42.104133468312 ], [ -93.3646923287844, 42.104087618424302 ], [ -93.364570332230599, 42.104060984117702 ], [ -93.364470847764096, 42.104018708952303 ], [ -93.364128353121004, 42.103961644017502 ], [ -93.363860330860504, 42.103996431140402 ], [ -93.363738676420098, 42.104057455189299 ], [ -93.363738496107999, 42.104057671260655 ], [ -93.363530826245807, 42.103802560191511 ], [ -93.363593846568506, 42.103603721185401 ], [ -93.3636695594369, 42.103469313921899 ], [ -93.363670334780807, 42.103416559571102 ], [ -93.3637997312008, 42.103408463567597 ], [ -93.364340751081301, 42.103561698418702 ], [ -93.365135069955798, 42.103908810709498 ], [ -93.365310578717597, 42.103969627481803 ], [ -93.365470333322506, 42.103996135621799 ], [ -93.365524115678994, 42.104023168760499 ], [ -93.365516818511296, 42.1040874176431 ], [ -93.365386682808406, 42.1041795748434 ], [ -93.365150637555004, 42.104206071779402 ], [ -93.364967322501798, 42.104190710677102 ] ] ], [ [ [ -93.365027679951893, 42.105075617433002 ], [ -93.365020757303796, 42.1051944330721 ], [ -93.364982194400994, 42.105312604272001 ], [ -93.364822252697806, 42.1056134462412 ], [ -93.3647534664793, 42.105693436523097 ], [ -93.364638684857596, 42.105991620695796 ], [ -93.364601368123502, 42.106044525230701 ], [ -93.364524648289802, 42.106334540684202 ], [ -93.364547539127699, 42.1064378644218 ], [ -93.3645240474074, 42.106479423242199 ], [ -93.364476231036221, 42.106483333927287 ], [ -93.364489048283815, 42.105987939993916 ], [ -93.364503742491266, 42.10541984951842 ], [ -93.364531553242003, 42.105216666783399 ], [ -93.36451189620206, 42.105104620170344 ], [ -93.364517664586415, 42.104881609557381 ], [ -93.364212872040426, 42.104569787913718 ], [ -93.364348915694507, 42.1046029578456 ], [ -93.364768390636101, 42.104782335710702 ], [ -93.364952189137696, 42.104946179075803 ], [ -93.365027679951893, 42.105075617433002 ] ] ] ] } },
{ "type": "Feature", "properties": { "mukey": "2916771", "musym": "L62F", "muname": "Belview loam, Bemis moraine, 16 to 30 percent slopes" }, "geometry": { "type": "MultiPolygon", "coordinates": [ [ [ [ -93.562698648341495, 41.898140217702299 ], [ -93.562827112831698, 41.898147115139103 ], [ -93.563048510642702, 41.898204945709601 ], [ -93.563244838995459, 41.898325322529963 ], [ -93.562875395854391, 41.898251988202013 ], [ -93.562529029615945, 41.898220324153876 ], [ -93.562390658074861, 41.898225258183274 ], [ -93.562537732820502, 41.898158637250397 ], [ -93.562698648341495, 41.898140217702299 ] ] ], [ [ [ -93.564612833684606, 41.8984714311216 ], [ -93.564827272967236, 41.898354346757216 ], [ -93.564741446258907, 41.898443001620024 ], [ -93.564527679788284, 41.898570544350981 ], [ -93.564409501472369, 41.898541090014803 ], [ -93.564414956215501, 41.898540121527397 ], [ -93.564612833684606, 41.8984714311216 ] ] ] ] } },
{ "type": "Feature", "properties": { "mukey": "2921879", "musym": "L956", "muname": "Harps-Okoboji complex, Bemis moraine, 0 to 2 percent slopes" }, "geometry": { "type": "Polygon", "coordinates": [ [ [ -93.458785523075605, 42.112548373968799 ], [ -93.459060377576193, 42.112526045874702 ], [ -93.459274012542096, 42.112579432973497 ], [ -93.459441476344495, 42.112663216926499 ], [ -93.459510440551, 42.112709290826999 ], [ -93.459655925682696, 42.112861511350999 ], [ -93.459693265178601, 42.112872977218302 ], [ -93.459693082985297, 42.112911432625303 ], [ -93.459739697337, 42.113002681739999 ], [ -93.459785655080694, 42.113346137432899 ], [ -93.459807836406796, 42.113372510388103 ], [ -93.459938093053907, 42.113441252910199 ], [ -93.460181345797196, 42.113517579840597 ], [ -93.460158651004505, 42.113605679502797 ], [ -93.460098225704897, 42.113693038503797 ], [ -93.460075570464198, 42.113880416895199 ], [ -93.460113243172401, 42.113983117577803 ], [ -93.460220305033403, 42.114120273016397 ], [ -93.460365717790964, 42.114241148486173 ], [ -93.459213587255704, 42.114246446600795 ], [ -93.459014844135098, 42.114043835329099 ], [ -93.458892866539202, 42.113948422541199 ], [ -93.458726346838574, 42.11388313910205 ], [ -93.458758604664141, 42.112553005760681 ], [ -93.458785523075605, 42.112548373968799 ] ] ] } },
{ "type": "Feature", "properties": { "mukey": "2922031", "musym": "L507", "muname": "Canisteo clay loam, Bemis moraine, 0 to 2 percent slopes" }, "geometry": { "type": "MultiPolygon", "coordinates": [ [ [ [ -93.4729841790992, 41.898646955663096 ], [ -93.472961512596498, 41.898467678452 ], [ -93.4728307464229, 41.8983229447227 ], [ -93.472907698880107, 41.898243082897103 ], [ -93.472953245677999, 41.898125050944003 ], [ -93.472960629376701, 41.898021472332601 ], [ -93.472991312166201, 41.897945175049202 ], [ -93.472931155390796, 41.897358318462103 ], [ -93.472854262907106, 41.897201227635797 ], [ -93.472724538197397, 41.897094963444502 ], [ -93.472709862012707, 41.897064274352303 ], [ -93.472533320500901, 41.896976764508601 ], [ -93.472137104869702, 41.896953801174298 ], [ -93.471901064669794, 41.8968999971001 ], [ -93.471663464868101, 41.896754957214299 ], [ -93.471518679743497, 41.896628725050199 ], [ -93.471297763961303, 41.896526037214102 ], [ -93.471053878404504, 41.896454194514597 ], [ -93.470946551282097, 41.896400229121603 ], [ -93.470840580868099, 41.896308735324297 ], [ -93.470786138075795, 41.896236134885498 ], [ -93.470748083915794, 41.895911701386503 ], [ -93.470695113256994, 41.895831976481503 ], [ -93.470550170278301, 41.895710211016699 ], [ -93.470535495337501, 41.895679521725597 ], [ -93.470634678999005, 41.895656429689403 ], [ -93.470748117719694, 41.895675642743697 ], [ -93.470909268056502, 41.895752123327703 ], [ -93.471007943824901, 41.895877452267698 ], [ -93.471427479057397, 41.896094909814302 ], [ -93.471641008220701, 41.896301175699499 ], [ -93.471824390574099, 41.896602526114599 ], [ -93.472037723334196, 41.896747090195298 ], [ -93.472144677823295, 41.8967777990919 ], [ -93.472258796671696, 41.896778246666798 ], [ -93.472357852203899, 41.896758727406102 ], [ -93.472404295287603, 41.896716717390497 ], [ -93.472427582193006, 41.896609873867199 ], [ -93.472358243199807, 41.896411799264797 ], [ -93.472053313306205, 41.896080349068001 ], [ -93.471968969340693, 41.895961560917499 ], [ -93.471961213224802, 41.895873780879697 ], [ -93.471915825223107, 41.895752179391899 ], [ -93.471831855782995, 41.895656646776601 ], [ -93.471755946533605, 41.895606874406802 ], [ -93.471580074302395, 41.895534577204501 ], [ -93.471152998978496, 41.895492228494398 ], [ -93.470771832327799, 41.895389081081802 ], [ -93.470534857714497, 41.895294124636102 ], [ -93.470306423529195, 41.895164462835297 ], [ -93.470130065708105, 41.895038504313597 ], [ -93.469977540280595, 41.8949586152549 ], [ -93.469832571355397, 41.8949048049491 ], [ -93.469696178186993, 41.894882458390903 ], [ -93.469589083793096, 41.894889299571602 ], [ -93.469490259320196, 41.894969624277699 ], [ -93.469459527019694, 41.8950807919299 ], [ -93.469336741436905, 41.895118620862803 ], [ -93.469039859810707, 41.894900880276197 ], [ -93.468863877838999, 41.894798175627997 ], [ -93.468604809691001, 41.894709935460298 ], [ -93.468414288269798, 41.894707091224902 ], [ -93.468131543625205, 41.894870539642199 ], [ -93.468070845842504, 41.894870242608299 ], [ -93.468002400137493, 41.8949162900049 ], [ -93.467978879167205, 41.8949623249054 ], [ -93.467879503033799, 41.895057838384098 ], [ -93.467826328178901, 41.8950845138096 ], [ -93.467635951896199, 41.895111178707502 ], [ -93.467597384596104, 41.895103268366398 ], [ -93.467437047909698, 41.895004445472701 ], [ -93.467270045496306, 41.8948214401115 ], [ -93.467285446117103, 41.894798494186603 ], [ -93.467239420060096, 41.894694761779299 ], [ -93.467139652975405, 41.894599810101901 ], [ -93.467063618825307, 41.8945536091463 ], [ -93.466781177627496, 41.894473848026301 ], [ -93.466506486174097, 41.8944818665138 ], [ -93.466407238081601, 41.8944396801189 ], [ -93.466368978667305, 41.894389749757799 ], [ -93.466361310626894, 41.894333266855902 ], [ -93.466423285823197, 41.8941306146668 ], [ -93.466400427314497, 41.894057738527898 ], [ -93.466345829104498, 41.893989604041103 ], [ -93.466322857507294, 41.893886324127102 ], [ -93.466140702490605, 41.893753092975103 ], [ -93.465866192024805, 41.893722664577098 ], [ -93.465430377449394, 41.8938214028679 ], [ -93.465224974299105, 41.893894265402203 ], [ -93.464995984690901, 41.893947886731098 ], [ -93.464805901793, 41.8939665056716 ], [ -93.464621835848007, 41.894020114967901 ], [ -93.464309158482607, 41.894138258554399 ], [ -93.464110948790307, 41.894314089644297 ], [ -93.464034254190594, 41.894252673100702 ], [ -93.463897492892201, 41.894207064864503 ], [ -93.463828561728107, 41.894199450659897 ], [ -93.463844254823101, 41.8941684634149 ], [ -93.4639512862327, 41.8940963518044 ], [ -93.4643472508657, 41.893757199312702 ], [ -93.464583894994803, 41.8935928533188 ], [ -93.464713280292798, 41.893573936100502 ], [ -93.464843377746902, 41.893535361157497 ], [ -93.464935006066199, 41.893486194381502 ], [ -93.464958269563397, 41.893447308328902 ], [ -93.465011869036204, 41.893207831697502 ], [ -93.465255434431398, 41.892986394234903 ], [ -93.465392163758196, 41.892898770156499 ], [ -93.4656145496307, 41.8928262411237 ], [ -93.465773747256705, 41.892822215144001 ], [ -93.465972416382002, 41.892868143200602 ], [ -93.466048415303604, 41.892982300405599 ], [ -93.466102478671303, 41.8930316470462 ], [ -93.466376873283707, 41.893165795533399 ], [ -93.466644393771503, 41.893322162515197 ], [ -93.466704832955301, 41.893664919487598 ], [ -93.4668196592052, 41.893779838715403 ], [ -93.466972469580796, 41.893851689648301 ], [ -93.467170642212096, 41.894012058965103 ], [ -93.467383668308202, 41.894298796600097 ], [ -93.467620587361196, 41.894428630158004 ], [ -93.467742128327203, 41.8944587348822 ], [ -93.467849674946095, 41.894439385835497 ], [ -93.467902849302007, 41.8944127104199 ], [ -93.468001399195501, 41.894306450837398 ], [ -93.468063321925399, 41.894138669288097 ], [ -93.468009331694404, 41.893852371725401 ], [ -93.468055889427603, 41.893840767182397 ], [ -93.468162123017905, 41.893757012429397 ], [ -93.468581735784696, 41.894038860367502 ], [ -93.468757844730007, 41.894137991197397 ], [ -93.469062804916604, 41.894199412297397 ], [ -93.469252743259503, 41.894218339092902 ], [ -93.469459553305498, 41.894207195007603 ], [ -93.469650407994394, 41.8941000622548 ], [ -93.469680916536205, 41.894062211632402 ], [ -93.469665219755896, 41.893959075083103 ], [ -93.469428313197398, 41.893795267467198 ], [ -93.469444262244593, 41.893757131327902 ], [ -93.469397822498905, 41.893496913376701 ], [ -93.469443874478699, 41.893398564714701 ], [ -93.4695582255858, 41.893291719918302 ], [ -93.469726398484895, 41.893207390532503 ], [ -93.469963196529207, 41.893172691497803 ], [ -93.470099913080304, 41.893253164638899 ], [ -93.470145325005703, 41.893306810694199 ], [ -93.470077739886193, 41.893664938426298 ], [ -93.470099503661203, 41.893768193853397 ], [ -93.470198738703203, 41.893844355258203 ], [ -93.470336310997396, 41.8938676185779 ], [ -93.470404739917399, 41.893855547880598 ], [ -93.470512428251496, 41.893798644631502 ], [ -93.470641933362003, 41.893642022897502 ], [ -93.470672326063706, 41.893573768301898 ], [ -93.470680390944395, 41.893451426259297 ], [ -93.470710959095598, 41.893344726163697 ], [ -93.470825063820897, 41.893211050618298 ], [ -93.471130501634704, 41.893192001653901 ], [ -93.471243996421705, 41.893142364976498 ], [ -93.471511558921307, 41.893062663921 ], [ -93.471710291959994, 41.893039733921903 ], [ -93.471991708026195, 41.893047037000102 ], [ -93.472091635414301, 41.893070454936598 ], [ -93.472076409070297, 41.893223058115701 ], [ -93.471915970633503, 41.893295023817799 ], [ -93.471587678918098, 41.893375323882303 ], [ -93.4709922508369, 41.893657832249403 ], [ -93.470825392822405, 41.893806568758301 ], [ -93.470793902033606, 41.893905203390801 ], [ -93.470855493598094, 41.893981520462397 ], [ -93.471016220311995, 41.894069616644003 ], [ -93.471138149640694, 41.894088995807401 ], [ -93.471374820804797, 41.894057868264198 ], [ -93.471610970143601, 41.893973974507503 ], [ -93.471809229800797, 41.893863407143002 ], [ -93.471884776797594, 41.893855945964603 ], [ -93.472023000728896, 41.893928399143299 ], [ -93.472045117132794, 41.893954763202998 ], [ -93.472061379632905, 41.894008731573003 ], [ -93.472045967324505, 41.894065655937801 ], [ -93.471892774426095, 41.8941386578541 ], [ -93.471671520936695, 41.894179924284401 ], [ -93.471526575861802, 41.894226262556799 ], [ -93.471411723321097, 41.894313427781498 ], [ -93.471381847672404, 41.894367386135897 ], [ -93.471381238937795, 41.894451425477101 ], [ -93.471442702462994, 41.894531316434602 ], [ -93.471534660215099, 41.894607334198902 ], [ -93.471541506621094, 41.894653070673399 ], [ -93.471511630927395, 41.894707029078603 ], [ -93.471434985102107, 41.8947448700631 ], [ -93.471328523146497, 41.8947678200052 ], [ -93.470894126525494, 41.8947601992367 ], [ -93.470687254600193, 41.8948401949973 ], [ -93.470587767266906, 41.894905306743901 ], [ -93.470573451810495, 41.8949318509733 ], [ -93.470596415892501, 41.895069108182199 ], [ -93.470618532119403, 41.895095472520502 ], [ -93.470763907882102, 41.895171643996001 ], [ -93.471176070584605, 41.8952905997686 ], [ -93.471748438731595, 41.895377821429001 ], [ -93.4718547130107, 41.895427294662703 ], [ -93.472228324348407, 41.895504360077503 ], [ -93.472389462647797, 41.895614816748598 ], [ -93.472495130331595, 41.895748328938097 ], [ -93.472800855405197, 41.8959233148761 ], [ -93.472846806733301, 41.8959957480727 ], [ -93.4728847098621, 41.8961565458306 ], [ -93.472869471548293, 41.896343127616497 ], [ -93.472907348898602, 41.896571881404597 ], [ -93.473059751968407, 41.896823444183703 ], [ -93.473108169608736, 41.896864635850996 ], [ -93.47311073946662, 41.899200296182009 ], [ -93.472960691302305, 41.899196408120098 ], [ -93.472876961469794, 41.899127705619101 ], [ -93.472861271875402, 41.898990590783001 ], [ -93.472961673215593, 41.898799417320397 ], [ -93.4729841790992, 41.898646955663096 ] ] ], [ [ [ -93.662955900982595, 41.896213025792797 ], [ -93.662983599703296, 41.896157712665136 ], [ -93.66395929149202, 41.896154587616145 ], [ -93.663810012628602, 41.896232070609997 ], [ -93.663558163185897, 41.896320498371701 ], [ -93.663353059013104, 41.896354336927097 ], [ -93.662955650953506, 41.8963659154808 ], [ -93.662841452583095, 41.896331658612802 ], [ -93.662955900982595, 41.896213025792797 ] ] ], [ [ [ -93.666106956533895, 41.896346958854103 ], [ -93.665711540927177, 41.896148975326085 ], [ -93.667184039268506, 41.896144259052463 ], [ -93.667190711691106, 41.8961787940489 ], [ -93.667152267768301, 41.896312216523 ], [ -93.666984526056495, 41.896427206935897 ], [ -93.666762554795397, 41.896457169420302 ], [ -93.666442783064596, 41.8964343979776 ], [ -93.666106956533895, 41.896346958854103 ] ] ], [ [ [ -93.666664129240502, 41.968406202807003 ], [ -93.666228965273902, 41.968116669298396 ], [ -93.665976852496598, 41.967986926272097 ], [ -93.665176044225603, 41.967510153746701 ], [ -93.665031351277307, 41.967402917345296 ], [ -93.664619557945599, 41.967178182800602 ], [ -93.664313828852997, 41.967052832088903 ], [ -93.664275319134802, 41.967041405294403 ], [ -93.664215384441604, 41.967052839929501 ], [ -93.664001738852804, 41.966899645684201 ], [ -93.663887424764496, 41.9668653869658 ], [ -93.6638105947154, 41.966800509583102 ], [ -93.663498168383796, 41.966693813782598 ], [ -93.663039510927305, 41.966598778100398 ], [ -93.662474893132497, 41.9665831941943 ], [ -93.662048244573697, 41.966548645116198 ], [ -93.661452447100402, 41.966484205949897 ], [ -93.661026109953497, 41.966404055392097 ], [ -93.660719919205903, 41.9663654242432 ], [ -93.660613918935397, 41.966373340168097 ], [ -93.6603157770884, 41.966457358009897 ], [ -93.660133669304003, 41.966560467274697 ], [ -93.659813022954594, 41.9668810369485 ], [ -93.659614417217099, 41.966968645343002 ], [ -93.659431428058795, 41.966952810253296 ], [ -93.659308972839199, 41.966907669590398 ], [ -93.658598747099688, 41.96677296971756 ], [ -93.658592681829134, 41.966130772824727 ], [ -93.658589676906971, 41.965812017161184 ], [ -93.65897674704658, 41.965802212154749 ], [ -93.660130003005051, 41.96587905200829 ], [ -93.66170065600511, 41.966145108977138 ], [ -93.662588631011914, 41.966335557664877 ], [ -93.663100803269927, 41.966388478601431 ], [ -93.663450920246561, 41.966456310847391 ], [ -93.66389192036236, 41.966541278961927 ], [ -93.664564847391787, 41.966770919105649 ], [ -93.665813454913717, 41.967547705437667 ], [ -93.66639840832886, 41.967892066701481 ], [ -93.666751206376006, 41.968215978337504 ], [ -93.667185898704091, 41.968407150307328 ], [ -93.667544204543077, 41.968579667927941 ], [ -93.667411077572197, 41.968567237976501 ], [ -93.667328063670993, 41.968578257231201 ], [ -93.667197513019801, 41.968666212420601 ], [ -93.667121681219996, 41.968753367574799 ], [ -93.666664129240502, 41.968406202807003 ] ] ], [ [ [ -93.668197598695201, 41.9687808464288 ], [ -93.668052831244793, 41.968712062271898 ], [ -93.667949309794594, 41.968677993072127 ], [ -93.668225639237889, 41.968693557418725 ], [ -93.668227264387525, 41.968808870889923 ], [ -93.668197598695201, 41.9687808464288 ] ] ], [ [ [ -93.557334038936602, 42.035782013290202 ], [ -93.557670093027298, 42.035808932250603 ], [ -93.557891829148303, 42.035869462011199 ], [ -93.557959722889606, 42.0359109877215 ], [ -93.558028673388705, 42.0359918820389 ], [ -93.558052233532806, 42.036083544544702 ], [ -93.558020773425596, 42.036148233226697 ], [ -93.558005831523204, 42.036262419845002 ], [ -93.557899210676396, 42.036319428480198 ], [ -93.557632260723295, 42.036368936174 ], [ -93.557388563633793, 42.036449288567503 ], [ -93.557266514957504, 42.036460396429497 ], [ -93.557113102230105, 42.036498634368101 ], [ -93.556754521340395, 42.036628683059199 ], [ -93.556563543179195, 42.036662633128898 ], [ -93.556297549131997, 42.036789065085202 ], [ -93.556197665602298, 42.036792542401002 ], [ -93.555725264917001, 42.036907022004897 ], [ -93.555671931081193, 42.036927885720203 ], [ -93.555672630642405, 42.036412436889634 ], [ -93.556251197397899, 42.036166657844497 ], [ -93.556457475709607, 42.036182183403902 ], [ -93.556724526625004, 42.036060242679198 ], [ -93.557089940517201, 42.035839105954601 ], [ -93.557220376892005, 42.035796856721298 ], [ -93.557334038936602, 42.035782013290202 ] ] ], [ [ [ -93.556625098803096, 42.037406951396598 ], [ -93.556685952063106, 42.037406313120798 ], [ -93.556899070391495, 42.037330749653897 ], [ -93.557021401998298, 42.037311598836801 ], [ -93.557113616230097, 42.037318707401397 ], [ -93.557190268395502, 42.037388122082 ], [ -93.557151484061507, 42.037418689244198 ], [ -93.556983910254601, 42.0375138940406 ], [ -93.556564098843097, 42.0376204279166 ], [ -93.556312847346902, 42.037742667350599 ], [ -93.556197735806606, 42.037868374602098 ], [ -93.556159936266198, 42.038009852160002 ], [ -93.556121460041197, 42.0380663593089 ], [ -93.556091435835796, 42.038089937493403 ], [ -93.555984533057597, 42.038120110697797 ], [ -93.555777838522701, 42.038151079713202 ], [ -93.555670180461306, 42.038217772818193 ], [ -93.55567119516931, 42.037470118362798 ], [ -93.5558164805134, 42.0374641009359 ], [ -93.555877986678496, 42.037479572609399 ], [ -93.556297192934196, 42.037494652986403 ], [ -93.556526426596903, 42.037445329194199 ], [ -93.556625098803096, 42.037406951396598 ] ] ], [ [ [ -93.556099083626606, 42.038566739239997 ], [ -93.556297342167298, 42.038429189536501 ], [ -93.556411571543507, 42.0383982602713 ], [ -93.556594067792204, 42.038433010340597 ], [ -93.556662647558298, 42.038489752742898 ], [ -93.556700824501704, 42.038615675145699 ], [ -93.556670827970294, 42.038673237073198 ], [ -93.556632955706505, 42.038921134212202 ], [ -93.5566559593248, 42.038959129288301 ], [ -93.556372809807002, 42.039088814791199 ], [ -93.556304558732805, 42.039161750734202 ], [ -93.556220146188295, 42.0393488504914 ], [ -93.556228458173806, 42.039459005576198 ], [ -93.556242950793504, 42.039496839844197 ], [ -93.556419543481695, 42.039665622395901 ], [ -93.556495016586396, 42.039699243658703 ], [ -93.556694163048206, 42.039745039832297 ], [ -93.557426730037307, 42.039775876316803 ], [ -93.557548659458405, 42.039768343066498 ], [ -93.557662940752707, 42.039875134607399 ], [ -93.557685692168704, 42.039955156504803 ], [ -93.557677640817303, 42.040046222212901 ], [ -93.557563615671498, 42.040210406162998 ], [ -93.557341718503096, 42.040397591859303 ], [ -93.557235340882102, 42.040447450608099 ], [ -93.557128841387197, 42.040466006712599 ], [ -93.556930752132999, 42.040424702660403 ], [ -93.556747694749504, 42.040336284893797 ], [ -93.556549405270502, 42.040126849388201 ], [ -93.556296727297294, 42.0398028102327 ], [ -93.556182072932998, 42.039706741908702 ], [ -93.556044939313907, 42.039627240029397 ], [ -93.555930684332196, 42.039589308049997 ], [ -93.555854988718195, 42.039596819701103 ], [ -93.55566817823015, 42.039693051464688 ], [ -93.55566931231732, 42.038857436367692 ], [ -93.555755056219496, 42.038906325126803 ], [ -93.555808334253797, 42.038913592619899 ], [ -93.555915672259303, 42.038905785031197 ], [ -93.555991621210097, 42.038856246445299 ], [ -93.556022271273307, 42.038814794256503 ], [ -93.556099083626606, 42.038566739239997 ] ] ], [ [ [ -93.555671612387698, 42.040942840702201 ], [ -93.555666468354616, 42.040952917422096 ], [ -93.555666892766894, 42.04064020308671 ], [ -93.555679338565199, 42.040722096220598 ], [ -93.555671612387698, 42.040942840702201 ] ] ], [ [ [ -93.556014579578203, 42.041259645675503 ], [ -93.556106262810701, 42.041038699864004 ], [ -93.5561370190416, 42.040889934268201 ], [ -93.556243878507701, 42.040722038715899 ], [ -93.556311877263795, 42.040691129665397 ], [ -93.556579525380897, 42.040691717744402 ], [ -93.556792382775399, 42.040832568052899 ], [ -93.556983351851002, 42.041007881796297 ], [ -93.556976463682105, 42.0413091286512 ], [ -93.557044511749694, 42.041415941407003 ], [ -93.557280752233098, 42.041584061712598 ], [ -93.557365801840902, 42.041587457459102 ], [ -93.557525305041196, 42.041549333861497 ], [ -93.557883475173099, 42.0413969167139 ], [ -93.558112567108296, 42.041317180993403 ], [ -93.558234905363904, 42.041298028937398 ], [ -93.558280733947996, 42.041309626143402 ], [ -93.5583341675881, 42.041347301503201 ], [ -93.558403155132495, 42.041427302439502 ], [ -93.558410601303393, 42.041492726536902 ], [ -93.5583793211689, 42.041621808328898 ], [ -93.558403133636602, 42.041706321752201 ], [ -93.558486183799701, 42.041766913816602 ], [ -93.558616880341901, 42.041717513245104 ], [ -93.558676870212096, 42.0416372654838 ], [ -93.558799867411807, 42.041564467689298 ], [ -93.558974520306805, 42.0415454085961 ], [ -93.559066459193403, 42.041560559138901 ], [ -93.559234554958707, 42.0416943001199 ], [ -93.559302981663507, 42.041790387285097 ], [ -93.559302852367395, 42.041844271559661 ], [ -93.555665209788003, 42.041880251128241 ], [ -93.555665818111095, 42.041432028123175 ], [ -93.555694934958893, 42.041458395202 ], [ -93.555762555318594, 42.041473088258599 ], [ -93.555831364284799, 42.041453820563497 ], [ -93.555899739265399, 42.041412187266602 ], [ -93.556014579578203, 42.041259645675503 ] ] ], [ [ [ -93.461631674846103, 42.109642015886998 ], [ -93.461394700470706, 42.109527356190497 ], [ -93.461234832862303, 42.109268423454402 ], [ -93.461120715642096, 42.109157962819403 ], [ -93.460929099117195, 42.109035248474498 ], [ -93.460754451199193, 42.108981734954398 ], [ -93.4606625940052, 42.108928951806398 ], [ -93.460586311559297, 42.108916721866002 ], [ -93.460517317861004, 42.108871542502797 ], [ -93.460472033291893, 42.108810729465397 ], [ -93.460463825985698, 42.108768532018402 ], [ -93.460487443078605, 42.108688500474102 ], [ -93.460555732144599, 42.108619184072502 ], [ -93.460731262645695, 42.108581487391497 ], [ -93.461120156974403, 42.108604324281004 ], [ -93.461196490444607, 42.1085816737004 ], [ -93.461250676035107, 42.108531756773601 ], [ -93.461249947810501, 42.108283996531 ], [ -93.461196032541494, 42.108192605190098 ], [ -93.461073998739593, 42.107864652671999 ], [ -93.461112340349899, 42.107681160956403 ], [ -93.461295672671994, 42.107428963407003 ], [ -93.461425715475997, 42.1074028947328 ], [ -93.461437082950127, 42.10740378547581 ], [ -93.461462520719692, 42.108361068124843 ], [ -93.462426482514118, 42.108364083355589 ], [ -93.462402687306096, 42.1083674301969 ], [ -93.462127307731706, 42.108505130885703 ], [ -93.462013145242096, 42.108596802310203 ], [ -93.4620431115153, 42.108676990848402 ], [ -93.462127909039197, 42.108756466198599 ], [ -93.462325351998501, 42.108886448103704 ], [ -93.462592491462402, 42.109008852757398 ], [ -93.462746914618762, 42.109110465764736 ], [ -93.462753611851966, 42.109650210686866 ], [ -93.462745917861795, 42.109645984501498 ], [ -93.462561642623697, 42.1096226939178 ], [ -93.462478930710404, 42.109653269760898 ], [ -93.462211098298198, 42.109683792052699 ], [ -93.461784014122998, 42.109672730783601 ], [ -93.461631674846103, 42.109642015886998 ] ] ], [ [ [ -93.656463014223206, 42.1095274791859 ], [ -93.656433072067699, 42.109657511027898 ], [ -93.656371919065904, 42.109737788617601 ], [ -93.656325475080806, 42.109778981494401 ], [ -93.656128231948898, 42.109886307097703 ], [ -93.655982601277103, 42.109943589866504 ], [ -93.655723132472303, 42.109981817364897 ], [ -93.655516887532499, 42.110103288500198 ], [ -93.655417582068495, 42.110195395188903 ], [ -93.655264658935124, 42.110457524000275 ], [ -93.654572562183574, 42.110461775765017 ], [ -93.654541306310705, 42.110359276381701 ], [ -93.654570861712102, 42.110240864270601 ], [ -93.654609568386306, 42.110176278751702 ], [ -93.654938080558495, 42.109931816921701 ], [ -93.6553118192585, 42.109718581684199 ], [ -93.655456697650095, 42.109611202783597 ], [ -93.655586548256693, 42.109443630399298 ], [ -93.655639180478303, 42.109290756963802 ], [ -93.655699987695499, 42.109184537527298 ], [ -93.655829672731699, 42.109058101804798 ], [ -93.6559829945827, 42.108989332180599 ], [ -93.656166353138701, 42.1089327329871 ], [ -93.656409485253505, 42.108909412636599 ], [ -93.656486538625799, 42.1089358499528 ], [ -93.656569603822703, 42.1090008528667 ], [ -93.656585551533695, 42.1091424479472 ], [ -93.6565319034993, 42.1093981528063 ], [ -93.656463014223206, 42.1095274791859 ] ] ], [ [ [ -93.271727505629002, 41.957222107055401 ], [ -93.271605689893406, 41.957229370019597 ], [ -93.271565717330418, 41.957206714237472 ], [ -93.271754745484316, 41.957206082914418 ], [ -93.271727505629002, 41.957222107055401 ] ] ], [ [ [ -93.271102578816794, 42.030677965108197 ], [ -93.270972937715499, 42.0307888108781 ], [ -93.270754827403024, 42.030888042893586 ], [ -93.270756790429843, 42.030646068045414 ], [ -93.270835788959403, 42.030593628206098 ], [ -93.270904469055594, 42.030517269555297 ], [ -93.270941619921601, 42.030407153934398 ], [ -93.270972506890601, 42.030021444565897 ], [ -93.270936326067101, 42.029711584768314 ], [ -93.271089495857396, 42.029711441414207 ], [ -93.271110373669202, 42.029762309670097 ], [ -93.271239780561103, 42.029937652599699 ], [ -93.271400177627697, 42.0300671432462 ], [ -93.271269973141102, 42.030223589432197 ], [ -93.271240027442403, 42.030429553294198 ], [ -93.271102578816794, 42.030677965108197 ] ] ], [ [ [ -93.274276927821504, 42.033321594062102 ], [ -93.274223086112499, 42.033142481328397 ], [ -93.274146266695993, 42.0330845166255 ], [ -93.274063189685606, 42.033062194203801 ], [ -93.274062258204097, 42.033023717176697 ], [ -93.274100680601705, 42.032974443531501 ], [ -93.274161836745094, 42.0328102772393 ], [ -93.274130873295306, 42.032699618234503 ], [ -93.274070136705106, 42.0326348378508 ], [ -93.273986611976696, 42.032592830077498 ], [ -93.273750261329297, 42.032569957547501 ], [ -93.273666312960501, 42.032569975420301 ], [ -93.2733914297703, 42.0326303589855 ], [ -93.273330605624693, 42.032474351948899 ], [ -93.273284681238394, 42.032123689427003 ], [ -93.273353556376605, 42.031917651746703 ], [ -93.273452939477195, 42.031833890192502 ], [ -93.273483166295506, 42.031776394697197 ], [ -93.273551903720303, 42.031760852016497 ], [ -93.273718977166993, 42.031688356171898 ], [ -93.274077948236396, 42.0315930770523 ], [ -93.274399000141301, 42.031440652858102 ], [ -93.274551140795197, 42.0313454821815 ], [ -93.274566774278895, 42.0313189811909 ], [ -93.274727065347705, 42.0312955306578 ], [ -93.275115642252601, 42.031314456214702 ], [ -93.275237163852196, 42.031349215102999 ], [ -93.275413034977603, 42.031425365660802 ], [ -93.275450889565235, 42.031422512918255 ], [ -93.275439831714593, 42.033060971116186 ], [ -93.275321522208699, 42.033053848292496 ], [ -93.275245568979201, 42.033004846100098 ], [ -93.275192438704195, 42.032932177391402 ], [ -93.275161643258301, 42.0328483529103 ], [ -93.275275810376698, 42.032603917315598 ], [ -93.275291697060197, 42.032508556059902 ], [ -93.275337072577003, 42.032405767286399 ], [ -93.275321061853504, 42.032161270413098 ], [ -93.275245816056099, 42.032031791095697 ], [ -93.275161668415393, 42.031974566922102 ], [ -93.274993089905607, 42.031898569758603 ], [ -93.274893932028704, 42.031883063667301 ], [ -93.274817840896802, 42.031837635775503 ], [ -93.2746425921937, 42.031776701559302 ], [ -93.274565659513001, 42.031784022788202 ], [ -93.274474478240407, 42.031844704865001 ], [ -93.274460025350706, 42.0318721251178 ], [ -93.2744745383837, 42.032123745347498 ], [ -93.274428374703604, 42.032371402987103 ], [ -93.274452104539094, 42.032542725600997 ], [ -93.274536028303402, 42.032699219194697 ], [ -93.274459916956403, 42.032997223858899 ], [ -93.274550886120807, 42.0331914291149 ], [ -93.274551538890506, 42.033237055124999 ], [ -93.274489591062903, 42.033359170155201 ], [ -93.274360259246194, 42.033493279498003 ], [ -93.274322145620005, 42.033565813076898 ], [ -93.274306710763696, 42.033649557237197 ], [ -93.274330072118701, 42.0337368026698 ], [ -93.2744670124696, 42.033813027955802 ], [ -93.274642828947194, 42.033828362147297 ], [ -93.274848867291695, 42.033817502587603 ], [ -93.275023842357001, 42.033885585657103 ], [ -93.275191458714701, 42.033923999522898 ], [ -93.275383223148495, 42.033904788950601 ], [ -93.275434209313445, 42.033894050668771 ], [ -93.275432206311976, 42.034190838380546 ], [ -93.274015406591204, 42.034189237167467 ], [ -93.274001435341702, 42.034114445753303 ], [ -93.273879960053804, 42.033984884623301 ], [ -93.273978553539806, 42.033859070901698 ], [ -93.274039850263307, 42.033691330004203 ], [ -93.274153878086494, 42.033481772072498 ], [ -93.274276927821504, 42.033321594062102 ] ] ], [ [ [ -93.36225696213009, 42.038160422070689 ], [ -93.362251472421846, 42.03764751663752 ], [ -93.362334827114594, 42.037685023843899 ], [ -93.362364783546298, 42.037761653991701 ], [ -93.362373571477804, 42.038108837019699 ], [ -93.362391771915853, 42.038166643730293 ], [ -93.36225696213009, 42.038160422070689 ] ] ], [ [ [ -93.275497258961906, 42.099815043088803 ], [ -93.275489190467894, 42.099834550584802 ], [ -93.275306700182597, 42.0998611174236 ], [ -93.275230001994402, 42.0998917013167 ], [ -93.274879179808593, 42.100112390561598 ], [ -93.274680531632796, 42.1003031911793 ], [ -93.274627805246496, 42.100437139200899 ], [ -93.274635002198707, 42.100658215005197 ], [ -93.274596144275193, 42.100811238297098 ], [ -93.274429026037893, 42.101005386327799 ], [ -93.274382667030594, 42.101101008030803 ], [ -93.274375311201894, 42.1012269677557 ], [ -93.2743988947541, 42.101371468013703 ], [ -93.2744827016014, 42.101470726762201 ], [ -93.274466773364097, 42.101722620716799 ], [ -93.274443848036995, 42.101810686383303 ], [ -93.274390671221397, 42.101924947604601 ], [ -93.274291782918795, 42.101993524082197 ], [ -93.274169884234894, 42.102027627229198 ], [ -93.274024317098906, 42.102012932199798 ], [ -93.273826197147997, 42.101909475206199 ], [ -93.273726940063298, 42.101893966919199 ], [ -93.273543989761194, 42.1019321493823 ], [ -93.273398511433797, 42.102008687551397 ], [ -93.273117067907194, 42.1022299408111 ], [ -93.272704267056, 42.1024779405071 ], [ -93.272544295076898, 42.102520183804003 ], [ -93.272445660372099, 42.102519893011099 ], [ -93.272315044128007, 42.102496566974303 ], [ -93.272353960620407, 42.102248735333802 ], [ -93.272315324727998, 42.1021155446929 ], [ -93.272216120502307, 42.102005226549799 ], [ -93.272125044140196, 42.1019362236079 ], [ -93.271918688886004, 42.101825434521203 ], [ -93.271530174571694, 42.101794879720401 ], [ -93.271315839790503, 42.101607894641703 ], [ -93.271186668585699, 42.101329684873001 ], [ -93.2712019823541, 42.101249509071302 ], [ -93.271156391331701, 42.101138532255597 ], [ -93.271308119684704, 42.100933330413298 ], [ -93.271423596912399, 42.100845428704801 ], [ -93.271560382523404, 42.100773181676097 ], [ -93.271659643742098, 42.1007573866532 ], [ -93.271835488474096, 42.1007763006685 ], [ -93.271972697394403, 42.100848959943299 ], [ -93.272155102711196, 42.101105036091496 ], [ -93.272162688180003, 42.101253671630602 ], [ -93.272247114615794, 42.1013681502819 ], [ -93.272307687876193, 42.101500908979702 ], [ -93.272407648341499, 42.101654175661501 ], [ -93.272536341730998, 42.101726654813703 ], [ -93.272613380872002, 42.101749745471203 ], [ -93.272704888124096, 42.101745413732402 ], [ -93.272826757787598, 42.101680900686503 ], [ -93.272948632856895, 42.101585082548802 ], [ -93.273063682955893, 42.101352272463899 ], [ -93.273216262730799, 42.1012186408622 ], [ -93.273597830598305, 42.100990553736999 ], [ -93.273796145028896, 42.100746081665697 ], [ -93.273872446667497, 42.1006010031372 ], [ -93.273955510967298, 42.100345157804902 ], [ -93.273933171436894, 42.100044158657397 ], [ -93.274031798607695, 42.099857512490701 ], [ -93.274276301711296, 42.099677517918501 ], [ -93.274292090242596, 42.099647440018998 ], [ -93.274396212830069, 42.099623959612977 ], [ -93.275540720486219, 42.099630253645053 ], [ -93.276120899205807, 42.099634868115807 ], [ -93.276007849500104, 42.099681793113703 ], [ -93.275657018018094, 42.099746853530299 ], [ -93.275497258961906, 42.099815043088803 ] ] ], [ [ [ -93.462532273766996, 42.113109354697201 ], [ -93.462493976623406, 42.113090715719899 ], [ -93.462416844129507, 42.113101724478298 ], [ -93.462280344028798, 42.113204585815197 ], [ -93.462150877941795, 42.1134488993929 ], [ -93.462089498252595, 42.113529085374701 ], [ -93.462012718645795, 42.113597342119199 ], [ -93.461936881773497, 42.113639679857997 ], [ -93.461829841040895, 42.113635791267399 ], [ -93.461708231999197, 42.113563642746797 ], [ -93.461547522446594, 42.113361039699498 ], [ -93.461402143574205, 42.113239232822899 ], [ -93.461326506704694, 42.113209128118001 ], [ -93.461181202343695, 42.113185705899902 ], [ -93.461058971680302, 42.113197617705197 ], [ -93.460991152839696, 42.113220435521598 ], [ -93.460861288887799, 42.113308220931202 ], [ -93.460777154201494, 42.113411214015997 ], [ -93.460761242392394, 42.113513757201801 ], [ -93.460830541844999, 42.113651065330203 ], [ -93.460907344670403, 42.113716074643499 ], [ -93.461265388519493, 42.113918078768101 ], [ -93.461410605966506, 42.114044354687501 ], [ -93.461448299358807, 42.114113068323697 ], [ -93.461440113859396, 42.114204136106999 ], [ -93.461411746128846, 42.114236338286396 ], [ -93.460365717790964, 42.114241148486173 ], [ -93.460220305033403, 42.114120273016397 ], [ -93.460113243172401, 42.113983117577803 ], [ -93.460075570464198, 42.113880416895199 ], [ -93.460098225704897, 42.113693038503797 ], [ -93.460158651004505, 42.113605679502797 ], [ -93.460181345797196, 42.113517579840597 ], [ -93.460281707623096, 42.113437265523402 ], [ -93.4603273645386, 42.113354088562602 ], [ -93.460692575074404, 42.112990977195302 ], [ -93.4608233411588, 42.1127779944511 ], [ -93.460830323797495, 42.1127199958419 ], [ -93.460861043900906, 42.112712549176202 ], [ -93.460952591406794, 42.112640111023602 ], [ -93.461188583612497, 42.1123469087266 ], [ -93.461517239420303, 42.111983972756299 ], [ -93.461777039491906, 42.1118397060986 ], [ -93.461853116179995, 42.111824205085099 ], [ -93.461974629040199, 42.111831955169997 ], [ -93.462028436442907, 42.111892935025999 ], [ -93.462143024854299, 42.112091054911701 ], [ -93.462211177552902, 42.112159471237703 ], [ -93.462310472718798, 42.112208821700598 ], [ -93.462432650779604, 42.112231789082699 ], [ -93.462585566711795, 42.112213322679501 ], [ -93.462691991295301, 42.112167112562801 ], [ -93.462784171038933, 42.112113043545442 ], [ -93.46281031915224, 42.114220378165321 ], [ -93.462745698243197, 42.114173398301297 ], [ -93.462676213950999, 42.114074546576802 ], [ -93.462646511847097, 42.113853048433299 ], [ -93.462646132470795, 42.113361123735103 ], [ -93.462622819649496, 42.113231873710802 ], [ -93.462532273766996, 42.113109354697201 ] ] ], [ [ [ -93.458726346838574, 42.11388313910205 ], [ -93.458892866539202, 42.113948422541199 ], [ -93.459014844135098, 42.114043835329099 ], [ -93.459213587255704, 42.114246446600795 ], [ -93.458717480733654, 42.114248727964878 ], [ -93.458726346838574, 42.11388313910205 ] ] ], [ [ [ -93.269393660746402, 42.173572301650303 ], [ -93.269256759257104, 42.173519321865399 ], [ -93.269195029237096, 42.1734768724601 ], [ -93.269072529533901, 42.173305226247699 ], [ -93.269031852830935, 42.173271747007647 ], [ -93.269640127335691, 42.173275424262457 ], [ -93.270087682321787, 42.1732781152173 ], [ -93.270087830644101, 42.173279227248997 ], [ -93.270072534775593, 42.173358516212701 ], [ -93.270087207954901, 42.173419652309903 ], [ -93.270027171719505, 42.173427331632901 ], [ -93.269683208716501, 42.173618660540598 ], [ -93.269393660746402, 42.173572301650303 ] ] ], [ [ [ -93.269210635523095, 42.175350310095602 ], [ -93.269096370009606, 42.175372946590599 ], [ -93.268775929465804, 42.175243639598101 ], [ -93.268607549079803, 42.1752472439318 ], [ -93.2685012150002, 42.175285253934497 ], [ -93.268447917681399, 42.175338694921699 ], [ -93.268386400962001, 42.1754152198464 ], [ -93.268379481762096, 42.175529571615598 ], [ -93.268416617485897, 42.1756707936797 ], [ -93.268546148328895, 42.175849745392703 ], [ -93.268722739245803, 42.176010010352002 ], [ -93.268867401765107, 42.1760828337774 ], [ -93.269027367698698, 42.176200705513899 ], [ -93.269118453258898, 42.1763341201519 ], [ -93.269141903918296, 42.176513517611298 ], [ -93.269111925899907, 42.176562978189096 ], [ -93.269004224476305, 42.176635845937803 ], [ -93.268775066202707, 42.176665898647002 ], [ -93.268676178989494, 42.176700487918602 ], [ -93.268440263114798, 42.1764674101521 ], [ -93.268073560875393, 42.1762118933746 ], [ -93.267967170723693, 42.176189074851699 ], [ -93.267822266984993, 42.176246844424298 ], [ -93.267753253681093, 42.1762346540376 ], [ -93.267455748589498, 42.176235532241499 ], [ -93.2674097397677, 42.176227405191 ], [ -93.267341742622904, 42.176189295102503 ], [ -93.267288055989198, 42.176128229613497 ], [ -93.267249596809805, 42.175865325216002 ], [ -93.267165323309897, 42.175651546751403 ], [ -93.266990262058002, 42.175514569294997 ], [ -93.2669137656857, 42.175506693079697 ], [ -93.266838373942804, 42.175532831668797 ], [ -93.266753315670996, 42.175525669147902 ], [ -93.266487125744405, 42.1755674592169 ], [ -93.266326166951998, 42.175537225739703 ], [ -93.266249644224303, 42.175498935091802 ], [ -93.266112977773105, 42.175346665784097 ], [ -93.265982630344297, 42.175250884151097 ], [ -93.265663326318304, 42.175185998345498 ], [ -93.265434347656495, 42.175087238794902 ], [ -93.265357519402698, 42.175025683806403 ], [ -93.2652742332033, 42.174911216065702 ], [ -93.265234974499705, 42.174793205607102 ], [ -93.265251021596995, 42.174663840058599 ], [ -93.265220780685198, 42.1745334969007 ], [ -93.265152138447206, 42.174449751877297 ], [ -93.265006239232207, 42.174346484723202 ], [ -93.264869059016206, 42.174300650429899 ], [ -93.264404070123106, 42.1742514687962 ], [ -93.263976429131603, 42.1739651341477 ], [ -93.263939054104895, 42.173954504744103 ], [ -93.263899899719704, 42.173958149939303 ], [ -93.263671469305905, 42.173907702576003 ], [ -93.263305384927904, 42.173885653420903 ], [ -93.262961602315002, 42.173885542970901 ], [ -93.262870516016903, 42.1739077693802 ], [ -93.262625914919795, 42.1739276448791 ], [ -93.262511368819602, 42.173957425696699 ], [ -93.262229768337093, 42.173988146890402 ], [ -93.261718892748704, 42.173896837685902 ], [ -93.261527511952906, 42.173896368278903 ], [ -93.261367077616399, 42.173977059372099 ], [ -93.261252860258594, 42.174060516879301 ], [ -93.261093235127902, 42.174213680423499 ], [ -93.261001234761096, 42.174259143583498 ], [ -93.260925185942398, 42.174270952580798 ], [ -93.260810614519102, 42.174270317911997 ], [ -93.260734799036968, 42.174251775750882 ], [ -93.260725385670014, 42.173301086888081 ], [ -93.260756800736999, 42.173312944247797 ], [ -93.261009167333498, 42.1733746372986 ], [ -93.261359402387995, 42.1734276657373 ], [ -93.261702737026994, 42.173408091725598 ], [ -93.262122656171698, 42.173331992871098 ], [ -93.2623816968066, 42.173316896239001 ], [ -93.262702182445295, 42.173351401775598 ], [ -93.262816812376897, 42.173381554959498 ], [ -93.263023149578601, 42.173404701458999 ], [ -93.263434731382006, 42.173385670950502 ], [ -93.263679726051507, 42.173324654725398 ], [ -93.263823341528962, 42.173240254732846 ], [ -93.264053219247756, 42.173241649240673 ], [ -93.26606254792442, 42.173253796410229 ], [ -93.266037172533899, 42.173362824500501 ], [ -93.266036489062998, 42.173442421629602 ], [ -93.266120353463705, 42.173728647225403 ], [ -93.266235362835204, 42.173904610875802 ], [ -93.266723418611505, 42.174236044299398 ], [ -93.266844949738498, 42.174370103036701 ], [ -93.267067045681102, 42.174830992515098 ], [ -93.267135488608403, 42.174888791415 ], [ -93.267280462476705, 42.174953572547501 ], [ -93.267524917637999, 42.174968571121298 ], [ -93.267646666832405, 42.174941621381301 ], [ -93.267783434518904, 42.1748425328745 ], [ -93.2679367807131, 42.174693701326397 ], [ -93.268073909316797, 42.174678704373903 ], [ -93.268126945632204, 42.1746941355632 ], [ -93.268211065122102, 42.174694121284901 ], [ -93.268439878976807, 42.174766036962403 ], [ -93.268622762881293, 42.174796730301097 ], [ -93.268706399775994, 42.174777920751197 ], [ -93.268988913042506, 42.174568302189897 ], [ -93.2691112838517, 42.174556570934101 ], [ -93.269202431713097, 42.174563860347099 ], [ -93.269317031437794, 42.174594901597104 ], [ -93.269393499304698, 42.1745723623796 ], [ -93.269432261430495, 42.174609854813802 ], [ -93.269508021930093, 42.1746364987888 ], [ -93.269644862910894, 42.1746599581477 ], [ -93.269752616479394, 42.174647918055697 ], [ -93.269835629852494, 42.174613887934903 ], [ -93.270141289923302, 42.174373447123102 ], [ -93.270339532545194, 42.1743543691695 ], [ -93.270384367982146, 42.174354439325178 ], [ -93.270392652496596, 42.175476653696407 ], [ -93.270294133254893, 42.175544902703599 ], [ -93.270248124557995, 42.175536776668302 ], [ -93.270026397823401, 42.175346043394001 ], [ -93.269790271717895, 42.1752739763619 ], [ -93.269477333731899, 42.175357723432398 ], [ -93.269210635523095, 42.175350310095602 ] ] ], [ [ [ -93.363006617349996, 42.176151266591198 ], [ -93.362975252211697, 42.1762391822772 ], [ -93.362929775167999, 42.176281191617903 ], [ -93.362853539492093, 42.1763306249279 ], [ -93.362792428078293, 42.176334747263198 ], [ -93.362724380447006, 42.176361090537398 ], [ -93.362495059925706, 42.176364470202202 ], [ -93.362388539346597, 42.176441015565203 ], [ -93.362304183063202, 42.1765439525456 ], [ -93.362197458459093, 42.176593658926102 ], [ -93.362136515885496, 42.1765933119487 ], [ -93.362090901684894, 42.176574492921098 ], [ -93.361861307072303, 42.176391812012 ], [ -93.361724398696595, 42.176433747123902 ], [ -93.361632968842997, 42.176498076498397 ], [ -93.361571721893796, 42.176505773461201 ], [ -93.361541640309198, 42.176559724411497 ], [ -93.361442809200867, 42.176653887902837 ], [ -93.36144833014859, 42.173644046486935 ], [ -93.362347610333487, 42.173651687633537 ], [ -93.362289135812304, 42.173751948250199 ], [ -93.362159611065096, 42.173888849588501 ], [ -93.361861375941899, 42.174102817454099 ], [ -93.361763115274698, 42.174251089307504 ], [ -93.361724611721201, 42.174495394379598 ], [ -93.361747793021095, 42.174720383130797 ], [ -93.361891873937793, 42.174843180059099 ], [ -93.362006345689295, 42.174846406708603 ], [ -93.362205510775198, 42.174769960197402 ], [ -93.362441046962701, 42.1745377189308 ], [ -93.362601331720796, 42.174457796425202 ], [ -93.362869488359806, 42.174362180983898 ], [ -93.362991401462693, 42.174297577305097 ], [ -93.363113549959806, 42.174194515374502 ], [ -93.363341872674994, 42.173927240858902 ], [ -93.363472205251597, 42.173736685642801 ], [ -93.363494131196717, 42.173661429573983 ], [ -93.363846752119827, 42.173664425779407 ], [ -93.363845626322103, 42.173694197389999 ], [ -93.363868167871402, 42.173839563088897 ], [ -93.363890975710405, 42.173881173798598 ], [ -93.363899339219799, 42.174014622553301 ], [ -93.363860636341798, 42.174167686323401 ], [ -93.363784406331007, 42.174281523160097 ], [ -93.363616918460195, 42.174423020024399 ], [ -93.363449021875596, 42.174510839153299 ], [ -93.363310900008003, 42.174552751041098 ], [ -93.3629302337458, 42.174625502918197 ], [ -93.362800571598697, 42.174701577095 ], [ -93.3627087400954, 42.174808834255103 ], [ -93.362648107522304, 42.174961451223801 ], [ -93.362677688711202, 42.175242922982797 ], [ -93.362808070131607, 42.175437893449903 ], [ -93.362869080247293, 42.175468654113097 ], [ -93.362868438744002, 42.175517837913802 ], [ -93.363067680551893, 42.175697215266602 ], [ -93.363089813361896, 42.175788903831403 ], [ -93.363082541273002, 42.175884466041602 ], [ -93.363006617349996, 42.176151266591198 ] ] ], [ [ [ -93.365745062590193, 42.176239206881498 ], [ -93.365569335586699, 42.176147077486803 ], [ -93.365287662322103, 42.176051897707303 ], [ -93.365172578362305, 42.176032560746798 ], [ -93.365058478078794, 42.176051706705103 ], [ -93.365004606559097, 42.176025564789299 ], [ -93.364883702183803, 42.1759989532205 ], [ -93.364677419698594, 42.175876682672801 ], [ -93.364668958377095, 42.175842519909402 ], [ -93.364547167392999, 42.175678138779702 ], [ -93.364516297792406, 42.175495034908302 ], [ -93.3646234158618, 42.175273593091603 ], [ -93.364891021140394, 42.174999064641497 ], [ -93.364966976063698, 42.174827974293599 ], [ -93.364959666956594, 42.174247303580202 ], [ -93.365004794056702, 42.174053223875298 ], [ -93.365293203132126, 42.173676716213947 ], [ -93.3658645643266, 42.173681571046423 ], [ -93.365837264132495, 42.173766931100303 ], [ -93.3658057192401, 42.174117822354098 ], [ -93.365645988176496, 42.174312254221299 ], [ -93.365577544802605, 42.174445929199898 ], [ -93.365561519345107, 42.174644179206098 ], [ -93.365760986312907, 42.175075802077203 ], [ -93.365775608644398, 42.175140502633397 ], [ -93.365745535407399, 42.175258857654697 ], [ -93.365745310246794, 42.175426122245497 ], [ -93.365806197955607, 42.1756214647543 ], [ -93.365997429428901, 42.175819458755299 ], [ -93.366213337081533, 42.175950573837497 ], [ -93.366218902474117, 42.177252307578563 ], [ -93.366070665632435, 42.177252479212726 ], [ -93.366050106414306, 42.177071025472699 ], [ -93.366027330015697, 42.177028521176503 ], [ -93.365996504524006, 42.176586016529598 ], [ -93.365943030484303, 42.176452544433602 ], [ -93.365890135441205, 42.176368280985599 ], [ -93.365745062590193, 42.176239206881498 ] ] ], [ [ [ -93.451499269832198, 42.175415036352902 ], [ -93.451461902161, 42.175536842706997 ], [ -93.451407503241597, 42.175624324162598 ], [ -93.4513621034598, 42.175632375262403 ], [ -93.451225146891105, 42.1757772664755 ], [ -93.451072561516995, 42.176082853885802 ], [ -93.4510641443635, 42.176246375578899 ], [ -93.451087982986294, 42.176494612120798 ], [ -93.451125994096202, 42.176555289613802 ], [ -93.4513392732066, 42.177257172074903 ], [ -93.4513542914911, 42.177513285462901 ], [ -93.4513167937086, 42.178005399443499 ], [ -93.451255796763405, 42.178173253464003 ], [ -93.451224993997002, 42.1783488575497 ], [ -93.451042294866099, 42.178844375278402 ], [ -93.451004178679796, 42.178886559539102 ], [ -93.450973428367405, 42.1788940044692 ], [ -93.450751806602497, 42.178520225918398 ], [ -93.450676160101395, 42.178455229392597 ], [ -93.450563675940558, 42.178301543334669 ], [ -93.45055640979939, 42.177270333136107 ], [ -93.450599815134495, 42.177242615989201 ], [ -93.450774736656896, 42.177093105683099 ], [ -93.450828581867697, 42.177020819344101 ], [ -93.450828528701706, 42.1768222465234 ], [ -93.4506150693405, 42.1766588290062 ], [ -93.450561409336501, 42.176559381164502 ], [ -93.450568984287699, 42.176318918682803 ], [ -93.450548766858418, 42.176185647536968 ], [ -93.450539374203217, 42.174852642629503 ], [ -93.450577159753806, 42.174861994462297 ], [ -93.4507139336433, 42.175022113146703 ], [ -93.451018630064098, 42.175223999379298 ], [ -93.451110665336103, 42.175274112194401 ], [ -93.451484413699404, 42.175387909997703 ], [ -93.451499269832198, 42.175415036352902 ] ] ] ] } },
{ "type": "Feature", "properties": { "mukey": "2993422", "musym": "L168B", "muname": "Hayden loam, Bemis moraine, 2 to 6 percent slopes" }, "geometry": { "type": "MultiPolygon", "coordinates": [ [ [ [ -93.373923289640601, 41.959334815405498 ], [ -93.373618510118504, 41.9593277221352 ], [ -93.373542943246406, 41.959301145930297 ], [ -93.373435997843998, 41.959236372716198 ], [ -93.373420003519996, 41.959209219740302 ], [ -93.373459042325607, 41.959075875785103 ], [ -93.373656885477203, 41.9588885298433 ], [ -93.373695185137194, 41.9587748444197 ], [ -93.373702358923197, 41.958713286850703 ], [ -93.373641604435903, 41.9585188923799 ], [ -93.373664721239095, 41.958388801633603 ], [ -93.373765399174601, 41.95827122326213 ], [ -93.374366696544044, 41.958284923077635 ], [ -93.374344033509814, 41.959112719814314 ], [ -93.374182776454802, 41.959221156871202 ], [ -93.373923289640601, 41.959334815405498 ] ] ], [ [ [ -93.373001367864504, 41.960711993800203 ], [ -93.372901427589596, 41.960590130235197 ], [ -93.372879070322, 41.960441228954203 ], [ -93.372916873951297, 41.960373140439998 ], [ -93.373016472583103, 41.960277692985898 ], [ -93.373138658019798, 41.960292698355197 ], [ -93.373351784334403, 41.960280937426802 ], [ -93.373748677613506, 41.960197796550702 ], [ -93.374091928499396, 41.960086735945801 ], [ -93.374237001312395, 41.960010097500103 ], [ -93.374321406800703, 41.959939189729184 ], [ -93.374308408096027, 41.960413984287015 ], [ -93.374180062638445, 41.960599420926172 ], [ -93.374077089782702, 41.9606435550252 ], [ -93.373840015780701, 41.960678080757702 ], [ -93.373488438843395, 41.9606548331504 ], [ -93.373313904184897, 41.960674533433803 ], [ -93.373259731138404, 41.960693105027097 ], [ -93.373138104804596, 41.9607925758718 ], [ -93.373084127461198, 41.960773592639697 ], [ -93.373001367864504, 41.960711993800203 ] ] ] ] } },
{ "type": "Feature", "properties": { "mukey": "411279", "musym": "135", "muname": "Coland clay loam, 0 to 2 percent slopes, occasionally flooded" }, "geometry": { "type": "MultiPolygon", "coordinates": [ [ [ [ -93.562873470270603, 41.965106725382597 ], [ -93.563133506725606, 41.9655265474129 ], [ -93.563247301147001, 41.965678922511799 ], [ -93.563438610485306, 41.965873893921199 ], [ -93.563582770629907, 41.965991967382898 ], [ -93.563895352713701, 41.966159717098698 ], [ -93.5643302976341, 41.966338716154802 ], [ -93.5646663328682, 41.9664264271401 ], [ -93.564758299226298, 41.966472872128698 ], [ -93.565085930168806, 41.966732112543603 ], [ -93.565277278639996, 41.966926187841203 ], [ -93.565299578541399, 41.966983837962601 ], [ -93.565467447218197, 41.967223969468797 ], [ -93.565596764625496, 41.967593929382097 ], [ -93.565528938774605, 41.967796531710299 ], [ -93.565284403384297, 41.9680476670896 ], [ -93.565215733653602, 41.968169774106002 ], [ -93.565239155864703, 41.968265002514897 ], [ -93.565345110613194, 41.968398449750602 ], [ -93.565596914418194, 41.968566838117098 ], [ -93.565962955193996, 41.968700716338802 ], [ -93.566413800752699, 41.968772702332899 ], [ -93.567191939701601, 41.968799882538399 ], [ -93.567436425069602, 41.968864400431102 ], [ -93.567702807231797, 41.9689633104555 ], [ -93.568016225052503, 41.969177565289101 ], [ -93.568205936278105, 41.9693492502957 ], [ -93.568397458301007, 41.969573727870198 ], [ -93.568519526961396, 41.969768282646903 ], [ -93.568649254739697, 41.969917376510402 ], [ -93.568801248662197, 41.970193037959113 ], [ -93.568609678597042, 41.97018062800533 ], [ -93.568272830863378, 41.970085401517743 ], [ -93.567766912006647, 41.969811058362211 ], [ -93.567527737955714, 41.969733134900942 ], [ -93.56585812719824, 41.96954578738584 ], [ -93.564966610942221, 41.969281059078611 ], [ -93.564034311675144, 41.96873193142639 ], [ -93.563393770835901, 41.968211041329027 ], [ -93.562898177839855, 41.967600442439753 ], [ -93.56261552514249, 41.967097553400514 ], [ -93.561768473670384, 41.965687779515463 ], [ -93.561338898318994, 41.964956267760861 ], [ -93.561356386116941, 41.964943265916148 ], [ -93.562783957004726, 41.964935149367349 ], [ -93.562873470270603, 41.965106725382597 ] ] ], [ [ [ -93.465057499855504, 42.041431564685801 ], [ -93.4649802873776, 42.041312894960598 ], [ -93.465080413938097, 42.041034937471402 ], [ -93.465392616171002, 42.040679755903597 ], [ -93.465500001920304, 42.040469908680699 ], [ -93.465530303005394, 42.040271964751099 ], [ -93.465498921748093, 42.039996794629403 ], [ -93.465438456446805, 42.039852518601499 ], [ -93.465369609395495, 42.039771574570601 ], [ -93.465408030217503, 42.039718669056697 ], [ -93.465491779129806, 42.039489578013701 ], [ -93.465566268990543, 42.039384408892104 ], [ -93.465674195192491, 42.039535354828942 ], [ -93.465792230250941, 42.039691446431256 ], [ -93.465859208094159, 42.040338999618548 ], [ -93.465892976930348, 42.040750804441892 ], [ -93.466074819823461, 42.041729963650475 ], [ -93.465435940332128, 42.041729018895992 ], [ -93.465431460293701, 42.041721501968702 ], [ -93.465255714330297, 42.041568704901501 ], [ -93.465057499855504, 42.041431564685801 ] ] ], [ [ [ -93.658568995664396, 42.0458639824895 ], [ -93.658446629722704, 42.045848352001599 ], [ -93.658355100498994, 42.045856531116598 ], [ -93.658294583248903, 42.045810721163697 ], [ -93.658256733161096, 42.0457420706473 ], [ -93.657668886530502, 42.044368546901602 ], [ -93.657440189805499, 42.043968239781499 ], [ -93.657318210260797, 42.043796117425103 ], [ -93.657265031078495, 42.043640444484701 ], [ -93.657287454506701, 42.043552317859501 ], [ -93.657417061572502, 42.043460767990297 ], [ -93.657714199743296, 42.043380302119402 ], [ -93.657936440841496, 42.043247505134197 ], [ -93.658027934178619, 42.043109056200365 ], [ -93.658035500935043, 42.043842307409932 ], [ -93.659247839788904, 42.043846788585121 ], [ -93.659232329825926, 42.044491160330381 ], [ -93.659230388738095, 42.044572266158951 ], [ -93.659226374445893, 42.044739108677518 ], [ -93.65924644363902, 42.046271963895961 ], [ -93.659156043050103, 42.046173301632102 ], [ -93.658813175910296, 42.0459479953401 ], [ -93.658568995664396, 42.0458639824895 ] ] ], [ [ [ -93.365135069955798, 42.103908810709498 ], [ -93.364340751081301, 42.103561698418702 ], [ -93.3637997312008, 42.103408463567597 ], [ -93.363670334780807, 42.103416559571102 ], [ -93.363608813243602, 42.103400995258298 ], [ -93.36334378659582, 42.103408477958681 ], [ -93.363341354587064, 42.103296596150912 ], [ -93.365758427839353, 42.103302103485653 ], [ -93.365824590455418, 42.103276349397461 ], [ -93.365913678024199, 42.103317363031799 ], [ -93.366057447799193, 42.103412414439198 ], [ -93.366363283402805, 42.103698591007898 ], [ -93.366454735351297, 42.103889173065198 ], [ -93.366484836283504, 42.104091922318403 ], [ -93.366363077702204, 42.104091232431003 ], [ -93.366080682056193, 42.104022874450003 ], [ -93.365623630143105, 42.104000151822099 ], [ -93.365524115678994, 42.104023168760499 ], [ -93.365470333322506, 42.103996135621799 ], [ -93.365310578717597, 42.103969627481803 ], [ -93.365135069955798, 42.103908810709498 ] ] ] ] } },
{ "type": "Feature", "properties": { "mukey": "411282", "musym": "138C", "muname": "Clarion loam, 6 to 10 percent slopes" }, "geometry": { "type": "Polygon", "coordinates": [ [ [ -93.553115972819697, 42.106593736415903 ], [ -93.553252858842399, 42.106475586015698 ], [ -93.553397882250195, 42.106403201986197 ], [ -93.553573106256493, 42.106372529668803 ], [ -93.553741299990804, 42.106403435350302 ], [ -93.5540084912776, 42.106563212318697 ], [ -93.554145320313296, 42.106620355422798 ], [ -93.554343689788496, 42.1066589857069 ], [ -93.554451006851707, 42.106654753790103 ], [ -93.554596024796993, 42.106617248539202 ], [ -93.5549011566725, 42.106597973474798 ], [ -93.555099656110698, 42.1065981473701 ], [ -93.555197085764874, 42.106607166841364 ], [ -93.555006047212132, 42.106679457505919 ], [ -93.553092722897901, 42.106692391414889 ], [ -93.553115972819697, 42.106593736415903 ] ] ] } },
{ "type": "Feature", "properties": { "mukey": "411283", "musym": "138C2", "muname": "Clarion loam, 6 to 10 percent slopes, moderately eroded" }, "geometry": { "type": "MultiPolygon", "coordinates": [ [ [ [ -93.650100847184603, 42.176830591716197 ], [ -93.650032201885296, 42.1768418678949 ], [ -93.6498788066814, 42.176799729705102 ], [ -93.649787845018196, 42.176749780257602 ], [ -93.649710926207902, 42.1765364069688 ], [ -93.649685400857464, 42.176509497076097 ], [ -93.649699308794283, 42.176093008405445 ], [ -93.650252822024726, 42.17645639416822 ], [ -93.650199633636902, 42.176539909351398 ], [ -93.6501465430553, 42.1767768613703 ], [ -93.650100847184603, 42.176830591716197 ] ] ], [ [ [ -93.652609892837404, 42.177799138070803 ], [ -93.652503725273206, 42.177585236148303 ], [ -93.652427185322495, 42.177505139737299 ], [ -93.652290451904904, 42.177474933920699 ], [ -93.6520388222566, 42.1774900490066 ], [ -93.651877845898298, 42.177383377557 ], [ -93.651801818741305, 42.1772880849527 ], [ -93.651763980095097, 42.177180962943297 ], [ -93.651763470534604, 42.177123710889397 ], [ -93.651781070530092, 42.177094226747116 ], [ -93.652510027171118, 42.177347358951501 ], [ -93.652882013301948, 42.17780841542293 ], [ -93.652770210398899, 42.177853025934098 ], [ -93.652679319860894, 42.177837067744498 ], [ -93.652609892837404, 42.177799138070803 ] ] ], [ [ [ -93.653792834424607, 42.180465377673201 ], [ -93.653877321422399, 42.1802370418443 ], [ -93.653930010931504, 42.179939259529199 ], [ -93.653922971745104, 42.179858634070598 ], [ -93.653868869007098, 42.179763739673099 ], [ -93.653869184940802, 42.179718129908203 ], [ -93.653816526426098, 42.179580329449003 ], [ -93.653648624045104, 42.179389459002003 ], [ -93.653533501880503, 42.1791154691686 ], [ -93.653472676817202, 42.179039235701701 ], [ -93.653434760841094, 42.178753228520797 ], [ -93.653434325965407, 42.178585069632398 ], [ -93.653380120649842, 42.178425792247445 ], [ -93.653979495424181, 42.179168684510401 ], [ -93.653984329482213, 42.179637809039974 ], [ -93.653989163605246, 42.180106933842069 ], [ -93.654010034062736, 42.180676037185741 ], [ -93.653999095075704, 42.180675725885401 ], [ -93.653861723114503, 42.180591844827298 ], [ -93.653792834424607, 42.180465377673201 ] ] ], [ [ [ -93.552779931819799, 42.182708548344998 ], [ -93.553015842090204, 42.182586888854999 ], [ -93.553115788453596, 42.182518115888399 ], [ -93.553198824103802, 42.182514318073999 ], [ -93.553367337276896, 42.1824718849373 ], [ -93.553474640450702, 42.182506112242102 ], [ -93.5535883338529, 42.182636166141897 ], [ -93.553580815131596, 42.182780924755399 ], [ -93.553528029152105, 42.182930194949897 ], [ -93.553443136876197, 42.1830216138911 ], [ -93.553298388134394, 42.183116374195897 ], [ -93.553107378183796, 42.183174482332902 ], [ -93.552787270020104, 42.183124605735102 ], [ -93.552680374201799, 42.183078757706298 ], [ -93.552520241974307, 42.183056053621101 ], [ -93.552390896816107, 42.183128742818504 ], [ -93.552337842726004, 42.183181407051698 ], [ -93.552299403085001, 42.183269231013398 ], [ -93.552292264018206, 42.1833683799683 ], [ -93.552337973776702, 42.183524878119798 ], [ -93.552352936436705, 42.183723728759702 ], [ -93.552230719997496, 42.1839405590746 ], [ -93.552169119147393, 42.184097712445997 ], [ -93.552215947527301, 42.1842917988428 ], [ -93.552169979470904, 42.184559265205998 ], [ -93.552108389621097, 42.184646651713102 ], [ -93.552054618037403, 42.184684991177399 ], [ -93.551986916430096, 42.184703389387799 ], [ -93.551803606050399, 42.1846462571704 ], [ -93.551711265122705, 42.184428948858901 ], [ -93.551681626923695, 42.184196725828201 ], [ -93.551650714873801, 42.184104907480901 ], [ -93.551635018865397, 42.183822858897301 ], [ -93.551604898045696, 42.183673810734497 ], [ -93.551681237416204, 42.183201195615503 ], [ -93.551711274899205, 42.183109635190597 ], [ -93.551727055512501, 42.182903315752696 ], [ -93.551666193644394, 42.182761736648203 ], [ -93.551558840405406, 42.1826595287611 ], [ -93.551261570194001, 42.1824455015594 ], [ -93.551147730757293, 42.182285031547103 ], [ -93.551224071665303, 42.182159463416099 ], [ -93.551383755250995, 42.182056043429597 ], [ -93.5516351658178, 42.182083158014997 ], [ -93.551841386025501, 42.182216751617801 ], [ -93.552230700117903, 42.1825523732862 ], [ -93.552520669306205, 42.1827313767456 ], [ -93.552635005686795, 42.182738904215199 ], [ -93.552779931819799, 42.182708548344998 ] ] ] ] } },
{ "type": "Feature", "properties": { "mukey": "411285", "musym": "1585", "muname": "Spillville-Coland complex, channeled, 0 to 2 percent slopes" }, "geometry": { "type": "MultiPolygon", "coordinates": [ [ [ [ -93.568617881741005, 41.965263297473797 ], [ -93.568320657757099, 41.965282738869703 ], [ -93.568115114451601, 41.965252041886998 ], [ -93.567923988570996, 41.965191212917901 ], [ -93.567802559397407, 41.965118283215297 ], [ -93.567649081665394, 41.964988414433499 ], [ -93.567603961115907, 41.964910119319235 ], [ -93.569225794154576, 41.964909861664644 ], [ -93.569114399731006, 41.9649999106583 ], [ -93.568816596557795, 41.965175829208498 ], [ -93.568617881741005, 41.965263297473797 ] ] ], [ [ [ -93.655318722516, 42.042033920875397 ], [ -93.655174567355203, 42.0420152091937 ], [ -93.654967498705801, 42.041949748210001 ], [ -93.654853380889193, 42.041869876338303 ], [ -93.65483331787452, 42.041834006200332 ], [ -93.656054567908527, 42.041831107817565 ], [ -93.655906957244397, 42.041907765541502 ], [ -93.655631469913899, 42.041995773870099 ], [ -93.655318722516, 42.042033920875397 ] ] ], [ [ [ -93.657569308932807, 42.042258942682302 ], [ -93.657257330717499, 42.042056549377001 ], [ -93.657142697125806, 42.0419194368761 ], [ -93.657006536657988, 42.041828848517881 ], [ -93.657239659658927, 42.041828295248962 ], [ -93.658014700556052, 42.041826448097126 ], [ -93.658023698003049, 42.042698449387714 ], [ -93.658004950143606, 42.042655844107401 ], [ -93.657912787460603, 42.042537919045799 ], [ -93.657569308932807, 42.042258942682302 ] ] ], [ [ [ -93.659034271169304, 42.047736973634997 ], [ -93.659065299318897, 42.047283243053002 ], [ -93.659257709998386, 42.047132471720843 ], [ -93.659263484052161, 42.047573485388384 ], [ -93.659276514502523, 42.048568325323629 ], [ -93.658950156382986, 42.048526476222747 ], [ -93.658995812212297, 42.048412350676699 ], [ -93.659034158076395, 42.048248498016697 ], [ -93.659065597044901, 42.0480728947106 ], [ -93.659034271169304, 42.047736973634997 ] ] ], [ [ [ -93.366057447799193, 42.103412414439198 ], [ -93.365913678024199, 42.103317363031799 ], [ -93.365824590455418, 42.103276349397461 ], [ -93.366014603635747, 42.10320238593448 ], [ -93.366550316536532, 42.103268981886345 ], [ -93.366543653335853, 42.103714229488254 ], [ -93.366538997320887, 42.104117497581377 ], [ -93.366484836283504, 42.104091922318403 ], [ -93.366454735351297, 42.103889173065198 ], [ -93.366363283402805, 42.103698591007898 ], [ -93.366057447799193, 42.103412414439198 ] ] ] ] } },
{ "type": "Feature", "properties": { "mukey": "411292", "musym": "175C", "muname": "Dickinson fine sandy loam, 5 to 9 percent slopes" }, "geometry": { "type": "Polygon", "coordinates": [ [ [ -93.376915203382296, 41.895663646591203 ], [ -93.376785132094895, 41.895602879706999 ], [ -93.376631934289804, 41.895511240049103 ], [ -93.376563284002799, 41.895366774046998 ], [ -93.376784936415802, 41.895187078492199 ], [ -93.376975209586902, 41.895293778752198 ], [ -93.37697711626889, 41.895294646513335 ], [ -93.376980281701705, 41.895685263672746 ], [ -93.376915203382296, 41.895663646591203 ] ] ] } },
{ "type": "Feature", "properties": { "mukey": "411293", "musym": "201B", "muname": "Coland-Terril complex, 1 to 5 percent slopes" }, "geometry": { "type": "MultiPolygon", "coordinates": [ [ [ [ -93.376876707123103, 41.895038720979898 ], [ -93.376975055412686, 41.89504033506612 ], [ -93.37697711626889, 41.895294646513335 ], [ -93.376975209586902, 41.895293778752198 ], [ -93.376784936415802, 41.895187078492199 ], [ -93.376807631807694, 41.895099909598997 ], [ -93.376876707123103, 41.895038720979898 ] ] ], [ [ [ -93.569529626882826, 41.897260136496996 ], [ -93.569541173302298, 41.897250868558302 ], [ -93.569570992682941, 41.89724795647188 ], [ -93.56953142709645, 41.897259992990314 ], [ -93.569529626882826, 41.897260136496996 ] ] ], [ [ [ -93.568526942103702, 41.897262159447699 ], [ -93.568719414814851, 41.897324723747218 ], [ -93.568638953766268, 41.897331137818398 ], [ -93.568249355756564, 41.897458179435937 ], [ -93.567924143309938, 41.897540954143544 ], [ -93.568008467154897, 41.897472346245003 ], [ -93.568152512111496, 41.8973802823377 ], [ -93.568359124757606, 41.897304597921902 ], [ -93.568526942103702, 41.897262159447699 ] ] ], [ [ [ -93.567514056064581, 41.897933096787654 ], [ -93.567395977369799, 41.898163009638338 ], [ -93.567178527835949, 41.898245586304789 ], [ -93.567275400345494, 41.898197087700403 ], [ -93.567451085655605, 41.898033195485397 ], [ -93.567466452292905, 41.8979753659411 ], [ -93.567514056064581, 41.897933096787654 ] ] ], [ [ [ -93.470558504825121, 41.97202341620811 ], [ -93.470565537942505, 41.972000340079603 ], [ -93.470584245994232, 41.971985473625686 ], [ -93.470579472671048, 41.972007594786248 ], [ -93.470558504825121, 41.97202341620811 ] ] ], [ [ [ -93.363593846568506, 42.103603721185401 ], [ -93.363530826245807, 42.103802560191511 ], [ -93.363347456337934, 42.103577300287384 ], [ -93.36334378659582, 42.103408477958681 ], [ -93.363608813243602, 42.103400995258298 ], [ -93.363670334780807, 42.103416559571102 ], [ -93.3636695594369, 42.103469313921899 ], [ -93.363593846568506, 42.103603721185401 ] ] ], [ [ [ -93.364531553242003, 42.105216666783399 ], [ -93.364503742491266, 42.10541984951842 ], [ -93.36451189620206, 42.105104620170344 ], [ -93.364531553242003, 42.105216666783399 ] ] ], [ [ [ -93.364748103082093, 42.106819947869475 ], [ -93.364467580416019, 42.106817685333951 ], [ -93.364476231036221, 42.106483333927287 ], [ -93.3645240474074, 42.106479423242199 ], [ -93.364669816889304, 42.1065861445609 ], [ -93.364745509692099, 42.106678022100098 ], [ -93.364761468727195, 42.106739167239198 ], [ -93.364748103082093, 42.106819947869475 ] ] ] ] } },
{ "type": "Feature", "properties": { "mukey": "411295", "musym": "203", "muname": "Cylinder loam, 0 to 2 percent slopes" }, "geometry": { "type": "MultiPolygon", "coordinates": [ [ [ [ -93.455154558004807, 42.174198002389197 ], [ -93.455123418725606, 42.174316354031703 ], [ -93.4549637513649, 42.174549354320199 ], [ -93.454757389926797, 42.174759075079599 ], [ -93.454375717946405, 42.174995761054802 ], [ -93.454261621752593, 42.175048974777702 ], [ -93.453972093783094, 42.175266004063502 ], [ -93.453849861293193, 42.175308323900303 ], [ -93.453734492873807, 42.1752962162399 ], [ -93.453682231321395, 42.175258515499898 ], [ -93.453636246437597, 42.175182476180403 ], [ -93.453643818775205, 42.175075289317498 ], [ -93.453712540741705, 42.174895958851003 ], [ -93.453941356793194, 42.1745721897585 ], [ -93.454193249329194, 42.174350842996297 ], [ -93.454306844331199, 42.174277941347199 ], [ -93.454795776212293, 42.174041575283397 ], [ -93.454872052845801, 42.1740225019051 ], [ -93.455040289803406, 42.174022230721498 ], [ -93.455107963109498, 42.174071861779503 ], [ -93.455146900904893, 42.1741406062499 ], [ -93.455154558004807, 42.174198002389197 ] ] ], [ [ [ -93.456405238362507, 42.177306690783801 ], [ -93.456352192944706, 42.177390623133299 ], [ -93.456153179084396, 42.177532511788002 ], [ -93.456099947375606, 42.177554722194202 ], [ -93.456038970905894, 42.177555313225596 ], [ -93.455963299201798, 42.177524309185102 ], [ -93.455810247394098, 42.177375504131199 ], [ -93.455756307251903, 42.177250113474997 ], [ -93.455726709272497, 42.177059010577302 ], [ -93.455756761026706, 42.176937059151498 ], [ -93.455817724663206, 42.176803192557799 ], [ -93.455902073648204, 42.176696619389801 ], [ -93.456016062107494, 42.1766129901306 ], [ -93.456122426255206, 42.176571250892501 ], [ -93.456199532106695, 42.176562926503898 ], [ -93.456275072411799, 42.176597505669598 ], [ -93.4563752282493, 42.176692497527597 ], [ -93.456481141784593, 42.176963812205599 ], [ -93.456405238362507, 42.177306690783801 ] ] ], [ [ [ -93.457648996177298, 42.180808807692401 ], [ -93.457535023373197, 42.180858449361601 ], [ -93.457344123562905, 42.180877957481201 ], [ -93.4572145379002, 42.180820850369699 ], [ -93.457130224487202, 42.180759265295102 ], [ -93.4570306903166, 42.180580205706299 ], [ -93.456977413023495, 42.1802025877208 ], [ -93.457023298645495, 42.179980765916497 ], [ -93.457161161375097, 42.179710660024597 ], [ -93.457175593754002, 42.179649225068303 ], [ -93.457282960628305, 42.179546680456703 ], [ -93.457481554124996, 42.179416409481803 ], [ -93.457686828678703, 42.179370349431601 ], [ -93.457786607525904, 42.179408981492799 ], [ -93.457847882951896, 42.179500525728798 ], [ -93.457854654341105, 42.179916586634697 ], [ -93.457794330772302, 42.180534375206399 ], [ -93.457748390348598, 42.1806909000153 ], [ -93.457648996177298, 42.180808807692401 ] ] ] ] } },
{ "type": "Feature", "properties": { "mukey": "411299", "musym": "L236C2", "muname": "Lester loam, Bemis moraine, 6 to 10 percent slopes, moderately eroded" }, "geometry": { "type": "MultiPolygon", "coordinates": [ [ [ [ -93.369094168346294, 42.037635867882202 ], [ -93.369010715203103, 42.037590346666697 ], [ -93.369025427632295, 42.037490480367801 ], [ -93.369186329192701, 42.037353344527702 ], [ -93.369316032432096, 42.037269233758302 ], [ -93.369384478517517, 42.037206028194795 ], [ -93.369382058183277, 42.037589247956582 ], [ -93.369338665758505, 42.037605070816198 ], [ -93.369094168346294, 42.037635867882202 ] ] ], [ [ [ -93.3689570230041, 42.039661435893102 ], [ -93.368888942480794, 42.039692246309798 ], [ -93.368873277076574, 42.039708436215228 ], [ -93.367294340985765, 42.039719988763437 ], [ -93.366760197840833, 42.039719175963562 ], [ -93.366782389178596, 42.039703009210598 ], [ -93.366919481539597, 42.039455386785598 ], [ -93.367026290835298, 42.039333249325601 ], [ -93.367179608480498, 42.039268402533303 ], [ -93.367461299415993, 42.039283977729603 ], [ -93.367606614466396, 42.039237748585201 ], [ -93.367743617789401, 42.039153787766502 ], [ -93.367851196654499, 42.038978899371102 ], [ -93.368034324697703, 42.038833273833298 ], [ -93.368179335330396, 42.038795086947403 ], [ -93.368255828083903, 42.038799327441403 ], [ -93.368705989399601, 42.0389936204393 ], [ -93.368849926256999, 42.0390162259771 ], [ -93.369026045799998, 42.039024282668798 ], [ -93.369139715384804, 42.038978302045201 ], [ -93.369223966665999, 42.038905786749702 ], [ -93.369209612058, 42.038608574199699 ], [ -93.369246915218199, 42.038490386452303 ], [ -93.369377049594405, 42.038382274889166 ], [ -93.369368696736046, 42.039704811394991 ], [ -93.369361332082804, 42.039704865279703 ], [ -93.369155499725807, 42.039657426710299 ], [ -93.3690487122403, 42.039649887116902 ], [ -93.3689570230041, 42.039661435893102 ] ] ], [ [ [ -93.366752516882102, 42.038688219523699 ], [ -93.366851336878398, 42.038745681717799 ], [ -93.366913077323204, 42.0388184865919 ], [ -93.366889727488299, 42.039050539144597 ], [ -93.366844108994201, 42.039130994720203 ], [ -93.366500141929507, 42.039508553202197 ], [ -93.366447367908293, 42.0396496780386 ], [ -93.366483107571753, 42.039718754318287 ], [ -93.366391405026263, 42.039718614775509 ], [ -93.366389413339377, 42.039596977930337 ], [ -93.366337078105119, 42.038895035609642 ], [ -93.366485459234497, 42.038768635182102 ], [ -93.366675721067907, 42.038692021014 ], [ -93.366752516882102, 42.038688219523699 ] ] ] ] } },
{ "type": "Feature", "properties": { "mukey": "411304", "musym": "253B", "muname": "Farrar fine sandy loam, 2 to 5 percent slopes" }, "geometry": { "type": "MultiPolygon", "coordinates": [ [ [ [ -93.376220456774007, 41.895637000502198 ], [ -93.376319925271105, 41.895542451097597 ], [ -93.376563284002799, 41.895366774046998 ], [ -93.376631934289804, 41.895511240049103 ], [ -93.376785132094895, 41.895602879706999 ], [ -93.376915203382296, 41.895663646591203 ], [ -93.376980281701705, 41.895685263672746 ], [ -93.376980366851356, 41.895695771213653 ], [ -93.376194914230027, 41.895694059916003 ], [ -93.376197786931598, 41.8956910849246 ], [ -93.376220456774007, 41.895637000502198 ] ] ], [ [ [ -93.553290808675897, 42.178886392947199 ], [ -93.552748862139694, 42.178870785679599 ], [ -93.552634808940397, 42.178890096911502 ], [ -93.552512247815997, 42.1789781194745 ], [ -93.552489679780805, 42.179065348512303 ], [ -93.552490253454593, 42.179187898283097 ], [ -93.552527715341199, 42.179336189710803 ], [ -93.552626928064001, 42.179531264887501 ], [ -93.552634712023703, 42.179691517692099 ], [ -93.552603992420103, 42.1797678594288 ], [ -93.552520195548595, 42.179862875841103 ], [ -93.552336857367095, 42.180049927628197 ], [ -93.552283497472402, 42.180076646884899 ], [ -93.5519101696635, 42.180049912134898 ], [ -93.551811399136994, 42.180015844862503 ], [ -93.551772494354395, 42.179908670307 ], [ -93.551749935846004, 42.1797526102782 ], [ -93.551779782036803, 42.179492890906097 ], [ -93.551848658033194, 42.179336770658701 ], [ -93.552024534878896, 42.179119167567798 ], [ -93.552062348608999, 42.178840815639198 ], [ -93.552016385541705, 42.178726352326798 ], [ -93.551930876860382, 42.178625729950149 ], [ -93.553701735237453, 42.178585388859155 ], [ -93.553619335839102, 42.1786958219787 ], [ -93.553474188504595, 42.178802202041403 ], [ -93.553290808675897, 42.178886392947199 ] ] ], [ [ [ -93.550803342271095, 42.1792830159254 ], [ -93.550788100129793, 42.179439255596101 ], [ -93.550804232458304, 42.179535266379801 ], [ -93.550521636705, 42.179771421724702 ], [ -93.550430520529503, 42.179901181791003 ], [ -93.550300010076995, 42.180041824418701 ], [ -93.550193690265303, 42.180118524434803 ], [ -93.549972528723899, 42.180236879596102 ], [ -93.549888409926496, 42.180202193587803 ], [ -93.5496139290142, 42.180137966690701 ], [ -93.549323600986796, 42.179969683521001 ], [ -93.549293078257406, 42.1798322556036 ], [ -93.549354224909294, 42.179618745682099 ], [ -93.549483950936505, 42.179500450362802 ], [ -93.549689391849796, 42.1794131043143 ], [ -93.549918426466803, 42.179278798735503 ], [ -93.549987882597705, 42.179210346067798 ], [ -93.550017637853401, 42.179126831147499 ], [ -93.549949340481405, 42.179023572241803 ], [ -93.549865073040394, 42.178958472293402 ], [ -93.549628520810401, 42.178890490825097 ], [ -93.549469223317999, 42.178809659745703 ], [ -93.549414879328793, 42.1787603313253 ], [ -93.549390747247983, 42.178683595446991 ], [ -93.550878452067224, 42.178649704743897 ], [ -93.550819402912495, 42.178756491562503 ], [ -93.550758519260995, 42.178927967909601 ], [ -93.550803342271095, 42.1792830159254 ] ] ] ] } },
{ "type": "Feature", "properties": { "mukey": "411305", "musym": "259", "muname": "Biscay clay loam, 0 to 2 percent slopes" }, "geometry": { "type": "Polygon", "coordinates": [ [ [ -93.462554201470994, 42.176372753806703 ], [ -93.462363321950605, 42.1765595341219 ], [ -93.462241962866798, 42.176711898113702 ], [ -93.462036324472294, 42.177036136378099 ], [ -93.461517145038698, 42.177601100872899 ], [ -93.461311389160798, 42.177894924317101 ], [ -93.461265639867605, 42.178012991379397 ], [ -93.461044378724793, 42.1783977461915 ], [ -93.460967404902604, 42.178569763493698 ], [ -93.460929135253295, 42.178783685170401 ], [ -93.460533146283097, 42.179279505338101 ], [ -93.460136316951306, 42.179664394170501 ], [ -93.459830996872896, 42.180080594565403 ], [ -93.459746982234805, 42.1802784130847 ], [ -93.459747133185175, 42.180280535850855 ], [ -93.459262951127855, 42.180512072110957 ], [ -93.458726409484726, 42.180786138347827 ], [ -93.458519804688251, 42.181054210115157 ], [ -93.458178420007357, 42.18106018535606 ], [ -93.457641566598127, 42.181073874432052 ], [ -93.454373979648722, 42.181085053958007 ], [ -93.454383783336795, 42.180984381115501 ], [ -93.454322804935003, 42.1808847906089 ], [ -93.454292395529905, 42.180515670864096 ], [ -93.454330208458899, 42.180248073075603 ], [ -93.454291583975802, 42.180137293952498 ], [ -93.454352759606095, 42.180031160144601 ], [ -93.454367861960193, 42.179584222147398 ], [ -93.454337710832405, 42.179508493999002 ], [ -93.454383983546705, 42.179443212894498 ], [ -93.454398628608203, 42.179008788800203 ], [ -93.454574712905597, 42.178493458370298 ], [ -93.454619430763302, 42.178203635240401 ], [ -93.454612829377496, 42.178050551482002 ], [ -93.454581862708395, 42.177997169187798 ], [ -93.454551364398995, 42.177864188479099 ], [ -93.454414305393399, 42.177577948066499 ], [ -93.454353144619603, 42.177516816441198 ], [ -93.454276485121099, 42.177379350392101 ], [ -93.454155219276203, 42.177261580093798 ], [ -93.453864561644494, 42.176841727244003 ], [ -93.453795845507102, 42.1766203373354 ], [ -93.453643424753494, 42.176254186898802 ], [ -93.453597547378493, 42.176208561440198 ], [ -93.453567267948102, 42.176136408724403 ], [ -93.453277397055999, 42.175895463570697 ], [ -93.453208397136294, 42.175815393530002 ], [ -93.453154857496699, 42.175579096079602 ], [ -93.453032766328107, 42.175217119677498 ], [ -93.452911669632201, 42.175094879417401 ], [ -93.4528648464116, 42.175075174616701 ], [ -93.452765814560905, 42.175083065665198 ], [ -93.452682726756095, 42.175121682101803 ], [ -93.452598244109197, 42.175231828255797 ], [ -93.452536720402705, 42.175380888060097 ], [ -93.452430555948496, 42.175884172498698 ], [ -93.452414646448403, 42.176086008815297 ], [ -93.452460761251402, 42.176158473359102 ], [ -93.452406885734007, 42.1762316541231 ], [ -93.452362136868103, 42.1765554650596 ], [ -93.452330776653795, 42.176612988403399 ], [ -93.452300452145593, 42.176608813914903 ], [ -93.451796936212702, 42.176242908690298 ], [ -93.451759349436699, 42.176170611713196 ], [ -93.451560727760807, 42.175968131366098 ], [ -93.451407503241597, 42.175624324162598 ], [ -93.451461902161, 42.175536842706997 ], [ -93.451499269832198, 42.175415036352902 ], [ -93.451484413699404, 42.175387909997703 ], [ -93.451576314635005, 42.175308322332903 ], [ -93.451758664452299, 42.175022104212303 ], [ -93.451911636541297, 42.174705790532698 ], [ -93.451880729406597, 42.174617524794002 ], [ -93.451934571559207, 42.174545238216702 ], [ -93.452003320649695, 42.174331919588603 ], [ -93.452247512032102, 42.173987883475597 ], [ -93.452286823163604, 42.17391453353337 ], [ -93.455465943389981, 42.173890051874587 ], [ -93.455482330828104, 42.174068485370903 ], [ -93.455428341147297, 42.1742785177481 ], [ -93.455375144747507, 42.1744000138603 ], [ -93.455261083184496, 42.174552514536501 ], [ -93.454925769778299, 42.174888504111898 ], [ -93.454261983101404, 42.175773498460501 ], [ -93.454185342769307, 42.176002763796703 ], [ -93.454162575664796, 42.176158847680803 ], [ -93.454154250587905, 42.176486953009103 ], [ -93.454192927656806, 42.1765628485674 ], [ -93.454215527909795, 42.176711774290801 ], [ -93.454261329077696, 42.176826271962099 ], [ -93.454399148213597, 42.1770248695167 ], [ -93.454429798490693, 42.177120285518498 ], [ -93.454680890072297, 42.1775554598577 ], [ -93.454764783922002, 42.177661761516703 ], [ -93.454879557964006, 42.177757041991903 ], [ -93.4549942453787, 42.177787919015401 ], [ -93.455107899558101, 42.177780313535003 ], [ -93.455208066064202, 42.1777080412553 ], [ -93.455276188606405, 42.177611883058198 ], [ -93.455420959690002, 42.177219373593097 ], [ -93.455497291985907, 42.176864875902098 ], [ -93.455588416957099, 42.176639472088198 ], [ -93.455627311312995, 42.176475654614102 ], [ -93.455725929112702, 42.176211936042897 ], [ -93.455779104872903, 42.176124428774898 ], [ -93.455794646844495, 42.176032604219401 ], [ -93.455886694382698, 42.175815268779203 ], [ -93.455939445590602, 42.175739381199897 ], [ -93.456023279819206, 42.175479844557501 ], [ -93.4560921606096, 42.175396223660002 ], [ -93.456206919697706, 42.175358227234398 ], [ -93.456267600712494, 42.175365680538597 ], [ -93.456458739071607, 42.175506288238097 ], [ -93.456611214983795, 42.175804456523501 ], [ -93.456649798779594, 42.1759832128688 ], [ -93.456733195320894, 42.176170005114002 ], [ -93.456778720921406, 42.176425821852803 ], [ -93.456764391538698, 42.176684935429897 ], [ -93.456779783427905, 42.176730855479803 ], [ -93.456778998919802, 42.177119932761997 ], [ -93.456794390914695, 42.177165852834797 ], [ -93.456749000367097, 42.177574627000503 ], [ -93.456664940329006, 42.177940601925897 ], [ -93.456595722179799, 42.178100246518099 ], [ -93.456535073459307, 42.178192079901599 ], [ -93.456465801072895, 42.178386607657302 ], [ -93.456428645745603, 42.178435968035899 ], [ -93.456405664164905, 42.178531224674103 ], [ -93.456237162074999, 42.1789393700899 ], [ -93.456207035274801, 42.179130194530401 ], [ -93.456206953712893, 42.179466513169601 ], [ -93.456268336408797, 42.179588472252803 ], [ -93.4563514408662, 42.179683129451398 ], [ -93.4564666654653, 42.179732799573301 ], [ -93.456581247402497, 42.179733261167399 ], [ -93.456687355081002, 42.1796986719323 ], [ -93.456932244008797, 42.17956931098 ], [ -93.457182926846201, 42.179347933109497 ], [ -93.457252657768606, 42.179241071661302 ], [ -93.457366278176906, 42.179134177498597 ], [ -93.457519803601201, 42.178935936539197 ], [ -93.457740694732905, 42.178561913422499 ], [ -93.457862291038893, 42.1783031160954 ], [ -93.4579088367163, 42.178096513475197 ], [ -93.457908229646605, 42.177879146114201 ], [ -93.457862405783999, 42.177363928326798 ], [ -93.457877338190698, 42.177322181563099 ], [ -93.457847420607195, 42.177173112872403 ], [ -93.457793607341799, 42.177044147792401 ], [ -93.457656149174994, 42.176868817229803 ], [ -93.457504481452304, 42.176548304149399 ], [ -93.457473681360199, 42.176323188627201 ], [ -93.457526782771097, 42.176037108005197 ], [ -93.457686612571507, 42.175632370256103 ], [ -93.4579087105284, 42.175258372299901 ], [ -93.457953966695896, 42.175220798804503 ], [ -93.458190549685597, 42.174850662823999 ], [ -93.458748125224702, 42.174202387533001 ], [ -93.458892515064804, 42.174087152143798 ], [ -93.458938486698798, 42.174029914256003 ], [ -93.45918449267954, 42.17386141619918 ], [ -93.460775326995318, 42.173849165557456 ], [ -93.460791852235104, 42.173850706274997 ], [ -93.4607978020979, 42.173848992481965 ], [ -93.461483097275561, 42.173843715184624 ], [ -93.461501905689403, 42.1739352907747 ], [ -93.461562627897294, 42.174042027632503 ], [ -93.461661880547894, 42.174094957630899 ], [ -93.461868397141203, 42.174148201197603 ], [ -93.461982709610197, 42.174155808600098 ], [ -93.462218954740706, 42.1741291327561 ], [ -93.462257140901301, 42.174118253149899 ], [ -93.462317597636897, 42.174064875844003 ], [ -93.462398171512362, 42.173848984224449 ], [ -93.46268522238536, 42.173847826695933 ], [ -93.462703914642049, 42.176268197422786 ], [ -93.462554201470994, 42.176372753806703 ] ], [ [ -93.457847882951896, 42.179500525728798 ], [ -93.457786607525904, 42.179408981492799 ], [ -93.457686828678703, 42.179370349431601 ], [ -93.457481554124996, 42.179416409481803 ], [ -93.457282960628305, 42.179546680456703 ], [ -93.457175593754002, 42.179649225068303 ], [ -93.457161161375097, 42.179710660024597 ], [ -93.457023298645495, 42.179980765916497 ], [ -93.456977413023495, 42.1802025877208 ], [ -93.4570306903166, 42.180580205706299 ], [ -93.457130224487202, 42.180759265295102 ], [ -93.4572145379002, 42.180820850369699 ], [ -93.457344123562905, 42.180877957481201 ], [ -93.457535023373197, 42.180858449361601 ], [ -93.457648996177298, 42.180808807692401 ], [ -93.457748390348598, 42.1806909000153 ], [ -93.457794330772302, 42.180534375206399 ], [ -93.457854654341105, 42.179916586634697 ], [ -93.457847882951896, 42.179500525728798 ] ], [ [ -93.456199532106695, 42.176562926503898 ], [ -93.456122426255206, 42.176571250892501 ], [ -93.456016062107494, 42.1766129901306 ], [ -93.455902073648204, 42.176696619389801 ], [ -93.455817724663206, 42.176803192557799 ], [ -93.455756761026706, 42.176937059151498 ], [ -93.455726709272497, 42.177059010577302 ], [ -93.455756307251903, 42.177250113474997 ], [ -93.455810247394098, 42.177375504131199 ], [ -93.455963299201798, 42.177524309185102 ], [ -93.456038970905894, 42.177555313225596 ], [ -93.456099947375606, 42.177554722194202 ], [ -93.456153179084396, 42.177532511788002 ], [ -93.456352192944706, 42.177390623133299 ], [ -93.456405238362507, 42.177306690783801 ], [ -93.456481141784593, 42.176963812205599 ], [ -93.4563752282493, 42.176692497527597 ], [ -93.456275072411799, 42.176597505669598 ], [ -93.456199532106695, 42.176562926503898 ] ], [ [ -93.455040289803406, 42.174022230721498 ], [ -93.454872052845801, 42.1740225019051 ], [ -93.454795776212293, 42.174041575283397 ], [ -93.454306844331199, 42.174277941347199 ], [ -93.454193249329194, 42.174350842996297 ], [ -93.453941356793194, 42.1745721897585 ], [ -93.453712540741705, 42.174895958851003 ], [ -93.453643818775205, 42.175075289317498 ], [ -93.453636246437597, 42.175182476180403 ], [ -93.453682231321395, 42.175258515499898 ], [ -93.453734492873807, 42.1752962162399 ], [ -93.453849861293193, 42.175308323900303 ], [ -93.453972093783094, 42.175266004063502 ], [ -93.454261621752593, 42.175048974777702 ], [ -93.454375717946405, 42.174995761054802 ], [ -93.454757389926797, 42.174759075079599 ], [ -93.4549637513649, 42.174549354320199 ], [ -93.455123418725606, 42.174316354031703 ], [ -93.455154558004807, 42.174198002389197 ], [ -93.455146900904893, 42.1741406062499 ], [ -93.455107963109498, 42.174071861779503 ], [ -93.455040289803406, 42.174022230721498 ] ], [ [ -93.460517710779797, 42.174114563116397 ], [ -93.460342698991298, 42.174133492244202 ], [ -93.460227813919005, 42.174175067569898 ], [ -93.459892355823996, 42.174248094571603 ], [ -93.459395648846197, 42.1744306593204 ], [ -93.459228667634207, 42.174530246172502 ], [ -93.459136646148295, 42.174613414484298 ], [ -93.458854024286694, 42.1751096622856 ], [ -93.458778339356101, 42.175212829218502 ], [ -93.458747759683703, 42.175315986868803 ], [ -93.458602976042101, 42.175441948163702 ], [ -93.458503961749102, 42.175583119075299 ], [ -93.458473544441205, 42.1756818075852 ], [ -93.458175520833706, 42.176132134744897 ], [ -93.4580992594517, 42.176284485706297 ], [ -93.458106976439893, 42.176407178892198 ], [ -93.4581454542964, 42.176555520946501 ], [ -93.458243416712605, 42.1766773022091 ], [ -93.458403854307605, 42.176757375316299 ], [ -93.458587380645099, 42.1767726053966 ], [ -93.4589540497348, 42.176746705936097 ], [ -93.459419211609102, 42.176593934916397 ], [ -93.459685784287998, 42.1764712562494 ], [ -93.459800855766701, 42.176391222883701 ], [ -93.460075399680505, 42.176116640910799 ], [ -93.460097912313898, 42.175933717343298 ], [ -93.460021614689396, 42.175819518311499 ], [ -93.459800436862395, 42.175666698663598 ], [ -93.459968435737196, 42.175472317718203 ], [ -93.460105725721405, 42.1753846698793 ], [ -93.460158654111495, 42.175270322272503 ], [ -93.460151969720201, 42.175186111619396 ], [ -93.460082167779206, 42.175094401700498 ], [ -93.460051771186301, 42.174991836682103 ], [ -93.460112966100098, 42.174884807006002 ], [ -93.460341976276396, 42.174789118956703 ], [ -93.460715845677001, 42.1747660393969 ], [ -93.460906988250898, 42.1747393758627 ], [ -93.461005874785997, 42.174701958510397 ], [ -93.461066332985496, 42.174648581750098 ], [ -93.461089618713999, 42.174511291131999 ], [ -93.461067408845807, 42.1743847364936 ], [ -93.460967803348296, 42.174274553533401 ], [ -93.460830546261406, 42.174194043889997 ], [ -93.460647468511993, 42.174133208152703 ], [ -93.460517710779797, 42.174114563116397 ] ], [ [ -93.461005325939496, 42.1759219954222 ], [ -93.460853678086195, 42.176002207021099 ], [ -93.460685457973099, 42.1761357613196 ], [ -93.4605173483572, 42.176299729387701 ], [ -93.460326946203807, 42.176540184026102 ], [ -93.460181909688103, 42.176773478095697 ], [ -93.460044949874401, 42.176952368135197 ], [ -93.459945200471594, 42.177147193900701 ], [ -93.459937559273996, 42.177223073577601 ], [ -93.459975656820603, 42.177315056359298 ], [ -93.460089935655404, 42.177390644090103 ], [ -93.460166162665999, 42.177406450657202 ], [ -93.460296903350695, 42.177398281313401 ], [ -93.460471277796898, 42.177330143908399 ], [ -93.460769856141894, 42.177132061007697 ], [ -93.461043845735702, 42.176872671779897 ], [ -93.461219074420001, 42.176647124429401 ], [ -93.461372007157095, 42.176330798941798 ], [ -93.461402983562607, 42.176082745229699 ], [ -93.4613264232364, 42.175975697550498 ], [ -93.461265759886302, 42.175934257355799 ], [ -93.461181267266895, 42.175911133671001 ], [ -93.461059219626605, 42.175915001963297 ], [ -93.461005325939496, 42.1759219954222 ] ], [ [ -93.4593200431692, 42.177776261679902 ], [ -93.459151594741698, 42.177848986225598 ], [ -93.458998995719199, 42.177955116834198 ], [ -93.458755633073807, 42.1781766412807 ], [ -93.458495418870598, 42.178592828490203 ], [ -93.458396527330294, 42.178897689949899 ], [ -93.458396674911398, 42.179027390678002 ], [ -93.4584346209393, 42.179156938820597 ], [ -93.4587095908675, 42.179439620373699 ], [ -93.458831181371096, 42.179515352859603 ], [ -93.459015066369901, 42.179587835251702 ], [ -93.459137068197904, 42.179618852105399 ], [ -93.459327540552195, 42.179610961152399 ], [ -93.459586600368993, 42.1795274911984 ], [ -93.459869464159993, 42.179359513223098 ], [ -93.460105113801205, 42.179115473378303 ], [ -93.460151641387995, 42.1790430396156 ], [ -93.460349875689005, 42.1788555115101 ], [ -93.460510348957598, 42.178600157631998 ], [ -93.460678141465095, 42.178210777215199 ], [ -93.460677514786099, 42.178127579555799 ], [ -93.460647409033498, 42.178016969842602 ], [ -93.460471381680705, 42.1778292578337 ], [ -93.460373212595499, 42.177779925879797 ], [ -93.460212034700504, 42.177753508640102 ], [ -93.460113475107406, 42.177714902420902 ], [ -93.459587343635604, 42.1777340991719 ], [ -93.4593200431692, 42.177776261679902 ] ] ] } },
{ "type": "Feature", "properties": { "mukey": "411306", "musym": "274", "muname": "Rolfe silt loam, 0 to 1 percent slopes" }, "geometry": { "type": "Polygon", "coordinates": [ [ [ -93.454032389693893, 42.178455068468999 ], [ -93.454002518231206, 42.1786387416685 ], [ -93.453888077303702, 42.178767978485197 ], [ -93.453628064552404, 42.178977538425798 ], [ -93.453468004426298, 42.179053998683898 ], [ -93.453308391072497, 42.179084849613197 ], [ -93.4532469134043, 42.1790657511783 ], [ -93.453139981391601, 42.178989407186599 ], [ -93.453117543167494, 42.178936192200098 ], [ -93.453116533622605, 42.1788637203504 ], [ -93.453261620764394, 42.178596444223501 ], [ -93.453422443545406, 42.178432341363198 ], [ -93.453559747585999, 42.178344700141999 ], [ -93.453727778610897, 42.178283602565301 ], [ -93.453833993728296, 42.178279429775998 ], [ -93.453933507711497, 42.178325215363699 ], [ -93.454032389693893, 42.178455068468999 ] ] ] } },
{ "type": "Feature", "properties": { "mukey": "411307", "musym": "27B", "muname": "Terril loam, 2 to 6 percent slopes" }, "geometry": { "type": "MultiPolygon", "coordinates": [ [ [ [ -93.464644920697097, 42.041401115072198 ], [ -93.464644811308105, 42.041236558632598 ], [ -93.464683655261993, 42.041172035398098 ], [ -93.464706112341901, 42.040989140973103 ], [ -93.464737029171204, 42.0409083645702 ], [ -93.464721127452904, 42.040843661905903 ], [ -93.464621513620003, 42.040671787997702 ], [ -93.464377834054204, 42.040413022372697 ], [ -93.464355351632904, 42.040328515654203 ], [ -93.464362910100505, 42.040187362035397 ], [ -93.464393242914994, 42.040122672015201 ], [ -93.4644766828266, 42.040069755524598 ], [ -93.464721146581596, 42.040038778003897 ], [ -93.464866106785294, 42.040000482638398 ], [ -93.464950502497601, 42.039954739127701 ], [ -93.465148878311396, 42.0398861900035 ], [ -93.465369609395495, 42.039771574570601 ], [ -93.465438456446805, 42.039852518601499 ], [ -93.465498921748093, 42.039996794629403 ], [ -93.465530303005394, 42.040271964751099 ], [ -93.465500001920304, 42.040469908680699 ], [ -93.465392616171002, 42.040679755903597 ], [ -93.465080413938097, 42.041034937471402 ], [ -93.4649802873776, 42.041312894960598 ], [ -93.465057499855504, 42.041431564685801 ], [ -93.465255714330297, 42.041568704901501 ], [ -93.465431460293701, 42.041721501968702 ], [ -93.465435940332128, 42.041729018895992 ], [ -93.464748199437523, 42.041728001886831 ], [ -93.464676155675903, 42.041579696794301 ], [ -93.464644920697097, 42.041401115072198 ] ] ], [ [ [ -93.556365726259401, 42.104907572495101 ], [ -93.5562972104144, 42.1048123702667 ], [ -93.556235468325298, 42.104697619992599 ], [ -93.556197506489099, 42.104564537302799 ], [ -93.556197889695497, 42.104484051954302 ], [ -93.556267009828304, 42.104179485848697 ], [ -93.556244086365098, 42.104069046356003 ], [ -93.556464846750302, 42.103885400337198 ], [ -93.556648150883404, 42.103797637593203 ], [ -93.556968937434405, 42.103748245347298 ], [ -93.557128204112104, 42.103755724653297 ], [ -93.557243068671099, 42.103744478153203 ], [ -93.5573732251395, 42.103713844337797 ], [ -93.557571537992203, 42.103614737022099 ], [ -93.557914809095706, 42.103340388117303 ], [ -93.558067429988199, 42.103328959260502 ], [ -93.558197207218299, 42.103343929869702 ], [ -93.558342020468004, 42.103416423192598 ], [ -93.558394813678007, 42.103473764278803 ], [ -93.558090282156201, 42.103580705898203 ], [ -93.5578305556365, 42.1037296332388 ], [ -93.5576316392184, 42.103950362671902 ], [ -93.557594238581004, 42.104149099138297 ], [ -93.557601318369805, 42.1041903734206 ], [ -93.5575787214093, 42.104244502855799 ], [ -93.557448620280198, 42.104343109436599 ], [ -93.557342273636607, 42.104354516972499 ], [ -93.557242519018899, 42.104281978899699 ], [ -93.557166951038496, 42.104179489165901 ], [ -93.557051936026497, 42.104125444389297 ], [ -93.556915540732106, 42.1041255518073 ], [ -93.556838304431395, 42.104175071832302 ], [ -93.556823947569598, 42.104202525911397 ], [ -93.556861938237105, 42.104369594630597 ], [ -93.556938410034206, 42.104481045256897 ], [ -93.557006575446295, 42.104655838696203 ], [ -93.556983094900801, 42.104804753771297 ], [ -93.556755309161701, 42.105015099105401 ], [ -93.556601647977104, 42.105090900968399 ], [ -93.556503134089297, 42.105087251618002 ], [ -93.5564342146656, 42.104968788400399 ], [ -93.556365726259401, 42.104907572495101 ] ] ] ] } },
{ "type": "Feature", "properties": { "mukey": "411311", "musym": "385", "muname": "Guckeen clay loam, 1 to 3 percent slopes" }, "geometry": { "type": "MultiPolygon", "coordinates": [ [ [ [ -93.652697874448009, 42.180677757262835 ], [ -93.652702114803404, 42.180671901320899 ], [ -93.652801177502397, 42.180626292441701 ], [ -93.653037566200595, 42.180629682277498 ], [ -93.653113795644899, 42.180610492034198 ], [ -93.653290186003304, 42.180476841888598 ], [ -93.653343431911196, 42.180488539811897 ], [ -93.653419390310304, 42.180477394285397 ], [ -93.653517895867694, 42.180412097499101 ], [ -93.653541751618107, 42.180355286728002 ], [ -93.653556644222206, 42.180057714063302 ], [ -93.653602776002202, 42.179954796999603 ], [ -93.653640183598498, 42.179893759679601 ], [ -93.653716607764196, 42.179832534833999 ], [ -93.653868869007098, 42.179763739673099 ], [ -93.653922971745104, 42.179858634070598 ], [ -93.653930010931504, 42.179939259529199 ], [ -93.653877321422399, 42.1802370418443 ], [ -93.653792834424607, 42.180465377673201 ], [ -93.653861723114503, 42.180591844827298 ], [ -93.653999095075704, 42.180675725885401 ], [ -93.653997970760898, 42.180684393513523 ], [ -93.652697874448009, 42.180677757262835 ] ] ], [ [ [ -93.649993698989206, 42.180515450923501 ], [ -93.650245684559394, 42.180526284274102 ], [ -93.650367140146201, 42.180575892385797 ], [ -93.650435745268368, 42.180666210382675 ], [ -93.649701619672413, 42.180662463089924 ], [ -93.64969964039804, 42.18046911044037 ], [ -93.649749686545704, 42.1804850844713 ], [ -93.649993698989206, 42.180515450923501 ] ] ] ] } },
{ "type": "Feature", "properties": { "mukey": "411313", "musym": "356G", "muname": "Hayden-Storden loams, 25 to 50 percent slopes" }, "geometry": { "type": "MultiPolygon", "coordinates": [ [ [ [ -93.369971417351863, 41.958364101836686 ], [ -93.370000119311271, 41.9583691869638 ], [ -93.369987763925593, 41.95837387337 ], [ -93.369971417351863, 41.958364101836686 ] ] ], [ [ [ -93.373313904184897, 41.960674533433803 ], [ -93.373488438843395, 41.9606548331504 ], [ -93.373840015780701, 41.960678080757702 ], [ -93.374077089782702, 41.9606435550252 ], [ -93.374180062638445, 41.960599420926172 ], [ -93.374150611586401, 41.960641972522573 ], [ -93.373875294377683, 41.960734377474466 ], [ -93.373743920170227, 41.960850487649054 ], [ -93.373278013447873, 41.960804952486988 ], [ -93.373137990556572, 41.960872481600028 ], [ -93.373138104804596, 41.9607925758718 ], [ -93.373259731138404, 41.960693105027097 ], [ -93.373313904184897, 41.960674533433803 ] ] ], [ [ [ -93.3690487122403, 42.039649887116902 ], [ -93.369155499725807, 42.039657426710299 ], [ -93.369361332082804, 42.039704865279703 ], [ -93.368873277076574, 42.039708436215228 ], [ -93.368888942480794, 42.039692246309798 ], [ -93.3689570230041, 42.039661435893102 ], [ -93.3690487122403, 42.039649887116902 ] ] ] ] } },
{ "type": "Feature", "properties": { "mukey": "411314", "musym": "L386", "muname": "Cordova clay loam, Bemis moraine, 0 to 2 percent slopes" }, "geometry": { "type": "MultiPolygon", "coordinates": [ [ [ [ -93.3674620967913, 41.9593812016087 ], [ -93.367507543243406, 41.959465293953997 ], [ -93.367591241743, 41.959534069541299 ], [ -93.367606830113402, 41.959571946087699 ], [ -93.3673479676836, 41.959636420350897 ], [ -93.36726975826825, 41.95966512552544 ], [ -93.36726095864104, 41.958541534107304 ], [ -93.367338446374546, 41.958491960975444 ], [ -93.367385728882994, 41.958698222008202 ], [ -93.367415732870995, 41.959224655846597 ], [ -93.3674620967913, 41.9593812016087 ] ] ], [ [ [ -93.371734848501603, 41.9597132704301 ], [ -93.3714752257859, 41.959636445148099 ], [ -93.371307504295501, 41.959636607743597 ], [ -93.371191973121199, 41.959670920122001 ], [ -93.371100374346796, 41.959812136024702 ], [ -93.371025182223207, 41.959807922332303 ], [ -93.370978929476806, 41.959777470173997 ], [ -93.370955909121903, 41.959678633393601 ], [ -93.370894709427503, 41.959625520494299 ], [ -93.370803999182698, 41.959613836655301 ], [ -93.370750603800502, 41.959644048321302 ], [ -93.370620958908802, 41.959827413426702 ], [ -93.370536669910706, 41.959903497187902 ], [ -93.370422049819993, 41.959945875757803 ], [ -93.370307089116906, 41.959964996649497 ], [ -93.370162911125604, 41.959953117681799 ], [ -93.369986847729805, 41.959884250997298 ], [ -93.369895826426003, 41.959816222086801 ], [ -93.369689824442801, 41.959606347066902 ], [ -93.369598265844303, 41.9595526150948 ], [ -93.369429561577803, 41.959514302247797 ], [ -93.369231883981797, 41.959503120780397 ], [ -93.369078974737505, 41.959529515672699 ], [ -93.368750735887204, 41.959693629990802 ], [ -93.368423060363696, 41.959778166244803 ], [ -93.368209897732697, 41.9597586193224 ], [ -93.368048981442598, 41.959674856345899 ], [ -93.368231867758993, 41.9595301376484 ], [ -93.368507585418996, 41.959373002591903 ], [ -93.368789044771702, 41.959289312931404 ], [ -93.369086869776794, 41.959255140172097 ], [ -93.369483404352906, 41.959278421552398 ], [ -93.369544396943596, 41.959304703255803 ], [ -93.369629034611606, 41.959316264280801 ], [ -93.369735770808106, 41.959354208808698 ], [ -93.370017766559499, 41.959514659052303 ], [ -93.370124940262997, 41.959540986851103 ], [ -93.370300082360401, 41.959537399905301 ], [ -93.370406604415194, 41.959484125496303 ], [ -93.370513928502504, 41.9593772120446 ], [ -93.370551321630899, 41.959255460625599 ], [ -93.370543623054601, 41.959201648566101 ], [ -93.370498173122698, 41.959117557314897 ], [ -93.370413829259803, 41.959033568221997 ], [ -93.369941730796199, 41.958725271859997 ], [ -93.369826520141203, 41.958621874322901 ], [ -93.369827520437298, 41.958530680767801 ], [ -93.369941726812698, 41.958434639163002 ], [ -93.369987763925593, 41.95837387337 ], [ -93.370000119311271, 41.9583691869638 ], [ -93.371622299284212, 41.958656588643926 ], [ -93.371657736791093, 41.958855005000302 ], [ -93.371726597245399, 41.958930629782103 ], [ -93.371848890940896, 41.959007342139401 ], [ -93.3720162465588, 41.959049201369098 ], [ -93.372161647790307, 41.959125489481501 ], [ -93.372214895124699, 41.959228518135497 ], [ -93.372237408059704, 41.959308564938397 ], [ -93.372230680028593, 41.959422892580299 ], [ -93.372154237860798, 41.959613601602001 ], [ -93.372154382609693, 41.9596744138695 ], [ -93.372054638997994, 41.959709048317798 ], [ -93.371909285512999, 41.959728446294399 ], [ -93.371734848501603, 41.9597132704301 ] ] ], [ [ [ -93.372657696946604, 41.9599609809583 ], [ -93.372665297477397, 41.9598234203647 ], [ -93.372832728734096, 41.9597016314559 ], [ -93.373046810159707, 41.959373324456898 ], [ -93.373084696904598, 41.9592059754806 ], [ -93.373084596002201, 41.959014603085897 ], [ -93.373015901903599, 41.958740458121902 ], [ -93.372924062152094, 41.958629490645798 ], [ -93.372871043757499, 41.958488014130999 ], [ -93.372840175561805, 41.958274553794702 ], [ -93.372843268904745, 41.958250213666524 ], [ -93.373765399174601, 41.95827122326213 ], [ -93.373664721239095, 41.958388801633603 ], [ -93.373641604435903, 41.9585188923799 ], [ -93.373702358923197, 41.958713286850703 ], [ -93.373695185137194, 41.9587748444197 ], [ -93.373656885477203, 41.9588885298433 ], [ -93.373459042325607, 41.959075875785103 ], [ -93.373420003519996, 41.959209219740302 ], [ -93.373435997843998, 41.959236372716198 ], [ -93.373542943246406, 41.959301145930297 ], [ -93.373618510118504, 41.9593277221352 ], [ -93.373923289640601, 41.959334815405498 ], [ -93.374182776454802, 41.959221156871202 ], [ -93.374344033509814, 41.959112719814314 ], [ -93.374321406800703, 41.959939189729184 ], [ -93.374237001312395, 41.960010097500103 ], [ -93.374091928499396, 41.960086735945801 ], [ -93.373748677613506, 41.960197796550702 ], [ -93.373351784334403, 41.960280937426802 ], [ -93.373138658019798, 41.960292698355197 ], [ -93.373016472583103, 41.960277692985898 ], [ -93.372825457750494, 41.960186169653397 ], [ -93.372711152593396, 41.9600908413694 ], [ -93.372657696946604, 41.9599609809583 ] ] ], [ [ [ -93.372688539607097, 41.963214914067301 ], [ -93.372466319805298, 41.963371358954802 ], [ -93.372291509365894, 41.9633982065194 ], [ -93.372252612900297, 41.963398309239899 ], [ -93.371947498190295, 41.963302673925199 ], [ -93.371558519287802, 41.963207119334101 ], [ -93.371467357731703, 41.963142665567403 ], [ -93.3713835070145, 41.963013079696097 ], [ -93.371359899317596, 41.962832853189802 ], [ -93.371444569795699, 41.962585078798803 ], [ -93.371909680061904, 41.962013278570097 ], [ -93.3722147652134, 41.961753893282399 ], [ -93.372329813266703, 41.961635509876501 ], [ -93.372398864403849, 41.961369630904564 ], [ -93.37274476617408, 41.96134429460762 ], [ -93.37295054536385, 41.961459309239423 ], [ -93.372997655488192, 41.961653610388879 ], [ -93.372983197222823, 41.961802358399098 ], [ -93.373014904209498, 41.961985271762934 ], [ -93.37301503748742, 41.962008148669369 ], [ -93.372984865042312, 41.962088315728643 ], [ -93.372979515149765, 41.962178544724701 ], [ -93.372988801097804, 41.962763175508563 ], [ -93.372972912138565, 41.963133686970302 ], [ -93.372969875099102, 41.963134789222401 ], [ -93.372818173785106, 41.9631612133605 ], [ -93.372688539607097, 41.963214914067301 ] ] ] ] } },
{ "type": "Feature", "properties": { "mukey": "411315", "musym": "388", "muname": "Kossuth silty clay loam, 0 to 2 percent slopes" }, "geometry": { "type": "MultiPolygon", "coordinates": [ [ [ [ -93.649817849632697, 42.177776224018402 ], [ -93.649772041051605, 42.177688633909803 ], [ -93.6497189959765, 42.177634900414297 ], [ -93.649670518071119, 42.177624153052534 ], [ -93.64966733859562, 42.177313544070287 ], [ -93.649733826770401, 42.1773757878304 ], [ -93.650016323138601, 42.177566059479901 ], [ -93.650229687470002, 42.177601235906899 ], [ -93.650336401735899, 42.1775817061488 ], [ -93.650397423504899, 42.177543458873302 ], [ -93.650436248563395, 42.177440410629899 ], [ -93.650481878340102, 42.177207795038498 ], [ -93.650527182535598, 42.177165684878098 ], [ -93.650619246546597, 42.177146783528499 ], [ -93.650779320093093, 42.1772078247946 ], [ -93.650894163606097, 42.177344965450096 ], [ -93.651000603127201, 42.177405927921598 ], [ -93.651367395001401, 42.177482345489103 ], [ -93.651473564125993, 42.177551352442201 ], [ -93.651580587916897, 42.177703555829801 ], [ -93.651657368001494, 42.177776501771703 ], [ -93.651885216756398, 42.177852187002799 ], [ -93.651961561815696, 42.177901869967201 ], [ -93.651984663232298, 42.177939854466302 ], [ -93.651976765329294, 42.177993376453202 ], [ -93.651870829334698, 42.178134562802498 ], [ -93.651847572945897, 42.178245943616403 ], [ -93.651855422506401, 42.178302434420999 ], [ -93.651969489233906, 42.178390367035497 ], [ -93.652145211955101, 42.178348832048897 ], [ -93.652588078172002, 42.178084956925197 ], [ -93.652686745996405, 42.178050968643703 ], [ -93.652724543338707, 42.178050759340401 ], [ -93.652792993149404, 42.178081515888401 ], [ -93.652839001999496, 42.178127070796101 ], [ -93.652862660161702, 42.178184742466698 ], [ -93.652847255710299, 42.178352614213701 ], [ -93.652671411647503, 42.178470173660699 ], [ -93.652488860708402, 42.178497274863503 ], [ -93.652411880859404, 42.178538811554901 ], [ -93.652327635371805, 42.178615098883903 ], [ -93.6522749435577, 42.178767983966701 ], [ -93.652236122286595, 42.178798584885101 ], [ -93.652060834032596, 42.178863382855297 ], [ -93.651405623096494, 42.178844346305198 ], [ -93.651337019827395, 42.178890506415698 ], [ -93.651313283245699, 42.178943741178401 ], [ -93.651359335510904, 42.179024179878297 ], [ -93.651496580918305, 42.179111638927701 ], [ -93.651855050896401, 42.1791458663889 ], [ -93.652228610383006, 42.179057830736902 ], [ -93.652526619148702, 42.178932647700897 ], [ -93.652678878251507, 42.178936302066901 ], [ -93.652747720180301, 42.178955438294999 ], [ -93.652816004754001, 42.179027335209703 ], [ -93.652808302388394, 42.179111271163897 ], [ -93.652747716347406, 42.179172782493197 ], [ -93.652488693190193, 42.179298672801202 ], [ -93.652359294566494, 42.179340153712097 ], [ -93.652068366904302, 42.179508397079601 ], [ -93.651969576284699, 42.179545960454099 ], [ -93.6518552763348, 42.1796458520557 ], [ -93.651855860160296, 42.179737093660997 ], [ -93.651939396798994, 42.179790484803704 ], [ -93.652030952071499, 42.179786778279897 ], [ -93.652259517928499, 42.179732784758102 ], [ -93.652365889542907, 42.179687308787699 ], [ -93.652908498658803, 42.179538831629898 ], [ -93.653113763515805, 42.179561334561498 ], [ -93.653228150242199, 42.179603656448101 ], [ -93.653327992081003, 42.179679702680801 ], [ -93.653351094180294, 42.179790135147897 ], [ -93.6533504315437, 42.179882248562102 ], [ -93.653243787162396, 42.180153114701703 ], [ -93.653229090745, 42.180263756710602 ], [ -93.653290186003304, 42.180476841888598 ], [ -93.653113795644899, 42.180610492034198 ], [ -93.653037566200595, 42.180629682277498 ], [ -93.652801177502397, 42.180626292441701 ], [ -93.652702114803404, 42.180671901320899 ], [ -93.652697874448009, 42.180677757262835 ], [ -93.650435745268368, 42.180666210382675 ], [ -93.650367140146201, 42.180575892385797 ], [ -93.650245684559394, 42.180526284274102 ], [ -93.649993698989206, 42.180515450923501 ], [ -93.649749686545704, 42.1804850844713 ], [ -93.64969964039804, 42.18046911044037 ], [ -93.649692066255653, 42.179729202665932 ], [ -93.649756876879493, 42.179729427776699 ], [ -93.649879432776999, 42.1797101857819 ], [ -93.650192098569804, 42.179584379454603 ], [ -93.650359805519301, 42.1795999443138 ], [ -93.650619090807794, 42.179755805798898 ], [ -93.650870769281795, 42.179848024812401 ], [ -93.651168799389595, 42.180084191608898 ], [ -93.651390218497596, 42.180133822933897 ], [ -93.652084655041605, 42.180110638287402 ], [ -93.652190395136799, 42.1800839338418 ], [ -93.652259946409004, 42.180045840184803 ], [ -93.652259556837706, 42.179985012424801 ], [ -93.652183209285099, 42.179935329507899 ], [ -93.6516800525213, 42.179961983362404 ], [ -93.651541901806297, 42.179901340693803 ], [ -93.651504842533399, 42.179843425622998 ], [ -93.651542884288006, 42.179763617524898 ], [ -93.651626666502594, 42.179664961611202 ], [ -93.651634203517702, 42.179622166043004 ], [ -93.651580812974302, 42.179470040589898 ], [ -93.651459046174907, 42.1793211472352 ], [ -93.651398026112602, 42.179286947005799 ], [ -93.651290950928399, 42.179244756097503 ], [ -93.651168322402896, 42.179230010063399 ], [ -93.650795108720502, 42.179271539068999 ], [ -93.650695855942104, 42.179214284399201 ], [ -93.650665642430994, 42.179134132773399 ], [ -93.650665060168194, 42.1790428912309 ], [ -93.650764275838895, 42.178920366571397 ], [ -93.650786841361594, 42.178829544974697 ], [ -93.650725781941802, 42.178688013205701 ], [ -93.650710272107602, 42.1784247721328 ], [ -93.650664776560802, 42.178364020593001 ], [ -93.650482379383206, 42.178314201592002 ], [ -93.650368113199903, 42.178340749850399 ], [ -93.650131091650294, 42.178501022522603 ], [ -93.650009364530305, 42.178531907198099 ], [ -93.649696277267296, 42.178489554039402 ], [ -93.649679322831616, 42.178484306778408 ], [ -93.649674081206612, 42.177972242506016 ], [ -93.649757016644998, 42.177917332793101 ], [ -93.649817849632697, 42.177776224018402 ] ] ], [ [ [ -93.650161917193003, 42.178924643038698 ], [ -93.650115195460302, 42.179008765270403 ], [ -93.649986351350506, 42.1790699311466 ], [ -93.64968633584138, 42.179169406210072 ], [ -93.649682196137533, 42.178765004113671 ], [ -93.649817565274006, 42.178760975998401 ], [ -93.650016464099807, 42.1787914181349 ], [ -93.650161917193003, 42.178924643038698 ] ] ], [ [ [ -93.654010342826339, 42.180684456665865 ], [ -93.653997970760898, 42.180684393513523 ], [ -93.653999095075704, 42.180675725885401 ], [ -93.654010034062736, 42.180676037185741 ], [ -93.654010342826339, 42.180684456665865 ] ] ] ] } },
{ "type": "Feature", "properties": { "mukey": "411317", "musym": "41B", "muname": "Sparta loamy fine sand, 2 to 5 percent slopes" }, "geometry": { "type": "Polygon", "coordinates": [ [ [ -93.555503477891094, 42.179546240793599 ], [ -93.555243900292794, 42.179439373918498 ], [ -93.554847933360705, 42.179363025771003 ], [ -93.554702813773005, 42.179260107809398 ], [ -93.554648873349294, 42.179199161478699 ], [ -93.554641259224496, 42.179138195489102 ], [ -93.554686851119897, 42.179020095338103 ], [ -93.554908766564907, 42.1787756301851 ], [ -93.555267342434007, 42.178562366985901 ], [ -93.555311288624097, 42.178548722381208 ], [ -93.555524232395712, 42.178543871409396 ], [ -93.555524753462549, 42.17956886945629 ], [ -93.555503477891094, 42.179546240793599 ] ] ] } },
{ "type": "Feature", "properties": { "mukey": "411320", "musym": "485", "muname": "Spillville loam, 0 to 2 percent slopes, occasionally flooded" }, "geometry": { "type": "MultiPolygon", "coordinates": [ [ [ [ -93.561331346675203, 41.964943408279552 ], [ -93.561356386116941, 41.964943265916148 ], [ -93.561338898318994, 41.964956267760861 ], [ -93.561331346675203, 41.964943408279552 ] ] ], [ [ [ -93.569237028760895, 41.968463716436702 ], [ -93.569121471186406, 41.968291640548301 ], [ -93.568969695895802, 41.968147497652097 ], [ -93.568283378683603, 41.967682103726801 ], [ -93.568122573556806, 41.967518117142099 ], [ -93.567946597037306, 41.967266211719398 ], [ -93.567787274108099, 41.966850084522399 ], [ -93.567641573793793, 41.966636305997 ], [ -93.567321682499099, 41.966259181980298 ], [ -93.567107937417205, 41.966045015315999 ], [ -93.566681139842302, 41.965701644223202 ], [ -93.566512123742598, 41.965599201773003 ], [ -93.566169298180498, 41.965427311723801 ], [ -93.565468020118303, 41.965148511767502 ], [ -93.565414516375895, 41.965114417229103 ], [ -93.565254318165103, 41.965072945795399 ], [ -93.564908986128344, 41.964923067373576 ], [ -93.567174336853171, 41.964910187572045 ], [ -93.567603961115907, 41.964910119319235 ], [ -93.567649081665394, 41.964988414433499 ], [ -93.567802559397407, 41.965118283215297 ], [ -93.567923988570996, 41.965191212917901 ], [ -93.568115114451601, 41.965252041886998 ], [ -93.568320657757099, 41.965282738869703 ], [ -93.568617881741005, 41.965263297473797 ], [ -93.568816596557795, 41.965175829208498 ], [ -93.569114399731006, 41.9649999106583 ], [ -93.569225794154576, 41.964909861664644 ], [ -93.569630818616758, 41.964909797319912 ], [ -93.569650273499292, 41.965726602467761 ], [ -93.569473412594903, 41.965789997428203 ], [ -93.569312255461895, 41.965880856359099 ], [ -93.569030678844797, 41.966114310642801 ], [ -93.568886065982198, 41.966323516566902 ], [ -93.568817440334001, 41.966514480299601 ], [ -93.568847610159693, 41.966835176446601 ], [ -93.568939136809306, 41.9672088921388 ], [ -93.569121751791599, 41.967479699572301 ], [ -93.5693662737485, 41.967647943230702 ], [ -93.569633094806093, 41.967804087108199 ], [ -93.569700139760485, 41.967820216693184 ], [ -93.569712429089762, 41.96833617906919 ], [ -93.569689740750292, 41.968827156674408 ], [ -93.569686281197605, 41.968826280722602 ], [ -93.569488630365498, 41.968708101489298 ], [ -93.569237028760895, 41.968463716436702 ] ] ], [ [ [ -93.6586150843426, 42.046557880506001 ], [ -93.658553777699893, 42.046390434892601 ], [ -93.658447329483295, 42.046226643013597 ], [ -93.6584389327206, 42.046150477531697 ], [ -93.658355571821403, 42.045951332794303 ], [ -93.658355100498994, 42.045856531116598 ], [ -93.658446629722704, 42.045848352001599 ], [ -93.658568995664396, 42.0458639824895 ], [ -93.658813175910296, 42.0459479953401 ], [ -93.659156043050103, 42.046173301632102 ], [ -93.65924644363902, 42.046271963895961 ], [ -93.659257709998386, 42.047132471720843 ], [ -93.659065299318897, 42.047283243053002 ], [ -93.658996268236194, 42.0472372792131 ], [ -93.658927107130907, 42.047050017363397 ], [ -93.6586150843426, 42.046557880506001 ] ] ] ] } },
{ "type": "Feature", "properties": { "mukey": "411327", "musym": "507", "muname": "Canisteo clay loam, 0 to 2 percent slopes" }, "geometry": { "type": "MultiPolygon", "coordinates": [ [ [ [ -93.554794419585306, 42.1016161487426 ], [ -93.554564588859094, 42.1017459583272 ], [ -93.5543215010008, 42.101837059450197 ], [ -93.5540390103167, 42.101871070484599 ], [ -93.553862679829194, 42.1018641590152 ], [ -93.5535965205205, 42.101814408069103 ], [ -93.553374912917107, 42.1018137945848 ], [ -93.553229314134697, 42.101833399889102 ], [ -93.552932819433806, 42.102023656666802 ], [ -93.552664950823797, 42.102126807064899 ], [ -93.552581623413104, 42.102211089271201 ], [ -93.552490290059097, 42.1022111500832 ], [ -93.552275831853606, 42.102180261742497 ], [ -93.552192866161903, 42.102150072408897 ], [ -93.551940838141405, 42.101940494909499 ], [ -93.551780772868995, 42.101886487296802 ], [ -93.551581684035, 42.101764663905399 ], [ -93.551482189994204, 42.101684971486797 ], [ -93.551452274625305, 42.101635215468598 ], [ -93.551430043398099, 42.101539992525403 ], [ -93.551467780540193, 42.1014709467103 ], [ -93.551550995991605, 42.1014939863528 ], [ -93.551704467767806, 42.101597059259198 ], [ -93.5518180126668, 42.101623355798999 ], [ -93.552199978267694, 42.101600175469798 ], [ -93.552490152157802, 42.101520701478599 ], [ -93.552688004694502, 42.101573634329199 ], [ -93.552726162861902, 42.101596715181302 ], [ -93.552954971921395, 42.101635029117901 ], [ -93.554145763358406, 42.101604780970398 ], [ -93.5543281246823, 42.101543834767 ], [ -93.554434879409499, 42.101485930852697 ], [ -93.554465714514805, 42.101440007084598 ], [ -93.554486340863079, 42.101433113579098 ], [ -93.554893569954444, 42.101433348147452 ], [ -93.554878276010896, 42.101516671129197 ], [ -93.554794419585306, 42.1016161487426 ] ] ], [ [ [ -93.552825693103898, 42.1823426892295 ], [ -93.553123266695493, 42.182235611558703 ], [ -93.553176779491096, 42.182239305980303 ], [ -93.553183984792796, 42.182311892408997 ], [ -93.553116170308598, 42.182472506239201 ], [ -93.553115788453596, 42.182518115888399 ], [ -93.553015842090204, 42.182586888854999 ], [ -93.552779931819799, 42.182708548344998 ], [ -93.552635005686795, 42.182738904215199 ], [ -93.552520669306205, 42.1827313767456 ], [ -93.552230700117903, 42.1825523732862 ], [ -93.551841386025501, 42.182216751617801 ], [ -93.5516351658178, 42.182083158014997 ], [ -93.551383755250995, 42.182056043429597 ], [ -93.551224071665303, 42.182159463416099 ], [ -93.551147730757293, 42.182285031547103 ], [ -93.5509254897771, 42.182468663102 ], [ -93.550712574309003, 42.1825603424627 ], [ -93.550681252037336, 42.18255668709768 ], [ -93.550686339686365, 42.181174845703282 ], [ -93.550712465569305, 42.181140851138501 ], [ -93.550758448817902, 42.180977142519701 ], [ -93.550712636975504, 42.180893092489498 ], [ -93.550687427289461, 42.180879445022832 ], [ -93.550687906393904, 42.180749316874348 ], [ -93.549906896627647, 42.180753049217223 ], [ -93.549826939741607, 42.180633048376698 ], [ -93.5498126621616, 42.180484300044398 ], [ -93.549949398536597, 42.180305314379602 ], [ -93.549972528723899, 42.180236879596102 ], [ -93.550193690265303, 42.180118524434803 ], [ -93.550300010076995, 42.180041824418701 ], [ -93.550430520529503, 42.179901181791003 ], [ -93.550521636705, 42.179771421724702 ], [ -93.550804232458304, 42.179535266379801 ], [ -93.550895415877207, 42.179542357565602 ], [ -93.551048054089506, 42.179500521925497 ], [ -93.551239168735407, 42.179508608188698 ], [ -93.551361261757094, 42.179607516969298 ], [ -93.551399148636307, 42.179813061403998 ], [ -93.5514521447965, 42.179900824699999 ], [ -93.551642488902402, 42.180035012649697 ], [ -93.551711869227503, 42.180038113249303 ], [ -93.551811399136994, 42.180015844862503 ], [ -93.5519101696635, 42.180049912134898 ], [ -93.552283497472402, 42.180076646884899 ], [ -93.552245744206004, 42.1801796890161 ], [ -93.552230761975807, 42.180293894918101 ], [ -93.552314091666602, 42.1803858090231 ], [ -93.552329704221805, 42.180427248640399 ], [ -93.552230827234496, 42.180465629819103 ], [ -93.5519786061259, 42.180461756620602 ], [ -93.551749683834004, 42.1804887345833 ], [ -93.551467426035501, 42.180576420525199 ], [ -93.551414498779593, 42.180625508801498 ], [ -93.551444749637398, 42.180736097724299 ], [ -93.551810723139795, 42.181041762162899 ], [ -93.551826712250701, 42.181072475631403 ], [ -93.551849422347303, 42.181258949962498 ], [ -93.551750099676198, 42.1815182509336 ], [ -93.551772607988994, 42.181606332319397 ], [ -93.551825863106302, 42.181652061475802 ], [ -93.551902831600202, 42.181682138829899 ], [ -93.5521849875567, 42.181666900074099 ], [ -93.552199884197705, 42.181694015074399 ], [ -93.552123604718602, 42.1820262022962 ], [ -93.552207264228898, 42.182212934371101 ], [ -93.552284102204695, 42.182281470312901 ], [ -93.552482052578995, 42.182372867514701 ], [ -93.552520913965296, 42.182377179753303 ], [ -93.552825693103898, 42.1823426892295 ] ] ], [ [ [ -93.550888166485805, 42.185127158011397 ], [ -93.550826380612406, 42.185081266982898 ], [ -93.550727195180897, 42.1850588188221 ], [ -93.550672050776114, 42.185055814604873 ], [ -93.550678525751309, 42.183297165628865 ], [ -93.550681695372901, 42.1833003625432 ], [ -93.5507199408123, 42.183426308851402 ], [ -93.550697179315705, 42.183692424494801 ], [ -93.550765884148205, 42.183818946911302 ], [ -93.550895143674495, 42.1838875807493 ], [ -93.551002171571099, 42.183894971426398 ], [ -93.551147509047894, 42.183852997205001 ], [ -93.551231212101499, 42.183795546218903 ], [ -93.551292394094006, 42.183719780354302 ], [ -93.551429334260504, 42.183639185707698 ], [ -93.551460075921796, 42.183631716888897 ], [ -93.551604898045696, 42.183673810734497 ], [ -93.551635018865397, 42.183822858897301 ], [ -93.551650714873801, 42.184104907480901 ], [ -93.551681626923695, 42.184196725828201 ], [ -93.551711265122705, 42.184428948858901 ], [ -93.551803606050399, 42.1846462571704 ], [ -93.551353415449995, 42.185245078555099 ], [ -93.551132295842294, 42.185570055946002 ], [ -93.55107866134, 42.185535052582402 ], [ -93.550995233498497, 42.185272294991996 ], [ -93.550888166485805, 42.185127158011397 ] ] ] ] } },
{ "type": "Feature", "properties": { "mukey": "411328", "musym": "52B", "muname": "Bode clay loam, 2 to 6 percent slopes" }, "geometry": { "type": "MultiPolygon", "coordinates": [ [ [ [ -93.649772041051605, 42.177688633909803 ], [ -93.649817849632697, 42.177776224018402 ], [ -93.649757016644998, 42.177917332793101 ], [ -93.649674081206612, 42.177972242506016 ], [ -93.649670518071119, 42.177624153052534 ], [ -93.6497189959765, 42.177634900414297 ], [ -93.649772041051605, 42.177688633909803 ] ] ], [ [ [ -93.649787845018196, 42.176749780257602 ], [ -93.6498788066814, 42.176799729705102 ], [ -93.650032201885296, 42.1768418678949 ], [ -93.650100847184603, 42.176830591716197 ], [ -93.6501465430553, 42.1767768613703 ], [ -93.650199633636902, 42.176539909351398 ], [ -93.650252822024726, 42.17645639416822 ], [ -93.650484085333318, 42.17660822033816 ], [ -93.65118073899302, 42.176885759964883 ], [ -93.651781070530092, 42.177094226747116 ], [ -93.651763470534604, 42.177123710889397 ], [ -93.651763980095097, 42.177180962943297 ], [ -93.651801818741305, 42.1772880849527 ], [ -93.651877845898298, 42.177383377557 ], [ -93.6520388222566, 42.1774900490066 ], [ -93.652290451904904, 42.177474933920699 ], [ -93.652427185322495, 42.177505139737299 ], [ -93.652503725273206, 42.177585236148303 ], [ -93.652609892837404, 42.177799138070803 ], [ -93.652679319860894, 42.177837067744498 ], [ -93.652770210398899, 42.177853025934098 ], [ -93.652882013301948, 42.17780841542293 ], [ -93.653380120649842, 42.178425792247445 ], [ -93.653434325965407, 42.178585069632398 ], [ -93.653434760841094, 42.178753228520797 ], [ -93.653472676817202, 42.179039235701701 ], [ -93.653533501880503, 42.1791154691686 ], [ -93.653648624045104, 42.179389459002003 ], [ -93.653816526426098, 42.179580329449003 ], [ -93.653869184940802, 42.179718129908203 ], [ -93.653868869007098, 42.179763739673099 ], [ -93.653716607764196, 42.179832534833999 ], [ -93.653640183598498, 42.179893759679601 ], [ -93.653602776002202, 42.179954796999603 ], [ -93.653556644222206, 42.180057714063302 ], [ -93.653541751618107, 42.180355286728002 ], [ -93.653517895867694, 42.180412097499101 ], [ -93.653419390310304, 42.180477394285397 ], [ -93.653343431911196, 42.180488539811897 ], [ -93.653290186003304, 42.180476841888598 ], [ -93.653229090745, 42.180263756710602 ], [ -93.653243787162396, 42.180153114701703 ], [ -93.6533504315437, 42.179882248562102 ], [ -93.653351094180294, 42.179790135147897 ], [ -93.653327992081003, 42.179679702680801 ], [ -93.653228150242199, 42.179603656448101 ], [ -93.653113763515805, 42.179561334561498 ], [ -93.652908498658803, 42.179538831629898 ], [ -93.652365889542907, 42.179687308787699 ], [ -93.652259517928499, 42.179732784758102 ], [ -93.652030952071499, 42.179786778279897 ], [ -93.651939396798994, 42.179790484803704 ], [ -93.651855860160296, 42.179737093660997 ], [ -93.6518552763348, 42.1796458520557 ], [ -93.651969576284699, 42.179545960454099 ], [ -93.652068366904302, 42.179508397079601 ], [ -93.652359294566494, 42.179340153712097 ], [ -93.652488693190193, 42.179298672801202 ], [ -93.652747716347406, 42.179172782493197 ], [ -93.652808302388394, 42.179111271163897 ], [ -93.652816004754001, 42.179027335209703 ], [ -93.652747720180301, 42.178955438294999 ], [ -93.652678878251507, 42.178936302066901 ], [ -93.652526619148702, 42.178932647700897 ], [ -93.652228610383006, 42.179057830736902 ], [ -93.651855050896401, 42.1791458663889 ], [ -93.651496580918305, 42.179111638927701 ], [ -93.651359335510904, 42.179024179878297 ], [ -93.651313283245699, 42.178943741178401 ], [ -93.651337019827395, 42.178890506415698 ], [ -93.651405623096494, 42.178844346305198 ], [ -93.652060834032596, 42.178863382855297 ], [ -93.652236122286595, 42.178798584885101 ], [ -93.6522749435577, 42.178767983966701 ], [ -93.652327635371805, 42.178615098883903 ], [ -93.652411880859404, 42.178538811554901 ], [ -93.652488860708402, 42.178497274863503 ], [ -93.652671411647503, 42.178470173660699 ], [ -93.652847255710299, 42.178352614213701 ], [ -93.652862660161702, 42.178184742466698 ], [ -93.652839001999496, 42.178127070796101 ], [ -93.652792993149404, 42.178081515888401 ], [ -93.652724543338707, 42.178050759340401 ], [ -93.652686745996405, 42.178050968643703 ], [ -93.652588078172002, 42.178084956925197 ], [ -93.652145211955101, 42.178348832048897 ], [ -93.651969489233906, 42.178390367035497 ], [ -93.651855422506401, 42.178302434420999 ], [ -93.651847572945897, 42.178245943616403 ], [ -93.651870829334698, 42.178134562802498 ], [ -93.651976765329294, 42.177993376453202 ], [ -93.651984663232298, 42.177939854466302 ], [ -93.651961561815696, 42.177901869967201 ], [ -93.651885216756398, 42.177852187002799 ], [ -93.651657368001494, 42.177776501771703 ], [ -93.651580587916897, 42.177703555829801 ], [ -93.651473564125993, 42.177551352442201 ], [ -93.651367395001401, 42.177482345489103 ], [ -93.651000603127201, 42.177405927921598 ], [ -93.650894163606097, 42.177344965450096 ], [ -93.650779320093093, 42.1772078247946 ], [ -93.650619246546597, 42.177146783528499 ], [ -93.650527182535598, 42.177165684878098 ], [ -93.650481878340102, 42.177207795038498 ], [ -93.650436248563395, 42.177440410629899 ], [ -93.650397423504899, 42.177543458873302 ], [ -93.650336401735899, 42.1775817061488 ], [ -93.650229687470002, 42.177601235906899 ], [ -93.650016323138601, 42.177566059479901 ], [ -93.649733826770401, 42.1773757878304 ], [ -93.64966733859562, 42.177313544070287 ], [ -93.649665276886623, 42.177112131814681 ], [ -93.649685400857464, 42.176509497076097 ], [ -93.649710926207902, 42.1765364069688 ], [ -93.649787845018196, 42.176749780257602 ] ] ] ] } },
{ "type": "Feature", "properties": { "mukey": "411329", "musym": "536", "muname": "Hanlon fine sandy loam, 0 to 2 percent slopes" }, "geometry": { "type": "MultiPolygon", "coordinates": [ [ [ [ -93.5693662737485, 41.967647943230702 ], [ -93.569121751791599, 41.967479699572301 ], [ -93.568939136809306, 41.9672088921388 ], [ -93.568847610159693, 41.966835176446601 ], [ -93.568817440334001, 41.966514480299601 ], [ -93.568886065982198, 41.966323516566902 ], [ -93.569030678844797, 41.966114310642801 ], [ -93.569312255461895, 41.965880856359099 ], [ -93.569473412594903, 41.965789997428203 ], [ -93.569650273499292, 41.965726602467761 ], [ -93.569700139760485, 41.967820216693184 ], [ -93.569633094806093, 41.967804087108199 ], [ -93.5693662737485, 41.967647943230702 ] ] ], [ [ [ -93.654828564859216, 42.042361770542136 ], [ -93.654793012582772, 42.041834101856551 ], [ -93.65483331787452, 42.041834006200332 ], [ -93.654853380889193, 42.041869876338303 ], [ -93.654967498705801, 42.041949748210001 ], [ -93.655174567355203, 42.0420152091937 ], [ -93.655318722516, 42.042033920875397 ], [ -93.655631469913899, 42.041995773870099 ], [ -93.655906957244397, 42.041907765541502 ], [ -93.656054567908527, 42.041831107817565 ], [ -93.657006536657988, 42.041828848517881 ], [ -93.657142697125806, 42.0419194368761 ], [ -93.657257330717499, 42.042056549377001 ], [ -93.657569308932807, 42.042258942682302 ], [ -93.657912787460603, 42.042537919045799 ], [ -93.658004950143606, 42.042655844107401 ], [ -93.658023698003049, 42.042698449387714 ], [ -93.658025419876878, 42.042865327414532 ], [ -93.658025926833645, 42.042914535847871 ], [ -93.658027934178619, 42.043109056200365 ], [ -93.657936440841496, 42.043247505134197 ], [ -93.657714199743296, 42.043380302119402 ], [ -93.657417061572502, 42.043460767990297 ], [ -93.657287454506701, 42.043552317859501 ], [ -93.657265031078495, 42.043640444484701 ], [ -93.657318210260797, 42.043796117425103 ], [ -93.657440189805499, 42.043968239781499 ], [ -93.657668886530502, 42.044368546901602 ], [ -93.658256733161096, 42.0457420706473 ], [ -93.658294583248903, 42.045810721163697 ], [ -93.658355100498994, 42.045856531116598 ], [ -93.658355571821403, 42.045951332794303 ], [ -93.6584389327206, 42.046150477531697 ], [ -93.658447329483295, 42.046226643013597 ], [ -93.658553777699893, 42.046390434892601 ], [ -93.6586150843426, 42.046557880506001 ], [ -93.658927107130907, 42.047050017363397 ], [ -93.658996268236194, 42.0472372792131 ], [ -93.659065299318897, 42.047283243053002 ], [ -93.659034271169304, 42.047736973634997 ], [ -93.659065597044901, 42.0480728947106 ], [ -93.659034158076395, 42.048248498016697 ], [ -93.658995812212297, 42.048412350676699 ], [ -93.658950156382986, 42.048526476222747 ], [ -93.658936216817011, 42.04852468874369 ], [ -93.658736607366606, 42.048514396360105 ], [ -93.65842804221765, 42.048356031242037 ], [ -93.658102232792388, 42.048014741610167 ], [ -93.657696774749482, 42.047387959952403 ], [ -93.657186147137949, 42.04623561670509 ], [ -93.656917150996009, 42.045447914569124 ], [ -93.656536039976373, 42.04420332035361 ], [ -93.656253953162647, 42.043633018519557 ], [ -93.655740648541624, 42.042961083607494 ], [ -93.655256262810894, 42.042647742253884 ], [ -93.655242655391902, 42.042632597531501 ], [ -93.654828564859216, 42.042361770542136 ] ] ] ] } },
{ "type": "Feature", "properties": { "mukey": "411330", "musym": "54", "muname": "Zook silty clay loam, 0 to 2 percent slopes, occasionally flooded" }, "geometry": { "type": "Polygon", "coordinates": [ [ [ -93.568649254739697, 41.969917376510402 ], [ -93.568519526961396, 41.969768282646903 ], [ -93.568397458301007, 41.969573727870198 ], [ -93.568205936278105, 41.9693492502957 ], [ -93.568016225052503, 41.969177565289101 ], [ -93.567702807231797, 41.9689633104555 ], [ -93.567436425069602, 41.968864400431102 ], [ -93.567191939701601, 41.968799882538399 ], [ -93.566413800752699, 41.968772702332899 ], [ -93.565962955193996, 41.968700716338802 ], [ -93.565596914418194, 41.968566838117098 ], [ -93.565345110613194, 41.968398449750602 ], [ -93.565239155864703, 41.968265002514897 ], [ -93.565215733653602, 41.968169774106002 ], [ -93.565284403384297, 41.9680476670896 ], [ -93.565528938774605, 41.967796531710299 ], [ -93.565596764625496, 41.967593929382097 ], [ -93.565467447218197, 41.967223969468797 ], [ -93.565299578541399, 41.966983837962601 ], [ -93.565277278639996, 41.966926187841203 ], [ -93.565085930168806, 41.966732112543603 ], [ -93.564758299226298, 41.966472872128698 ], [ -93.5646663328682, 41.9664264271401 ], [ -93.5643302976341, 41.966338716154802 ], [ -93.563895352713701, 41.966159717098698 ], [ -93.563582770629907, 41.965991967382898 ], [ -93.563438610485306, 41.965873893921199 ], [ -93.563247301147001, 41.965678922511799 ], [ -93.563133506725606, 41.9655265474129 ], [ -93.562873470270603, 41.965106725382597 ], [ -93.562783957004726, 41.964935149367349 ], [ -93.564908986128344, 41.964923067373576 ], [ -93.565254318165103, 41.965072945795399 ], [ -93.565414516375895, 41.965114417229103 ], [ -93.565468020118303, 41.965148511767502 ], [ -93.566169298180498, 41.965427311723801 ], [ -93.566512123742598, 41.965599201773003 ], [ -93.566681139842302, 41.965701644223202 ], [ -93.567107937417205, 41.966045015315999 ], [ -93.567321682499099, 41.966259181980298 ], [ -93.567641573793793, 41.966636305997 ], [ -93.567787274108099, 41.966850084522399 ], [ -93.567946597037306, 41.967266211719398 ], [ -93.568122573556806, 41.967518117142099 ], [ -93.568283378683603, 41.967682103726801 ], [ -93.568969695895802, 41.968147497652097 ], [ -93.569121471186406, 41.968291640548301 ], [ -93.569237028760895, 41.968463716436702 ], [ -93.569488630365498, 41.968708101489298 ], [ -93.569686281197605, 41.968826280722602 ], [ -93.569689740750292, 41.968827156674408 ], [ -93.569624159233669, 41.970246346299071 ], [ -93.568801248662197, 41.970193037959113 ], [ -93.568649254739697, 41.969917376510402 ] ] ] } },
{ "type": "Feature", "properties": { "mukey": "411332", "musym": "559", "muname": "Talcot clay loam, 32 to 40 inches to sand and gravel, 0 to 2 percent slopes" }, "geometry": { "type": "MultiPolygon", "coordinates": [ [ [ [ -93.4607978020979, 42.173848992481965 ], [ -93.460791852235104, 42.173850706274997 ], [ -93.460775326995318, 42.173849165557456 ], [ -93.4607978020979, 42.173848992481965 ] ] ], [ [ [ -93.4564666654653, 42.179732799573301 ], [ -93.4563514408662, 42.179683129451398 ], [ -93.456268336408797, 42.179588472252803 ], [ -93.456206953712893, 42.179466513169601 ], [ -93.456207035274801, 42.179130194530401 ], [ -93.456237162074999, 42.1789393700899 ], [ -93.456405664164905, 42.178531224674103 ], [ -93.456428645745603, 42.178435968035899 ], [ -93.456465801072895, 42.178386607657302 ], [ -93.456535073459307, 42.178192079901599 ], [ -93.456595722179799, 42.178100246518099 ], [ -93.456664940329006, 42.177940601925897 ], [ -93.456749000367097, 42.177574627000503 ], [ -93.456794390914695, 42.177165852834797 ], [ -93.456778998919802, 42.177119932761997 ], [ -93.456779783427905, 42.176730855479803 ], [ -93.456764391538698, 42.176684935429897 ], [ -93.456778720921406, 42.176425821852803 ], [ -93.456733195320894, 42.176170005114002 ], [ -93.456649798779594, 42.1759832128688 ], [ -93.456611214983795, 42.175804456523501 ], [ -93.456458739071607, 42.175506288238097 ], [ -93.456267600712494, 42.175365680538597 ], [ -93.456206919697706, 42.175358227234398 ], [ -93.4560921606096, 42.175396223660002 ], [ -93.456023279819206, 42.175479844557501 ], [ -93.455939445590602, 42.175739381199897 ], [ -93.455886694382698, 42.175815268779203 ], [ -93.455794646844495, 42.176032604219401 ], [ -93.455779104872903, 42.176124428774898 ], [ -93.455725929112702, 42.176211936042897 ], [ -93.455627311312995, 42.176475654614102 ], [ -93.455588416957099, 42.176639472088198 ], [ -93.455497291985907, 42.176864875902098 ], [ -93.455420959690002, 42.177219373593097 ], [ -93.455276188606405, 42.177611883058198 ], [ -93.455208066064202, 42.1777080412553 ], [ -93.455107899558101, 42.177780313535003 ], [ -93.4549942453787, 42.177787919015401 ], [ -93.454879557964006, 42.177757041991903 ], [ -93.454764783922002, 42.177661761516703 ], [ -93.454680890072297, 42.1775554598577 ], [ -93.454429798490693, 42.177120285518498 ], [ -93.454399148213597, 42.1770248695167 ], [ -93.454261329077696, 42.176826271962099 ], [ -93.454215527909795, 42.176711774290801 ], [ -93.454192927656806, 42.1765628485674 ], [ -93.454154250587905, 42.176486953009103 ], [ -93.454162575664796, 42.176158847680803 ], [ -93.454185342769307, 42.176002763796703 ], [ -93.454261983101404, 42.175773498460501 ], [ -93.454925769778299, 42.174888504111898 ], [ -93.455261083184496, 42.174552514536501 ], [ -93.455375144747507, 42.1744000138603 ], [ -93.455428341147297, 42.1742785177481 ], [ -93.455482330828104, 42.174068485370903 ], [ -93.455465943389981, 42.173890051874587 ], [ -93.45918449267954, 42.17386141619918 ], [ -93.458938486698798, 42.174029914256003 ], [ -93.458892515064804, 42.174087152143798 ], [ -93.458748125224702, 42.174202387533001 ], [ -93.458190549685597, 42.174850662823999 ], [ -93.457953966695896, 42.175220798804503 ], [ -93.4579087105284, 42.175258372299901 ], [ -93.457686612571507, 42.175632370256103 ], [ -93.457526782771097, 42.176037108005197 ], [ -93.457473681360199, 42.176323188627201 ], [ -93.457504481452304, 42.176548304149399 ], [ -93.457656149174994, 42.176868817229803 ], [ -93.457793607341799, 42.177044147792401 ], [ -93.457847420607195, 42.177173112872403 ], [ -93.457877338190698, 42.177322181563099 ], [ -93.457862405783999, 42.177363928326798 ], [ -93.457908229646605, 42.177879146114201 ], [ -93.4579088367163, 42.178096513475197 ], [ -93.457862291038893, 42.1783031160954 ], [ -93.457740694732905, 42.178561913422499 ], [ -93.457519803601201, 42.178935936539197 ], [ -93.457366278176906, 42.179134177498597 ], [ -93.457252657768606, 42.179241071661302 ], [ -93.457182926846201, 42.179347933109497 ], [ -93.456932244008797, 42.17956931098 ], [ -93.456687355081002, 42.1796986719323 ], [ -93.456581247402497, 42.179733261167399 ], [ -93.4564666654653, 42.179732799573301 ] ] ], [ [ [ -93.460136316951306, 42.179664394170501 ], [ -93.460533146283097, 42.179279505338101 ], [ -93.460929135253295, 42.178783685170401 ], [ -93.460967404902604, 42.178569763493698 ], [ -93.461044378724793, 42.1783977461915 ], [ -93.461265639867605, 42.178012991379397 ], [ -93.461311389160798, 42.177894924317101 ], [ -93.461517145038698, 42.177601100872899 ], [ -93.462036324472294, 42.177036136378099 ], [ -93.462241962866798, 42.176711898113702 ], [ -93.462363321950605, 42.1765595341219 ], [ -93.462554201470994, 42.176372753806703 ], [ -93.462703914642049, 42.176268197422786 ], [ -93.462721485284234, 42.178543335665012 ], [ -93.462870718315898, 42.178645559655941 ], [ -93.461797798377034, 42.179204746881929 ], [ -93.460572580372215, 42.179885806323576 ], [ -93.459747133185175, 42.180280535850855 ], [ -93.459746982234805, 42.1802784130847 ], [ -93.459830996872896, 42.180080594565403 ], [ -93.460136316951306, 42.179664394170501 ] ] ], [ [ [ -93.452964266436595, 42.177692549753701 ], [ -93.452987899598497, 42.177779777976099 ], [ -93.452956389710195, 42.178108322442903 ], [ -93.4529028921486, 42.178237862549601 ], [ -93.452712696831995, 42.178505145321601 ], [ -93.4525826283691, 42.178795078015298 ], [ -93.452300876719505, 42.1793324780622 ], [ -93.452072004758094, 42.179657139992102 ], [ -93.452002797641399, 42.179782793053697 ], [ -93.451926728721304, 42.179862693091799 ], [ -93.451263463023395, 42.180797779866303 ], [ -93.451034162330203, 42.181033879574997 ], [ -93.45099712416399, 42.181096607328776 ], [ -93.450583380570336, 42.181098022886289 ], [ -93.450575982095032, 42.18004803183635 ], [ -93.450584124499002, 42.180038418472101 ], [ -93.450729167231202, 42.179806028034903 ], [ -93.450828283599094, 42.1795959896859 ], [ -93.450874108093103, 42.179443042851503 ], [ -93.450851139603998, 42.1793710330995 ], [ -93.450904986494706, 42.1792987465248 ], [ -93.450980898432505, 42.179123135761799 ], [ -93.451003281420697, 42.178977777779998 ], [ -93.450973428367405, 42.1788940044692 ], [ -93.451004178679796, 42.178886559539102 ], [ -93.451042294866099, 42.178844375278402 ], [ -93.451224993997002, 42.1783488575497 ], [ -93.451255796763405, 42.178173253464003 ], [ -93.4513167937086, 42.178005399443499 ], [ -93.4513542914911, 42.177513285462901 ], [ -93.4513392732066, 42.177257172074903 ], [ -93.451125994096202, 42.176555289613802 ], [ -93.451087982986294, 42.176494612120798 ], [ -93.4510641443635, 42.176246375578899 ], [ -93.451072561516995, 42.176082853885802 ], [ -93.451225146891105, 42.1757772664755 ], [ -93.4513621034598, 42.175632375262403 ], [ -93.451407503241597, 42.175624324162598 ], [ -93.451560727760807, 42.175968131366098 ], [ -93.451759349436699, 42.176170611713196 ], [ -93.451796936212702, 42.176242908690298 ], [ -93.452300452145593, 42.176608813914903 ], [ -93.452330776653795, 42.176612988403399 ], [ -93.452362142558201, 42.176688740714603 ], [ -93.452407125987705, 42.177059040590201 ], [ -93.4524452135107, 42.177151025567902 ], [ -93.452590794713899, 42.177337255376699 ], [ -93.452803934181304, 42.177509608026597 ], [ -93.452835379355093, 42.1775164878403 ], [ -93.452842241274595, 42.177562240665203 ], [ -93.452919237685705, 42.177623684514799 ], [ -93.452964266436595, 42.177692549753701 ] ] ] ] } },
{ "type": "Feature", "properties": { "mukey": "411333", "musym": "6", "muname": "Okoboji silty clay loam, 0 to 1 percent slopes" }, "geometry": { "type": "MultiPolygon", "coordinates": [ [ [ [ -93.660727637215999, 41.898910439781197 ], [ -93.660720871423507, 41.898967540886602 ], [ -93.660743377653404, 41.899020702100202 ], [ -93.660850268843305, 41.899055722515499 ], [ -93.660918677021598, 41.899115974719102 ], [ -93.660896543427199, 41.899196938527503 ], [ -93.660835411573899, 41.899245901067502 ], [ -93.660735658402302, 41.899287904522303 ], [ -93.660575244170104, 41.899292149047902 ], [ -93.660522408560894, 41.899310861729703 ], [ -93.660461126951802, 41.899364291999603 ], [ -93.6603776213191, 41.899501366731698 ], [ -93.660316141927396, 41.8995243932102 ], [ -93.660239634651404, 41.899524794091597 ], [ -93.660133609661202, 41.899463859326197 ], [ -93.660117398306696, 41.899440318159797 ], [ -93.660080168965393, 41.899246512648901 ], [ -93.660087639000096, 41.898841610994097 ], [ -93.660056710811403, 41.898749849708601 ], [ -93.6600256860862, 41.898406838619898 ], [ -93.660086954544099, 41.8982085607973 ], [ -93.660171553102799, 41.8980750827753 ], [ -93.660308866464504, 41.897926466489103 ], [ -93.660575160538599, 41.897769459372199 ], [ -93.660781088219295, 41.897674839837002 ], [ -93.661071932153803, 41.897655077228002 ], [ -93.661216586818298, 41.897686311291501 ], [ -93.661415356644497, 41.897769490902697 ], [ -93.661498373824202, 41.897864878202697 ], [ -93.661529691752406, 41.8979450225238 ], [ -93.661292868693906, 41.898128495309599 ], [ -93.661018335113397, 41.898132459971997 ], [ -93.660811735035196, 41.898101890874997 ], [ -93.660713387611906, 41.8981018960461 ], [ -93.660636254494904, 41.898121062319802 ], [ -93.660552863392894, 41.898182138751601 ], [ -93.660454021327595, 41.898342182383402 ], [ -93.660476844238602, 41.898422172983999 ], [ -93.660530074378997, 41.898464267731299 ], [ -93.660613741593494, 41.898467573002897 ], [ -93.660888310593293, 41.898353632951803 ], [ -93.661026145378599, 41.898334672825698 ], [ -93.661110129789094, 41.898364807150102 ], [ -93.661132763005398, 41.8984868178648 ], [ -93.661094227906602, 41.898586260865002 ], [ -93.660987082973605, 41.898704130760898 ], [ -93.660812164252306, 41.8988154071575 ], [ -93.660727637215999, 41.898910439781197 ] ] ], [ [ [ -93.668753783095497, 41.898860789038203 ], [ -93.668907226078005, 41.898628407993201 ], [ -93.66895336534354, 41.898525958656322 ], [ -93.668965382829441, 41.89942745069991 ], [ -93.668937851458494, 41.899422045407597 ], [ -93.668823086706794, 41.899368112984199 ], [ -93.668738643145801, 41.899242304597003 ], [ -93.668716740025204, 41.898952214046297 ], [ -93.668753783095497, 41.898860789038203 ] ] ], [ [ [ -93.667594439520997, 41.9704662376475 ], [ -93.667564003189298, 41.970649891819797 ], [ -93.667533568429704, 41.970687792479502 ], [ -93.667541138990998, 41.970752311152502 ], [ -93.6675712002165, 41.970798457949698 ], [ -93.667579492694799, 41.970950620664098 ], [ -93.667541113623201, 41.971008050132497 ], [ -93.667434852644504, 41.971096444566797 ], [ -93.667328100417393, 41.9711267074332 ], [ -93.667228316280401, 41.971130270252203 ], [ -93.667144778656194, 41.971084051590402 ], [ -93.667106477649497, 41.970920616414602 ], [ -93.667205675503695, 41.970752511433702 ], [ -93.667251567680097, 41.970615634550299 ], [ -93.667327737370201, 41.970481987138697 ], [ -93.667419148942699, 41.970146527335501 ], [ -93.667434808507096, 41.969932203853602 ], [ -93.6673739615767, 41.9694974214081 ], [ -93.667373933820997, 41.969352561743598 ], [ -93.667441891432603, 41.969100732808101 ], [ -93.667525748742705, 41.969028029451003 ], [ -93.667601862806706, 41.969005260945998 ], [ -93.667670941575807, 41.969047641347601 ], [ -93.667731360929807, 41.969130998158903 ], [ -93.667808464352305, 41.969333583793201 ], [ -93.667838888454796, 41.969623851521199 ], [ -93.667823222462403, 41.9698748367367 ], [ -93.667594439520997, 41.9704662376475 ] ] ], [ [ [ -93.664245653853797, 41.970584553432602 ], [ -93.664283479812397, 41.9707256260644 ], [ -93.664519938678893, 41.970923942584797 ], [ -93.664557993270805, 41.970985435986499 ], [ -93.664558015192895, 41.971130295926599 ], [ -93.664428820284201, 41.971213802269901 ], [ -93.664214525769196, 41.971225127996803 ], [ -93.664023887600507, 41.971183229559202 ], [ -93.663611886082407, 41.971000514551001 ], [ -93.663421637218804, 41.970946997727602 ], [ -93.663337365600697, 41.970886456167101 ], [ -93.663291874623596, 41.970829298816902 ], [ -93.663253931114994, 41.970691800494201 ], [ -93.663253045559998, 41.970572856593002 ], [ -93.663307249140502, 41.970405728778601 ], [ -93.663429424642601, 41.970314048892497 ], [ -93.663581847364497, 41.970226492897602 ], [ -93.663924456354593, 41.970085148686003 ], [ -93.664122637795899, 41.970046706265897 ], [ -93.664222301100594, 41.970046720465099 ], [ -93.664344615692698, 41.970096324903302 ], [ -93.664413773617696, 41.970172687913099 ], [ -93.664435797985305, 41.970241044952097 ], [ -93.664420495684297, 41.970298890819201 ], [ -93.664291312832404, 41.970454826860397 ], [ -93.664245653853797, 41.970584553432602 ] ] ], [ [ [ -93.5543281246823, 42.101543834767 ], [ -93.554145763358406, 42.101604780970398 ], [ -93.552954971921395, 42.101635029117901 ], [ -93.552726162861902, 42.101596715181302 ], [ -93.552688004694502, 42.101573634329199 ], [ -93.552490152157802, 42.101520701478599 ], [ -93.552448511393422, 42.101431939767309 ], [ -93.554460723093825, 42.101433098822987 ], [ -93.554465714514805, 42.101440007084598 ], [ -93.554434879409499, 42.101485930852697 ], [ -93.5543281246823, 42.101543834767 ] ] ], [ [ [ -93.555175660249105, 42.182601741762703 ], [ -93.555075795929099, 42.182529195061399 ], [ -93.555007890920194, 42.1824492016421 ], [ -93.554954811959405, 42.182224587591797 ], [ -93.554984289186706, 42.182079349184299 ], [ -93.554938502506502, 42.1817511170375 ], [ -93.554908751756699, 42.181591343767003 ], [ -93.554862405960094, 42.181487607332002 ], [ -93.554900765109807, 42.181262931034901 ], [ -93.554961945306403, 42.181152280348897 ], [ -93.5550463047189, 42.181041172827001 ], [ -93.555282303690703, 42.180881944583597 ], [ -93.555320384967303, 42.180873719015999 ], [ -93.555411821366107, 42.180873656200397 ], [ -93.555518715599803, 42.180919501849701 ], [ -93.555524285468948, 42.180923910171416 ], [ -93.555516986544319, 42.182633983177766 ], [ -93.555389050529698, 42.182670170301499 ], [ -93.555282431582, 42.182651163129897 ], [ -93.555175660249105, 42.182601741762703 ] ] ], [ [ [ -93.554275036390095, 42.183391528922797 ], [ -93.554291075599593, 42.183525104740497 ], [ -93.554275106687101, 42.183563264482302 ], [ -93.554275710140701, 42.183719804507199 ], [ -93.554290231690004, 42.183757645622002 ], [ -93.5542519946505, 42.183978747003898 ], [ -93.554183548931803, 42.184192122332902 ], [ -93.553840006963398, 42.184566669657599 ], [ -93.553824471738494, 42.184627198856298 ], [ -93.553833048205803, 42.184730222665998 ], [ -93.553772114030593, 42.184833722443997 ], [ -93.553611110035703, 42.184974687781001 ], [ -93.553512786870201, 42.185031864196297 ], [ -93.553413569510198, 42.185218719074697 ], [ -93.553313922843103, 42.185348320926103 ], [ -93.553169137718101, 42.185443975218902 ], [ -93.553077287405898, 42.185455656615503 ], [ -93.553031495824001, 42.185405596588602 ], [ -93.553016933406397, 42.185230008953198 ], [ -93.553046541455203, 42.185081195011897 ], [ -93.553107827420106, 42.184932979613301 ], [ -93.553199070694305, 42.184799641421797 ], [ -93.553351786947303, 42.184512724603799 ], [ -93.553390027134398, 42.184291623341203 ], [ -93.553382131189906, 42.184238701609999 ], [ -93.553435854486395, 42.1840974989655 ], [ -93.5537034084049, 42.183803806942002 ], [ -93.553786810615605, 42.183650642570903 ], [ -93.553740677241095, 42.183158718560101 ], [ -93.553756342702897, 42.183059730647798 ], [ -93.553809933871705, 42.182956986881898 ], [ -93.553832940658694, 42.182857243208403 ], [ -93.553893329886606, 42.182838706000702 ], [ -93.554007895930496, 42.182770208473201 ], [ -93.554183034138802, 42.182712693767598 ], [ -93.554321486739298, 42.182727830788998 ], [ -93.554419980095503, 42.1827699409668 ], [ -93.554466079873905, 42.182845945175501 ], [ -93.554458765106702, 42.182880690532102 ], [ -93.554396776622198, 42.182944814673803 ], [ -93.554366639230906, 42.183108824088997 ], [ -93.554291108848105, 42.183280920781002 ], [ -93.554275036390095, 42.183391528922797 ] ] ], [ [ [ -93.554465763663899, 42.185913008526803 ], [ -93.554359085067006, 42.186069312050499 ], [ -93.554153140642597, 42.186309608305898 ], [ -93.553932547382601, 42.186515638461699 ], [ -93.553611702567196, 42.186694729980999 ], [ -93.5534587415695, 42.1867106240515 ], [ -93.553359406528699, 42.186622880034498 ], [ -93.553374775186299, 42.186428179674998 ], [ -93.553421059042506, 42.186325297535497 ], [ -93.5536041123801, 42.186042530736401 ], [ -93.553703360665907, 42.185646374374599 ], [ -93.553748174163502, 42.185550620075702 ], [ -93.553931925868298, 42.1853868283578 ], [ -93.554015905876895, 42.185356214240102 ], [ -93.5541677708392, 42.185336721093002 ], [ -93.554321252349794, 42.185375397624398 ], [ -93.554465317846507, 42.185508708004498 ], [ -93.554512018847603, 42.185776136396598 ], [ -93.554465763663899, 42.185913008526803 ] ] ], [ [ [ -93.55265776818446, 42.18781246065349 ], [ -93.552749833718394, 42.1877330077103 ], [ -93.552894624172495, 42.187637353614399 ], [ -93.553154014899604, 42.1875071919346 ], [ -93.553474655751302, 42.187472998917698 ], [ -93.553573432546102, 42.187541948838202 ], [ -93.553580408987898, 42.187690559965198 ], [ -93.553558844381214, 42.187804986531631 ], [ -93.55265776818446, 42.18781246065349 ] ] ], [ [ [ -93.367149435247597, 42.034969602826699 ], [ -93.366904215991894, 42.035148840426103 ], [ -93.366798471058701, 42.035404254727602 ], [ -93.366760224675204, 42.0355796596576 ], [ -93.366699008808297, 42.035686627114202 ], [ -93.3666226596483, 42.035743203413801 ], [ -93.366470126866602, 42.035819691488399 ], [ -93.366378880324703, 42.035819620940401 ], [ -93.366333222094198, 42.035804381215499 ], [ -93.366263887287502, 42.035739470532498 ], [ -93.366256243535304, 42.0355872776558 ], [ -93.366295069098001, 42.0354610731153 ], [ -93.366523400611996, 42.035213522964398 ], [ -93.366561173010396, 42.035018433139903 ], [ -93.366638257414905, 42.034877804420397 ], [ -93.366767889018405, 42.034763287638697 ], [ -93.366813201507597, 42.034690875342498 ], [ -93.367064773119694, 42.034569004860302 ], [ -93.367179857486704, 42.034549885181903 ], [ -93.367332732524901, 42.034561048209902 ], [ -93.367385084024505, 42.034656914017802 ], [ -93.3674003215135, 42.034736820170103 ], [ -93.3673705442733, 42.034816703776997 ], [ -93.367301257997298, 42.034911880651201 ], [ -93.367149435247597, 42.034969602826699 ] ] ], [ [ [ -93.364905545564895, 42.0366892946356 ], [ -93.364806327253703, 42.036674751078102 ], [ -93.364761410660194, 42.0366398504841 ], [ -93.364661883705693, 42.036536761120701 ], [ -93.364653900902098, 42.036296915983797 ], [ -93.364738387866296, 42.036185952129003 ], [ -93.364928393579206, 42.035858027041797 ], [ -93.365042834265594, 42.035759300113703 ], [ -93.365203101080894, 42.035671344988302 ], [ -93.365470323283802, 42.0356830524657 ], [ -93.365592449805604, 42.0358966051067 ], [ -93.365608123737005, 42.035964894145302 ], [ -93.365539272155402, 42.036048452761101 ], [ -93.365509089838298, 42.036171256023799 ], [ -93.365379293314703, 42.0364190246748 ], [ -93.365119445813093, 42.036663247839499 ], [ -93.364905545564895, 42.0366892946356 ] ] ], [ [ [ -93.276305540287495, 42.1039732795128 ], [ -93.275977812457995, 42.104007522856499 ], [ -93.275718748461202, 42.104061100061699 ], [ -93.275519690502406, 42.104137406941703 ], [ -93.275275542323399, 42.104183247518002 ], [ -93.275092731143104, 42.104186552401302 ], [ -93.274894035458402, 42.104160006101203 ], [ -93.274779483900005, 42.104099454781398 ], [ -93.274764572028104, 42.104075885367003 ], [ -93.274772685746797, 42.103992873969403 ], [ -93.274886637425098, 42.103881681423303 ], [ -93.275154303237002, 42.103732582726401 ], [ -93.275420462815305, 42.1036532175752 ], [ -93.275566081933306, 42.103573102188399 ], [ -93.275633895382896, 42.103458254084501 ], [ -93.2757102527748, 42.103405301747301 ], [ -93.275985478223603, 42.103374425782597 ], [ -93.276099998967993, 42.1034045646282 ], [ -93.276503652483498, 42.103671554475099 ], [ -93.276542793625495, 42.103729622209002 ], [ -93.276542886215907, 42.103820856307898 ], [ -93.276442950822499, 42.103916245545101 ], [ -93.276305540287495, 42.1039732795128 ] ] ], [ [ [ -93.279300989502318, 42.106461637862985 ], [ -93.279151649612004, 42.106254944885499 ], [ -93.279166894137504, 42.106082639604203 ], [ -93.2792664511677, 42.105934468434597 ], [ -93.279298549835119, 42.10590582951238 ], [ -93.279300989502318, 42.106461637862985 ] ] ], [ [ [ -93.450828581867697, 42.177020819344101 ], [ -93.450774736656896, 42.177093105683099 ], [ -93.450599815134495, 42.177242615989201 ], [ -93.45055640979939, 42.177270333136107 ], [ -93.450548766858418, 42.176185647536968 ], [ -93.450568984287699, 42.176318918682803 ], [ -93.450561409336501, 42.176559381164502 ], [ -93.4506150693405, 42.1766588290062 ], [ -93.450828528701706, 42.1768222465234 ], [ -93.450828581867697, 42.177020819344101 ] ] ], [ [ [ -93.547759762290198, 42.179996429746602 ], [ -93.547614549419905, 42.179931068588402 ], [ -93.547545562992696, 42.179847473038699 ], [ -93.547515979091699, 42.179718112454999 ], [ -93.5475156890395, 42.179622401181803 ], [ -93.547606920799495, 42.179420195154997 ], [ -93.547706695379603, 42.1792870232441 ], [ -93.547966002059198, 42.179020021908698 ], [ -93.548018773432901, 42.178836765329002 ], [ -93.548077678539713, 42.178713507847064 ], [ -93.548711350422124, 42.17869907246623 ], [ -93.548736086579396, 42.178718861930598 ], [ -93.548774900642499, 42.178932474621597 ], [ -93.548774957388105, 42.179104209234502 ], [ -93.548751166352204, 42.1791914145739 ], [ -93.5486834540975, 42.179279577417802 ], [ -93.548652588328807, 42.179290620940598 ], [ -93.548575930600094, 42.179286486480201 ], [ -93.548476353146697, 42.179240773574399 ], [ -93.548369992814102, 42.1792146099882 ], [ -93.548309047140194, 42.179214350608198 ], [ -93.548255560592395, 42.179244643580802 ], [ -93.548224726508806, 42.179393432284101 ], [ -93.548255003570304, 42.179641767108301 ], [ -93.548187479106801, 42.179863205849102 ], [ -93.548004239413601, 42.179977803397101 ], [ -93.547836420750897, 42.180000564693799 ], [ -93.547759762290198, 42.179996429746602 ] ] ], [ [ [ -93.552764500845697, 42.1821062930388 ], [ -93.552627168424195, 42.182128742320799 ], [ -93.5524969431914, 42.182052936496497 ], [ -93.552459636833504, 42.181900175287304 ], [ -93.552459445471797, 42.181732015499001 ], [ -93.552520452923304, 42.1815569623393 ], [ -93.552688595096001, 42.181281966887497 ], [ -93.552894147725496, 42.181087284026901 ], [ -93.552985966338895, 42.181041613356001 ], [ -93.553145665480997, 42.181007064122198 ], [ -93.553252302167394, 42.181094945802798 ], [ -93.553290530167303, 42.181152018207797 ], [ -93.553313343563701, 42.181300927405204 ], [ -93.553306331634303, 42.181396500756797 ], [ -93.553183557486093, 42.181629420726999 ], [ -93.552940025805299, 42.181968287078099 ], [ -93.552764500845697, 42.1821062930388 ] ] ], [ [ [ -93.550773824095302, 42.185466676306099 ], [ -93.550796332449394, 42.185554758293001 ], [ -93.550765890921198, 42.185623055423399 ], [ -93.550712888690001, 42.185882338731297 ], [ -93.550668737171932, 42.18595581289707 ], [ -93.550670779409813, 42.185401126669362 ], [ -93.550773824095302, 42.185466676306099 ] ] ] ] } },
{ "type": "Feature", "properties": { "mukey": "411340", "musym": "638C2", "muname": "Clarion-Storden complex, 6 to 10 percent slopes, moderately eroded" }, "geometry": { "type": "Polygon", "coordinates": [ [ [ -93.556427113426196, 42.105136794441002 ], [ -93.556320233295395, 42.105163395263901 ], [ -93.555991578214204, 42.105193855851603 ], [ -93.555725298682205, 42.105251430631903 ], [ -93.5555868470109, 42.105205885326797 ], [ -93.5553885038982, 42.105236123401298 ], [ -93.555312889358504, 42.105274046550299 ], [ -93.555121638371503, 42.105484185259897 ], [ -93.554999871346197, 42.105518552962003 ], [ -93.554938989998902, 42.105518296724703 ], [ -93.554893370359395, 42.105499547268003 ], [ -93.554831934220104, 42.1054456186884 ], [ -93.554794153588702, 42.105376933006397 ], [ -93.554702386671096, 42.105319748010302 ], [ -93.554274830582003, 42.105427038873799 ], [ -93.554183774974106, 42.105419056939603 ], [ -93.554053717641494, 42.105377246122501 ], [ -93.554053570719006, 42.105311954810098 ], [ -93.554114529039197, 42.105205783680397 ], [ -93.554198260644696, 42.105144761233703 ], [ -93.554389839279295, 42.105064312773699 ], [ -93.554458559359901, 42.105014633122302 ], [ -93.554511992080293, 42.104706193610703 ], [ -93.554557284991205, 42.104595254439197 ], [ -93.554656183067195, 42.104518419921597 ], [ -93.554808905513994, 42.104469433532799 ], [ -93.554900268699797, 42.104503357361502 ], [ -93.555221360036796, 42.104549671846698 ], [ -93.555397138015806, 42.104537789307898 ], [ -93.555534728037202, 42.104468840158802 ], [ -93.555649011354404, 42.104369936569299 ], [ -93.555755284439101, 42.104186811542 ], [ -93.555869692205604, 42.104084332710499 ], [ -93.555946271689606, 42.104053582443498 ], [ -93.556090657365203, 42.104033951039703 ], [ -93.556159117181494, 42.104061180765498 ], [ -93.556244086365098, 42.104069046356003 ], [ -93.556267009828304, 42.104179485848697 ], [ -93.556197889695497, 42.104484051954302 ], [ -93.556197506489099, 42.104564537302799 ], [ -93.556235468325298, 42.104697619992599 ], [ -93.5562972104144, 42.1048123702667 ], [ -93.556365726259401, 42.104907572495101 ], [ -93.5564342146656, 42.104968788400399 ], [ -93.556503134089297, 42.105087251618002 ], [ -93.556427113426196, 42.105136794441002 ] ] ] } },
{ "type": "Feature", "properties": { "mukey": "411341", "musym": "L638D2", "muname": "Omsrud-Storden complex, Bemis moraine, 10 to 16 percent slopes, moderately eroded" }, "geometry": { "type": "MultiPolygon", "coordinates": [ [ [ [ -93.467193685452997, 41.893207764920497 ], [ -93.466728061517202, 41.893291615600504 ], [ -93.466644393771503, 41.893322162515197 ], [ -93.466376873283707, 41.893165795533399 ], [ -93.466102478671303, 41.8930316470462 ], [ -93.466048415303604, 41.892982300405599 ], [ -93.465972416382002, 41.892868143200602 ], [ -93.466430904243296, 41.892612476083698 ], [ -93.466666634078805, 41.892540207356603 ], [ -93.467131978523298, 41.892497483011603 ], [ -93.467277117839799, 41.892512850739401 ], [ -93.4673384927478, 41.892494384086497 ], [ -93.467620184005298, 41.892661757067302 ], [ -93.467773008262895, 41.892699629122298 ], [ -93.467879405004297, 41.892745531371503 ], [ -93.467948142674899, 41.892825566718201 ], [ -93.467941187869002, 41.892883550731703 ], [ -93.467895408235904, 41.892940772733901 ], [ -93.467711622857294, 41.893020322479302 ], [ -93.467552297780003, 41.8931620493181 ], [ -93.467460137591004, 41.893192430042298 ], [ -93.467399263878093, 41.893230578187897 ], [ -93.467300551111407, 41.893207180432199 ], [ -93.467193685452997, 41.893207764920497 ] ] ], [ [ [ -93.465758608823293, 41.894279403474997 ], [ -93.465476217467796, 41.894298892632399 ], [ -93.4654378931574, 41.894317811329003 ], [ -93.4652928935527, 41.894466076318501 ], [ -93.465248241469695, 41.8946261485805 ], [ -93.465194579253605, 41.894733288134503 ], [ -93.465057295775296, 41.894836102169201 ], [ -93.464835453307799, 41.894893440423601 ], [ -93.464545358447907, 41.894924400375501 ], [ -93.463973939863806, 41.894878296808002 ], [ -93.463751872175095, 41.894874825582903 ], [ -93.463576587865703, 41.894892392128803 ], [ -93.463576721620981, 41.894672427929891 ], [ -93.463623075163298, 41.894676471437002 ], [ -93.463874732327994, 41.894634028005903 ], [ -93.4639663627662, 41.894584861856401 ], [ -93.464050341959805, 41.894512296975201 ], [ -93.464110948790307, 41.894314089644297 ], [ -93.464309158482607, 41.894138258554399 ], [ -93.464621835848007, 41.894020114967901 ], [ -93.464805901793, 41.8939665056716 ], [ -93.464995984690901, 41.893947886731098 ], [ -93.465224974299105, 41.893894265402203 ], [ -93.465430377449394, 41.8938214028679 ], [ -93.465866192024805, 41.893722664577098 ], [ -93.466140702490605, 41.893753092975103 ], [ -93.466322857507294, 41.893886324127102 ], [ -93.466345829104498, 41.893989604041103 ], [ -93.466201641024398, 41.894115531795698 ], [ -93.465988262115602, 41.8942409945805 ], [ -93.465758608823293, 41.894279403474997 ] ] ], [ [ [ -93.464385751484997, 41.969825972839601 ], [ -93.464156629198499, 41.969775867602301 ], [ -93.463988821134905, 41.969710869684 ], [ -93.463836494021393, 41.9696882049344 ], [ -93.463844350257702, 41.969639175928599 ], [ -93.463935156201899, 41.969581939266597 ], [ -93.464019956085806, 41.969455728011802 ], [ -93.464011910020503, 41.969375982524298 ], [ -93.463973189847906, 41.969337664014098 ], [ -93.463859521204796, 41.969288036968202 ], [ -93.463508198214598, 41.969189030096203 ], [ -93.463241647004466, 41.969151174089397 ], [ -93.463246955574746, 41.968811913602686 ], [ -93.463317155587504, 41.968692550770299 ], [ -93.463347767872904, 41.968585843197303 ], [ -93.463320023086794, 41.968484340171337 ], [ -93.464138234119929, 41.968484451996304 ], [ -93.464163957256005, 41.968501717992098 ], [ -93.464370903913704, 41.968593417108004 ], [ -93.464500035499498, 41.968719357720502 ], [ -93.464560938870093, 41.968883305268101 ], [ -93.464599108110207, 41.968936814856299 ], [ -93.464652565586206, 41.968970951288199 ], [ -93.464774202449405, 41.969001954990901 ], [ -93.464851012105598, 41.969062482764599 ], [ -93.464889052032206, 41.969119566696897 ], [ -93.464897421727599, 41.969257444102702 ], [ -93.464736605379798, 41.969401836848597 ], [ -93.464728922506197, 41.969680689314799 ], [ -93.464645387687696, 41.969772050461899 ], [ -93.464584203529498, 41.9697833686309 ], [ -93.464523261560302, 41.969821518776499 ], [ -93.464385751484997, 41.969825972839601 ] ] ] ] } },
{ "type": "Feature", "properties": { "mukey": "411345", "musym": "90", "muname": "Okoboji mucky silt loam, 0 to 1 percent slopes" }, "geometry": { "type": "Polygon", "coordinates": [ [ [ -93.662383446824094, 41.896194608158801 ], [ -93.662216354372703, 41.896289933653598 ], [ -93.6621012202082, 41.896320035694998 ], [ -93.661849191841299, 41.896304739180898 ], [ -93.661644168541997, 41.896263470541697 ], [ -93.661395166054007, 41.896162800268641 ], [ -93.662420527029042, 41.896159516133928 ], [ -93.662383446824094, 41.896194608158801 ] ] ] } },
{ "type": "Feature", "properties": { "mukey": "411346", "musym": "95", "muname": "Harps clay loam, 0 to 2 percent slopes" }, "geometry": { "type": "MultiPolygon", "coordinates": [ [ [ [ -93.554465714514805, 42.101440007084598 ], [ -93.554460723093825, 42.101433098822987 ], [ -93.554486340863079, 42.101433113579098 ], [ -93.554465714514805, 42.101440007084598 ] ] ], [ [ [ -93.551704467767806, 42.101597059259198 ], [ -93.551550995991605, 42.1014939863528 ], [ -93.551467780540193, 42.1014709467103 ], [ -93.551445207313378, 42.101431361853322 ], [ -93.552448511393422, 42.101431939767309 ], [ -93.552490152157802, 42.101520701478599 ], [ -93.552199978267694, 42.101600175469798 ], [ -93.5518180126668, 42.101623355798999 ], [ -93.551704467767806, 42.101597059259198 ] ] ], [ [ [ -93.548126108696295, 42.180221611521503 ], [ -93.548049575736698, 42.180213901337801 ], [ -93.547912371293194, 42.180232770161403 ], [ -93.547584622687694, 42.1804698534579 ], [ -93.547416604516101, 42.180671499986801 ], [ -93.547386253381916, 42.180765095039511 ], [ -93.546580028885884, 42.18076894788026 ], [ -93.546546802991301, 42.1806183516983 ], [ -93.546553698269193, 42.180526354211899 ], [ -93.546638187578694, 42.180446560140098 ], [ -93.5468054499852, 42.180405006419697 ], [ -93.546897428964002, 42.180354870845598 ], [ -93.546958235193998, 42.180289833569603 ], [ -93.5470122431486, 42.1801754729007 ], [ -93.546996566788096, 42.179893425129499 ], [ -93.547233406253596, 42.1796760883921 ], [ -93.5472863439863, 42.179592118623603 ], [ -93.547317180160206, 42.179443330106999 ], [ -93.547287070462403, 42.179294281749698 ], [ -93.5471271476097, 42.179092685652499 ], [ -93.547126723953497, 42.179035433086099 ], [ -93.547103836571296, 42.178992960605797 ], [ -93.546905070461804, 42.178855923063701 ], [ -93.546790592289696, 42.178817976597401 ], [ -93.546554781307194, 42.178798303576102 ], [ -93.546440168901796, 42.178798815424301 ], [ -93.546234145491098, 42.178833372946897 ], [ -93.546088392717394, 42.178818088839897 ], [ -93.545927986239064, 42.178762478975322 ], [ -93.548077678539713, 42.178713507847064 ], [ -93.548018773432901, 42.178836765329002 ], [ -93.547966002059198, 42.179020021908698 ], [ -93.547706695379603, 42.1792870232441 ], [ -93.547606920799495, 42.179420195154997 ], [ -93.5475156890395, 42.179622401181803 ], [ -93.547515979091699, 42.179718112454999 ], [ -93.547545562992696, 42.179847473038699 ], [ -93.547614549419905, 42.179931068588402 ], [ -93.547759762290198, 42.179996429746602 ], [ -93.547836420750897, 42.180000564693799 ], [ -93.548004239413601, 42.179977803397101 ], [ -93.548187479106801, 42.179863205849102 ], [ -93.548255003570304, 42.179641767108301 ], [ -93.548224726508806, 42.179393432284101 ], [ -93.548255560592395, 42.179244643580802 ], [ -93.548309047140194, 42.179214350608198 ], [ -93.548369992814102, 42.1792146099882 ], [ -93.548476353146697, 42.179240773574399 ], [ -93.548575930600094, 42.179286486480201 ], [ -93.548652588328807, 42.179290620940598 ], [ -93.5486834540975, 42.179279577417802 ], [ -93.548751166352204, 42.1791914145739 ], [ -93.548774957388105, 42.179104209234502 ], [ -93.548774900642499, 42.178932474621597 ], [ -93.548736086579396, 42.178718861930598 ], [ -93.548711350422124, 42.17869907246623 ], [ -93.549390747247983, 42.178683595446991 ], [ -93.549414879328793, 42.1787603313253 ], [ -93.549469223317999, 42.178809659745703 ], [ -93.549628520810401, 42.178890490825097 ], [ -93.549865073040394, 42.178958472293402 ], [ -93.549949340481405, 42.179023572241803 ], [ -93.550017637853401, 42.179126831147499 ], [ -93.549987882597705, 42.179210346067798 ], [ -93.549918426466803, 42.179278798735503 ], [ -93.549689391849796, 42.1794131043143 ], [ -93.549483950936505, 42.179500450362802 ], [ -93.549354224909294, 42.179618745682099 ], [ -93.549293078257406, 42.1798322556036 ], [ -93.549323600986796, 42.179969683521001 ], [ -93.549155690647098, 42.180133767342802 ], [ -93.549011485605604, 42.180317083042297 ], [ -93.548660244392806, 42.180286284704998 ], [ -93.548416033906605, 42.180366634212 ], [ -93.5482706702239, 42.180270859731202 ], [ -93.548126108696295, 42.180221611521503 ] ] ], [ [ [ -93.554686851119897, 42.179020095338103 ], [ -93.554641259224496, 42.179138195489102 ], [ -93.554648873349294, 42.179199161478699 ], [ -93.554702813773005, 42.179260107809398 ], [ -93.554847933360705, 42.179363025771003 ], [ -93.554832270279107, 42.179462013361601 ], [ -93.554855238712193, 42.179641335971603 ], [ -93.554832794327794, 42.179759873342299 ], [ -93.554549499339799, 42.179946829613002 ], [ -93.554313574056394, 42.180034502073198 ], [ -93.554107729390594, 42.180133475613502 ], [ -93.553978135487995, 42.180248200243497 ], [ -93.553924112470597, 42.180328574389797 ], [ -93.553825054755194, 42.180545842524403 ], [ -93.553825102540003, 42.180648704721598 ], [ -93.553886531531802, 42.180774193072899 ], [ -93.553916426543793, 42.180999263781302 ], [ -93.553886622331206, 42.181014800857199 ], [ -93.553764106747494, 42.181205687104701 ], [ -93.5537187415093, 42.181247763608503 ], [ -93.553627117280698, 42.181461594505699 ], [ -93.553511784691807, 42.181656194128401 ], [ -93.553519931409596, 42.181701964844599 ], [ -93.553344993913299, 42.181892755016101 ], [ -93.553176779491096, 42.182239305980303 ], [ -93.553123266695493, 42.182235611558703 ], [ -93.552825693103898, 42.1823426892295 ], [ -93.552520913965296, 42.182377179753303 ], [ -93.552482052578995, 42.182372867514701 ], [ -93.552284102204695, 42.182281470312901 ], [ -93.552207264228898, 42.182212934371101 ], [ -93.552123604718602, 42.1820262022962 ], [ -93.552199884197705, 42.181694015074399 ], [ -93.5521849875567, 42.181666900074099 ], [ -93.552238731130402, 42.181594571208201 ], [ -93.552276893200997, 42.181479908794302 ], [ -93.552398828414098, 42.181236240453202 ], [ -93.552550613187194, 42.181079897562299 ], [ -93.552703102411002, 42.1810076458409 ], [ -93.552955587392802, 42.180934600165997 ], [ -93.553222916531695, 42.180820689943602 ], [ -93.553298211534099, 42.180759501292201 ], [ -93.553252375937703, 42.180606579429899 ], [ -93.5532683447328, 42.180568419954099 ], [ -93.553229562898693, 42.180457670349803 ], [ -93.553161128651993, 42.1803928716717 ], [ -93.5530544877859, 42.180339873282101 ], [ -93.552909007330399, 42.180351435434297 ], [ -93.552696126769106, 42.180477107256898 ], [ -93.552658076780901, 42.180484438195798 ], [ -93.552536151798805, 42.180484817294797 ], [ -93.552329704221805, 42.180427248640399 ], [ -93.552314091666602, 42.1803858090231 ], [ -93.552230761975807, 42.180293894918101 ], [ -93.552245744206004, 42.1801796890161 ], [ -93.552283497472402, 42.180076646884899 ], [ -93.552336857367095, 42.180049927628197 ], [ -93.552520195548595, 42.179862875841103 ], [ -93.552603992420103, 42.1797678594288 ], [ -93.552634712023703, 42.179691517692099 ], [ -93.552626928064001, 42.179531264887501 ], [ -93.552527715341199, 42.179336189710803 ], [ -93.552490253454593, 42.179187898283097 ], [ -93.552489679780805, 42.179065348512303 ], [ -93.552512247815997, 42.1789781194745 ], [ -93.552634808940397, 42.178890096911502 ], [ -93.552748862139694, 42.178870785679599 ], [ -93.553290808675897, 42.178886392947199 ], [ -93.553474188504595, 42.178802202041403 ], [ -93.553619335839102, 42.1786958219787 ], [ -93.553701735237453, 42.178585388859155 ], [ -93.555311288624097, 42.178548722381208 ], [ -93.555267342434007, 42.178562366985901 ], [ -93.554908766564907, 42.1787756301851 ], [ -93.554686851119897, 42.179020095338103 ] ], [ [ -93.552894147725496, 42.181087284026901 ], [ -93.552688595096001, 42.181281966887497 ], [ -93.552520452923304, 42.1815569623393 ], [ -93.552459445471797, 42.181732015499001 ], [ -93.552459636833504, 42.181900175287304 ], [ -93.5524969431914, 42.182052936496497 ], [ -93.552627168424195, 42.182128742320799 ], [ -93.552764500845697, 42.1821062930388 ], [ -93.552940025805299, 42.181968287078099 ], [ -93.553183557486093, 42.181629420726999 ], [ -93.553306331634303, 42.181396500756797 ], [ -93.553313343563701, 42.181300927405204 ], [ -93.553290530167303, 42.181152018207797 ], [ -93.553252302167394, 42.181094945802798 ], [ -93.553145665480997, 42.181007064122198 ], [ -93.552985966338895, 42.181041613356001 ], [ -93.552894147725496, 42.181087284026901 ] ] ], [ [ [ -93.554503674572402, 42.183685648108103 ], [ -93.554496820831503, 42.183776752520501 ], [ -93.554550302541799, 42.184024630492601 ], [ -93.554702840222006, 42.1843334125832 ], [ -93.554717151306903, 42.184551034170198 ], [ -93.554664012360107, 42.184779904558603 ], [ -93.554695098153303, 42.185249183692598 ], [ -93.554801662591004, 42.185478386316497 ], [ -93.554862233035806, 42.185524252467999 ], [ -93.554870788711398, 42.185558403147901 ], [ -93.554839459785001, 42.185756379866 ], [ -93.5545962658652, 42.186328709556697 ], [ -93.554343882091302, 42.186676358085599 ], [ -93.554336315959702, 42.186718254484099 ], [ -93.554298007085706, 42.186767620413001 ], [ -93.554244462114795, 42.186973227870801 ], [ -93.554137554610406, 42.1869622644017 ], [ -93.554000109172904, 42.187057164015698 ], [ -93.553962354663597, 42.187160207539499 ], [ -93.553916292373003, 42.187465240656103 ], [ -93.553954351148562, 42.187801705936948 ], [ -93.553558844381214, 42.187804986531631 ], [ -93.553580408987898, 42.187690559965198 ], [ -93.553573432546102, 42.187541948838202 ], [ -93.553474655751302, 42.187472998917698 ], [ -93.553154014899604, 42.1875071919346 ], [ -93.552894624172495, 42.187637353614399 ], [ -93.552749833718394, 42.1877330077103 ], [ -93.55265776818446, 42.18781246065349 ], [ -93.552224409921209, 42.18781605521351 ], [ -93.552542910584094, 42.187584195977102 ], [ -93.552695978955896, 42.187495854184903 ], [ -93.5530692742458, 42.187385734107302 ], [ -93.553405863856298, 42.187244508172903 ], [ -93.553581217352402, 42.1870769800449 ], [ -93.553550709371194, 42.186973541635403 ], [ -93.553337004422303, 42.186844281160504 ], [ -93.553146382117902, 42.1867521290159 ], [ -93.553008842576105, 42.186641301589802 ], [ -93.552986022679605, 42.186527274909302 ], [ -93.553001010407499, 42.186378184484603 ], [ -93.553084945322297, 42.186244708008203 ], [ -93.553146342329597, 42.1859891601881 ], [ -93.553146698128501, 42.1859095606697 ], [ -93.553115375476395, 42.185829362646103 ], [ -93.552970527404597, 42.185718397186797 ], [ -93.552780200460901, 42.1857568401294 ], [ -93.552429041659096, 42.1860006507425 ], [ -93.552207930461194, 42.186290746725803 ], [ -93.552116320524306, 42.186538567590098 ], [ -93.551925672727506, 42.186794355444199 ], [ -93.551818157382101, 42.186870140544997 ], [ -93.551711803471605, 42.186912852741699 ], [ -93.551582073537602, 42.1869962678009 ], [ -93.551422272359304, 42.187172137415097 ], [ -93.551261861197801, 42.187434757410102 ], [ -93.551116773321098, 42.187781745790403 ], [ -93.551121524231959, 42.187825203276759 ], [ -93.550661840431829, 42.187829016198187 ], [ -93.55066395386892, 42.187254991763155 ], [ -93.550719927108503, 42.187000538438099 ], [ -93.550773023245895, 42.186912097182699 ], [ -93.550796563122404, 42.186832041514698 ], [ -93.551017788900793, 42.186469499053302 ], [ -93.551223461982403, 42.1862372524675 ], [ -93.551338042461495, 42.186133873471 ], [ -93.551566631125894, 42.185978088207499 ], [ -93.5518415748341, 42.185856273600201 ], [ -93.552215256734002, 42.185630779338403 ], [ -93.552406322623497, 42.185467127938097 ], [ -93.552581271657104, 42.185276338188302 ], [ -93.552664954981594, 42.185150013032903 ], [ -93.552810029676607, 42.184803024052499 ], [ -93.552841112889894, 42.184612198921499 ], [ -93.552879421611195, 42.184562833555603 ], [ -93.552933020656994, 42.184425206493103 ], [ -93.553054064037795, 42.184311215029403 ], [ -93.553298408494896, 42.184227280955099 ], [ -93.553382131189906, 42.184238701609999 ], [ -93.553390027134398, 42.184291623341203 ], [ -93.553351786947303, 42.184512724603799 ], [ -93.553199070694305, 42.184799641421797 ], [ -93.553107827420106, 42.184932979613301 ], [ -93.553046541455203, 42.185081195011897 ], [ -93.553016933406397, 42.185230008953198 ], [ -93.553031495824001, 42.185405596588602 ], [ -93.553077287405898, 42.185455656615503 ], [ -93.553169137718101, 42.185443975218902 ], [ -93.553313922843103, 42.185348320926103 ], [ -93.553413569510198, 42.185218719074697 ], [ -93.553512786870201, 42.185031864196297 ], [ -93.553611110035703, 42.184974687781001 ], [ -93.553772114030593, 42.184833722443997 ], [ -93.553833048205803, 42.184730222665998 ], [ -93.553824471738494, 42.184627198856298 ], [ -93.553840006963398, 42.184566669657599 ], [ -93.554183548931803, 42.184192122332902 ], [ -93.5542519946505, 42.183978747003898 ], [ -93.554290231690004, 42.183757645622002 ], [ -93.554275710140701, 42.183719804507199 ], [ -93.554275106687101, 42.183563264482302 ], [ -93.554291075599593, 42.183525104740497 ], [ -93.554275036390095, 42.183391528922797 ], [ -93.554291108848105, 42.183280920781002 ], [ -93.554366639230906, 42.183108824088997 ], [ -93.554396776622198, 42.182944814673803 ], [ -93.554458765106702, 42.182880690532102 ], [ -93.554466079873905, 42.182845945175501 ], [ -93.554619076535403, 42.182967795883101 ], [ -93.554824745173093, 42.1830825908904 ], [ -93.554625718262798, 42.183299761748202 ], [ -93.554503674572402, 42.183685648108103 ] ], [ [ -93.5536041123801, 42.186042530736401 ], [ -93.553421059042506, 42.186325297535497 ], [ -93.553374775186299, 42.186428179674998 ], [ -93.553359406528699, 42.186622880034498 ], [ -93.5534587415695, 42.1867106240515 ], [ -93.553611702567196, 42.186694729980999 ], [ -93.553932547382601, 42.186515638461699 ], [ -93.554153140642597, 42.186309608305898 ], [ -93.554359085067006, 42.186069312050499 ], [ -93.554465763663899, 42.185913008526803 ], [ -93.554512018847603, 42.185776136396598 ], [ -93.554465317846507, 42.185508708004498 ], [ -93.554321252349794, 42.185375397624398 ], [ -93.5541677708392, 42.185336721093002 ], [ -93.554015905876895, 42.185356214240102 ], [ -93.553931925868298, 42.1853868283578 ], [ -93.553748174163502, 42.185550620075702 ], [ -93.553703360665907, 42.185646374374599 ], [ -93.5536041123801, 42.186042530736401 ] ] ], [ [ [ -93.550995233498497, 42.185272294991996 ], [ -93.55107866134, 42.185535052582402 ], [ -93.551132295842294, 42.185570055946002 ], [ -93.551071413371105, 42.185706650365901 ], [ -93.550956701158, 42.185848488034097 ], [ -93.550903386219105, 42.185943186259301 ], [ -93.550811829472707, 42.186050578073903 ], [ -93.55066794780204, 42.186170211332367 ], [ -93.550668737171932, 42.18595581289707 ], [ -93.550712888690001, 42.185882338731297 ], [ -93.550765890921198, 42.185623055423399 ], [ -93.550796332449394, 42.185554758293001 ], [ -93.550773824095302, 42.185466676306099 ], [ -93.550670779409813, 42.185401126669362 ], [ -93.550672050776114, 42.185055814604873 ], [ -93.550727195180897, 42.1850588188221 ], [ -93.550826380612406, 42.185081266982898 ], [ -93.550888166485805, 42.185127158011397 ], [ -93.550995233498497, 42.185272294991996 ] ] ] ] } },
{ "type": "Feature", "properties": { "mukey": "411347", "musym": "956", "muname": "Harps-Okoboji complex, 0 to 2 percent slopes" }, "geometry": { "type": "MultiPolygon", "coordinates": [ [ [ [ -93.650359805519301, 42.1795999443138 ], [ -93.650192098569804, 42.179584379454603 ], [ -93.649879432776999, 42.1797101857819 ], [ -93.649756876879493, 42.179729427776699 ], [ -93.649692066255653, 42.179729202665932 ], [ -93.64968633584138, 42.179169406210072 ], [ -93.649986351350506, 42.1790699311466 ], [ -93.650115195460302, 42.179008765270403 ], [ -93.650161917193003, 42.178924643038698 ], [ -93.650016464099807, 42.1787914181349 ], [ -93.649817565274006, 42.178760975998401 ], [ -93.649682196137533, 42.178765004113671 ], [ -93.649681775902366, 42.178723951905795 ], [ -93.649679322831616, 42.178484306778408 ], [ -93.649696277267296, 42.178489554039402 ], [ -93.650009364530305, 42.178531907198099 ], [ -93.650131091650294, 42.178501022522603 ], [ -93.650368113199903, 42.178340749850399 ], [ -93.650482379383206, 42.178314201592002 ], [ -93.650664776560802, 42.178364020593001 ], [ -93.650710272107602, 42.1784247721328 ], [ -93.650725781941802, 42.178688013205701 ], [ -93.650786841361594, 42.178829544974697 ], [ -93.650764275838895, 42.178920366571397 ], [ -93.650665060168194, 42.1790428912309 ], [ -93.650665642430994, 42.179134132773399 ], [ -93.650695855942104, 42.179214284399201 ], [ -93.650795108720502, 42.179271539068999 ], [ -93.651168322402896, 42.179230010063399 ], [ -93.651290950928399, 42.179244756097503 ], [ -93.651398026112602, 42.179286947005799 ], [ -93.651459046174907, 42.1793211472352 ], [ -93.651580812974302, 42.179470040589898 ], [ -93.651634203517702, 42.179622166043004 ], [ -93.651626666502594, 42.179664961611202 ], [ -93.651542884288006, 42.179763617524898 ], [ -93.651504842533399, 42.179843425622998 ], [ -93.651541901806297, 42.179901340693803 ], [ -93.6516800525213, 42.179961983362404 ], [ -93.652183209285099, 42.179935329507899 ], [ -93.652259556837706, 42.179985012424801 ], [ -93.652259946409004, 42.180045840184803 ], [ -93.652190395136799, 42.1800839338418 ], [ -93.652084655041605, 42.180110638287402 ], [ -93.651390218497596, 42.180133822933897 ], [ -93.651168799389595, 42.180084191608898 ], [ -93.650870769281795, 42.179848024812401 ], [ -93.650619090807794, 42.179755805798898 ], [ -93.650359805519301, 42.1795999443138 ] ] ], [ [ [ -93.548416033906605, 42.180366634212 ], [ -93.548660244392806, 42.180286284704998 ], [ -93.549011485605604, 42.180317083042297 ], [ -93.549064427591901, 42.180649030456998 ], [ -93.549114264285492, 42.180756837102855 ], [ -93.548441377826791, 42.18076005273867 ], [ -93.548400590515698, 42.180701759581702 ], [ -93.548369620875306, 42.180473089210999 ], [ -93.548416033906605, 42.180366634212 ] ] ], [ [ [ -93.555015466882296, 42.183067408343902 ], [ -93.554824745173093, 42.1830825908904 ], [ -93.554619076535403, 42.182967795883101 ], [ -93.554466079873905, 42.182845945175501 ], [ -93.554419980095503, 42.1827699409668 ], [ -93.554321486739298, 42.182727830788998 ], [ -93.554183034138802, 42.182712693767598 ], [ -93.554007895930496, 42.182770208473201 ], [ -93.553893329886606, 42.182838706000702 ], [ -93.553832940658694, 42.182857243208403 ], [ -93.553802784189898, 42.182709089591299 ], [ -93.5539163710759, 42.1824947786058 ], [ -93.553962950435505, 42.182487608362003 ], [ -93.554061117687198, 42.182400017683499 ], [ -93.554099706603097, 42.1823426073923 ], [ -93.554329222220304, 42.1821251189576 ], [ -93.554473797983306, 42.181896187306698 ], [ -93.5545732364928, 42.181633308706203 ], [ -93.554603628208994, 42.181427265367397 ], [ -93.554640828641993, 42.180992372365601 ], [ -93.5545959795719, 42.180915497545499 ], [ -93.554969012277894, 42.180603223886997 ], [ -93.555206412053096, 42.180473539044002 ], [ -93.555320216352101, 42.180461376339899 ], [ -93.55552521656611, 42.180479847125135 ], [ -93.555525319189314, 42.180681718699063 ], [ -93.555524285468948, 42.180923910171416 ], [ -93.555518715599803, 42.180919501849701 ], [ -93.555411821366107, 42.180873656200397 ], [ -93.555320384967303, 42.180873719015999 ], [ -93.555282303690703, 42.180881944583597 ], [ -93.5550463047189, 42.181041172827001 ], [ -93.554961945306403, 42.181152280348897 ], [ -93.554900765109807, 42.181262931034901 ], [ -93.554862405960094, 42.181487607332002 ], [ -93.554908751756699, 42.181591343767003 ], [ -93.554938502506502, 42.1817511170375 ], [ -93.554984289186706, 42.182079349184299 ], [ -93.554954811959405, 42.182224587591797 ], [ -93.555007890920194, 42.1824492016421 ], [ -93.555075795929099, 42.182529195061399 ], [ -93.555175660249105, 42.182601741762703 ], [ -93.555282431582, 42.182651163129897 ], [ -93.555389050529698, 42.182670170301499 ], [ -93.555516986544319, 42.182633983177766 ], [ -93.555514066542173, 42.183318113660356 ], [ -93.5553734310176, 42.183185077646399 ], [ -93.555168289819903, 42.1830899713419 ], [ -93.555015466882296, 42.183067408343902 ] ] ], [ [ [ -93.555343027301006, 42.185824920138302 ], [ -93.555359173970601, 42.185607873249197 ], [ -93.555343056866306, 42.1855807354817 ], [ -93.555397203515398, 42.185531668296797 ], [ -93.555419519220095, 42.185451588927499 ], [ -93.555419803487496, 42.185165370011902 ], [ -93.555373377342406, 42.184924780909597 ], [ -93.555389496561006, 42.184673744639099 ], [ -93.555458049767694, 42.184318153108897 ], [ -93.555510412829449, 42.184174145998234 ], [ -93.555501587236691, 42.186241903741895 ], [ -93.555443145364805, 42.186168490483901 ], [ -93.555373842512694, 42.185989186446299 ], [ -93.555343027301006, 42.185824920138302 ] ] ] ] } },
{ "type": "Feature", "properties": { "mukey": "411348", "musym": "W", "muname": "Water" }, "geometry": { "type": "Polygon", "coordinates": [ [ [ -93.655242655391902, 42.042632597531501 ], [ -93.655256262810894, 42.042647742253884 ], [ -93.654829220066205, 42.042371495157454 ], [ -93.654828564859216, 42.042361770542136 ], [ -93.655242655391902, 42.042632597531501 ] ] ] } }
]
}
