date,t2m_c,precip_mm,t2m_7d_c,day_of_year,baseline_t2m_c,t2m_anomaly_c
1991-01-01,-9.23,0.01,,1,-7.254666666666667,
1991-01-02,-16.53,0.1,,2,-6.669333333333333,
1991-01-03,-16.35,0.07,,3,-6.372,
1991-01-04,-11.57,3.55,-13.971428571428573,4,-7.632000000000001,
1991-01-05,-10.39,10.05,-13.775714285714287,5,-7.3629999999999995,
1991-01-06,-16.17,0.0,-13.618571428571428,6,-7.612666666666667,
1991-01-07,-17.56,0.0,-13.0,7,-7.635666666666666,
1991-01-08,-7.86,0.08,-12.405714285714286,8,-6.3966666666666665,
1991-01-09,-15.43,0.05,-12.672857142857142,9,-6.800666666666667,
1991-01-10,-12.02,3.85,-11.215714285714284,10,-6.191666666666666,
1991-01-11,-7.41,1.46,-9.212857142857143,11,-5.321666666666667,
1991-01-12,-12.26,0.02,-8.945714285714285,12,-6.834333333333333,
1991-01-13,-5.97,0.0,-7.924285714285714,13,-7.807,
1991-01-14,-3.54,0.0,-7.392857142857143,14,-7.033666666666666,
1991-01-15,-5.99,0.18,-7.038571428571428,15,-8.241333333333333,
1991-01-16,-8.28,0.02,-5.425714285714286,16,-7.281666666666666,
1991-01-17,-8.3,0.02,-6.0842857142857145,17,-7.789,
1991-01-18,-4.93,0.08,-8.207142857142857,18,-8.385333333333334,
1991-01-19,-0.97,0.02,-8.725714285714286,19,-7.801,
1991-01-20,-10.58,0.01,-8.592857142857143,20,-7.862,
1991-01-21,-18.4,0.0,-9.46142857142857,21,-6.818,
1991-01-22,-9.62,0.13,-10.617142857142857,22,-5.656000000000001,
1991-01-23,-7.35,0.0,-11.97,23,-6.655666666666667,
1991-01-24,-14.38,0.37,-11.532857142857143,24,-7.19,
1991-01-25,-13.02,0.44,-10.104285714285714,25,-6.602666666666667,
1991-01-26,-10.44,0.02,-10.912857142857144,26,-5.616333333333333,
1991-01-27,-7.52,0.02,-11.62,27,-6.115666666666667,
1991-01-28,-8.4,0.27,-10.734285714285715,28,-5.8726666666666665,
1991-01-29,-15.28,0.39,-9.345714285714285,29,-7.1626666666666665,
1991-01-30,-12.3,0.0,-7.787142857142858,30,-7.257000000000001,
1991-01-31,-8.18,0.0,-6.28,31,-5.312333333333333,
1991-02-01,-3.3,0.01,-4.671428571428572,32,-5.570666666666667,
1991-02-02,0.47,0.0,-2.1371428571428575,33,-5.598333333333333,
1991-02-03,3.03,0.0,-0.0028571428571427964,34,-5.522333333333333,
1991-02-04,2.86,0.0,1.407142857142857,35,-6.5696666666666665,
1991-02-05,2.46,0.0,2.2271428571428573,36,-5.671666666666667,
1991-02-06,2.64,0.0,2.467142857142857,37,-4.662999999999999,
1991-02-07,1.69,0.0,1.854285714285714,38,-5.294,
1991-02-08,2.44,0.0,1.02,39,-5.605333333333333,
1991-02-09,2.15,0.0,0.5885714285714284,40,-5.402333333333333,
1991-02-10,-1.26,0.0,0.41428571428571426,41,-5.548666666666667,
1991-02-11,-2.98,0.15,-1.0214285714285714,42,-5.828,
1991-02-12,-0.56,0.0,-3.258571428571429,43,-5.614,
1991-02-13,1.42,0.0,-4.0128571428571425,44,-4.276333333333333,
1991-02-14,-8.36,0.0,-3.718571428571429,45,-4.116666666666666,
1991-02-15,-13.22,0.0,-3.2485714285714287,46,-5.044,
1991-02-16,-3.13,0.0,-3.457142857142857,47,-4.468,
1991-02-17,0.8,0.23,-3.2342857142857144,48,-2.9069999999999996,
1991-02-18,0.31,3.74,-1.2685714285714287,49,-2.4276666666666666,
1991-02-19,-2.02,0.01,0.3514285714285714,50,-2.2693333333333334,
1991-02-20,2.98,0.0,0.5714285714285714,51,-1.5713333333333332,
1991-02-21,5.4,0.0,-0.2214285714285714,52,-2.385,
1991-02-22,-1.88,0.0,-1.2642857142857142,53,-1.8993333333333333,
1991-02-23,-1.59,0.0,-1.5442857142857143,54,-2.289,
1991-02-24,-4.75,0.0,-2.162857142857143,55,-2.667333333333333,
1991-02-25,-6.99,0.01,-2.528571428571429,56,-3.2760000000000002,
1991-02-26,-3.98,0.18,-1.2657142857142858,57,-3.2516666666666665,
1991-02-27,-1.35,0.0,-1.5271428571428574,58,-3.3603333333333336,
1991-02-28,2.84,0.0,-1.445714285714286,59,-2.131666666666667,
1991-03-01,6.96,27.48,-0.29857142857142865,61,-1.5816666666666666,
1991-03-02,-3.42,2.58,1.2585714285714285,62,-3.1626666666666665,
1991-03-03,-4.18,0.0,1.207142857142857,63,-2.8819999999999997,
1991-03-04,1.04,0.12,0.4857142857142855,64,-1.1363333333333332,
1991-03-05,6.92,0.0,-0.3328571428571429,65,-0.13566666666666655,
1991-03-06,-1.71,0.0,0.1285714285714285,66,0.4623333333333332,
1991-03-07,-2.21,0.0,1.1899999999999997,67,0.44066666666666665,
1991-03-08,1.23,0.05,1.967142857142857,68,0.748,
1991-03-09,-0.19,0.0,1.27,69,-0.33833333333333326,
1991-03-10,3.25,0.0,1.32,70,0.44,
1991-03-11,6.48,0.95,1.3399999999999999,71,0.871,
1991-03-12,2.04,21.84,1.23,72,1.326,
1991-03-13,-1.36,1.32,1.6528571428571428,73,2.741,
1991-03-14,-2.07,0.0,1.5500000000000003,74,2.949333333333333,
1991-03-15,0.46,2.59,1.3028571428571427,75,2.875,
1991-03-16,2.77,6.74,1.937142857142857,76,3.725333333333333,
1991-03-17,2.53,11.29,3.564285714285714,77,3.746,
1991-03-18,4.75,0.2,5.361428571428571,78,3.3153333333333337,
1991-03-19,6.48,0.0,6.7700000000000005,79,3.641,
1991-03-20,10.03,1.63,6.982857142857143,80,3.9993333333333334,
1991-03-21,10.51,1.89,7.678571428571429,81,3.7106666666666666,
1991-03-22,10.32,19.39,8.475714285714286,82,4.115666666666667,
1991-03-23,4.26,4.69,10.014285714285714,83,4.760000000000001,
1991-03-24,7.4,0.0,9.805714285714286,84,4.697,
1991-03-25,10.33,0.02,8.561428571428571,85,4.338333333333334,
1991-03-26,17.25,6.75,6.7700000000000005,86,5.436999999999999,
1991-03-27,8.57,9.28,6.29,87,5.832666666666666,
1991-03-28,1.8,0.0,6.08,88,5.482,
1991-03-29,-2.22,0.0,5.6642857142857155,89,6.0793333333333335,
1991-03-30,0.9,0.2,4.57,90,7.23,
1991-03-31,5.93,0.0,4.894285714285714,91,6.647,
1991-04-01,7.42,0.0,6.615714285714286,92,6.444999999999999,
1991-04-02,9.59,0.0,9.235714285714286,93,7.316,
1991-04-03,10.84,0.08,11.642857142857142,94,6.646333333333333,
1991-04-04,13.85,0.01,13.395714285714286,95,5.5616666666666665,
1991-04-05,16.12,0.0,14.409999999999998,96,7.396,
1991-04-06,17.75,0.0,13.608571428571429,97,7.986666666666666,
1991-04-07,18.2,4.93,12.857142857142858,98,7.6353333333333335,
1991-04-08,14.52,22.94,11.664285714285715,99,7.1129999999999995,
1991-04-09,3.98,0.14,10.554285714285713,100,7.235333333333333,
1991-04-10,5.58,1.18,9.5,101,8.195333333333334,
1991-04-11,5.5,27.04,8.274285714285714,102,8.320666666666666,
1991-04-12,8.35,11.67,7.262857142857143,103,7.707,
1991-04-13,10.37,15.12,7.75,104,8.866999999999999,
1991-04-14,9.62,16.19,8.321428571428571,105,10.045666666666667,
1991-04-15,7.44,0.01,8.508571428571429,106,10.124,
1991-04-16,7.39,0.62,8.391428571428571,107,9.499666666666666,
1991-04-17,9.58,1.24,8.058571428571428,108,10.244666666666665,
1991-04-18,6.81,32.85,7.777142857142857,109,11.613333333333333,
1991-04-19,7.53,3.09,7.9799999999999995,110,10.836666666666668,
1991-04-20,8.04,0.4,7.847142857142857,111,9.832666666666666,
1991-04-21,7.65,0.05,7.952857142857143,112,10.340333333333332,
1991-04-22,8.86,3.78,8.62142857142857,113,10.793333333333333,
1991-04-23,6.46,0.19,9.754285714285714,114,11.044,
1991-04-24,10.32,0.13,10.694285714285714,115,12.153666666666668,
1991-04-25,11.49,4.48,11.677142857142856,116,11.603666666666667,
1991-04-26,15.46,9.4,12.56,117,11.013333333333332,
1991-04-27,14.62,23.71,13.054285714285713,118,10.667666666666666,
1991-04-28,14.53,4.51,12.854285714285712,119,11.247333333333334,
1991-04-29,15.04,10.62,12.707142857142857,120,11.810666666666666,
1991-04-30,9.92,0.03,11.87142857142857,121,12.266666666666667,
1991-05-01,8.92,0.0,11.788571428571428,122,12.117666666666667,
1991-05-02,10.46,0.28,10.805714285714286,123,12.065333333333335,
1991-05-03,9.61,6.5,9.627142857142857,124,12.464333333333334,
1991-05-04,14.04,3.77,9.597142857142858,125,13.715666666666667,
1991-05-05,7.65,26.21,10.540000000000001,126,14.700666666666667,
1991-05-06,6.79,0.08,11.647142857142857,127,15.049333333333333,
1991-05-07,9.71,0.09,12.998571428571427,128,15.288,
1991-05-08,15.52,0.92,14.030000000000001,129,15.648,
1991-05-09,18.21,0.01,15.961428571428572,130,15.424000000000001,
1991-05-10,19.07,0.01,18.18857142857143,131,15.732666666666667,
1991-05-11,21.26,0.27,19.867142857142856,132,14.824666666666667,
1991-05-12,21.17,0.95,20.548571428571428,133,13.698666666666666,
1991-05-13,22.38,0.74,21.02,134,13.713333333333335,
1991-05-14,21.46,11.14,21.084285714285716,135,14.930666666666667,
1991-05-15,20.29,20.18,19.78142857142857,136,15.792666666666666,
1991-05-16,21.51,12.97,18.852857142857143,137,16.949,
1991-05-17,19.52,16.17,18.237142857142857,138,16.96,
1991-05-18,12.14,0.75,18.361428571428572,139,16.109666666666666,
1991-05-19,14.67,0.05,18.647142857142857,140,16.488666666666667,
1991-05-20,18.07,1.78,18.674285714285713,141,16.082666666666668,
1991-05-21,22.33,6.97,18.95285714285714,142,16.447666666666667,
1991-05-22,22.29,1.97,20.162857142857142,143,17.717666666666666,
1991-05-23,21.7,1.29,21.147142857142857,144,17.689,
1991-05-24,21.47,1.93,22.021428571428572,145,17.377,
1991-05-25,20.61,8.38,22.45428571428571,146,16.985,
1991-05-26,21.56,0.32,22.667142857142856,147,17.367,
1991-05-27,24.19,1.6,22.807142857142857,148,18.245,
1991-05-28,25.36,8.04,23.055714285714288,149,18.587,
1991-05-29,23.78,15.46,23.478571428571428,150,19.214,
1991-05-30,22.68,9.34,23.854285714285712,151,19.67366666666667,
1991-05-31,23.21,10.27,23.881428571428568,152,18.76966666666667,
1991-06-01,23.57,8.8,23.051428571428573,153,18.962666666666667,
1991-06-02,24.19,1.86,22.22857142857143,154,18.642999999999997,
1991-06-03,24.38,30.26,21.511428571428574,155,19.017333333333333,
1991-06-04,19.55,14.63,20.858571428571427,156,19.663999999999998,
1991-06-05,18.02,0.36,20.312857142857144,157,20.015,
1991-06-06,17.66,0.06,19.994285714285716,158,20.389666666666667,
1991-06-07,18.64,0.0,19.524285714285714,159,21.124666666666666,
1991-06-08,19.75,0.15,19.83857142857143,160,20.57633333333333,
1991-06-09,21.96,3.33,20.664285714285715,161,20.773333333333333,
1991-06-10,21.09,4.93,21.521428571428572,162,21.00133333333333,
1991-06-11,21.75,0.41,22.407142857142855,163,21.526666666666664,
1991-06-12,23.8,0.99,22.787142857142857,164,21.44333333333333,
1991-06-13,23.66,16.56,22.47142857142857,165,21.556333333333335,
1991-06-14,24.84,20.12,22.397142857142857,166,21.331666666666667,
1991-06-15,22.41,6.89,22.490000000000002,167,21.750999999999998,
1991-06-16,19.75,0.0,22.45,168,21.923000000000002,
1991-06-17,20.57,0.02,22.377142857142854,169,22.441666666666666,
1991-06-18,22.4,0.04,21.97142857142857,170,22.617,
1991-06-19,23.52,0.29,21.34714285714286,171,22.067666666666664,
1991-06-20,23.15,2.68,21.132857142857144,172,22.64333333333333,
1991-06-21,22.0,2.11,21.27,173,22.711666666666666,
1991-06-22,18.04,0.07,21.43857142857143,174,22.692333333333334,
1991-06-23,18.25,0.06,21.744285714285713,175,22.369333333333334,
1991-06-24,21.53,0.03,22.121428571428574,176,22.28666666666667,
1991-06-25,23.58,0.03,22.62714285714286,177,22.715333333333334,
1991-06-26,25.66,0.01,23.802857142857142,178,22.841,
1991-06-27,25.79,0.0,24.918571428571425,179,23.119333333333334,
1991-06-28,25.54,0.01,25.387142857142855,180,22.435333333333332,
1991-06-29,26.27,0.0,25.270000000000003,181,22.72233333333333,
1991-06-30,26.06,2.39,24.532857142857146,182,23.016000000000002,
1991-07-01,24.81,1.83,23.88285714285714,183,22.925666666666665,
1991-07-02,22.76,0.0,23.59714285714286,184,22.494666666666667,
1991-07-03,20.5,0.2,23.332857142857144,185,23.086000000000002,
1991-07-04,21.24,0.06,22.970000000000002,186,23.35,
1991-07-05,23.54,0.12,22.222857142857144,187,23.333666666666666,
1991-07-06,24.42,1.45,21.797142857142855,188,23.908,
1991-07-07,23.52,0.32,21.947142857142858,189,23.91033333333333,
1991-07-08,19.58,2.12,22.23,190,23.716333333333335,
1991-07-09,19.78,2.85,22.21142857142857,191,23.563666666666666,
1991-07-10,21.55,1.92,21.66142857142857,192,23.58566666666667,
1991-07-11,23.22,5.1,21.305714285714284,193,23.475666666666665,
1991-07-12,23.41,0.36,21.722857142857144,194,23.613999999999997,
1991-07-13,20.57,0.0,22.391428571428573,195,23.775,
1991-07-14,21.03,0.0,22.897142857142857,196,23.750333333333334,
1991-07-15,22.5,0.0,23.072857142857142,197,24.091,
1991-07-16,24.46,0.01,23.25,198,24.48933333333333,
1991-07-17,25.09,0.0,24.101428571428574,199,25.218666666666667,
1991-07-18,24.45,0.0,24.974285714285713,200,25.182000000000002,
1991-07-19,24.65,0.72,25.44857142857143,201,25.142666666666667,
1991-07-20,26.53,0.51,24.914285714285715,202,24.688333333333333,
1991-07-21,27.14,0.21,24.3,203,24.159,
1991-07-22,25.82,1.74,23.442857142857143,204,24.09733333333333,
1991-07-23,20.72,0.01,22.61285714285714,205,23.634999999999998,
1991-07-24,20.79,0.0,21.74142857142857,206,23.958333333333332,
1991-07-25,18.45,0.0,20.638571428571428,207,24.35666666666667,
1991-07-26,18.84,0.0,19.594285714285714,208,23.784333333333333,
1991-07-27,20.43,6.73,19.714285714285715,209,23.436333333333334,
1991-07-28,19.42,12.56,20.04,210,23.39466666666667,
1991-07-29,18.51,0.09,20.958571428571428,211,22.936333333333334,
1991-07-30,21.56,0.52,21.692857142857143,212,23.407333333333334,
1991-07-31,23.07,0.78,22.004285714285714,213,23.882,
1991-08-01,24.88,0.01,21.96857142857143,214,24.038,
1991-08-02,23.98,0.3,21.84,215,23.786,
1991-08-03,22.61,0.02,21.68285714285714,216,23.788333333333334,
1991-08-04,19.17,1.5,21.84714285714286,217,23.070333333333334,
1991-08-05,17.61,10.64,21.527142857142856,218,22.095000000000002,
1991-08-06,20.46,5.99,20.84857142857143,219,22.555999999999997,
1991-08-07,24.22,34.18,20.458571428571428,220,23.384999999999998,
1991-08-08,22.64,12.6,20.664285714285715,221,23.405666666666665,
1991-08-09,19.23,0.05,21.25857142857143,222,23.939,
1991-08-10,19.88,1.44,21.33142857142857,223,23.015666666666668,
1991-08-11,20.61,0.0,20.914285714285715,224,22.470000000000002,
1991-08-12,21.77,0.82,20.888571428571428,225,22.623333333333335,
1991-08-13,20.97,0.02,21.335714285714285,226,22.243999999999996,
1991-08-14,21.3,0.0,21.585714285714285,227,21.991,
1991-08-15,22.46,0.0,21.442857142857143,228,21.821,
1991-08-16,22.36,6.02,20.681428571428572,229,22.473666666666666,
1991-08-17,21.63,1.0,20.28714285714286,230,22.349666666666668,
1991-08-18,19.61,4.24,20.384285714285713,231,22.279,
1991-08-19,16.44,0.0,20.43,232,21.826,
1991-08-20,18.21,1.21,20.361428571428572,233,21.703333333333333,
1991-08-21,21.98,3.11,20.751428571428573,234,22.387999999999998,
1991-08-22,22.78,0.01,21.695714285714285,235,22.672666666666665,
1991-08-23,21.88,5.39,23.138571428571428,236,22.886000000000003,
1991-08-24,24.36,0.01,24.284285714285712,237,23.147333333333332,
1991-08-25,26.22,0.01,24.867142857142856,238,22.886333333333333,
1991-08-26,26.54,0.0,25.20285714285714,239,23.105999999999998,
1991-08-27,26.23,0.0,25.49142857142857,240,23.144333333333336,
1991-08-28,26.06,0.05,25.18142857142857,241,22.774333333333335,
1991-08-29,25.13,3.54,24.505714285714284,242,22.189,
1991-08-30,23.9,8.66,24.057142857142853,243,21.733333333333334,
1991-08-31,22.19,0.0,23.48,244,21.302666666666667,
1991-09-01,21.49,0.04,22.240000000000002,245,21.451,
1991-09-02,23.4,1.61,21.381428571428575,246,22.022333333333332,
1991-09-03,22.19,0.9,21.201428571428572,247,21.276666666666664,
1991-09-04,17.38,0.0,21.428571428571427,248,21.00433333333333,
1991-09-05,19.12,0.41,21.785714285714285,249,21.005666666666666,
1991-09-06,22.64,0.17,22.104285714285716,250,21.192666666666664,
1991-09-07,23.78,2.42,21.95428571428571,251,20.137,
1991-09-08,23.99,7.14,22.74857142857143,252,19.12933333333333,
1991-09-09,25.63,2.42,23.524285714285714,253,19.55933333333333,
1991-09-10,21.14,0.86,23.80857142857143,254,19.197,
1991-09-11,22.94,12.53,23.75,255,19.569333333333336,
1991-09-12,24.55,18.63,23.618571428571425,256,19.301,
1991-09-13,24.63,4.44,22.238571428571426,257,18.745333333333335,
1991-09-14,23.37,9.24,21.292857142857144,258,17.874333333333333,
1991-09-15,23.07,3.96,19.174285714285713,259,18.199666666666666,
1991-09-16,15.97,0.02,16.524285714285714,260,18.276999999999997,
1991-09-17,14.52,2.52,14.241428571428571,261,18.257,
1991-09-18,8.11,0.73,12.577142857142858,262,17.91466666666667,
1991-09-19,6.0,0.0,11.008571428571429,263,17.648333333333333,
1991-09-20,8.65,0.02,10.284285714285714,264,17.333666666666666,
1991-09-21,11.72,0.0,9.787142857142857,265,16.50766666666667,
1991-09-22,12.09,0.01,10.34142857142857,266,15.752999999999998,
1991-09-23,10.9,0.19,10.894285714285715,267,15.840666666666666,
1991-09-24,11.04,0.17,11.081428571428571,268,15.879666666666667,
1991-09-25,11.99,0.0,11.040000000000001,269,16.085666666666665,
1991-09-26,9.87,0.02,11.83,270,15.628000000000002,
1991-09-27,9.96,0.17,12.365714285714287,271,15.453666666666667,
1991-09-28,11.43,0.0,13.117142857142856,272,14.340333333333332,
1991-09-29,17.62,0.0,13.774285714285714,273,15.011,
1991-09-30,14.65,0.07,13.805714285714286,274,15.565,
1991-10-01,16.3,0.02,13.517142857142858,275,14.964666666666666,
1991-10-02,16.59,1.5,12.642857142857142,276,14.025,
1991-10-03,10.09,9.26,10.718571428571428,277,13.937999999999999,
1991-10-04,7.94,20.83,9.941428571428572,278,12.959333333333335,
1991-10-05,5.31,0.14,9.544285714285715,279,13.216666666666667,
1991-10-06,4.15,0.01,9.054285714285713,280,13.280666666666667,
1991-10-07,9.21,0.01,9.29857142857143,281,13.126,
1991-10-08,13.52,0.0,10.26857142857143,282,13.387,
1991-10-09,13.16,0.0,10.927142857142858,283,12.320333333333334,
1991-10-10,11.8,0.0,11.894285714285713,284,11.544666666666666,
1991-10-11,14.73,0.0,11.594285714285714,285,12.015333333333333,
1991-10-12,9.92,0.0,10.31857142857143,286,11.498666666666667,
1991-10-13,10.92,0.03,10.299999999999999,287,10.771666666666667,
1991-10-14,7.11,0.0,10.62142857142857,288,10.437000000000001,
1991-10-15,4.59,0.0,9.024285714285714,289,10.093333333333334,
1991-10-16,13.03,0.02,7.978571428571429,290,10.100999999999999,
1991-10-17,14.05,0.0,7.414285714285714,291,10.468,
1991-10-18,3.55,0.37,8.122857142857143,292,9.365,
1991-10-19,2.6,0.0,9.961428571428572,293,9.306333333333333,
1991-10-20,6.97,0.0,10.41,294,9.620000000000001,
1991-10-21,12.07,0.01,9.867142857142857,295,9.548333333333334,
1991-10-22,17.46,0.09,10.19857142857143,296,9.428333333333335,
1991-10-23,16.17,7.32,11.227142857142857,297,9.361666666666668,
1991-10-24,10.25,14.7,11.777142857142858,298,8.323333333333332,
1991-10-25,5.87,0.63,12.045714285714286,299,8.220666666666666,
1991-10-26,9.8,12.26,9.907142857142858,300,7.387333333333333,
1991-10-27,10.82,1.61,7.258571428571429,301,6.560333333333333,
1991-10-28,13.95,9.33,5.524285714285715,302,7.194333333333334,
1991-10-29,2.49,0.32,4.297142857142858,303,7.574,
1991-10-30,-2.37,0.23,1.4814285714285713,304,6.771333333333333,
1991-10-31,-1.89,29.73,-1.912857142857143,305,5.3613333333333335,
1991-11-01,-2.72,19.25,-6.281428571428571,306,5.837000000000001,
1991-11-02,-9.91,0.28,-7.107142857142857,307,4.904,
1991-11-03,-12.94,0.05,-8.458571428571428,308,5.098666666666667,
1991-11-04,-16.63,0.02,-10.98857142857143,309,5.049,
1991-11-05,-3.29,1.74,-12.68142857142857,310,5.129666666666666,
1991-11-06,-11.83,1.8,-11.997142857142858,311,4.361666666666666,
1991-11-07,-19.6,0.19,-10.650000000000002,312,3.850333333333333,
1991-11-08,-14.57,0.0,-8.782857142857143,313,4.254666666666667,
1991-11-09,-5.12,0.02,-8.705714285714286,314,4.613333333333333,
1991-11-10,-3.51,0.07,-6.924285714285714,315,3.4196666666666666,
1991-11-11,-3.56,0.59,-3.392857142857143,316,1.9046666666666667,
1991-11-12,-2.75,0.13,-0.76,317,1.7046666666666668,
1991-11-13,0.64,0.02,0.11857142857142862,318,2.5083333333333333,
1991-11-14,5.12,3.56,1.4985714285714287,319,2.8676666666666666,
1991-11-15,3.86,0.68,3.0042857142857144,320,2.585,
1991-11-16,1.03,0.77,4.022857142857143,321,2.494,
1991-11-17,6.15,13.38,4.372857142857143,322,2.942333333333333,
1991-11-18,6.98,0.34,4.045714285714285,323,2.783666666666667,
1991-11-19,4.38,1.39,3.3871428571428575,324,2.183666666666667,
1991-11-20,3.09,0.0,2.4314285714285715,325,1.4466666666666665,
1991-11-21,2.83,1.06,0.29000000000000015,326,1.0430000000000001,
1991-11-22,-0.75,6.96,-2.2885714285714287,327,1.2656666666666667,
1991-11-23,-5.66,5.2,-3.6514285714285712,328,0.8053333333333333,
1991-11-24,-8.84,0.02,-4.2057142857142855,329,0.4036666666666667,
1991-11-25,-11.07,0.62,-4.994285714285714,330,0.2166666666666667,
1991-11-26,-5.16,3.84,-4.805714285714285,331,-0.3006666666666667,
1991-11-27,-0.79,0.81,-4.822857142857143,332,-0.6473333333333334,
1991-11-28,-2.69,3.88,-4.8,333,0.04299999999999997,
1991-11-29,0.57,7.24,-4.337142857142857,334,-0.1753333333333333,
1991-11-30,-5.78,0.24,-5.2942857142857145,335,-1.3270000000000002,
1991-12-01,-8.68,0.13,-7.24,336,-1.3359999999999999,
1991-12-02,-7.83,1.24,-7.665714285714286,337,-0.9176666666666667,
1991-12-03,-11.86,0.63,-8.151428571428571,338,-1.3096666666666665,
1991-12-04,-14.41,0.01,-7.1000000000000005,339,-1.384,
1991-12-05,-5.67,0.1,-5.652857142857142,340,-2.7996666666666665,
1991-12-06,-2.83,0.0,-4.605714285714285,341,-3.5756666666666663,
1991-12-07,1.58,0.01,-2.787142857142857,342,-3.7616666666666663,
1991-12-08,1.45,0.02,-0.5942857142857143,343,-3.6540000000000004,
1991-12-09,-0.5,0.0,0.5742857142857142,344,-4.117666666666667,
1991-12-10,0.87,0.0,0.9185714285714285,345,-3.7346666666666666,
1991-12-11,0.94,0.75,0.10428571428571422,346,-3.7763333333333335,
1991-12-12,2.51,20.29,-1.0942857142857145,347,-3.5260000000000002,
1991-12-13,-0.42,0.54,-1.355714285714286,348,-2.4756666666666667,
1991-12-14,-4.12,0.0,-1.9942857142857144,349,-3.1086666666666667,
1991-12-15,-6.94,0.01,-3.79,350,-3.9536666666666664,
1991-12-16,-2.33,0.0,-5.198571428571428,351,-4.115,
1991-12-17,-3.6,0.0,-5.414285714285714,352,-4.723333333333333,
1991-12-18,-11.63,0.0,-5.471428571428571,353,-4.670333333333334,
1991-12-19,-7.35,2.51,-4.724285714285714,354,-5.029,
1991-12-20,-1.93,11.91,-4.8100000000000005,355,-4.147,
1991-12-21,-4.52,0.3,-4.8342857142857145,356,-4.393,
1991-12-22,-1.71,1.18,-3.708571428571428,357,-4.798,
1991-12-23,-2.93,3.8,-3.2114285714285713,358,-5.59,
1991-12-24,-3.77,0.0,-3.545714285714286,359,-6.833333333333333,
1991-12-25,-3.75,0.0,-3.1514285714285712,360,-5.871333333333333,
1991-12-26,-3.87,0.0,-3.1557142857142857,361,-4.98,
1991-12-27,-4.27,0.06,-3.005714285714286,362,-4.514666666666667,
1991-12-28,-1.76,0.04,-2.6814285714285715,363,-4.012666666666666,
1991-12-29,-1.74,0.04,-2.3857142857142857,364,-5.275666666666667,
1991-12-30,-1.88,0.22,-1.937142857142857,365,-4.824666666666667,
1991-12-31,-1.5,0.31,-1.3528571428571428,366,-6.896333333333333,
1992-01-01,-1.68,1.4,-1.397142857142857,1,-7.254666666666667,
1992-01-02,-0.73,0.36,-1.2799999999999998,2,-6.669333333333333,
1992-01-03,-0.18,0.47,-0.9985714285714284,3,-6.372,
1992-01-04,-2.07,0.41,-0.5942857142857143,4,-7.632000000000001,
1992-01-05,-0.92,0.89,-0.08714285714285712,5,-7.3629999999999995,
1992-01-06,0.09,0.19,-0.8428571428571427,6,-7.612666666666667,
1992-01-07,1.33,1.69,-1.4957142857142856,7,-7.635666666666666,
1992-01-08,1.87,2.08,-1.1714285714285713,8,-6.3966666666666665,
1992-01-09,-6.02,0.37,-0.9285714285714286,9,-6.800666666666667,
1992-01-10,-4.75,0.35,-1.7157142857142857,10,-6.191666666666666,
1992-01-11,0.2,0.09,-2.937142857142857,11,-5.321666666666667,
1992-01-12,0.78,8.95,-5.577142857142857,12,-6.834333333333333,
1992-01-13,-5.42,0.24,-5.752857142857143,13,-7.807,
1992-01-14,-7.22,1.22,-6.232857142857142,14,-7.033666666666666,
1992-01-15,-16.61,2.03,-8.23,15,-8.241333333333333,
1992-01-16,-7.25,0.08,-9.195714285714287,16,-7.281666666666666,
1992-01-17,-8.11,0.07,-8.684285714285714,17,-7.789,
1992-01-18,-13.78,0.0,-7.6257142857142854,18,-8.385333333333334,
1992-01-19,-5.98,0.0,-5.142857142857143,19,-7.801,
1992-01-20,-1.84,0.25,-4.551428571428572,20,-7.862,
1992-01-21,0.19,1.57,-4.652857142857143,21,-6.818,
1992-01-22,0.77,5.34,-3.517142857142857,22,-5.656000000000001,
1992-01-23,-3.11,0.04,-3.0985714285714288,23,-6.655666666666667,
1992-01-24,-8.82,1.52,-3.4528571428571424,24,-7.19,
1992-01-25,-5.83,0.05,-4.09,25,-6.602666666666667,
1992-01-26,-3.05,0.01,-4.2057142857142855,26,-5.616333333333333,
1992-01-27,-4.32,0.0,-3.6814285714285715,27,-6.115666666666667,
1992-01-28,-4.27,0.09,-2.3114285714285714,28,-5.8726666666666665,
1992-01-29,-0.04,0.02,-1.4528571428571428,29,-7.1626666666666665,
1992-01-30,0.56,0.02,-0.6385714285714286,30,-7.257000000000001,
1992-01-31,0.77,0.0,0.6385714285714287,31,-5.312333333333333,
1992-02-01,0.18,0.0,1.0842857142857143,32,-5.570666666666667,
1992-02-02,2.65,0.0,1.1214285714285714,33,-5.598333333333333,
1992-02-03,4.62,0.0,1.11,34,-5.522333333333333,
1992-02-04,-1.15,0.0,0.5242857142857142,35,-6.5696666666666665,
1992-02-05,0.22,0.0,-0.7085714285714284,36,-5.671666666666667,
1992-02-06,0.48,0.0,-2.107142857142857,37,-4.662999999999999,
1992-02-07,-3.33,0.01,-2.831428571428571,38,-5.294,
1992-02-08,-8.45,0.0,-3.6028571428571428,39,-5.605333333333333,
1992-02-09,-7.14,1.03,-4.451428571428571,40,-5.402333333333333,
1992-02-10,-0.45,2.56,-4.765714285714286,41,-5.548666666666667,
1992-02-11,-6.55,0.06,-4.352857142857142,42,-5.828,
1992-02-12,-5.72,0.05,-3.1285714285714286,43,-5.614,
1992-02-13,-1.72,0.91,-2.0085714285714285,44,-4.276333333333333,
1992-02-14,-0.44,14.7,-1.8114285714285714,45,-4.116666666666666,
1992-02-15,0.12,2.36,-0.8028571428571428,46,-5.044,
1992-02-16,0.7,0.78,-0.13428571428571429,47,-4.468,
1992-02-17,0.93,9.51,0.17142857142857143,48,-2.9069999999999996,
1992-02-18,0.51,2.47,0.05285714285714284,49,-2.4276666666666666,
1992-02-19,-1.04,0.05,0.2414285714285714,50,-2.2693333333333334,
1992-02-20,0.42,0.0,0.45285714285714285,51,-1.5713333333333332,
1992-02-21,-1.27,0.0,0.24285714285714288,52,-2.385,
1992-02-22,1.44,0.0,-0.25571428571428567,53,-1.8993333333333333,
1992-02-23,2.18,1.24,0.09000000000000005,54,-2.289,
1992-02-24,-0.54,0.76,0.54,55,-2.667333333333333,
1992-02-25,-2.98,0.0,1.4242857142857144,56,-3.2760000000000002,
1992-02-26,1.38,0.0,1.7585714285714287,57,-3.2516666666666665,
1992-02-27,3.57,0.0,2.73,58,-3.3603333333333336,
1992-02-28,4.92,0.0,4.08,59,-2.131666666666667,
1992-02-29,3.78,0.01,5.772857142857142,60,1.94125,
1992-03-01,8.98,0.01,7.045714285714285,61,-1.5816666666666666,
1992-03-02,8.91,0.15,8.188571428571429,62,-3.1626666666666665,
1992-03-03,8.87,0.16,9.092857142857143,63,-2.8819999999999997,
1992-03-04,10.29,6.88,9.861428571428572,64,-1.1363333333333332,
1992-03-05,11.57,12.39,10.195714285714285,65,-0.13566666666666655,
1992-03-06,11.25,6.01,9.118571428571428,66,0.4623333333333332,
1992-03-07,9.16,0.21,6.9142857142857155,67,0.44066666666666665,
1992-03-08,11.32,6.05,5.0600000000000005,68,0.748,
1992-03-09,1.37,5.01,2.767142857142858,69,-0.33833333333333326,
1992-03-10,-6.56,0.0,0.8742857142857144,70,0.44,
1992-03-11,-2.69,0.8,-0.3971428571428571,71,0.871,
1992-03-12,-4.48,0.22,-2.1471428571428572,72,1.326,
1992-03-13,-2.0,0.54,-1.7228571428571426,73,2.741,
1992-03-14,0.26,0.17,-0.5771428571428572,74,2.949333333333333,
1992-03-15,-0.93,0.05,-0.21857142857142858,75,2.875,
1992-03-16,4.34,0.05,0.6814285714285715,76,3.725333333333333,
1992-03-17,1.46,0.07,1.292857142857143,77,3.746,
1992-03-18,-0.18,0.33,1.3585714285714285,78,3.3153333333333337,
1992-03-19,1.82,0.01,1.4428571428571428,79,3.641,
1992-03-20,2.28,1.38,1.52,80,3.9993333333333334,
1992-03-21,0.72,1.71,2.2514285714285713,81,3.7106666666666666,
1992-03-22,-0.34,0.0,3.0900000000000003,82,4.115666666666667,
1992-03-23,4.88,0.01,2.9214285714285713,83,4.760000000000001,
1992-03-24,6.58,0.0,2.8314285714285714,84,4.697,
1992-03-25,5.69,0.0,2.9899999999999998,85,4.338333333333334,
1992-03-26,0.64,0.07,3.7085714285714286,86,5.436999999999999,
1992-03-27,1.65,1.3,3.7300000000000004,87,5.832666666666666,
1992-03-28,1.83,14.43,3.051428571428571,88,5.482,
1992-03-29,4.69,1.84,1.987142857142857,89,6.0793333333333335,
1992-03-30,5.03,0.05,2.0171428571428573,90,7.23,
1992-03-31,1.83,0.01,2.6942857142857144,91,6.647,
1992-04-01,-1.76,0.0,3.1385714285714283,92,6.444999999999999,
1992-04-02,0.85,0.0,3.682857142857143,93,7.316,
1992-04-03,6.39,0.01,4.7542857142857144,94,6.646333333333333,
1992-04-04,4.94,0.0,6.0457142857142845,95,5.5616666666666665,
1992-04-05,8.5,0.0,7.32142857142857,96,7.396,
1992-04-06,12.53,2.37,8.302857142857142,97,7.986666666666666,
1992-04-07,10.87,4.59,9.225714285714286,98,7.6353333333333335,
1992-04-08,7.17,3.06,9.512857142857142,99,7.1129999999999995,
1992-04-09,7.72,0.53,8.272857142857143,100,7.235333333333333,
1992-04-10,12.85,2.09,7.1571428571428575,101,8.195333333333334,
1992-04-11,6.95,0.01,7.142857142857143,102,8.320666666666666,
1992-04-12,-0.18,0.13,8.584285714285715,103,7.707,
1992-04-13,4.72,0.94,9.038571428571428,104,8.866999999999999,
1992-04-14,10.77,1.41,8.542857142857143,105,10.045666666666667,
1992-04-15,17.26,9.73,9.601428571428572,106,10.124,
1992-04-16,10.9,2.2,11.417142857142858,107,9.499666666666666,
1992-04-17,9.38,0.7,11.541428571428572,108,10.244666666666665,
1992-04-18,14.36,15.8,10.299999999999999,109,11.613333333333333,
1992-04-19,12.53,12.61,8.285714285714286,110,10.836666666666668,
1992-04-20,5.59,19.43,7.388571428571429,111,9.832666666666666,
1992-04-21,2.08,2.33,6.8585714285714285,112,10.340333333333332,
1992-04-22,3.16,0.25,5.351428571428571,113,10.793333333333333,
1992-04-23,4.62,9.0,4.3585714285714285,114,11.044,
1992-04-24,5.67,1.98,4.502857142857144,115,12.153666666666668,
1992-04-25,3.81,0.01,5.704285714285715,116,11.603666666666667,
1992-04-26,5.58,0.0,7.655714285714285,117,11.013333333333332,
1992-04-27,6.6,0.01,9.87857142857143,118,10.667666666666666,
1992-04-28,10.49,0.05,12.105714285714285,119,11.247333333333334,
1992-04-29,16.82,0.03,13.768571428571429,120,11.810666666666666,
1992-04-30,20.18,0.0,14.804285714285713,121,12.266666666666667,
1992-05-01,21.26,0.03,15.702857142857143,122,12.117666666666667,
1992-05-02,15.45,0.0,15.445714285714287,123,12.065333333333335,
1992-05-03,12.83,0.0,14.547142857142857,124,12.464333333333334,
1992-05-04,12.89,0.04,13.47857142857143,125,13.715666666666667,
1992-05-05,8.69,0.0,12.58,126,14.700666666666667,
1992-05-06,10.53,0.0,12.927142857142856,127,15.049333333333333,
1992-05-07,12.7,0.0,13.855714285714285,128,15.288,
1992-05-08,14.97,0.0,14.76142857142857,129,15.648,
1992-05-09,17.88,0.3,16.04,130,15.424000000000001,
1992-05-10,19.33,0.33,16.288571428571426,131,15.732666666666667,
1992-05-11,19.23,1.76,16.61,132,14.824666666666667,
1992-05-12,17.64,0.07,16.864285714285714,133,13.698666666666666,
1992-05-13,12.27,0.07,17.22714285714286,134,13.713333333333335,
1992-05-14,14.95,0.48,16.85857142857143,135,14.930666666666667,
1992-05-15,16.75,0.97,16.425714285714285,136,15.792666666666666,
1992-05-16,20.42,8.9,16.664285714285715,137,16.949,
1992-05-17,16.75,1.27,18.01,138,16.96,
1992-05-18,16.2,0.04,18.75142857142857,139,16.109666666666666,
1992-05-19,19.31,0.01,19.268571428571427,140,16.488666666666667,
1992-05-20,21.69,0.65,18.184285714285714,141,16.082666666666668,
1992-05-21,20.14,2.39,17.385714285714286,142,16.447666666666667,
1992-05-22,20.37,5.11,16.080000000000002,143,17.717666666666666,
1992-05-23,12.83,0.36,14.604285714285712,144,17.689,
1992-05-24,11.16,0.1,13.111428571428572,145,17.377,
1992-05-25,7.06,15.78,12.138571428571428,146,16.985,
1992-05-26,8.98,0.08,11.358571428571427,147,17.367,
1992-05-27,11.24,0.0,11.965714285714284,148,18.245,
1992-05-28,13.33,0.0,12.912857142857144,149,18.587,
1992-05-29,14.91,0.0,14.332857142857142,150,19.214,
1992-05-30,17.08,0.0,15.798571428571426,151,19.67366666666667,
1992-05-31,17.79,0.06,17.037142857142857,152,18.76966666666667,
1992-06-01,17.0,0.48,17.972857142857144,153,18.962666666666667,
1992-06-02,19.24,0.01,18.618571428571425,154,18.642999999999997,
1992-06-03,19.91,0.01,18.759999999999998,155,19.017333333333333,
1992-06-04,19.88,0.03,18.740000000000002,156,19.663999999999998,
1992-06-05,19.43,0.0,18.87,157,20.015,
1992-06-06,18.07,2.04,18.905714285714286,158,20.389666666666667,
1992-06-07,17.65,0.02,18.974285714285713,159,21.124666666666666,
1992-06-08,17.91,0.07,19.285714285714285,160,20.57633333333333,
1992-06-09,19.49,0.21,19.834285714285716,161,20.773333333333333,
1992-06-10,20.39,0.0,20.62,162,21.00133333333333,
1992-06-11,22.06,0.1,21.462857142857143,163,21.526666666666664,
1992-06-12,23.27,0.0,22.25857142857143,164,21.44333333333333,
1992-06-13,23.57,0.0,22.912857142857142,165,21.556333333333335,
1992-06-14,23.55,0.12,23.374285714285715,166,21.331666666666667,
1992-06-15,23.48,6.02,23.277142857142856,167,21.750999999999998,
1992-06-16,24.07,9.58,22.912857142857142,168,21.923000000000002,
1992-06-17,23.62,5.15,21.611428571428572,169,22.441666666666666,
1992-06-18,21.38,2.06,20.332857142857144,170,22.617,
1992-06-19,20.72,0.24,19.514285714285712,171,22.067666666666664,
1992-06-20,14.46,0.02,19.08571428571429,172,22.64333333333333,
1992-06-21,14.6,0.0,18.46,173,22.711666666666666,
1992-06-22,17.75,4.71,18.25,174,22.692333333333334,
1992-06-23,21.07,0.37,17.684285714285714,175,22.369333333333334,
1992-06-24,19.24,1.14,18.101428571428574,176,22.28666666666667,
1992-06-25,19.91,0.02,19.12714285714286,177,22.715333333333334,
1992-06-26,16.76,0.0,19.825714285714287,178,22.841,
1992-06-27,17.38,0.01,20.178571428571427,179,23.119333333333334,
1992-06-28,21.78,0.6,21.124285714285715,180,22.435333333333332,
1992-06-29,22.64,1.8,21.400000000000002,181,22.72233333333333,
1992-06-30,23.54,0.2,21.714285714285715,182,23.016000000000002,
1992-07-01,25.86,9.11,22.295714285714286,183,22.925666666666665,
1992-07-02,21.84,11.6,21.92285714285714,184,22.494666666666667,
1992-07-03,18.96,0.01,21.63,185,23.086000000000002,
1992-07-04,21.45,2.15,21.59714285714286,186,23.35,
1992-07-05,19.17,0.17,21.497142857142855,187,23.333666666666666,
1992-07-06,20.59,3.8,21.415714285714284,188,23.908,
1992-07-07,23.31,6.99,21.868571428571425,189,23.91033333333333,
1992-07-08,25.16,4.19,22.048571428571428,190,23.716333333333335,
1992-07-09,21.27,6.19,22.63571428571429,191,23.563666666666666,
1992-07-10,22.13,1.65,22.701428571428576,192,23.58566666666667,
1992-07-11,22.71,13.68,22.194285714285716,193,23.475666666666665,
1992-07-12,23.28,24.46,21.705714285714286,194,23.613999999999997,
1992-07-13,21.05,25.04,21.43285714285714,195,23.775,
1992-07-14,19.76,0.97,21.041428571428575,196,23.750333333333334,
1992-07-15,21.74,16.41,20.738571428571426,197,24.091,
1992-07-16,19.36,2.97,20.52857142857143,198,24.48933333333333,
1992-07-17,19.39,0.18,20.045714285714286,199,25.218666666666667,
1992-07-18,20.59,1.14,19.757142857142856,200,25.182000000000002,
1992-07-19,21.81,1.21,19.150000000000002,201,25.142666666666667,
1992-07-20,17.67,0.5,18.72,202,24.688333333333333,
1992-07-21,17.74,2.1,18.73,203,24.159,
1992-07-22,17.49,15.05,19.157142857142855,204,24.09733333333333,
1992-07-23,16.35,7.58,19.017142857142858,205,23.634999999999998,
1992-07-24,19.46,21.14,19.467142857142857,206,23.958333333333332,
1992-07-25,23.58,27.52,20.05,207,24.35666666666667,
1992-07-26,20.83,0.1,20.07857142857143,208,23.784333333333333,
1992-07-27,20.82,0.12,20.08142857142857,209,23.436333333333334,
1992-07-28,21.82,16.89,19.755714285714284,210,23.39466666666667,
1992-07-29,17.69,16.14,19.15285714285714,211,22.936333333333334,
1992-07-30,16.37,12.4,18.98428571428571,212,23.407333333333334,
1992-07-31,17.18,0.2,18.53,213,23.882,
1992-08-01,19.36,3.06,17.785714285714285,214,24.038,
1992-08-02,19.65,6.96,17.797142857142855,215,23.786,
1992-08-03,17.64,0.05,18.275714285714283,216,23.788333333333334,
1992-08-04,16.61,0.35,18.66857142857143,217,23.070333333333334,
1992-08-05,17.77,1.6,19.354285714285712,218,22.095000000000002,
1992-08-06,19.72,1.49,20.208571428571428,219,22.555999999999997,
1992-08-07,19.93,20.77,20.997142857142855,220,23.384999999999998,
1992-08-08,24.16,0.13,21.524285714285718,221,23.405666666666665,
1992-08-09,25.63,0.09,21.454285714285714,222,23.939,
1992-08-10,23.16,0.31,20.794285714285714,223,23.015666666666668,
1992-08-11,20.3,0.24,20.072857142857142,224,22.470000000000002,
1992-08-12,17.28,8.5,18.777142857142856,225,22.623333333333335,
1992-08-13,15.1,2.14,17.39857142857143,226,22.243999999999996,
1992-08-14,14.88,0.1,16.677142857142858,227,21.991,
1992-08-15,15.09,0.0,16.529999999999998,228,21.821,
1992-08-16,15.98,0.06,16.557142857142857,229,22.473666666666666,
1992-08-17,18.11,1.07,16.97714285714286,230,22.349666666666668,
1992-08-18,19.27,0.16,17.574285714285715,231,22.279,
1992-08-19,17.47,0.01,18.194285714285716,232,21.826,
1992-08-20,18.04,0.0,19.08285714285714,233,21.703333333333333,
1992-08-21,19.06,0.0,19.91142857142857,234,22.387999999999998,
1992-08-22,19.43,0.0,19.919999999999998,235,22.672666666666665,
1992-08-23,22.2,0.0,19.722857142857144,236,22.886000000000003,
1992-08-24,23.91,1.97,19.27285714285714,237,23.147333333333332,
1992-08-25,19.33,6.7,19.055714285714284,238,22.886333333333333,
1992-08-26,16.09,0.13,19.16857142857143,239,23.105999999999998,
1992-08-27,14.89,0.05,18.32,240,23.144333333333336,
1992-08-28,17.54,0.0,17.25857142857143,241,22.774333333333335,
1992-08-29,20.22,0.0,17.085714285714285,242,22.189,
1992-08-30,16.26,0.0,17.714285714285715,243,21.733333333333334,
1992-08-31,16.48,0.09,18.32,244,21.302666666666667,
1992-09-01,18.12,13.78,18.62,245,21.451,
1992-09-02,20.49,7.02,18.664285714285715,246,22.022333333333332,
1992-09-03,19.13,0.03,19.09857142857143,247,21.276666666666664,
1992-09-04,19.64,1.09,19.32857142857143,248,21.00433333333333,
1992-09-05,20.53,7.24,18.674285714285713,249,21.005666666666666,
1992-09-06,19.3,4.99,18.14142857142857,250,21.192666666666664,
1992-09-07,18.09,11.31,17.3,251,20.137,
1992-09-08,13.54,0.65,16.697142857142858,252,19.12933333333333,
1992-09-09,16.76,11.68,16.267142857142858,253,19.55933333333333,
1992-09-10,13.24,0.0,16.610000000000003,254,19.197,
1992-09-11,15.42,0.0,17.15285714285714,255,19.569333333333336,
1992-09-12,17.52,0.0,18.454285714285714,256,19.301,
1992-09-13,21.7,9.03,19.330000000000002,257,18.745333333333335,
1992-09-14,21.89,29.17,20.472857142857144,258,17.874333333333333,
1992-09-15,22.65,8.09,20.25142857142857,259,18.199666666666666,
1992-09-16,22.89,2.39,19.427142857142854,260,18.276999999999997,
1992-09-17,21.24,5.91,18.234285714285715,261,18.257,
1992-09-18,13.87,2.37,17.49857142857143,262,17.91466666666667,
1992-09-19,11.75,0.02,15.75,263,17.648333333333333,
1992-09-20,13.35,3.49,14.075714285714286,264,17.333666666666666,
1992-09-21,16.74,0.26,12.721428571428572,265,16.50766666666667,
1992-09-22,10.41,0.0,12.877142857142857,266,15.752999999999998,
1992-09-23,11.17,0.06,13.247142857142856,267,15.840666666666666,
1992-09-24,11.76,0.12,13.385714285714286,268,15.879666666666667,
1992-09-25,14.96,0.27,12.218571428571428,269,16.085666666666665,
1992-09-26,14.34,4.66,12.087142857142856,270,15.628000000000002,
1992-09-27,14.32,0.0,12.335714285714285,271,15.453666666666667,
1992-09-28,8.57,0.0,12.860000000000001,272,14.340333333333332,
1992-09-29,9.49,0.0,13.13142857142857,273,15.011,
1992-09-30,12.91,0.01,13.475714285714284,274,15.565,
1992-10-01,15.43,0.0,13.672857142857142,275,14.964666666666666,
1992-10-02,16.86,0.0,14.714285714285712,276,14.025,
1992-10-03,16.75,0.0,15.540000000000001,277,13.937999999999999,
1992-10-04,15.7,0.0,15.62142857142857,278,12.959333333333335,
1992-10-05,15.86,0.25,14.60142857142857,279,13.216666666666667,
1992-10-06,15.27,3.14,13.391428571428571,280,13.280666666666667,
1992-10-07,13.48,5.06,12.302857142857144,281,13.126,
1992-10-08,8.29,7.55,11.397142857142857,282,13.387,
1992-10-09,8.39,0.07,10.455714285714285,283,12.320333333333334,
1992-10-10,9.13,0.0,9.76,284,11.544666666666666,
1992-10-11,9.36,0.0,8.912857142857142,285,12.015333333333333,
1992-10-12,9.27,0.0,8.537142857142857,286,11.498666666666667,
1992-10-13,10.4,0.0,7.807142857142858,287,10.771666666666667,
1992-10-14,7.55,0.12,6.9399999999999995,288,10.437000000000001,
1992-10-15,5.66,0.7,5.721428571428572,289,10.093333333333334,
1992-10-16,3.28,0.08,4.7299999999999995,290,10.100999999999999,
1992-10-17,3.06,0.01,4.411428571428571,291,10.468,
1992-10-18,0.83,0.0,4.822857142857143,292,9.365,
1992-10-19,2.33,0.3,6.612857142857143,293,9.306333333333333,
1992-10-20,8.17,0.03,8.412857142857144,294,9.620000000000001,
1992-10-21,10.43,0.0,9.894285714285715,295,9.548333333333334,
1992-10-22,18.19,0.09,11.84142857142857,296,9.428333333333335,
1992-10-23,15.88,0.0,12.84857142857143,297,9.361666666666668,
1992-10-24,13.43,0.0,12.885714285714286,298,8.323333333333332,
1992-10-25,14.46,0.0,12.450000000000001,299,8.220666666666666,
1992-10-26,9.38,0.0,10.23,300,7.387333333333333,
1992-10-27,8.43,0.0,8.472857142857142,301,6.560333333333333,
1992-10-28,7.38,0.01,7.201428571428571,302,7.194333333333334,
1992-10-29,2.65,0.0,5.651428571428572,303,7.574,
1992-10-30,3.58,0.11,4.5042857142857144,304,6.771333333333333,
1992-10-31,4.53,15.49,3.174285714285714,305,5.3613333333333335,
1992-11-01,3.61,40.59,1.8300000000000003,306,5.837000000000001,
1992-11-02,1.35,4.01,1.0671428571428574,307,4.904,
1992-11-03,-0.88,0.08,0.018571428571428746,308,5.098666666666667,
1992-11-04,-2.03,0.01,-0.9599999999999999,309,5.049,
1992-11-05,-2.69,0.06,-1.1757142857142857,310,5.129666666666666,
1992-11-06,-3.76,0.01,-0.19142857142857114,311,4.361666666666666,
1992-11-07,-2.32,0.02,0.8642857142857145,312,3.850333333333333,
1992-11-08,2.1,3.78,1.3642857142857145,313,4.254666666666667,
1992-11-09,8.24,1.21,2.027142857142857,314,4.613333333333333,
1992-11-10,6.51,0.46,2.388571428571429,315,3.4196666666666666,
1992-11-11,1.47,0.15,2.4514285714285715,316,1.9046666666666667,
1992-11-12,1.95,1.39,2.0700000000000003,317,1.7046666666666668,
1992-11-13,-1.23,0.12,1.1871428571428573,318,2.5083333333333333,
1992-11-14,-1.88,0.13,0.4014285714285715,319,2.8676666666666666,
1992-11-15,-0.57,0.0,0.3185714285714286,320,2.585,
1992-11-16,2.06,0.01,0.12571428571428575,321,2.494,
1992-11-17,1.01,0.37,0.6871428571428572,322,2.942333333333333,
1992-11-18,0.89,4.88,0.9871428571428572,323,2.783666666666667,
1992-11-19,0.6,27.32,0.8457142857142859,324,2.183666666666667,
1992-11-20,2.7,8.35,0.34142857142857147,325,1.4466666666666665,
1992-11-21,0.22,1.08,0.20428571428571432,326,1.0430000000000001,
1992-11-22,-1.56,0.37,-0.02285714285714283,327,1.2656666666666667,
1992-11-23,-1.47,0.22,-0.6771428571428572,328,0.8053333333333333,
1992-11-24,0.05,1.16,-1.6700000000000002,329,0.4036666666666667,
1992-11-25,-0.7,12.57,-2.235714285714286,330,0.2166666666666667,
1992-11-26,-3.98,0.03,-2.301428571428571,331,-0.3006666666666667,
1992-11-27,-4.25,0.0,-2.542857142857143,332,-0.6473333333333334,
1992-11-28,-3.74,0.0,-2.8400000000000003,333,0.04299999999999997,
1992-11-29,-2.02,0.24,-2.9785714285714286,334,-0.1753333333333333,
1992-11-30,-3.16,0.53,-2.7100000000000004,335,-1.3270000000000002,
1992-12-01,-2.03,1.57,-3.1285714285714286,336,-1.3359999999999999,
1992-12-02,-1.67,0.19,-3.947142857142857,337,-0.9176666666666667,
1992-12-03,-2.1,0.59,-4.467142857142857,338,-1.3096666666666665,
1992-12-04,-7.18,0.03,-4.672857142857143,339,-1.384,
1992-12-05,-9.47,0.04,-4.902857142857143,340,-2.7996666666666665,
1992-12-06,-5.66,3.74,-4.798571428571429,341,-3.5756666666666663,
1992-12-07,-4.6,0.02,-4.622857142857143,342,-3.7616666666666663,
1992-12-08,-3.64,0.03,-4.142857142857143,343,-3.6540000000000004,
1992-12-09,-0.94,3.19,-3.0185714285714282,344,-4.117666666666667,
1992-12-10,-0.87,0.15,-2.2985714285714285,345,-3.7346666666666666,
1992-12-11,-3.82,0.0,-1.7157142857142857,346,-3.7763333333333335,
1992-12-12,-1.6,0.75,-1.3214285714285714,347,-3.5260000000000002,
1992-12-13,-0.62,11.66,-2.005714285714286,348,-2.4756666666666667,
1992-12-14,-0.52,12.16,-2.6957142857142857,349,-3.1086666666666667,
1992-12-15,-0.88,3.13,-2.6642857142857146,350,-3.9536666666666664,
1992-12-16,-5.73,0.16,-3.758571428571429,351,-4.115,
1992-12-17,-5.7,0.05,-5.171428571428572,352,-4.723333333333333,
1992-12-18,-3.6,0.25,-5.768571428571429,353,-4.670333333333334,
1992-12-19,-9.26,0.03,-6.292857142857144,354,-5.029,
1992-12-20,-10.51,0.06,-7.498571428571429,355,-4.147,
1992-12-21,-4.7,0.08,-8.471428571428572,356,-4.393,
1992-12-22,-4.55,0.07,-9.417142857142858,357,-4.798,
1992-12-23,-14.17,0.05,-9.237142857142857,358,-5.59,
1992-12-24,-12.51,0.0,-8.181428571428572,359,-6.833333333333333,
1992-12-25,-10.22,0.06,-7.967142857142856,360,-5.871333333333333,
1992-12-26,-8.0,0.01,-7.8342857142857145,361,-4.98,
1992-12-27,-3.12,0.05,-7.137142857142856,362,-4.514666666666667,
1992-12-28,-3.2,5.22,-8.215714285714286,363,-4.012666666666666,
1992-12-29,-3.62,3.93,-9.538571428571428,364,-5.275666666666667,
1992-12-30,-9.29,1.05,-9.367142857142856,365,-4.824666666666667,
1992-12-31,-20.06,0.0,-9.122857142857141,366,-6.896333333333333,
1993-01-01,-19.48,0.06,-10.53,1,-7.254666666666667,
1993-01-02,-6.8,0.98,-12.477142857142857,2,-6.669333333333333,
1993-01-03,-1.41,0.85,-13.028571428571428,3,-6.372,
1993-01-04,-13.05,0.3,-11.732857142857142,4,-7.632000000000001,
1993-01-05,-17.25,0.03,-10.944285714285714,5,-7.3629999999999995,
1993-01-06,-13.15,0.09,-11.547142857142857,6,-7.612666666666667,
1993-01-07,-10.99,1.92,-12.902857142857144,7,-7.635666666666666,
1993-01-08,-13.96,0.08,-12.251428571428573,8,-6.3966666666666665,
1993-01-09,-11.02,2.35,-10.51142857142857,9,-6.800666666666667,
1993-01-10,-10.9,0.56,-9.764285714285716,10,-6.191666666666666,
1993-01-11,-8.49,6.44,-9.637142857142859,11,-5.321666666666667,
1993-01-12,-5.07,9.15,-9.324285714285713,12,-6.834333333333333,
1993-01-13,-7.92,0.23,-8.678571428571429,13,-7.807,
1993-01-14,-10.1,0.0,-9.482857142857142,14,-7.033666666666666,
1993-01-15,-11.77,0.02,-10.694285714285714,15,-8.241333333333333,
1993-01-16,-6.5,0.01,-12.117142857142856,16,-7.281666666666666,
1993-01-17,-16.53,0.0,-12.355714285714285,17,-7.789,
1993-01-18,-16.97,0.0,-11.617142857142856,18,-8.385333333333334,
1993-01-19,-15.03,0.41,-10.375714285714285,19,-7.801,
1993-01-20,-9.59,4.44,-9.724285714285715,20,-7.862,
1993-01-21,-4.93,0.59,-9.045714285714286,21,-6.818,
1993-01-22,-3.08,0.0,-7.98142857142857,22,-5.656000000000001,
1993-01-23,-1.94,0.0,-6.311428571428571,23,-6.655666666666667,
1993-01-24,-11.78,0.0,-5.681428571428571,24,-7.19,
1993-01-25,-9.52,0.0,-6.1171428571428565,25,-6.602666666666667,
1993-01-26,-3.34,0.01,-8.537142857142857,26,-5.616333333333333,
1993-01-27,-5.18,0.0,-9.551428571428572,27,-6.115666666666667,
1993-01-28,-7.98,0.0,-8.124285714285714,28,-5.8726666666666665,
1993-01-29,-20.02,0.0,-7.299999999999999,29,-7.1626666666666665,
1993-01-30,-9.04,0.0,-7.267142857142857,30,-7.257000000000001,
1993-01-31,-1.79,0.04,-6.772857142857142,31,-5.312333333333333,
1993-02-01,-3.75,0.0,-5.972857142857142,32,-5.570666666666667,
1993-02-02,-3.11,0.0,-3.1799999999999997,33,-5.598333333333333,
1993-02-03,-1.72,0.0,-1.8414285714285714,34,-5.522333333333333,
1993-02-04,-2.38,0.0,-1.622857142857143,35,-6.5696666666666665,
1993-02-05,-0.47,0.01,-1.2642857142857142,36,-5.671666666666667,
1993-02-06,0.33,0.01,-0.7100000000000001,37,-4.662999999999999,
1993-02-07,-0.26,0.53,-0.3457142857142857,38,-5.294,
1993-02-08,-1.24,0.42,-0.3442857142857143,39,-5.605333333333333,
1993-02-09,0.77,0.75,-0.7257142857142858,40,-5.402333333333333,
1993-02-10,0.83,2.31,-1.3157142857142858,41,-5.548666666666667,
1993-02-11,-2.37,2.47,-2.3728571428571428,42,-5.828,
1993-02-12,-3.14,1.72,-3.3542857142857145,43,-5.614,
1993-02-13,-3.8,2.72,-5.211428571428572,44,-4.276333333333333,
1993-02-14,-7.66,0.01,-7.388571428571429,45,-4.116666666666666,
1993-02-15,-8.11,0.32,-8.928571428571429,46,-5.044,
1993-02-16,-12.23,0.24,-9.450000000000001,47,-4.468,
1993-02-17,-14.41,0.0,-9.522857142857143,48,-2.9069999999999996,
1993-02-18,-13.15,0.0,-9.14857142857143,49,-2.4276666666666666,
1993-02-19,-6.79,0.27,-9.4,50,-2.2693333333333334,
1993-02-20,-4.31,6.56,-9.862857142857141,51,-1.5713333333333332,
1993-02-21,-5.04,4.49,-9.702857142857143,52,-2.385,
1993-02-22,-9.87,0.62,-9.225714285714286,53,-1.8993333333333333,
1993-02-23,-15.47,0.07,-9.557142857142859,54,-2.289,
1993-02-24,-13.29,0.8,-10.297142857142857,55,-2.667333333333333,
1993-02-25,-9.81,5.37,-10.267142857142856,56,-3.2760000000000002,
1993-02-26,-9.11,0.22,-8.848571428571429,57,-3.2516666666666665,
1993-02-27,-9.49,0.0,-6.551428571428572,58,-3.3603333333333336,
1993-02-28,-4.83,0.0,-4.515714285714286,59,-2.131666666666667,
1993-03-01,0.06,2.78,-3.051428571428571,61,-1.5816666666666666,
1993-03-02,0.61,11.52,-1.6400000000000001,62,-3.1626666666666665,
1993-03-03,0.96,3.2,-0.0028571428571428914,63,-2.8819999999999997,
1993-03-04,0.44,0.19,1.2014285714285715,64,-1.1363333333333332,
1993-03-05,0.77,0.07,1.3414285714285712,65,-0.13566666666666655,
1993-03-06,1.97,0.0,1.4728571428571429,66,0.4623333333333332,
1993-03-07,3.6,0.03,1.2900000000000003,67,0.44066666666666665,
1993-03-08,1.04,0.1,0.5285714285714286,68,0.748,
1993-03-09,1.53,1.45,-0.4999999999999999,69,-0.33833333333333326,
1993-03-10,-0.32,0.13,-2.3128571428571427,70,0.44,
1993-03-11,-4.89,0.0,-4.208571428571429,71,0.871,
1993-03-12,-6.43,0.17,-4.501428571428572,72,1.326,
1993-03-13,-10.72,0.02,-4.717142857142856,73,2.741,
1993-03-14,-9.67,0.02,-5.912857142857143,74,2.949333333333333,
1993-03-15,-1.01,0.66,-6.009999999999999,75,2.875,
1993-03-16,0.02,0.12,-5.108571428571429,76,3.725333333333333,
1993-03-17,-8.69,0.01,-3.3757142857142854,77,3.746,
1993-03-18,-5.57,1.62,-1.9628571428571429,78,3.3153333333333337,
1993-03-19,-0.12,2.88,-1.7542857142857142,79,3.641,
1993-03-20,1.41,0.14,-1.5414285714285714,80,3.9993333333333334,
1993-03-21,0.22,5.8,0.04571428571428569,81,3.7106666666666666,
1993-03-22,0.45,4.47,1.352857142857143,82,4.115666666666667,
1993-03-23,1.51,0.96,2.057142857142857,83,4.760000000000001,
1993-03-24,2.42,0.02,2.8957142857142855,84,4.697,
1993-03-25,3.58,0.03,4.115714285714286,85,4.338333333333334,
1993-03-26,4.81,0.04,5.660000000000001,86,5.436999999999999,
1993-03-27,7.28,0.0,6.84857142857143,87,5.832666666666666,
1993-03-28,8.76,0.61,7.364285714285715,88,5.482,
1993-03-29,11.26,18.32,6.745714285714286,89,6.0793333333333335,
1993-03-30,9.83,19.9,5.948571428571428,90,7.23,
1993-03-31,6.03,13.67,5.207142857142857,91,6.647,
1993-04-01,-0.75,0.48,4.4071428571428575,92,6.444999999999999,
1993-04-02,-0.77,0.01,3.308571428571429,93,7.316,
1993-04-03,2.09,0.02,2.6314285714285717,94,6.646333333333333,
1993-04-04,3.16,0.0,2.8742857142857146,95,5.5616666666666665,
1993-04-05,3.57,0.15,3.9657142857142857,96,7.396,
1993-04-06,5.09,3.66,5.111428571428571,97,7.986666666666666,
1993-04-07,7.73,10.18,6.04,98,7.6353333333333335,
1993-04-08,6.89,2.56,6.491428571428571,99,7.1129999999999995,
1993-04-09,7.25,0.21,6.53,100,7.235333333333333,
1993-04-10,8.59,2.87,6.397142857142858,101,8.195333333333334,
1993-04-11,6.32,0.55,5.831428571428572,102,8.320666666666666,
1993-04-12,3.84,1.83,5.131428571428572,103,7.707,
1993-04-13,4.16,5.31,4.884285714285715,104,8.866999999999999,
1993-04-14,3.77,3.22,5.024285714285715,105,10.045666666666667,
1993-04-15,1.99,8.16,5.694285714285714,106,10.124,
1993-04-16,5.52,1.03,6.772857142857142,107,9.499666666666666,
1993-04-17,9.57,0.0,6.798571428571429,108,10.244666666666665,
1993-04-18,11.01,1.89,7.1899999999999995,109,11.613333333333333,
1993-04-19,11.39,19.29,8.252857142857144,110,10.836666666666668,
1993-04-20,4.34,3.34,9.281428571428572,111,9.832666666666666,
1993-04-21,6.51,0.0,9.707142857142857,112,10.340333333333332,
1993-04-22,9.43,0.0,9.627142857142857,113,10.793333333333333,
1993-04-23,12.72,0.0,9.622857142857143,114,11.044,
1993-04-24,12.55,0.0,11.069999999999999,115,12.153666666666668,
1993-04-25,10.45,0.0,11.982857142857144,116,11.603666666666667,
1993-04-26,11.36,0.27,12.552857142857144,117,11.013333333333332,
1993-04-27,14.47,6.4,12.475714285714286,118,10.667666666666666,
1993-04-28,12.9,0.38,12.794285714285715,119,11.247333333333334,
1993-04-29,13.42,0.0,12.95142857142857,120,11.810666666666666,
1993-04-30,12.18,1.47,13.072857142857144,121,12.266666666666667,
1993-05-01,14.78,16.8,13.120000000000001,122,12.117666666666667,
1993-05-02,11.55,7.49,13.892857142857142,123,12.065333333333335,
1993-05-03,12.21,11.4,14.694285714285714,124,12.464333333333334,
1993-05-04,14.8,3.56,15.76857142857143,125,13.715666666666667,
1993-05-05,18.31,3.73,16.625714285714288,126,14.700666666666667,
1993-05-06,19.03,17.17,17.522857142857145,127,15.049333333333333,
1993-05-07,19.7,8.01,18.37,128,15.288,
1993-05-08,20.78,8.23,18.978571428571428,129,15.648,
1993-05-09,17.83,6.68,19.042857142857144,130,15.424000000000001,
1993-05-10,18.14,12.69,18.15285714285714,131,15.732666666666667,
1993-05-11,19.06,9.28,17.82857142857143,132,14.824666666666667,
1993-05-12,18.76,0.11,16.981428571428573,133,13.698666666666666,
1993-05-13,12.8,0.09,16.357142857142858,134,13.713333333333335,
1993-05-14,17.43,2.17,15.812857142857144,135,14.930666666666667,
1993-05-15,14.85,5.09,14.815714285714288,136,15.792666666666666,
1993-05-16,13.46,0.02,13.51857142857143,137,16.949,
1993-05-17,14.33,0.23,13.201428571428574,138,16.96,
1993-05-18,12.08,0.01,12.84142857142857,139,16.109666666666666,
1993-05-19,9.68,0.06,13.037142857142857,140,16.488666666666667,
1993-05-20,10.58,0.06,13.65857142857143,141,16.082666666666668,
1993-05-21,14.91,0.01,13.547142857142857,142,16.447666666666667,
1993-05-22,16.22,12.35,13.70857142857143,143,17.717666666666666,
1993-05-23,17.81,6.81,14.80857142857143,144,17.689,
1993-05-24,13.55,0.0,16.255714285714287,145,17.377,
1993-05-25,13.21,0.02,16.0,146,16.985,
1993-05-26,17.38,3.5,15.70142857142857,147,17.367,
1993-05-27,20.71,10.83,15.53,148,18.245,
1993-05-28,13.12,11.83,15.497142857142858,149,18.587,
1993-05-29,14.13,2.34,15.257142857142858,150,19.214,
1993-05-30,16.61,4.49,14.564285714285717,151,19.67366666666667,
1993-05-31,13.32,0.96,13.56,152,18.76966666666667,
1993-06-01,11.53,13.88,13.502857142857142,153,18.962666666666667,
1993-06-02,12.53,3.31,13.652857142857144,154,18.642999999999997,
1993-06-03,13.68,2.65,13.758571428571429,155,19.017333333333333,
1993-06-04,12.72,9.54,15.074285714285717,156,19.663999999999998,
1993-06-05,15.18,0.5,16.482857142857146,157,20.015,
1993-06-06,17.35,3.54,17.32857142857143,158,20.389666666666667,
1993-06-07,22.53,17.2,18.321428571428573,159,21.124666666666666,
1993-06-08,21.39,1.83,19.43285714285714,160,20.57633333333333,
1993-06-09,18.45,0.0,20.374285714285715,161,20.773333333333333,
1993-06-10,20.63,0.0,21.052857142857142,162,21.00133333333333,
1993-06-11,20.5,2.21,20.398571428571426,163,21.526666666666664,
1993-06-12,21.77,14.9,19.725714285714282,164,21.44333333333333,
1993-06-13,22.1,20.88,20.08857142857143,165,21.556333333333335,
1993-06-14,17.95,0.3,20.465714285714284,166,21.331666666666667,
1993-06-15,16.68,0.22,20.63714285714286,167,21.750999999999998,
1993-06-16,20.99,12.39,20.358571428571427,168,21.923000000000002,
1993-06-17,23.27,21.27,19.888571428571428,169,22.441666666666666,
1993-06-18,21.7,16.48,20.482857142857142,170,22.617,
1993-06-19,19.82,9.89,21.37142857142857,171,22.067666666666664,
1993-06-20,18.81,0.25,21.74142857142857,172,22.64333333333333,
1993-06-21,22.11,0.0,21.277142857142856,173,22.711666666666666,
1993-06-22,22.9,0.32,20.792857142857144,174,22.692333333333334,
1993-06-23,23.58,3.37,21.092857142857138,175,22.369333333333334,
1993-06-24,20.02,3.86,21.595714285714283,176,22.28666666666667,
1993-06-25,18.31,0.01,21.09,177,22.715333333333334,
1993-06-26,21.92,0.76,20.81,178,22.841,
1993-06-27,22.33,2.52,20.97,179,23.119333333333334,
1993-06-28,18.57,2.01,21.607142857142858,180,22.435333333333332,
1993-06-29,20.94,30.42,22.35571428571429,181,22.72233333333333,
1993-06-30,24.7,17.59,22.827142857142857,182,23.016000000000002,
1993-07-01,24.48,2.24,23.08142857142857,183,22.925666666666665,
1993-07-02,23.55,0.09,23.337142857142858,184,22.494666666666667,
1993-07-03,25.22,5.39,23.154285714285717,185,23.086000000000002,
1993-07-04,24.11,12.21,22.221428571428568,186,23.35,
1993-07-05,20.36,17.35,21.88714285714286,187,23.333666666666666,
1993-07-06,19.66,1.17,21.874285714285715,188,23.908,
1993-07-07,18.17,11.51,21.54285714285714,189,23.91033333333333,
1993-07-08,22.14,73.46,21.220000000000002,190,23.716333333333335,
1993-07-09,23.46,11.47,21.05857142857143,191,23.563666666666666,
1993-07-10,22.9,30.82,21.24857142857143,192,23.58566666666667,
1993-07-11,21.85,2.34,21.41,193,23.475666666666665,
1993-07-12,19.23,10.0,21.29,194,23.613999999999997,
1993-07-13,20.99,20.51,21.108571428571427,195,23.775,
1993-07-14,19.3,3.33,21.334285714285716,196,23.750333333333334,
1993-07-15,21.3,0.2,21.59714285714286,197,24.091,
1993-07-16,22.19,7.63,22.12142857142857,198,24.48933333333333,
1993-07-17,24.48,28.42,22.075714285714287,199,25.218666666666667,
1993-07-18,23.69,2.35,22.17142857142857,200,25.182000000000002,
1993-07-19,22.9,1.82,21.981428571428573,201,25.142666666666667,
1993-07-20,20.67,4.14,22.28714285714286,202,24.688333333333333,
1993-07-21,19.97,2.05,22.349999999999998,203,24.159,
1993-07-22,19.97,13.25,22.344285714285714,204,24.09733333333333,
1993-07-23,24.33,2.73,22.259999999999998,205,23.634999999999998,
1993-07-24,24.92,11.0,22.81142857142857,206,23.958333333333332,
1993-07-25,23.65,2.99,22.92142857142857,207,24.35666666666667,
1993-07-26,22.31,0.42,23.10571428571429,208,23.784333333333333,
1993-07-27,24.53,6.91,23.002857142857142,209,23.436333333333334,
1993-07-28,20.74,0.21,23.06857142857143,210,23.39466666666667,
1993-07-29,21.26,0.1,22.72142857142857,211,22.936333333333334,
1993-07-30,23.61,2.33,22.304285714285715,212,23.407333333333334,
1993-07-31,25.38,14.55,21.304285714285715,213,23.882,
1993-08-01,21.22,3.56,20.757142857142856,214,24.038,
1993-08-02,19.39,0.33,20.178571428571427,215,23.786,
1993-08-03,17.53,0.19,19.11285714285714,216,23.788333333333334,
1993-08-04,16.91,1.39,18.077142857142857,217,23.070333333333334,
1993-08-05,17.21,12.45,18.044285714285714,218,22.095000000000002,
1993-08-06,16.15,0.64,18.801428571428573,219,22.555999999999997,
1993-08-07,18.13,0.35,19.84857142857143,220,23.384999999999998,
1993-08-08,20.99,1.06,20.695714285714285,221,23.405666666666665,
1993-08-09,24.69,22.61,21.69142857142857,222,23.939,
1993-08-10,24.86,12.59,22.75142857142857,223,23.015666666666668,
1993-08-11,22.84,20.97,23.514285714285712,224,22.470000000000002,
1993-08-12,24.18,5.85,24.150000000000002,225,22.623333333333335,
1993-08-13,23.57,6.96,24.24571428571429,226,22.243999999999996,
1993-08-14,23.47,14.53,24.08142857142857,227,21.991,
1993-08-15,25.44,22.38,24.481428571428573,228,21.821,
1993-08-16,25.36,10.41,24.40142857142857,229,22.473666666666666,
1993-08-17,23.71,3.95,23.962857142857143,230,22.349666666666668,
1993-08-18,25.64,19.36,23.548571428571428,231,22.279,
1993-08-19,23.62,5.81,23.349999999999998,232,21.826,
1993-08-20,20.5,0.37,23.08857142857143,233,21.703333333333333,
1993-08-21,20.57,1.11,23.132857142857144,234,22.387999999999998,
1993-08-22,24.05,14.52,23.024285714285714,235,22.672666666666665,
1993-08-23,23.53,4.4,23.384285714285713,236,22.886000000000003,
1993-08-24,24.02,0.92,23.577142857142857,237,23.147333333333332,
1993-08-25,24.88,5.06,23.225714285714282,238,22.886333333333333,
1993-08-26,26.14,1.09,22.822857142857142,239,23.105999999999998,
1993-08-27,21.85,0.86,22.337142857142858,240,23.144333333333336,
1993-08-28,18.11,29.3,21.13,241,22.774333333333335,
1993-08-29,21.23,36.19,19.931428571428572,242,22.189,
1993-08-30,20.13,11.61,18.919999999999998,243,21.733333333333334,
1993-08-31,15.57,0.0,18.05,244,21.302666666666667,
1993-09-01,16.49,0.12,17.87,245,21.451,
1993-09-02,19.06,1.65,16.635714285714283,246,22.022333333333332,
1993-09-03,15.76,0.0,15.885714285714286,247,21.276666666666664,
1993-09-04,16.85,0.06,15.904285714285711,248,21.00433333333333,
1993-09-05,12.59,10.45,15.697142857142856,249,21.005666666666666,
1993-09-06,14.88,0.03,15.174285714285714,250,21.192666666666664,
1993-09-07,15.7,2.17,14.831428571428571,251,20.137,
1993-09-08,15.04,0.05,14.662857142857144,252,19.12933333333333,
1993-09-09,15.4,0.05,15.937142857142858,253,19.55933333333333,
1993-09-10,13.36,0.0,16.529999999999998,254,19.197,
1993-09-11,15.67,0.15,15.445714285714287,255,19.569333333333336,
1993-09-12,21.51,1.56,14.534285714285714,256,19.301,
1993-09-13,19.03,19.51,13.867142857142857,257,18.745333333333335,
1993-09-14,8.11,1.61,13.897142857142857,258,17.874333333333333,
1993-09-15,8.66,0.01,13.615714285714287,259,18.199666666666666,
1993-09-16,10.73,0.16,12.615714285714287,260,18.276999999999997,
1993-09-17,13.57,3.14,12.028571428571428,261,18.257,
1993-09-18,13.7,5.09,12.965714285714286,262,17.91466666666667,
1993-09-19,14.51,7.08,14.28857142857143,263,17.648333333333333,
1993-09-20,14.92,0.22,14.272857142857143,264,17.333666666666666,
1993-09-21,14.67,0.34,13.895714285714288,265,16.50766666666667,
1993-09-22,17.92,6.17,13.425714285714287,266,15.752999999999998,
1993-09-23,10.62,0.01,12.77,267,15.840666666666666,
1993-09-24,10.93,0.9,11.842857142857142,268,15.879666666666667,
1993-09-25,10.41,36.1,11.071428571428571,269,16.085666666666665,
1993-09-26,9.92,0.4,9.515714285714285,270,15.628000000000002,
1993-09-27,8.43,0.43,9.668571428571429,271,15.453666666666667,
1993-09-28,9.27,0.0,9.688571428571427,272,14.340333333333332,
1993-09-29,7.03,0.02,9.129999999999999,273,15.011,
1993-09-30,11.69,0.03,9.445714285714285,274,15.565,
1993-10-01,11.07,0.02,9.795714285714286,275,14.964666666666666,
1993-10-02,6.5,0.0,10.041428571428572,276,14.025,
1993-10-03,12.13,0.0,11.56,277,13.937999999999999,
1993-10-04,10.88,0.0,12.68857142857143,278,12.959333333333335,
1993-10-05,10.99,0.0,13.111428571428572,279,13.216666666666667,
1993-10-06,17.66,0.0,12.51,280,13.280666666666667,
1993-10-07,19.59,1.34,11.281428571428572,281,13.126,
1993-10-08,14.03,18.7,10.617142857142857,282,13.387,
1993-10-09,2.29,2.75,9.838571428571429,283,12.320333333333334,
1993-10-10,3.53,0.0,8.26,284,11.544666666666666,
1993-10-11,6.23,0.0,7.045714285714287,285,12.015333333333333,
1993-10-12,5.54,0.0,6.950000000000001,286,11.498666666666667,
1993-10-13,6.61,0.01,8.354285714285714,287,10.771666666666667,
1993-10-14,11.09,2.51,9.37142857142857,288,10.437000000000001,
1993-10-15,13.36,9.19,9.752857142857142,289,10.093333333333334,
1993-10-16,12.12,0.17,10.445714285714287,290,10.100999999999999,
1993-10-17,10.65,0.85,10.718571428571428,291,10.468,
1993-10-18,8.9,3.81,9.727142857142857,292,9.365,
1993-10-19,10.39,0.51,8.925714285714285,293,9.306333333333333,
1993-10-20,8.52,2.02,8.668571428571429,294,9.620000000000001,
1993-10-21,4.15,0.0,8.638571428571428,295,9.548333333333334,
1993-10-22,7.75,0.0,8.894285714285715,296,9.428333333333335,
1993-10-23,10.32,0.0,8.251428571428571,297,9.361666666666668,
1993-10-24,10.44,0.01,7.461428571428571,298,8.323333333333332,
1993-10-25,10.69,0.05,7.6499999999999995,299,8.220666666666666,
1993-10-26,5.89,0.0,6.314285714285714,300,7.387333333333333,
1993-10-27,2.99,0.06,4.4557142857142855,301,6.560333333333333,
1993-10-28,5.47,0.08,2.6457142857142855,302,7.194333333333334,
1993-10-29,-1.6,0.01,1.252857142857143,303,7.574,
1993-10-30,-2.69,0.03,0.7828571428571429,304,6.771333333333333,
1993-10-31,-2.23,0.0,1.1400000000000001,305,5.3613333333333335,
1993-11-01,0.94,0.0,1.4471428571428573,306,5.837000000000001,
1993-11-02,2.6,0.0,1.3957142857142857,307,4.904,
1993-11-03,5.49,0.0,1.145714285714286,308,5.098666666666667,
1993-11-04,7.62,0.01,1.4985714285714287,309,5.049,
1993-11-05,-1.96,0.1,1.395714285714286,310,5.129666666666666,
1993-11-06,-4.44,0.0,1.2200000000000002,311,4.361666666666666,
1993-11-07,0.24,0.0,0.7357142857142858,312,3.850333333333333,
1993-11-08,0.22,0.0,0.07142857142857155,313,4.254666666666667,
1993-11-09,1.37,0.0,0.8085714285714287,314,4.613333333333333,
1993-11-10,2.1,0.0,2.16,315,3.4196666666666666,
1993-11-11,2.97,0.0,2.2842857142857143,316,1.9046666666666667,
1993-11-12,3.2,11.09,2.1942857142857144,317,1.7046666666666668,
1993-11-13,5.02,0.47,1.9914285714285715,318,2.5083333333333333,
1993-11-14,1.11,3.33,1.932857142857143,319,2.8676666666666666,
1993-11-15,-0.41,0.01,1.9242857142857144,320,2.585,
1993-11-16,-0.05,0.01,1.6271428571428572,321,2.494,
1993-11-17,1.69,0.0,1.0442857142857143,322,2.942333333333333,
1993-11-18,2.91,0.0,1.2557142857142858,323,2.783666666666667,
1993-11-19,1.12,0.0,1.6442857142857146,324,2.183666666666667,
1993-11-20,0.94,0.0,2.15,325,1.4466666666666665,
1993-11-21,2.59,0.0,2.1700000000000004,326,1.0430000000000001,
1993-11-22,2.31,0.01,1.0671428571428572,327,1.2656666666666667,
1993-11-23,3.49,0.35,-0.274285714285714,328,0.8053333333333333,
1993-11-24,1.83,6.64,-1.3585714285714283,329,0.4036666666666667,
1993-11-25,-4.81,2.85,-2.4957142857142856,330,0.2166666666666667,
1993-11-26,-8.27,0.29,-3.471428571428571,331,-0.3006666666666667,
1993-11-27,-6.65,0.77,-4.365714285714286,332,-0.6473333333333334,
1993-11-28,-5.37,0.0,-4.668571428571428,333,0.04299999999999997,
1993-11-29,-4.52,0.02,-4.001428571428571,334,-0.1753333333333333,
1993-11-30,-2.77,0.0,-2.8885714285714283,335,-1.3270000000000002,
1993-12-01,-0.29,0.28,-1.9071428571428568,336,-1.3359999999999999,
1993-12-02,-0.14,0.0,-1.0328571428571425,337,-0.9176666666666667,
1993-12-03,-0.48,0.0,-0.7142857142857141,338,-1.3096666666666665,
1993-12-04,0.22,0.0,-0.5099999999999998,339,-1.384,
1993-12-05,0.75,0.12,-0.587142857142857,340,-2.7996666666666665,
1993-12-06,-2.29,0.05,-0.3457142857142855,341,-3.5756666666666663,
1993-12-07,-1.34,0.01,-0.5071428571428569,342,-3.7616666666666663,
1993-12-08,-0.83,0.0,-1.2214285714285713,343,-3.6540000000000004,
1993-12-09,1.55,0.0,-1.204285714285714,344,-4.117666666666667,
1993-12-10,-1.61,0.0,-0.7685714285714284,345,-3.7346666666666666,
1993-12-11,-4.78,0.0,-0.5299999999999997,346,-3.7763333333333335,
1993-12-12,0.87,0.22,-0.4299999999999997,347,-3.5260000000000002,
1993-12-13,0.76,6.44,-0.6657142857142854,348,-2.4756666666666667,
1993-12-14,0.33,1.79,-0.3828571428571425,349,-3.1086666666666667,
1993-12-15,-0.13,0.2,0.17714285714285752,350,-3.9536666666666664,
1993-12-16,-0.1,1.09,-0.028571428571428185,351,-4.115,
1993-12-17,0.37,1.83,-0.8771428571428567,352,-4.723333333333333,
1993-12-18,-0.86,0.14,-1.651428571428571,353,-4.670333333333334,
1993-12-19,-0.57,0.0,-3.0042857142857136,354,-5.029,
1993-12-20,-5.18,0.0,-4.345714285714285,355,-4.147,
1993-12-21,-5.09,0.18,-5.677142857142856,356,-4.393,
1993-12-22,-9.6,0.06,-7.138571428571429,357,-4.798,
1993-12-23,-9.49,0.58,-8.62142857142857,358,-5.59,
1993-12-24,-8.95,1.64,-9.809999999999999,359,-6.833333333333333,
1993-12-25,-11.09,2.23,-11.205714285714285,360,-5.871333333333333,
1993-12-26,-10.95,0.15,-11.521428571428572,361,-4.98,
1993-12-27,-13.5,0.03,-11.344285714285714,362,-4.514666666666667,
1993-12-28,-14.86,0.0,-10.32142857142857,363,-4.012666666666666,
1993-12-29,-11.81,0.09,-9.232857142857142,364,-5.275666666666667,
1993-12-30,-8.25,0.27,-8.412857142857144,365,-4.824666666666667,
1993-12-31,-1.79,0.0,-7.731428571428572,366,-6.896333333333333,
1994-01-01,-3.47,0.59,-6.924285714285714,1,-7.254666666666667,
1994-01-02,-5.21,7.69,-6.304285714285714,2,-6.669333333333333,
1994-01-03,-8.73,0.3,-6.7,3,-6.372,
1994-01-04,-9.21,0.04,-9.142857142857142,4,-7.632000000000001,
1994-01-05,-7.47,0.25,-11.077142857142858,5,-7.3629999999999995,
1994-01-06,-11.02,0.04,-11.889999999999999,6,-7.612666666666667,
1994-01-07,-18.89,0.0,-11.222857142857142,7,-7.635666666666666,
1994-01-08,-17.01,0.02,-11.545714285714284,8,-6.3966666666666665,
1994-01-09,-10.9,0.34,-11.461428571428572,9,-6.800666666666667,
1994-01-10,-4.06,1.42,-11.955714285714285,10,-6.191666666666666,
1994-01-11,-11.47,0.0,-12.15,11,-5.321666666666667,
1994-01-12,-6.88,0.26,-13.305714285714286,12,-6.834333333333333,
1994-01-13,-14.48,1.52,-13.885714285714284,13,-7.807,
1994-01-14,-20.25,0.05,-16.38,14,-7.033666666666666,
1994-01-15,-25.1,0.02,-18.485714285714288,15,-8.241333333333333,
1994-01-16,-14.96,0.89,-19.897142857142857,16,-7.281666666666666,
1994-01-17,-21.52,0.0,-20.810000000000002,17,-7.789,
1994-01-18,-26.21,0.01,-19.302857142857142,18,-8.385333333333334,
1994-01-19,-16.76,2.3,-16.534285714285712,19,-7.801,
1994-01-20,-20.87,0.04,-14.611428571428572,20,-7.862,
1994-01-21,-9.7,0.0,-12.025714285714285,21,-6.818,
1994-01-22,-5.72,0.01,-8.707142857142857,22,-5.656000000000001,
1994-01-23,-1.5,0.0,-7.177142857142856,23,-6.655666666666667,
1994-01-24,-3.42,0.28,-5.1171428571428565,24,-7.19,
1994-01-25,-2.98,1.27,-5.014285714285713,25,-6.602666666666667,
1994-01-26,-6.05,9.77,-5.582857142857143,26,-5.616333333333333,
1994-01-27,-6.45,1.5,-7.694285714285714,27,-6.115666666666667,
1994-01-28,-8.98,0.17,-10.075714285714286,28,-5.8726666666666665,
1994-01-29,-9.7,0.27,-11.672857142857142,29,-7.1626666666666665,
1994-01-30,-16.28,0.02,-12.915714285714285,30,-7.257000000000001,
1994-01-31,-20.09,0.06,-13.885714285714284,31,-5.312333333333333,
1994-02-01,-14.16,0.07,-14.374285714285715,32,-5.570666666666667,
1994-02-02,-14.75,0.05,-14.17,33,-5.598333333333333,
1994-02-03,-13.24,0.0,-13.262857142857143,34,-5.522333333333333,
1994-02-04,-12.4,0.0,-13.427142857142856,35,-6.5696666666666665,
1994-02-05,-8.27,0.0,-14.027142857142858,36,-5.671666666666667,
1994-02-06,-9.93,0.02,-14.774285714285714,37,-4.662999999999999,
1994-02-07,-21.24,1.42,-14.838571428571427,38,-5.294,
1994-02-08,-18.36,1.27,-14.33,39,-5.605333333333333,
1994-02-09,-19.98,0.58,-14.148571428571428,40,-5.402333333333333,
1994-02-10,-13.69,0.0,-13.707142857142856,41,-5.548666666666667,
1994-02-11,-8.84,0.29,-10.968571428571428,42,-5.828,
1994-02-12,-7.0,1.98,-8.781428571428572,43,-5.614,
1994-02-13,-6.84,0.03,-5.819999999999999,44,-4.276333333333333,
1994-02-14,-2.07,0.0,-3.6042857142857136,45,-4.116666666666666,
1994-02-15,-3.05,0.03,-1.159999999999999,46,-5.044,
1994-02-16,0.75,0.0,1.0371428571428578,47,-4.468,
1994-02-17,1.82,0.01,1.5585714285714294,48,-2.9069999999999996,
1994-02-18,8.27,0.0,1.4157142857142866,49,-2.4276666666666666,
1994-02-19,8.38,1.95,1.2157142857142864,50,-2.2693333333333334,
1994-02-20,-3.19,0.0,-0.17142857142857082,51,-1.5713333333333332,
1994-02-21,-3.07,0.75,-1.6857142857142848,52,-2.385,
1994-02-22,-4.45,11.69,-4.4642857142857135,53,-1.8993333333333333,
1994-02-23,-8.96,1.48,-7.412857142857143,54,-2.289,
1994-02-24,-8.78,0.87,-8.107142857142856,55,-2.667333333333333,
1994-02-25,-11.18,4.49,-8.414285714285713,56,-3.2760000000000002,
1994-02-26,-12.26,0.01,-8.432857142857141,57,-3.2516666666666665,
1994-02-27,-8.05,0.22,-7.518571428571428,58,-3.3603333333333336,
1994-02-28,-5.22,0.0,-5.659999999999998,59,-2.131666666666667,
1994-03-01,-4.58,0.01,-3.2528571428571422,61,-1.5816666666666666,
1994-03-02,-2.56,0.0,-0.43571428571428517,62,-3.1626666666666665,
1994-03-03,4.23,0.0,1.0900000000000005,63,-2.8819999999999997,
1994-03-04,5.67,0.0,1.844285714285715,64,-1.1363333333333332,
1994-03-05,7.46,0.0,2.0871428571428576,65,-0.13566666666666655,
1994-03-06,2.63,0.16,2.1942857142857153,66,0.4623333333333332,
1994-03-07,0.06,0.0,1.3271428571428576,67,0.44066666666666665,
1994-03-08,-2.88,0.0,0.46714285714285764,68,0.748,
1994-03-09,-1.81,0.0,-0.3028571428571423,69,-0.33833333333333326,
1994-03-10,-1.84,0.0,-0.24571428571428525,70,0.44,
1994-03-11,-0.35,0.0,0.5214285714285718,71,0.871,
1994-03-12,2.07,0.0,1.2271428571428575,72,1.326,
1994-03-13,3.03,0.0,1.4971428571428576,73,2.741,
1994-03-14,5.43,0.01,2.2128571428571435,74,2.949333333333333,
1994-03-15,2.06,0.0,2.932857142857143,75,2.875,
1994-03-16,0.08,0.0,3.4371428571428573,76,3.725333333333333,
1994-03-17,3.17,0.0,4.027142857142858,77,3.746,
1994-03-18,4.69,0.0,4.01857142857143,78,3.3153333333333337,
1994-03-19,5.6,0.02,5.131428571428572,79,3.641,
1994-03-20,7.16,1.7,6.607142857142857,80,3.9993333333333334,
1994-03-21,5.37,0.0,6.161428571428572,81,3.7106666666666666,
1994-03-22,9.85,0.0,5.5600000000000005,82,4.115666666666667,
1994-03-23,10.41,0.67,5.1971428571428575,83,4.760000000000001,
1994-03-24,0.05,0.01,4.45,84,4.697,
1994-03-25,0.48,0.16,3.6957142857142857,85,4.338333333333334,
1994-03-26,3.06,0.08,2.3000000000000007,86,5.436999999999999,
1994-03-27,1.93,0.19,0.7657142857142861,87,5.832666666666666,
1994-03-28,0.09,0.02,1.5171428571428576,88,5.482,
1994-03-29,0.08,0.0,2.808571428571429,89,6.0793333333333335,
1994-03-30,-0.33,0.0,3.0228571428571436,90,7.23,
1994-03-31,5.31,0.0,3.0742857142857147,91,6.647,
1994-04-01,9.52,0.0,4.015714285714286,92,6.444999999999999,
1994-04-02,4.56,0.0,3.7742857142857145,93,7.316,
1994-04-03,2.29,0.0,3.8814285714285717,94,6.646333333333333,
1994-04-04,6.68,1.15,3.717142857142857,95,5.5616666666666665,
1994-04-05,-1.61,0.03,3.5371428571428574,96,7.396,
1994-04-06,0.42,0.01,3.848571428571429,97,7.986666666666666,
1994-04-07,4.16,0.58,4.517142857142858,98,7.6353333333333335,
1994-04-08,8.26,0.83,4.271428571428572,99,7.1129999999999995,
1994-04-09,6.74,0.0,5.232857142857143,100,7.235333333333333,
1994-04-10,6.97,0.01,6.331428571428572,101,8.195333333333334,
1994-04-11,4.96,5.99,7.751428571428572,102,8.320666666666666,
1994-04-12,5.12,9.27,7.767142857142857,103,7.707,
1994-04-13,8.11,0.65,8.157142857142857,104,8.866999999999999,
1994-04-14,14.1,12.14,8.945714285714287,105,10.045666666666667,
1994-04-15,8.37,0.68,10.775714285714287,106,10.124,
1994-04-16,9.47,0.0,11.6,107,9.499666666666666,
1994-04-17,12.49,0.09,11.862857142857141,108,10.244666666666665,
1994-04-18,17.77,0.0,11.141428571428573,109,11.613333333333333,
1994-04-19,10.89,0.18,11.370000000000001,110,10.836666666666668,
1994-04-20,9.95,1.91,11.955714285714285,111,9.832666666666666,
1994-04-21,9.05,4.84,13.02857142857143,112,10.340333333333332,
1994-04-22,9.97,0.0,13.428571428571429,113,10.793333333333333,
1994-04-23,13.57,1.62,13.985714285714286,114,11.044,
1994-04-24,20.0,2.33,13.27714285714286,115,12.153666666666668,
1994-04-25,20.57,2.3,12.805714285714288,116,11.603666666666667,
1994-04-26,14.79,0.49,12.045714285714284,117,11.013333333333332,
1994-04-27,4.99,0.74,10.502857142857144,118,10.667666666666666,
1994-04-28,5.75,6.35,8.511428571428572,119,11.247333333333334,
1994-04-29,4.65,1.33,6.835714285714287,120,11.810666666666666,
1994-04-30,2.77,8.56,6.198571428571429,121,12.266666666666667,
1994-05-01,6.06,0.0,7.202857142857143,122,12.117666666666667,
1994-05-02,8.84,0.0,8.21,123,12.065333333333335,
1994-05-03,10.33,1.09,8.77857142857143,124,12.464333333333334,
1994-05-04,12.02,4.38,9.70857142857143,125,13.715666666666667,
1994-05-05,12.8,7.4,10.41,126,14.700666666666667,
1994-05-06,8.63,9.88,11.042857142857144,127,15.049333333333333,
1994-05-07,9.28,0.29,12.05857142857143,128,15.288,
1994-05-08,10.97,0.0,12.842857142857145,129,15.648,
1994-05-09,13.27,0.0,13.22714285714286,130,15.424000000000001,
1994-05-10,17.44,0.0,14.360000000000001,131,15.732666666666667,
1994-05-11,17.51,0.0,15.37857142857143,132,14.824666666666667,
1994-05-12,15.49,0.0,16.171428571428574,133,13.698666666666666,
1994-05-13,16.56,0.7,16.76714285714286,134,13.713333333333335,
1994-05-14,16.41,5.14,16.704285714285714,135,14.930666666666667,
1994-05-15,16.52,0.06,16.57714285714286,136,15.792666666666666,
1994-05-16,17.44,0.0,16.744285714285716,137,16.949,
1994-05-17,17.0,0.0,16.821428571428573,138,16.96,
1994-05-18,16.62,0.0,17.19142857142857,139,16.109666666666666,
1994-05-19,16.66,0.0,17.572857142857146,140,16.488666666666667,
1994-05-20,17.1,0.0,18.222857142857144,141,16.082666666666668,
1994-05-21,19.0,0.0,18.63857142857143,142,16.447666666666667,
1994-05-22,19.19,4.51,18.770000000000003,143,17.717666666666666,
1994-05-23,21.99,8.9,18.292857142857144,144,17.689,
1994-05-24,19.91,2.63,18.062857142857144,145,17.377,
1994-05-25,17.54,3.48,17.964285714285715,146,16.985,
1994-05-26,13.32,0.03,17.997142857142858,147,17.367,
1994-05-27,15.49,0.0,17.975714285714286,148,18.245,
1994-05-28,18.31,0.01,17.884285714285717,149,18.587,
1994-05-29,19.42,1.7,17.424285714285713,150,19.214,
1994-05-30,21.84,0.1,17.708571428571428,151,19.67366666666667,
1994-05-31,19.27,1.84,17.84,152,18.76966666666667,
1994-06-01,14.32,2.61,17.945714285714285,153,18.962666666666667,
1994-06-02,15.31,9.2,18.270000000000003,154,18.642999999999997,
1994-06-03,16.41,0.0,18.565714285714286,155,19.017333333333333,
1994-06-04,19.05,3.17,19.005714285714284,156,19.663999999999998,
1994-06-05,21.69,15.1,19.192857142857147,157,20.015,
1994-06-06,23.91,4.25,19.301428571428573,158,20.389666666666667,
1994-06-07,22.35,15.36,19.67571428571429,159,21.124666666666666,
1994-06-08,15.63,1.32,19.711428571428574,160,20.57633333333333,
1994-06-09,16.07,0.47,19.734285714285715,161,20.773333333333333,
1994-06-10,19.03,5.91,19.97857142857143,162,21.00133333333333,
1994-06-11,19.3,3.6,20.512857142857143,163,21.526666666666664,
1994-06-12,21.85,17.41,21.89428571428571,164,21.44333333333333,
1994-06-13,25.62,4.56,23.217142857142857,165,21.556333333333335,
1994-06-14,26.09,0.01,24.194285714285716,166,21.331666666666667,
1994-06-15,25.3,2.15,25.114285714285717,167,21.750999999999998,
1994-06-16,25.33,0.34,25.554285714285715,168,21.923000000000002,
1994-06-17,25.87,9.78,25.548571428571428,169,22.441666666666666,
1994-06-18,25.74,4.26,25.268571428571427,170,22.617,
1994-06-19,24.93,4.79,24.74857142857143,171,22.067666666666664,
1994-06-20,25.58,8.25,23.98428571428571,172,22.64333333333333,
1994-06-21,24.13,2.24,23.291428571428572,173,22.711666666666666,
1994-06-22,21.66,13.66,23.034285714285716,174,22.692333333333334,
1994-06-23,19.98,28.65,22.467142857142857,175,22.369333333333334,
1994-06-24,21.02,0.98,21.891428571428573,176,22.28666666666667,
1994-06-25,23.94,2.19,21.434285714285714,177,22.715333333333334,
1994-06-26,20.96,0.23,21.255714285714284,178,22.841,
1994-06-27,21.55,0.03,21.591428571428573,179,23.119333333333334,
1994-06-28,20.93,0.04,21.919999999999998,180,22.435333333333332,
1994-06-29,20.41,0.04,21.154285714285717,181,22.72233333333333,
1994-06-30,22.33,5.95,21.08142857142857,182,23.016000000000002,
1994-07-01,23.32,8.15,21.548571428571428,183,22.925666666666665,
1994-07-02,18.58,1.36,22.217142857142857,184,22.494666666666667,
1994-07-03,20.45,9.69,22.91142857142857,185,23.086000000000002,
1994-07-04,24.82,2.69,23.225714285714286,186,23.35,
1994-07-05,25.61,0.77,22.42571428571429,187,23.333666666666666,
1994-07-06,25.27,2.0,22.434285714285714,188,23.908,
1994-07-07,24.53,9.51,22.520000000000003,189,23.91033333333333,
1994-07-08,17.72,0.17,22.33142857142857,190,23.716333333333335,
1994-07-09,18.64,0.02,21.981428571428573,191,23.563666666666666,
1994-07-10,21.05,0.0,21.571428571428573,192,23.58566666666667,
1994-07-11,23.5,6.81,21.06857142857143,193,23.475666666666665,
1994-07-12,23.16,12.13,21.71857142857143,194,23.613999999999997,
1994-07-13,22.4,8.71,22.24142857142857,195,23.775,
1994-07-14,21.01,0.32,22.542857142857144,196,23.750333333333334,
1994-07-15,22.27,0.56,22.514285714285716,197,24.091,
1994-07-16,22.3,2.39,22.85857142857143,198,24.48933333333333,
1994-07-17,23.16,0.09,22.68285714285715,199,25.218666666666667,
1994-07-18,23.3,1.06,22.691428571428577,200,25.182000000000002,
1994-07-19,25.57,3.51,22.514285714285716,201,25.142666666666667,
1994-07-20,21.17,0.73,22.572857142857142,202,24.688333333333333,
1994-07-21,21.07,1.04,22.264285714285716,203,24.159,
1994-07-22,21.03,0.05,21.851428571428574,204,24.09733333333333,
1994-07-23,22.71,0.73,20.712857142857143,205,23.634999999999998,
1994-07-24,21.0,0.29,20.300000000000004,206,23.958333333333332,
1994-07-25,20.41,0.56,20.027142857142856,207,24.35666666666667,
1994-07-26,17.6,0.92,19.942857142857147,208,23.784333333333333,
1994-07-27,18.28,1.52,19.794285714285714,209,23.436333333333334,
1994-07-28,19.16,0.0,20.13,210,23.39466666666667,
1994-07-29,20.44,0.0,20.604285714285716,211,22.936333333333334,
1994-07-30,21.67,0.04,21.435714285714287,212,23.407333333333334,
1994-07-31,23.35,13.39,22.07714285714286,213,23.882,
1994-08-01,23.73,5.95,22.302857142857142,214,24.038,
1994-08-02,23.42,1.31,21.564285714285717,215,23.786,
1994-08-03,22.77,13.96,20.958571428571428,216,23.788333333333334,
1994-08-04,20.74,0.08,20.841428571428573,217,23.070333333333334,
1994-08-05,15.27,0.0,20.437142857142856,218,22.095000000000002,
1994-08-06,17.43,0.05,19.867142857142856,219,22.555999999999997,
1994-08-07,22.53,0.25,19.69142857142857,220,23.384999999999998,
1994-08-08,20.9,0.07,19.32,221,23.405666666666665,
1994-08-09,19.43,0.78,20.25857142857143,222,23.939,
1994-08-10,21.54,8.68,21.054285714285715,223,23.015666666666668,
1994-08-11,18.14,1.83,20.060000000000002,224,22.470000000000002,
1994-08-12,21.84,23.33,19.509999999999998,225,22.623333333333335,
1994-08-13,23.0,1.35,19.771428571428572,226,22.243999999999996,
1994-08-14,15.57,0.0,19.937142857142856,227,21.991,
1994-08-15,17.05,0.0,20.851428571428574,228,21.821,
1994-08-16,21.26,0.15,20.907142857142855,229,22.473666666666666,
1994-08-17,22.7,0.25,20.327142857142857,230,22.349666666666668,
1994-08-18,24.54,0.02,20.794285714285714,231,22.279,
1994-08-19,22.23,0.0,21.33142857142857,232,21.826,
1994-08-20,18.94,0.0,21.655714285714286,233,21.703333333333333,
1994-08-21,18.84,0.02,22.00714285714286,234,22.387999999999998,
1994-08-22,20.81,0.0,21.934285714285714,235,22.672666666666665,
1994-08-23,23.53,0.74,22.262857142857143,236,22.886000000000003,
1994-08-24,25.16,0.04,23.32714285714286,237,23.147333333333332,
1994-08-25,24.03,14.66,23.195714285714285,238,22.886333333333333,
1994-08-26,24.53,0.18,22.958571428571428,239,23.105999999999998,
1994-08-27,26.39,3.29,22.431428571428572,240,23.144333333333336,
1994-08-28,17.92,1.89,21.092857142857145,241,22.774333333333335,
1994-08-29,19.15,0.0,19.987142857142857,242,22.189,
1994-08-30,19.84,16.53,18.972857142857144,243,21.733333333333334,
1994-08-31,15.79,0.02,17.824285714285715,244,21.302666666666667,
1994-09-01,16.29,1.1,17.94,245,21.451,
1994-09-02,17.43,0.63,18.075714285714287,246,22.022333333333332,
1994-09-03,18.35,4.72,17.81142857142857,247,21.276666666666664,
1994-09-04,18.73,40.69,18.37857142857143,248,21.00433333333333,
1994-09-05,20.1,1.86,19.112857142857145,249,21.005666666666666,
1994-09-06,17.99,0.0,19.770000000000003,250,21.192666666666664,
1994-09-07,19.76,0.52,20.22142857142857,251,20.137,
1994-09-08,21.43,1.36,20.66,252,19.12933333333333,
1994-09-09,22.03,0.0,21.080000000000002,253,19.55933333333333,
1994-09-10,21.51,0.0,22.114285714285717,254,19.197,
1994-09-11,21.8,0.0,23.034285714285716,255,19.569333333333336,
1994-09-12,23.04,0.05,23.388571428571428,256,19.301,
1994-09-13,25.23,0.29,22.82714285714286,257,18.745333333333335,
1994-09-14,26.2,1.02,22.095714285714287,258,17.874333333333333,
1994-09-15,23.91,4.29,21.755714285714287,259,18.199666666666666,
1994-09-16,18.1,0.0,21.351428571428574,260,18.276999999999997,
1994-09-17,16.39,0.0,20.73857142857143,261,18.257,
1994-09-18,19.42,0.04,19.88714285714286,262,17.91466666666667,
1994-09-19,20.21,0.0,17.922857142857143,263,17.648333333333333,
1994-09-20,20.94,3.56,16.73857142857143,264,17.333666666666666,
1994-09-21,20.24,8.19,16.345714285714287,265,16.50766666666667,
1994-09-22,10.16,10.77,15.86857142857143,266,15.752999999999998,
1994-09-23,9.81,1.59,14.34857142857143,267,15.840666666666666,
1994-09-24,13.64,11.83,13.047142857142857,268,15.879666666666667,
1994-09-25,16.08,12.36,12.088571428571429,269,16.085666666666665,
1994-09-26,9.57,0.34,12.960000000000003,270,15.628000000000002,
1994-09-27,11.83,0.0,14.311428571428573,271,15.453666666666667,
1994-09-28,13.53,0.0,14.515714285714287,272,14.340333333333332,
1994-09-29,16.26,0.0,14.112857142857143,273,15.011,
1994-09-30,19.27,0.0,14.365714285714287,274,15.565,
1994-10-01,15.07,0.51,14.555714285714286,275,14.964666666666666,
1994-10-02,13.26,3.44,14.640000000000002,276,14.025,
1994-10-03,11.34,5.08,15.032857142857145,277,13.937999999999999,
1994-10-04,13.16,0.0,14.375714285714285,278,12.959333333333335,
1994-10-05,14.12,0.37,13.687142857142858,279,13.216666666666667,
1994-10-06,19.01,8.99,13.0,280,13.280666666666667,
1994-10-07,14.67,2.04,12.600000000000003,281,13.126,
1994-10-08,10.25,0.07,12.041428571428572,282,13.387,
1994-10-09,8.45,0.0,11.395714285714288,283,12.320333333333334,
1994-10-10,8.54,0.0,10.424285714285714,284,11.544666666666666,
1994-10-11,9.25,0.0,10.064285714285715,285,12.015333333333333,
1994-10-12,9.6,0.0,10.611428571428572,286,11.498666666666667,
1994-10-13,12.21,0.0,11.881428571428572,287,10.771666666666667,
1994-10-14,12.15,0.1,13.131428571428573,288,10.437000000000001,
1994-10-15,14.08,4.9,14.070000000000002,289,10.093333333333334,
1994-10-16,17.34,7.55,14.49,290,10.100999999999999,
1994-10-17,17.29,16.63,14.491428571428573,291,10.468,
1994-10-18,15.82,5.66,14.837142857142856,292,9.365,
1994-10-19,12.54,0.0,14.641428571428573,293,9.306333333333333,
1994-10-20,12.22,0.0,13.331428571428571,294,9.620000000000001,
1994-10-21,14.57,0.0,11.64,295,9.548333333333334,
1994-10-22,12.71,0.16,9.727142857142857,296,9.428333333333335,
1994-10-23,8.17,0.01,8.55,297,9.361666666666668,
1994-10-24,5.45,0.02,8.065714285714288,298,8.323333333333332,
1994-10-25,2.43,0.0,7.638571428571431,299,8.220666666666666,
1994-10-26,4.3,0.0,7.235714285714287,300,7.387333333333333,
1994-10-27,8.83,0.0,7.0585714285714305,301,6.560333333333333,
1994-10-28,11.58,0.0,6.970000000000001,302,7.194333333333334,
1994-10-29,9.89,0.01,7.597142857142858,303,7.574,
1994-10-30,6.93,0.34,8.338571428571429,304,6.771333333333333,
1994-10-31,4.83,0.29,8.202857142857145,305,5.3613333333333335,
1994-11-01,6.82,0.0,7.215714285714286,306,5.837000000000001,
1994-11-02,9.49,0.01,6.4142857142857155,307,4.904,
1994-11-03,7.88,0.16,6.150000000000001,308,5.098666666666667,
1994-11-04,4.67,2.08,6.88857142857143,309,5.049,
1994-11-05,4.28,0.15,7.070000000000001,310,5.129666666666666,
1994-11-06,5.08,0.08,6.435714285714288,311,4.361666666666666,
1994-11-07,10.0,0.03,5.7042857142857155,312,3.850333333333333,
1994-11-08,8.09,1.0,5.645714285714286,313,4.254666666666667,
1994-11-09,5.05,0.93,6.078571428571429,314,4.613333333333333,
1994-11-10,2.76,0.0,6.982857142857144,315,3.4196666666666666,
1994-11-11,4.26,0.0,6.315714285714287,316,1.9046666666666667,
1994-11-12,7.31,1.07,5.455714285714286,317,1.7046666666666668,
1994-11-13,11.41,4.56,5.012857142857143,318,2.5083333333333333,
1994-11-14,5.33,0.0,5.654285714285715,319,2.8676666666666666,
1994-11-15,2.07,0.0,5.3257142857142865,320,2.585,
1994-11-16,1.95,0.0,4.3828571428571435,321,2.494,
1994-11-17,7.25,0.91,3.3342857142857154,322,2.942333333333333,
1994-11-18,1.96,0.0,2.817142857142858,323,2.783666666666667,
1994-11-19,0.71,0.1,2.3300000000000014,324,2.183666666666667,
1994-11-20,4.07,16.85,1.9314285714285724,325,1.4466666666666665,
1994-11-21,1.71,3.52,0.9971428571428582,326,1.0430000000000001,
1994-11-22,-1.34,0.01,0.9085714285714296,327,1.2656666666666667,
1994-11-23,-0.84,0.0,1.0857142857142867,328,0.8053333333333333,
1994-11-24,0.71,0.0,0.7142857142857153,329,0.4036666666666667,
1994-11-25,1.34,0.0,0.150000000000001,330,0.2166666666666667,
1994-11-26,1.95,2.58,-0.29857142857142766,331,-0.3006666666666667,
1994-11-27,1.47,8.72,-0.4071428571428562,332,-0.6473333333333334,
1994-11-28,-2.24,0.14,-0.21285714285714194,333,0.04299999999999997,
1994-11-29,-4.48,0.13,-0.005714285714284831,334,-0.1753333333333333,
1994-11-30,-1.6,0.0,0.20428571428571515,335,-1.3270000000000002,
1994-12-01,2.07,0.0,0.36142857142857227,336,-1.3359999999999999,
1994-12-02,2.79,0.0,0.15142857142857238,337,-0.9176666666666667,
1994-12-03,3.42,0.07,0.0885714285714296,338,-1.3096666666666665,
1994-12-04,2.57,1.31,-0.5571428571428562,339,-1.384,
1994-12-05,-3.71,1.72,-1.8314285714285705,340,-2.7996666666666665,
1994-12-06,-4.92,19.35,-3.3871428571428557,341,-3.5756666666666663,
1994-12-07,-6.12,1.79,-5.459999999999999,342,-3.7616666666666663,
1994-12-08,-6.85,0.65,-8.115714285714285,343,-3.6540000000000004,
1994-12-09,-8.1,0.01,-9.189999999999998,344,-4.117666666666667,
1994-12-10,-11.09,0.01,-9.654285714285711,345,-3.7346666666666666,
1994-12-11,-16.02,0.0,-9.918571428571427,346,-3.7763333333333335,
1994-12-12,-11.23,0.0,-9.777142857142858,347,-3.5260000000000002,
1994-12-13,-8.17,0.05,-9.179999999999998,348,-2.4756666666666667,
1994-12-14,-7.97,4.59,-8.23142857142857,349,-3.1086666666666667,
1994-12-15,-5.86,0.56,-7.438571428571428,350,-3.9536666666666664,
1994-12-16,-3.92,0.84,-6.444285714285713,351,-4.115,
1994-12-17,-4.45,0.13,-5.289999999999999,352,-4.723333333333333,
1994-12-18,-10.47,0.01,-4.135714285714284,353,-4.670333333333334,
1994-12-19,-4.27,0.0,-3.292857142857142,354,-5.029,
1994-12-20,-0.09,0.13,-2.982857142857142,355,-4.147,
1994-12-21,0.11,0.07,-2.7371428571428558,356,-4.393,
1994-12-22,0.04,0.01,-1.499999999999999,357,-4.798,
1994-12-23,-1.75,0.0,-0.869999999999999,358,-5.59,
1994-12-24,-2.73,0.0,-0.6099999999999989,359,-6.833333333333333,
1994-12-25,-1.81,0.0,-0.8285714285714274,360,-5.871333333333333,
1994-12-26,0.14,0.0,-1.137142857142856,361,-4.98,
1994-12-27,1.73,0.0,-1.164285714285713,362,-4.514666666666667,
1994-12-28,-1.42,0.0,-1.4385714285714275,363,-4.012666666666666,
1994-12-29,-2.12,0.08,-2.617142857142856,364,-5.275666666666667,
1994-12-30,-1.94,0.91,-3.9957142857142847,365,-4.824666666666667,
1994-12-31,-4.65,2.66,-6.074285714285714,366,-6.896333333333333,
1995-01-01,-10.06,0.2,-8.368571428571427,1,-7.254666666666667,
1995-01-02,-9.51,0.0,-9.532857142857141,2,-6.669333333333333,
1995-01-03,-12.82,0.0,-10.06142857142857,3,-6.372,
1995-01-04,-17.48,0.0,-11.415714285714285,4,-7.632000000000001,
1995-01-05,-10.27,4.48,-11.442857142857141,5,-7.3629999999999995,
1995-01-06,-5.64,4.72,-11.42,6,-7.612666666666667,
1995-01-07,-14.13,0.0,-10.415714285714284,7,-7.635666666666666,
1995-01-08,-10.25,0.04,-7.954285714285713,8,-6.3966666666666665,
1995-01-09,-9.35,0.06,-6.394285714285714,9,-6.800666666666667,
1995-01-10,-5.79,0.05,-5.828571428571428,10,-6.191666666666666,
1995-01-11,-0.25,0.07,-4.397142857142856,11,-5.321666666666667,
1995-01-12,0.65,0.09,-3.6157142857142843,12,-6.834333333333333,
1995-01-13,-1.68,0.09,-2.5414285714285705,13,-7.807,
1995-01-14,-4.11,0.03,-1.905714285714285,14,-7.033666666666666,
1995-01-15,-4.78,0.1,-2.52142857142857,15,-8.241333333333333,
1995-01-16,-1.83,0.61,-3.008571428571428,16,-7.281666666666666,
1995-01-17,-1.34,0.81,-3.789999999999999,17,-7.789,
1995-01-18,-4.56,0.08,-4.364285714285714,18,-8.385333333333334,
1995-01-19,-2.76,0.18,-4.92,19,-7.801,
1995-01-20,-7.15,0.03,-5.841428571428571,20,-7.862,
1995-01-21,-8.13,0.04,-6.769999999999999,21,-6.818,
1995-01-22,-8.67,0.43,-6.931428571428571,22,-5.656000000000001,
1995-01-23,-8.28,0.12,-7.242857142857141,23,-6.655666666666667,
1995-01-24,-7.84,0.01,-6.635714285714285,24,-7.19,
1995-01-25,-5.69,0.02,-5.9171428571428555,25,-6.602666666666667,
1995-01-26,-4.94,0.03,-5.644285714285713,26,-5.616333333333333,
1995-01-27,-2.9,7.12,-5.602857142857142,27,-6.115666666666667,
1995-01-28,-3.1,0.74,-4.509999999999999,28,-5.8726666666666665,
1995-01-29,-6.76,0.05,-3.6014285714285705,29,-7.1626666666666665,
1995-01-30,-7.99,0.02,-2.9085714285714275,30,-7.257000000000001,
1995-01-31,-0.19,0.48,-2.649999999999999,31,-5.312333333333333,
1995-02-01,0.67,4.25,-3.182857142857142,32,-5.570666666666667,
1995-02-02,-0.09,1.49,-3.795714285714285,33,-5.598333333333333,
1995-02-03,-1.09,0.46,-3.8914285714285706,34,-5.522333333333333,
1995-02-04,-6.83,0.11,-5.337142857142857,35,-6.5696666666666665,
1995-02-05,-11.05,0.0,-6.702857142857143,36,-5.671666666666667,
1995-02-06,-8.66,0.16,-6.938571428571428,37,-4.662999999999999,
1995-02-07,-10.31,0.09,-7.578571428571428,38,-5.294,
1995-02-08,-8.89,0.0,-8.821428571428571,39,-5.605333333333333,
1995-02-09,-1.74,0.05,-8.907142857142857,40,-5.402333333333333,
1995-02-10,-5.57,0.01,-8.924285714285714,41,-5.548666666666667,
1995-02-11,-15.53,0.0,-8.188571428571427,42,-5.828,
1995-02-12,-11.65,0.0,-7.735714285714286,43,-5.614,
1995-02-13,-8.78,0.0,-8.389999999999999,44,-4.276333333333333,
1995-02-14,-5.16,0.27,-7.614285714285714,45,-4.116666666666666,
1995-02-15,-5.72,0.18,-4.954285714285713,46,-5.044,
1995-02-16,-6.32,0.0,-3.0899999999999994,47,-4.468,
1995-02-17,-0.14,0.04,-1.445714285714285,48,-2.9069999999999996,
1995-02-18,3.09,0.0,-0.6985714285714278,49,-2.4276666666666666,
1995-02-19,1.4,0.0,0.824285714285715,50,-2.2693333333333334,
1995-02-20,2.73,0.0,1.971428571428572,51,-1.5713333333333332,
1995-02-21,0.07,0.01,2.0285714285714294,52,-2.385,
1995-02-22,4.94,0.0,2.0514285714285725,53,-1.8993333333333333,
1995-02-23,1.71,0.0,2.000000000000001,54,-2.289,
1995-02-24,0.26,0.09,1.6157142857142863,55,-2.667333333333333,
1995-02-25,3.25,0.0,0.7100000000000007,56,-3.2760000000000002,
1995-02-26,1.04,0.83,-1.4599999999999993,57,-3.2516666666666665,
1995-02-27,0.04,0.91,-3.0128571428571425,58,-3.3603333333333336,
1995-02-28,-6.27,0.28,-3.6014285714285705,59,-2.131666666666667,
1995-03-01,-10.25,0.0,-4.157142857142857,61,-1.5816666666666666,
1995-03-02,-9.16,0.0,-4.317142857142856,62,-3.1626666666666665,
1995-03-03,-3.86,0.01,-4.481428571428571,63,-2.8819999999999997,
1995-03-04,-0.64,4.11,-4.544285714285714,64,-1.1363333333333332,
1995-03-05,-0.08,2.71,-4.807142857142857,65,-0.13566666666666655,
1995-03-06,-1.11,10.1,-4.27,66,0.4623333333333332,
1995-03-07,-6.71,0.24,-3.132857142857143,67,0.44066666666666665,
1995-03-08,-12.09,0.02,-1.8499999999999996,68,0.748,
1995-03-09,-5.4,0.0,0.04000000000000042,69,-0.33833333333333326,
1995-03-10,4.1,0.0,2.095714285714286,70,0.44,
1995-03-11,8.34,0.0,4.6971428571428575,71,0.871,
1995-03-12,13.15,0.76,8.12,72,1.326,
1995-03-13,13.28,6.51,10.90857142857143,73,2.741,
1995-03-14,11.5,0.66,11.76142857142857,74,2.949333333333333,
1995-03-15,11.87,0.05,11.801428571428572,75,2.875,
1995-03-16,14.12,0.02,10.84142857142857,76,3.725333333333333,
1995-03-17,10.07,0.14,9.775714285714285,77,3.746,
1995-03-18,8.62,2.29,8.922857142857143,78,3.3153333333333337,
1995-03-19,6.43,4.49,8.077142857142857,79,3.641,
1995-03-20,5.82,5.27,6.9471428571428575,80,3.9993333333333334,
1995-03-21,5.53,0.0,6.277142857142858,81,3.7106666666666666,
1995-03-22,5.95,0.34,6.328571428571429,82,4.115666666666667,
1995-03-23,6.21,0.07,6.934285714285715,83,4.760000000000001,
1995-03-24,5.38,0.03,6.827142857142858,84,4.697,
1995-03-25,8.98,22.02,6.592857142857143,85,4.338333333333334,
1995-03-26,10.67,14.31,6.054285714285714,86,5.436999999999999,
1995-03-27,5.07,0.75,5.252857142857144,87,5.832666666666666,
1995-03-28,3.89,0.38,4.597142857142858,88,5.482,
1995-03-29,2.18,0.34,3.8485714285714288,89,6.0793333333333335,
1995-03-30,0.6,0.01,3.6928571428571435,90,7.23,
1995-03-31,0.79,0.01,4.171428571428572,91,6.647,
1995-04-01,3.74,0.05,3.0214285714285722,92,6.444999999999999,
1995-04-02,9.58,0.01,3.6728571428571435,93,7.316,
1995-04-03,8.42,0.67,4.767142857142858,94,6.646333333333333,
1995-04-04,-4.16,0.08,5.7371428571428575,95,5.5616666666666665,
1995-04-05,6.74,1.17,6.068571428571429,96,7.396,
1995-04-06,8.26,0.11,5.165714285714286,97,7.986666666666666,
1995-04-07,7.58,5.25,4.015714285714286,98,7.6353333333333335,
1995-04-08,6.06,8.63,5.222857142857143,99,7.1129999999999995,
1995-04-09,3.26,12.15,4.595714285714286,100,7.235333333333333,
1995-04-10,0.37,11.1,4.482857142857143,101,8.195333333333334,
1995-04-11,4.29,17.7,4.972857142857143,102,8.320666666666666,
1995-04-12,2.35,0.18,5.975714285714287,103,7.707,
1995-04-13,7.47,0.0,6.597142857142858,104,8.866999999999999,
1995-04-14,11.01,0.23,7.795714285714285,105,10.045666666666667,
1995-04-15,13.08,0.12,8.678571428571429,106,10.124,
1995-04-16,7.61,1.4,9.372857142857143,107,9.499666666666666,
1995-04-17,8.76,2.69,9.247142857142858,108,10.244666666666665,
1995-04-18,10.47,11.93,8.574285714285715,109,11.613333333333333,
1995-04-19,7.21,0.02,7.877142857142857,110,10.836666666666668,
1995-04-20,6.59,10.2,8.071428571428573,111,9.832666666666666,
1995-04-21,6.3,0.9,7.960000000000001,112,10.340333333333332,
1995-04-22,8.2,0.0,7.871428571428572,113,10.793333333333333,
1995-04-23,8.97,0.0,7.802857142857143,114,11.044,
1995-04-24,7.98,1.45,7.750000000000001,115,12.153666666666668,
1995-04-25,9.85,8.27,8.22,116,11.603666666666667,
1995-04-26,6.73,26.75,8.432857142857143,117,11.013333333333332,
1995-04-27,6.22,0.24,8.55,118,10.667666666666666,
1995-04-28,9.59,0.92,8.544285714285715,119,11.247333333333334,
1995-04-29,9.69,6.6,8.632857142857144,120,11.810666666666666,
1995-04-30,9.79,0.29,8.995714285714286,121,12.266666666666667,
1995-05-01,7.94,0.03,9.620000000000001,122,12.117666666666667,
1995-05-02,10.47,0.29,10.168571428571429,123,12.065333333333335,
1995-05-03,9.27,6.1,10.821428571428571,124,12.464333333333334,
1995-05-04,10.59,2.04,11.624285714285715,125,13.715666666666667,
1995-05-05,13.43,0.01,13.017142857142858,126,14.700666666666667,
1995-05-06,14.26,1.19,13.651428571428571,127,15.049333333333333,
1995-05-07,15.41,9.2,14.057142857142859,128,15.288,
1995-05-08,17.69,26.07,14.437142857142858,129,15.648,
1995-05-09,14.91,17.79,14.404285714285717,130,15.424000000000001,
1995-05-10,12.11,0.4,14.9,131,15.732666666666667,
1995-05-11,13.25,1.25,14.709999999999999,132,14.824666666666667,
1995-05-12,13.2,6.88,14.391428571428573,133,13.698666666666666,
1995-05-13,17.73,2.8,14.845714285714283,134,13.713333333333335,
1995-05-14,14.08,0.01,14.889999999999999,135,14.930666666666667,
1995-05-15,15.46,0.0,14.688571428571427,136,15.792666666666666,
1995-05-16,18.09,7.51,14.951428571428574,137,16.949,
1995-05-17,12.42,0.09,14.437142857142858,138,16.96,
1995-05-18,11.84,4.55,14.522857142857143,139,16.109666666666666,
1995-05-19,15.04,0.0,14.684285714285712,140,16.488666666666667,
1995-05-20,14.13,0.03,13.595714285714283,141,16.082666666666668,
1995-05-21,14.68,0.16,13.594285714285716,142,16.447666666666667,
1995-05-22,16.59,8.11,13.982857142857142,143,17.717666666666666,
1995-05-23,10.47,8.02,13.85142857142857,144,17.689,
1995-05-24,12.41,0.24,14.12857142857143,145,17.377,
1995-05-25,14.56,0.23,14.134285714285713,146,16.985,
1995-05-26,14.12,0.7,14.058571428571428,147,17.367,
1995-05-27,16.07,24.58,15.247142857142858,148,18.245,
1995-05-28,14.72,4.83,15.918571428571427,149,18.587,
1995-05-29,16.06,0.0,16.244285714285716,150,19.214,
1995-05-30,18.79,0.08,16.655714285714286,151,19.67366666666667,
1995-05-31,17.11,1.24,17.17,152,18.76966666666667,
1995-06-01,16.84,2.89,17.94857142857143,153,18.962666666666667,
1995-06-02,17.0,4.98,18.631428571428575,154,18.642999999999997,
1995-06-03,19.67,0.18,19.19142857142857,155,19.017333333333333,
1995-06-04,20.17,1.47,20.071428571428573,156,19.663999999999998,
1995-06-05,20.84,8.88,19.54,157,20.015,
1995-06-06,22.71,6.84,19.345714285714283,158,20.389666666666667,
1995-06-07,23.27,1.88,18.78142857142857,159,21.124666666666666,
1995-06-08,13.12,1.73,18.22,160,20.57633333333333,
1995-06-09,15.64,1.24,17.77142857142857,161,20.773333333333333,
1995-06-10,15.72,1.47,17.287142857142857,162,21.00133333333333,
1995-06-11,16.24,0.0,16.860000000000003,163,21.526666666666664,
1995-06-12,17.7,0.0,18.16,164,21.44333333333333,
1995-06-13,19.32,1.09,19.325714285714287,165,21.556333333333335,
1995-06-14,20.28,9.03,20.49142857142857,166,21.331666666666667,
1995-06-15,22.22,3.92,21.562857142857144,167,21.750999999999998,
1995-06-16,23.8,0.02,22.461428571428574,168,21.923000000000002,
1995-06-17,23.88,0.01,23.227142857142855,169,22.441666666666666,
1995-06-18,23.74,0.0,24.072857142857142,170,22.617,
1995-06-19,23.99,0.0,24.514285714285712,171,22.067666666666664,
1995-06-20,24.68,0.02,24.72714285714286,172,22.64333333333333,
1995-06-21,26.2,0.49,24.46142857142857,173,22.711666666666666,
1995-06-22,25.31,0.3,23.94142857142857,174,22.692333333333334,
1995-06-23,25.29,3.41,23.328571428571426,175,22.369333333333334,
1995-06-24,22.02,6.2,22.669999999999998,176,22.28666666666667,
1995-06-25,20.1,9.71,21.915714285714284,177,22.715333333333334,
1995-06-26,19.7,15.18,21.244285714285713,178,22.841,
1995-06-27,20.07,13.68,20.09714285714286,179,23.119333333333334,
1995-06-28,20.92,5.46,19.214285714285715,180,22.435333333333332,
1995-06-29,20.61,0.09,18.915714285714284,181,22.72233333333333,
1995-06-30,17.26,0.05,19.031428571428574,182,23.016000000000002,
1995-07-01,15.84,0.0,19.38714285714286,183,22.925666666666665,
1995-07-02,18.01,0.53,19.390000000000004,184,22.494666666666667,
1995-07-03,20.51,8.06,19.17142857142857,185,23.086000000000002,
1995-07-04,22.56,20.61,19.657142857142855,186,23.35,
1995-07-05,20.94,3.94,20.637142857142855,187,23.333666666666666,
1995-07-06,19.08,0.0,21.332857142857144,188,23.908,
1995-07-07,20.66,0.46,21.74285714285714,189,23.91033333333333,
1995-07-08,22.7,0.69,22.324285714285715,190,23.716333333333335,
1995-07-09,22.88,0.42,23.389999999999997,191,23.563666666666666,
1995-07-10,23.38,0.07,24.795714285714286,192,23.58566666666667,
1995-07-11,26.63,0.0,25.717142857142857,193,23.475666666666665,
1995-07-12,28.4,0.0,26.09428571428571,194,23.613999999999997,
1995-07-13,28.92,0.16,26.3,195,23.775,
1995-07-14,27.11,7.49,26.087142857142855,196,23.750333333333334,
1995-07-15,25.34,17.47,25.53142857142857,197,24.091,
1995-07-16,24.32,2.21,24.774285714285714,198,24.48933333333333,
1995-07-17,21.89,0.01,23.821428571428573,199,25.218666666666667,
1995-07-18,22.74,0.09,23.27142857142857,200,25.182000000000002,
1995-07-19,23.1,11.39,23.07,201,25.142666666666667,
1995-07-20,22.25,3.34,22.905714285714286,202,24.688333333333333,
1995-07-21,23.26,3.12,23.240000000000002,203,24.159,
1995-07-22,23.93,7.19,23.372857142857146,204,24.09733333333333,
1995-07-23,23.17,5.2,23.53,205,23.634999999999998,
1995-07-24,24.23,1.19,23.96857142857143,206,23.958333333333332,
1995-07-25,23.67,1.56,24.24,207,24.35666666666667,
1995-07-26,24.2,0.11,24.54714285714286,208,23.784333333333333,
1995-07-27,25.32,0.01,24.967142857142854,209,23.436333333333334,
1995-07-28,25.16,0.0,24.78,210,23.39466666666667,
1995-07-29,26.08,0.18,24.178571428571427,211,22.936333333333334,
1995-07-30,26.11,4.47,23.881428571428575,212,23.407333333333334,
1995-07-31,22.92,20.02,23.78142857142857,213,23.882,
1995-08-01,19.46,0.18,23.687142857142856,214,24.038,
1995-08-02,22.12,0.06,23.452857142857145,215,23.786,
1995-08-03,24.62,0.69,23.157142857142862,216,23.788333333333334,
1995-08-04,24.5,2.36,23.527142857142856,217,23.070333333333334,
1995-08-05,24.44,5.71,24.66857142857143,218,22.095000000000002,
1995-08-06,24.04,8.07,25.192857142857143,219,22.555999999999997,
1995-08-07,25.51,0.24,25.43285714285714,220,23.384999999999998,
1995-08-08,27.45,0.1,25.76,221,23.405666666666665,
1995-08-09,25.79,10.85,26.21142857142857,222,23.939,
1995-08-10,26.3,11.71,26.72,223,23.015666666666668,
1995-08-11,26.79,0.18,26.40285714285714,224,22.470000000000002,
1995-08-12,27.6,0.75,25.670000000000005,225,22.623333333333335,
1995-08-13,27.6,7.57,25.525714285714287,226,22.243999999999996,
1995-08-14,23.29,9.44,25.581428571428575,227,21.991,
1995-08-15,22.32,8.42,25.76142857142857,228,21.821,
1995-08-16,24.78,5.46,24.945714285714285,229,22.473666666666666,
1995-08-17,26.69,0.26,24.051428571428573,230,22.349666666666668,
1995-08-18,28.05,0.13,24.074285714285715,231,22.279,
1995-08-19,21.89,0.06,24.078571428571426,232,21.826,
1995-08-20,21.34,0.0,23.987142857142857,233,21.703333333333333,
1995-08-21,23.45,0.0,23.75857142857143,234,22.387999999999998,
1995-08-22,22.35,2.68,23.20714285714286,235,22.672666666666665,
1995-08-23,24.14,0.31,23.82,236,22.886000000000003,
1995-08-24,25.09,0.0,24.72714285714286,237,23.147333333333332,
1995-08-25,24.19,0.0,25.474285714285713,238,22.886333333333333,
1995-08-26,26.18,0.0,26.172857142857143,239,23.105999999999998,
1995-08-27,27.69,0.13,26.62285714285714,240,23.144333333333336,
1995-08-28,28.68,3.65,26.175714285714285,241,22.774333333333335,
1995-08-29,27.24,2.43,25.707142857142856,242,22.189,
1995-08-30,27.29,0.03,25.174285714285713,243,21.733333333333334,
1995-08-31,21.96,0.1,24.565714285714282,244,21.302666666666667,
1995-09-01,20.91,0.0,23.789999999999996,245,21.451,
1995-09-02,22.45,1.77,23.32857142857143,246,22.022333333333332,
1995-09-03,23.43,0.57,22.662857142857145,247,21.276666666666664,
1995-09-04,23.25,0.05,21.73,248,21.00433333333333,
1995-09-05,24.01,0.82,20.71,249,21.005666666666666,
1995-09-06,22.63,6.97,19.541428571428572,250,21.192666666666664,
1995-09-07,15.43,0.53,18.478571428571428,251,20.137,
1995-09-08,13.77,0.0,17.722857142857144,252,19.12933333333333,
1995-09-09,14.27,0.0,16.958571428571428,253,19.55933333333333,
1995-09-10,15.99,0.07,16.908571428571427,254,19.197,
1995-09-11,17.96,1.58,17.255714285714287,255,19.569333333333336,
1995-09-12,18.66,4.27,18.22857142857143,256,19.301,
1995-09-13,22.28,0.0,19.20285714285714,257,18.745333333333335,
1995-09-14,17.86,0.0,19.07,258,17.874333333333333,
1995-09-15,20.58,0.06,18.794285714285714,259,18.199666666666666,
1995-09-16,21.09,0.36,17.94857142857143,260,18.276999999999997,
1995-09-17,15.06,0.13,15.775714285714285,261,18.257,
1995-09-18,16.03,4.71,14.112857142857141,262,17.91466666666667,
1995-09-19,12.74,25.4,11.922857142857142,263,17.648333333333333,
1995-09-20,7.07,2.47,10.121428571428572,264,17.333666666666666,
1995-09-21,6.22,0.86,9.17,265,16.50766666666667,
1995-09-22,5.25,0.0,8.671428571428573,266,15.752999999999998,
1995-09-23,8.48,0.57,9.101428571428572,267,15.840666666666666,
1995-09-24,8.4,2.75,10.709999999999999,268,15.879666666666667,
1995-09-25,12.54,0.03,12.485714285714286,269,16.085666666666665,
1995-09-26,15.75,0.0,14.412857142857144,270,15.628000000000002,
1995-09-27,18.33,0.0,16.034285714285712,271,15.453666666666667,
1995-09-28,18.65,6.24,17.08857142857143,272,14.340333333333332,
1995-09-29,18.74,17.71,17.638571428571428,273,15.011,
1995-09-30,19.83,1.03,17.235714285714284,274,15.565,
1995-10-01,15.78,0.01,16.84857142857143,275,14.964666666666666,
1995-10-02,16.39,0.9,15.992857142857142,276,14.025,
1995-10-03,12.93,0.01,14.834285714285713,277,13.937999999999999,
1995-10-04,15.62,0.31,13.389999999999999,278,12.959333333333335,
1995-10-05,12.66,12.72,12.704285714285714,279,13.216666666666667,
1995-10-06,10.63,3.64,12.048571428571426,280,13.280666666666667,
1995-10-07,9.72,0.45,12.254285714285714,281,13.126,
1995-10-08,10.98,2.06,12.602857142857143,282,13.387,
1995-10-09,11.8,0.03,13.665714285714285,283,12.320333333333334,
1995-10-10,14.37,0.0,14.200000000000001,284,11.544666666666666,
1995-10-11,18.06,0.0,14.017142857142858,285,12.015333333333333,
1995-10-12,20.1,0.0,13.614285714285714,286,11.498666666666667,
1995-10-13,14.37,0.08,13.348571428571429,287,10.771666666666667,
1995-10-14,8.44,0.0,13.505714285714285,288,10.437000000000001,
1995-10-15,8.16,0.0,12.735714285714284,289,10.093333333333334,
1995-10-16,9.94,0.0,11.497142857142858,290,10.100999999999999,
1995-10-17,15.47,0.0,10.235714285714284,291,10.468,
1995-10-18,12.67,0.01,9.607142857142858,292,9.365,
1995-10-19,11.43,0.47,9.392857142857142,293,9.306333333333333,
1995-10-20,5.54,0.02,9.337142857142856,294,9.620000000000001,
1995-10-21,4.04,0.03,7.935714285714285,295,9.548333333333334,
1995-10-22,6.66,0.19,7.414285714285714,296,9.428333333333335,
1995-10-23,9.55,5.55,6.998571428571428,297,9.361666666666668,
1995-10-24,5.66,0.07,7.338571428571428,298,8.323333333333332,
1995-10-25,9.02,0.0,7.7,299,8.220666666666666,
1995-10-26,8.52,0.35,7.251428571428571,300,7.387333333333333,
1995-10-27,7.92,1.13,6.084285714285714,301,6.560333333333333,
1995-10-28,6.57,0.33,5.5685714285714285,302,7.194333333333334,
1995-10-29,3.52,1.95,4.7542857142857144,303,7.574,
1995-10-30,1.38,7.93,3.2685714285714282,304,6.771333333333333,
1995-10-31,2.05,10.38,1.522857142857143,305,5.3613333333333335,
1995-11-01,3.32,19.06,0.09571428571428571,306,5.837000000000001,
1995-11-02,-1.88,0.62,-0.08428571428571432,307,4.904,
1995-11-03,-4.3,0.02,0.04857142857142855,308,5.098666666666667,
1995-11-04,-3.42,0.01,-0.5057142857142857,309,5.049,
1995-11-05,2.26,0.44,-1.3657142857142854,310,5.129666666666666,
1995-11-06,2.31,0.02,-0.3771428571428572,311,4.361666666666666,
1995-11-07,-1.83,0.08,0.17428571428571432,312,3.850333333333333,
1995-11-08,-2.7,0.27,-0.0999999999999999,313,4.254666666666667,
1995-11-09,5.04,0.04,-0.5657142857142856,314,4.613333333333333,
1995-11-10,-0.44,2.35,-1.1999999999999997,315,3.4196666666666666,
1995-11-11,-5.34,0.08,-1.054285714285714,316,1.9046666666666667,
1995-11-12,-1.0,0.29,-0.7085714285714284,317,1.7046666666666668,
1995-11-13,-2.13,0.01,-1.3699999999999999,318,2.5083333333333333,
1995-11-14,-0.81,0.08,-1.1785714285714284,319,2.8676666666666666,
1995-11-15,-0.28,0.0,-0.19571428571428556,320,2.585,
1995-11-16,0.41,0.0,0.5300000000000001,321,2.494,
1995-11-17,0.9,0.0,1.1428571428571428,322,2.942333333333333,
1995-11-18,1.54,0.0,1.0014285714285716,323,2.783666666666667,
1995-11-19,4.08,0.06,1.0214285714285716,324,2.183666666666667,
1995-11-20,2.16,0.0,0.2785714285714286,325,1.4466666666666665,
1995-11-21,-1.8,0.0,-0.07142857142857137,326,1.0430000000000001,
1995-11-22,-0.14,0.02,-0.03285714285714279,327,1.2656666666666667,
1995-11-23,-4.79,0.0,-0.42285714285714276,328,0.8053333333333333,
1995-11-24,-1.55,0.1,-1.2028571428571426,329,0.4036666666666667,
1995-11-25,1.81,0.3,-1.9857142857142855,330,0.2166666666666667,
1995-11-26,1.35,0.25,-2.5157142857142856,331,-0.3006666666666667,
1995-11-27,-3.3,7.57,-1.7314285714285713,332,-0.6473333333333334,
1995-11-28,-7.28,0.0,-1.3828571428571428,333,0.04299999999999997,
1995-11-29,-3.85,0.05,-1.3642857142857143,334,-0.1753333333333333,
1995-11-30,0.7,0.0,-1.4085714285714286,335,-1.3270000000000002,
1995-12-01,0.89,0.0,-0.9485714285714286,336,-1.3359999999999999,
1995-12-02,1.94,0.0,-0.022857142857142892,337,-0.9176666666666667,
1995-12-03,1.04,0.0,0.16571428571428573,338,-1.3096666666666665,
1995-12-04,-0.08,0.0,-0.22999999999999995,339,-1.384,
1995-12-05,-0.8,0.0,-1.437142857142857,340,-2.7996666666666665,
1995-12-06,-2.53,0.86,-4.102857142857142,341,-3.5756666666666663,
1995-12-07,-2.07,0.37,-6.034285714285714,342,-3.7616666666666663,
1995-12-08,-7.56,8.05,-7.854285714285715,343,-3.6540000000000004,
1995-12-09,-16.72,0.0,-9.411428571428571,344,-4.117666666666667,
1995-12-10,-12.48,0.0,-9.475714285714286,345,-3.7346666666666666,
1995-12-11,-12.82,0.01,-9.155714285714284,346,-3.7763333333333335,
1995-12-12,-11.7,0.02,-8.618571428571428,347,-3.5260000000000002,
1995-12-13,-2.98,0.65,-6.532857142857142,348,-2.4756666666666667,
1995-12-14,0.17,0.03,-4.842857142857143,349,-3.1086666666666667,
1995-12-15,-3.8,0.0,-3.3028571428571425,350,-3.9536666666666664,
1995-12-16,-2.12,0.0,-2.105714285714286,351,-4.115,
1995-12-17,-0.65,0.07,-2.457142857142857,352,-4.723333333333333,
1995-12-18,-2.04,0.02,-3.4728571428571433,353,-4.670333333333334,
1995-12-19,-3.32,0.01,-3.9457142857142857,354,-5.029,
1995-12-20,-5.44,0.0,-4.525714285714286,355,-4.147,
1995-12-21,-6.94,0.0,-5.325714285714286,356,-4.393,
1995-12-22,-7.11,0.1,-5.878571428571429,357,-4.798,
1995-12-23,-6.18,0.06,-5.930000000000001,358,-5.59,
1995-12-24,-6.25,0.01,-5.984285714285714,359,-6.833333333333333,
1995-12-25,-5.91,0.0,-6.081428571428572,360,-5.871333333333333,
1995-12-26,-3.68,0.0,-5.632857142857143,361,-4.98,
1995-12-27,-5.82,0.0,-4.971428571428571,362,-4.514666666666667,
1995-12-28,-7.62,0.0,-4.341428571428572,363,-4.012666666666666,
1995-12-29,-3.97,0.03,-3.71,364,-5.275666666666667,
1995-12-30,-1.55,1.07,-3.95,365,-4.824666666666667,
1995-12-31,-1.84,0.13,-4.324285714285714,366,-6.896333333333333,
1996-01-01,-1.49,0.25,-4.2700000000000005,1,-7.254666666666667,
1996-01-02,-5.36,0.18,-5.432857142857143,2,-6.669333333333333,
1996-01-03,-8.44,1.17,-7.732857142857143,3,-6.372,
1996-01-04,-7.24,0.82,-9.764285714285714,4,-7.632000000000001,
1996-01-05,-12.11,0.0,-10.691428571428572,5,-7.3629999999999995,
1996-01-06,-17.65,0.0,-10.164285714285715,6,-7.612666666666667,
1996-01-07,-16.06,0.0,-9.418571428571427,7,-7.635666666666666,
1996-01-08,-7.98,0.05,-8.608571428571429,8,-6.3966666666666665,
1996-01-09,-1.67,0.02,-6.8585714285714285,9,-6.800666666666667,
1996-01-10,-3.22,1.37,-4.105714285714286,10,-6.191666666666666,
1996-01-11,-1.57,0.13,-2.13,11,-5.321666666666667,
1996-01-12,0.14,0.01,-1.7457142857142858,12,-6.834333333333333,
1996-01-13,1.62,0.0,-1.5357142857142858,13,-7.807,
1996-01-14,-2.23,0.0,-0.8185714285714286,14,-7.033666666666666,
1996-01-15,-5.29,0.0,-2.8242857142857143,15,-8.241333333333333,
1996-01-16,-0.2,0.61,-5.755714285714285,16,-7.281666666666666,
1996-01-17,1.8,12.99,-7.735714285714286,17,-7.789,
1996-01-18,-15.61,7.87,-8.075714285714286,18,-8.385333333333334,
1996-01-19,-20.38,0.12,-8.221428571428572,19,-7.801,
1996-01-20,-12.24,0.03,-9.81,20,-7.862,
1996-01-21,-4.61,0.04,-11.827142857142857,21,-6.818,
1996-01-22,-6.31,0.17,-10.867142857142856,22,-5.656000000000001,
1996-01-23,-11.32,3.08,-9.778571428571428,23,-6.655666666666667,
1996-01-24,-12.32,0.06,-10.44,24,-7.19,
1996-01-25,-8.89,1.64,-10.937142857142858,25,-6.602666666666667,
1996-01-26,-12.76,16.92,-12.672857142857142,26,-5.616333333333333,
1996-01-27,-16.87,0.0,-14.255714285714287,27,-6.115666666666667,
1996-01-28,-8.09,0.31,-15.831428571428571,28,-5.8726666666666665,
1996-01-29,-18.46,0.31,-17.982857142857142,29,-7.1626666666666665,
1996-01-30,-22.4,0.67,-20.601428571428574,30,-7.257000000000001,
1996-01-31,-23.35,0.0,-22.254285714285714,31,-5.312333333333333,
1996-02-01,-23.95,0.01,-24.01142857142857,32,-5.570666666666667,
1996-02-02,-31.09,0.0,-23.327142857142857,33,-5.598333333333333,
1996-02-03,-28.44,0.0,-21.292857142857144,34,-5.522333333333333,
1996-02-04,-20.39,0.02,-17.892857142857142,35,-6.5696666666666665,
1996-02-05,-13.67,0.02,-14.164285714285715,36,-5.671666666666667,
1996-02-06,-8.16,0.0,-9.195714285714287,37,-4.662999999999999,
1996-02-07,0.45,0.02,-4.675714285714286,38,-5.294,
1996-02-08,2.15,0.11,-2.017142857142857,39,-5.605333333333333,
1996-02-09,3.69,0.01,-0.40857142857142864,40,-5.402333333333333,
1996-02-10,3.2,0.04,0.9428571428571428,41,-5.548666666666667,
1996-02-11,-1.78,0.0,0.8342857142857143,42,-5.828,
1996-02-12,-2.41,0.0,-0.36285714285714293,43,-5.614,
1996-02-13,1.3,0.01,-2.0542857142857143,44,-4.276333333333333,
1996-02-14,-0.31,0.8,-3.2485714285714287,45,-4.116666666666666,
1996-02-15,-6.23,4.36,-3.7985714285714285,46,-5.044,
1996-02-16,-8.15,0.02,-3.225714285714286,47,-4.468,
1996-02-17,-5.16,0.02,-2.9971428571428573,48,-2.9069999999999996,
1996-02-18,-5.63,0.19,-2.907142857142857,49,-2.4276666666666666,
1996-02-19,1.6,0.0,-1.6442857142857146,50,-2.2693333333333334,
1996-02-20,2.9,0.6,0.22999999999999993,51,-1.5713333333333332,
1996-02-21,0.32,0.34,1.7128571428571426,52,-2.385,
1996-02-22,2.61,0.36,3.524285714285714,53,-1.8993333333333333,
1996-02-23,4.97,0.44,3.7357142857142853,54,-2.289,
1996-02-24,5.22,0.0,2.641428571428571,55,-2.667333333333333,
1996-02-25,7.05,0.0,1.0385714285714283,56,-3.2760000000000002,
1996-02-26,3.08,0.44,-0.6728571428571428,57,-3.2516666666666665,
1996-02-27,-4.76,1.34,-2.0942857142857143,58,-3.3603333333333336,
1996-02-28,-10.9,0.04,-4.134285714285714,59,-2.131666666666667,
1996-02-29,-9.37,0.0,-6.507142857142857,60,1.94125,
1996-03-01,-4.98,0.02,-7.367142857142857,61,-1.5816666666666666,
1996-03-02,-9.06,0.0,-6.91857142857143,62,-3.1626666666666665,
1996-03-03,-9.56,0.06,-6.551428571428572,63,-2.8819999999999997,
1996-03-04,-2.94,0.5,-7.232857142857143,64,-1.1363333333333332,
1996-03-05,-1.62,0.16,-8.144285714285715,65,-0.13566666666666655,
1996-03-06,-8.33,1.58,-7.905714285714287,66,0.4623333333333332,
1996-03-07,-14.14,0.0,-6.721428571428571,67,0.44066666666666665,
1996-03-08,-11.36,0.0,-5.884285714285715,68,0.748,
1996-03-09,-7.39,0.0,-4.744285714285714,69,-0.33833333333333326,
1996-03-10,-1.27,0.02,-2.0542857142857143,70,0.44,
1996-03-11,2.92,0.03,0.7771428571428574,71,0.871,
1996-03-12,6.36,0.06,2.9142857142857146,72,1.326,
1996-03-13,10.5,0.0,4.611428571428571,73,2.741,
1996-03-14,5.68,0.0,5.17,74,2.949333333333333,
1996-03-15,3.6,0.03,4.838571428571429,75,2.875,
1996-03-16,4.49,2.48,3.69,76,3.725333333333333,
1996-03-17,2.64,0.01,2.177142857142857,77,3.746,
1996-03-18,0.6,0.1,1.1314285714285715,78,3.3153333333333337,
1996-03-19,-1.68,0.48,0.8771428571428572,79,3.641,
1996-03-20,-0.09,0.01,0.7542857142857143,80,3.9993333333333334,
1996-03-21,-1.64,0.0,1.8242857142857145,81,3.7106666666666666,
1996-03-22,1.82,0.01,0.8071428571428575,82,4.115666666666667,
1996-03-23,3.63,2.79,0.12857142857142886,83,4.760000000000001,
1996-03-24,10.13,15.78,0.032857142857143154,84,4.697,
1996-03-25,-6.52,5.05,0.6142857142857147,85,4.338333333333334,
1996-03-26,-6.43,0.0,1.192857142857143,86,5.436999999999999,
1996-03-27,-0.76,0.0,1.3414285714285714,87,5.832666666666666,
1996-03-28,2.43,0.03,0.06714285714285724,88,5.482,
1996-03-29,5.87,0.07,1.5542857142857145,89,6.0793333333333335,
1996-03-30,4.67,9.33,4.114285714285715,90,7.23,
1996-03-31,1.21,0.02,5.508571428571429,91,6.647,
1996-04-01,3.89,0.0,5.2542857142857144,92,6.444999999999999,
1996-04-02,11.49,0.0,4.427142857142857,93,7.316,
1996-04-03,9.0,0.13,4.025714285714286,94,6.646333333333333,
1996-04-04,0.65,0.0,4.164285714285715,95,5.5616666666666665,
1996-04-05,0.08,0.01,4.0,96,7.396,
1996-04-06,1.86,0.01,3.045714285714286,97,7.986666666666666,
1996-04-07,2.18,0.01,3.2485714285714287,98,7.6353333333333335,
1996-04-08,2.74,0.07,5.630000000000001,99,7.1129999999999995,
1996-04-09,4.81,0.0,6.615714285714286,100,7.235333333333333,
1996-04-10,10.42,0.01,6.832857142857143,101,8.195333333333334,
1996-04-11,17.32,0.01,6.854285714285714,102,8.320666666666666,
1996-04-12,6.98,0.17,7.175714285714286,103,7.707,
1996-04-13,3.38,0.07,7.315714285714286,104,8.866999999999999,
1996-04-14,2.33,5.19,7.854285714285715,105,10.045666666666667,
1996-04-15,4.99,0.37,7.578571428571428,106,10.124,
1996-04-16,5.79,0.0,8.597142857142856,107,9.499666666666666,
1996-04-17,14.19,0.43,9.418571428571429,108,10.244666666666665,
1996-04-18,15.39,0.88,10.772857142857143,109,11.613333333333333,
1996-04-19,14.11,2.52,11.138571428571428,110,10.836666666666668,
1996-04-20,9.13,3.3,11.448571428571428,111,9.832666666666666,
1996-04-21,11.81,0.43,11.39,112,10.340333333333332,
1996-04-22,7.55,0.04,11.218571428571428,113,10.793333333333333,
1996-04-23,7.96,0.01,10.010000000000002,114,11.044,
1996-04-24,13.78,0.04,10.168571428571429,115,12.153666666666668,
1996-04-25,14.19,0.16,9.891428571428571,116,11.603666666666667,
1996-04-26,5.65,0.18,9.525714285714287,117,11.013333333333332,
1996-04-27,10.24,1.03,9.662857142857144,118,10.667666666666666,
1996-04-28,9.87,15.46,9.115714285714287,119,11.247333333333334,
1996-04-29,4.99,9.59,8.461428571428572,120,11.810666666666666,
1996-04-30,8.92,0.0,8.728571428571428,121,12.266666666666667,
1996-05-01,9.95,0.22,9.068571428571428,122,12.117666666666667,
1996-05-02,9.61,7.83,9.527142857142858,123,12.065333333333335,
1996-05-03,7.52,8.2,10.102857142857143,124,12.464333333333334,
1996-05-04,12.62,0.15,10.504285714285714,125,13.715666666666667,
1996-05-05,13.08,0.21,11.248571428571427,126,14.700666666666667,
1996-05-06,9.02,0.83,12.124285714285714,127,15.049333333333333,
1996-05-07,11.73,0.47,12.782857142857143,128,15.288,
1996-05-08,15.16,18.47,12.348571428571429,129,15.648,
1996-05-09,15.74,37.73,11.307142857142855,130,15.424000000000001,
1996-05-10,12.13,8.54,11.264285714285714,131,15.732666666666667,
1996-05-11,9.58,0.07,11.097142857142856,132,14.824666666666667,
1996-05-12,5.79,0.93,11.464285714285714,133,13.698666666666666,
1996-05-13,8.72,2.09,12.314285714285715,134,13.713333333333335,
1996-05-14,10.56,8.69,14.02142857142857,135,14.930666666666667,
1996-05-15,17.73,1.28,16.111428571428572,136,15.792666666666666,
1996-05-16,21.69,8.96,18.62714285714286,137,16.949,
1996-05-17,24.08,1.73,19.614285714285717,138,16.96,
1996-05-18,24.21,0.31,20.657142857142855,139,16.109666666666666,
1996-05-19,23.4,3.59,20.782857142857143,140,16.488666666666667,
1996-05-20,15.63,4.86,20.065714285714286,141,16.082666666666668,
1996-05-21,17.86,0.7,18.517142857142858,142,16.447666666666667,
1996-05-22,18.61,2.66,16.728571428571428,143,17.717666666666666,
1996-05-23,16.67,24.86,14.92,144,17.689,
1996-05-24,13.24,18.83,14.349999999999998,145,17.377,
1996-05-25,11.69,5.55,13.51857142857143,146,16.985,
1996-05-26,10.74,7.58,12.974285714285715,147,17.367,
1996-05-27,11.64,15.69,12.642857142857142,148,18.245,
1996-05-28,12.04,4.69,12.994285714285713,149,18.587,
1996-05-29,14.8,0.13,13.700000000000001,150,19.214,
1996-05-30,14.35,0.0,14.481428571428571,151,19.67366666666667,
1996-05-31,15.7,10.77,14.55,152,18.76966666666667,
1996-06-01,16.63,16.99,14.888571428571428,153,18.962666666666667,
1996-06-02,16.21,1.17,15.237142857142857,154,18.642999999999997,
1996-06-03,12.12,0.0,15.711428571428572,155,19.017333333333333,
1996-06-04,14.41,0.0,15.575714285714286,156,19.663999999999998,
1996-06-05,17.24,4.42,15.535714285714286,157,20.015,
1996-06-06,17.67,10.47,15.728571428571428,158,20.389666666666667,
1996-06-07,14.75,0.51,16.77857142857143,159,21.124666666666666,
1996-06-08,16.35,0.0,17.72,160,20.57633333333333,
1996-06-09,17.56,0.96,18.610000000000003,161,20.773333333333333,
1996-06-10,19.47,1.09,19.50714285714286,162,21.00133333333333,
1996-06-11,21.0,0.81,20.767142857142858,163,21.526666666666664,
1996-06-12,23.47,1.94,21.785714285714285,164,21.44333333333333,
1996-06-13,23.95,0.1,22.639999999999997,165,21.556333333333335,
1996-06-14,23.57,0.19,22.978571428571428,166,21.331666666666667,
1996-06-15,23.48,8.42,22.759999999999998,167,21.750999999999998,
1996-06-16,23.54,31.04,22.555714285714284,168,21.923000000000002,
1996-06-17,21.84,4.78,22.694285714285716,169,22.441666666666666,
1996-06-18,19.47,0.31,22.955714285714286,170,22.617,
1996-06-19,22.04,6.45,22.57857142857143,171,22.067666666666664,
1996-06-20,24.92,17.86,22.552857142857142,172,22.64333333333333,
1996-06-21,25.4,5.66,22.431428571428572,173,22.711666666666666,
1996-06-22,20.84,4.39,22.71,174,22.692333333333334,
1996-06-23,23.36,12.5,22.930000000000003,175,22.369333333333334,
1996-06-24,20.99,0.27,22.795714285714286,176,22.28666666666667,
1996-06-25,21.42,0.01,22.84857142857143,177,22.715333333333334,
1996-06-26,23.58,0.1,23.659999999999997,178,22.841,
1996-06-27,23.98,0.0,23.854285714285712,179,23.119333333333334,
1996-06-28,25.77,0.88,24.314285714285713,180,22.435333333333332,
1996-06-29,26.52,2.56,24.55,181,22.72233333333333,
1996-06-30,24.72,0.01,24.21142857142857,182,23.016000000000002,
1996-07-01,24.21,0.18,23.535714285714285,183,22.925666666666665,
1996-07-02,23.07,0.08,22.877142857142854,184,22.494666666666667,
1996-07-03,21.21,0.12,22.421428571428574,185,23.086000000000002,
1996-07-04,19.25,1.06,22.111428571428572,186,23.35,
1996-07-05,21.16,0.02,21.534285714285716,187,23.333666666666666,
1996-07-06,23.33,2.47,20.71,188,23.908,
1996-07-07,22.55,0.05,20.334285714285716,189,23.91033333333333,
1996-07-08,20.17,0.05,20.461428571428574,190,23.716333333333335,
1996-07-09,17.3,0.01,20.610000000000003,191,23.563666666666666,
1996-07-10,18.58,0.0,20.345714285714283,192,23.58566666666667,
1996-07-11,20.14,0.46,20.047142857142855,193,23.475666666666665,
1996-07-12,22.2,3.24,20.374285714285715,194,23.613999999999997,
1996-07-13,21.48,0.08,21.134285714285713,195,23.775,
1996-07-14,20.46,0.08,22.052857142857142,196,23.750333333333334,
1996-07-15,22.46,0.39,23.020000000000003,197,24.091,
1996-07-16,22.62,27.97,23.37,198,24.48933333333333,
1996-07-17,25.01,29.6,23.111428571428572,199,25.218666666666667,
1996-07-18,26.91,0.58,23.351428571428567,200,25.182000000000002,
1996-07-19,24.65,0.1,23.38714285714286,201,25.142666666666667,
1996-07-20,19.67,0.92,23.16714285714286,202,24.688333333333333,
1996-07-21,22.14,0.97,22.514285714285716,203,24.159,
1996-07-22,22.71,3.39,21.52142857142857,204,24.09733333333333,
1996-07-23,21.08,0.66,21.051428571428573,205,23.634999999999998,
1996-07-24,20.44,0.32,21.175714285714285,206,23.958333333333332,
1996-07-25,19.96,0.21,21.157142857142855,207,24.35666666666667,
1996-07-26,21.36,0.05,20.98,208,23.784333333333333,
1996-07-27,20.54,16.61,20.69857142857143,209,23.436333333333334,
1996-07-28,22.01,3.63,20.65857142857143,210,23.39466666666667,
1996-07-29,21.47,3.45,20.857142857142858,211,22.936333333333334,
1996-07-30,19.11,0.02,21.09142857142857,212,23.407333333333334,
1996-07-31,20.16,0.0,21.44142857142857,213,23.882,
1996-08-01,21.35,0.0,21.55857142857143,214,24.038,
1996-08-02,23.0,0.13,21.947142857142858,215,23.786,
1996-08-03,22.99,1.73,23.087142857142858,216,23.788333333333334,
1996-08-04,22.83,28.44,23.44,217,23.070333333333334,
1996-08-05,24.19,2.85,23.54,218,22.095000000000002,
1996-08-06,27.09,5.43,23.568571428571428,219,22.555999999999997,
1996-08-07,22.63,0.41,23.235714285714288,220,23.384999999999998,
1996-08-08,22.05,0.0,22.924285714285713,221,23.405666666666665,
1996-08-09,23.2,2.34,22.419999999999998,222,23.939,
1996-08-10,20.66,15.84,21.757142857142856,223,23.015666666666668,
1996-08-11,20.65,0.25,21.59857142857143,224,22.470000000000002,
1996-08-12,20.66,0.0,21.278571428571432,225,22.623333333333335,
1996-08-13,22.45,0.04,20.881428571428568,226,22.243999999999996,
1996-08-14,21.52,0.02,21.035714285714285,227,21.991,
1996-08-15,19.81,0.0,21.184285714285714,228,21.821,
1996-08-16,20.42,0.65,21.62857142857143,229,22.473666666666666,
1996-08-17,21.74,0.02,21.607142857142858,230,22.349666666666668,
1996-08-18,21.69,5.23,22.140000000000004,231,22.279,
1996-08-19,23.77,9.15,22.464285714285715,232,21.826,
1996-08-20,22.3,0.47,22.367142857142856,233,21.703333333333333,
1996-08-21,25.25,3.1,22.15285714285714,234,22.387999999999998,
1996-08-22,22.08,8.1,22.13571428571429,235,22.672666666666665,
1996-08-23,19.74,0.0,21.798571428571428,236,22.886000000000003,
1996-08-24,20.24,0.03,21.439999999999998,237,23.147333333333332,
1996-08-25,21.57,7.54,21.042857142857144,238,22.886333333333333,
1996-08-26,21.41,9.47,21.111428571428572,239,23.105999999999998,
1996-08-27,19.79,0.74,21.357142857142858,240,23.144333333333336,
1996-08-28,22.47,0.01,21.458571428571428,241,22.774333333333335,
1996-08-29,22.56,0.01,21.568571428571428,242,22.189,
1996-08-30,21.46,0.01,21.87142857142857,243,21.733333333333334,
1996-08-31,20.95,0.02,22.391428571428573,244,21.302666666666667,
1996-09-01,22.34,0.04,22.714285714285715,245,21.451,
1996-09-02,23.53,0.04,22.93285714285714,246,22.022333333333332,
1996-09-03,23.43,0.04,23.21,247,21.276666666666664,
1996-09-04,24.73,0.03,23.60571428571429,248,21.00433333333333,
1996-09-05,24.09,0.0,23.358571428571427,249,21.005666666666666,
1996-09-06,23.4,0.03,22.93,250,21.192666666666664,
1996-09-07,23.72,6.78,22.72,251,20.137,
1996-09-08,20.61,4.97,21.774285714285714,252,19.12933333333333,
1996-09-09,20.53,0.0,20.295714285714286,253,19.55933333333333,
1996-09-10,21.96,0.06,18.69857142857143,254,19.197,
1996-09-11,18.11,0.92,17.002857142857145,255,19.569333333333336,
1996-09-12,13.74,0.72,16.16857142857143,256,19.301,
1996-09-13,12.22,0.0,15.481428571428571,257,18.745333333333335,
1996-09-14,11.85,0.02,14.58,258,17.874333333333333,
1996-09-15,14.77,0.0,14.208571428571428,259,18.199666666666666,
1996-09-16,15.72,0.01,14.320000000000002,260,18.276999999999997,
1996-09-17,15.65,0.03,14.861428571428572,261,18.257,
1996-09-18,15.51,0.01,15.307142857142855,262,17.91466666666667,
1996-09-19,14.52,10.74,15.40857142857143,263,17.648333333333333,
1996-09-20,16.01,1.38,15.285714285714286,264,17.333666666666666,
1996-09-21,14.97,0.32,14.94,265,16.50766666666667,
1996-09-22,15.48,0.3,14.417142857142858,266,15.752999999999998,
1996-09-23,14.86,17.29,13.805714285714288,267,15.840666666666666,
1996-09-24,13.23,0.29,12.922857142857143,268,15.879666666666667,
1996-09-25,11.85,23.61,12.525714285714287,269,16.085666666666665,
1996-09-26,10.24,17.64,12.218571428571428,270,15.628000000000002,
1996-09-27,9.83,0.07,12.505714285714287,271,15.453666666666667,
1996-09-28,12.19,0.04,13.108571428571427,272,14.340333333333332,
1996-09-29,13.33,0.03,12.87857142857143,273,15.011,
1996-09-30,16.87,0.07,12.44,274,15.565,
1996-10-01,17.45,0.0,12.612857142857141,275,14.964666666666666,
1996-10-02,10.24,0.01,12.938571428571427,276,14.025,
1996-10-03,7.17,0.03,13.357142857142858,277,13.937999999999999,
1996-10-04,11.04,0.01,12.335714285714285,278,12.959333333333335,
1996-10-05,14.47,0.0,11.172857142857143,279,13.216666666666667,
1996-10-06,16.26,0.15,11.227142857142857,280,13.280666666666667,
1996-10-07,9.72,0.12,11.141428571428571,281,13.126,
1996-10-08,9.31,0.18,11.022857142857145,282,13.387,
1996-10-09,10.62,1.32,11.114285714285714,283,12.320333333333334,
1996-10-10,6.57,0.0,11.337142857142856,284,11.544666666666666,
1996-10-11,10.21,0.62,12.67,285,12.015333333333333,
1996-10-12,15.11,0.01,13.965714285714284,286,11.498666666666667,
1996-10-13,17.82,0.0,15.122857142857141,287,10.771666666666667,
1996-10-14,19.05,0.02,15.822857142857144,288,10.437000000000001,
1996-10-15,18.38,0.03,15.22285714285714,289,10.093333333333334,
1996-10-16,18.72,0.85,14.402857142857142,290,10.100999999999999,
1996-10-17,11.47,0.13,13.817142857142857,291,10.468,
1996-10-18,6.01,0.0,12.392857142857142,292,9.365,
1996-10-19,9.37,0.05,10.267142857142858,293,9.306333333333333,
1996-10-20,13.72,0.11,8.335714285714285,294,9.620000000000001,
1996-10-21,9.08,0.25,7.688571428571429,295,9.548333333333334,
1996-10-22,3.5,38.14,8.442857142857143,296,9.428333333333335,
1996-10-23,5.2,3.79,9.464285714285714,297,9.361666666666668,
1996-10-24,6.94,0.06,8.647142857142857,298,8.323333333333332,
1996-10-25,11.29,0.1,8.322857142857144,299,8.220666666666666,
1996-10-26,16.52,0.1,9.525714285714287,300,7.387333333333333,
1996-10-27,8.0,0.02,8.834285714285715,301,6.560333333333333,
1996-10-28,6.81,0.22,7.437142857142858,302,7.194333333333334,
1996-10-29,11.92,23.0,5.5114285714285725,303,7.574,
1996-10-30,0.36,0.03,2.7485714285714287,304,6.771333333333333,
1996-10-31,-2.84,0.3,2.0914285714285716,305,5.3613333333333335,
1996-11-01,-2.19,0.01,1.7300000000000002,306,5.837000000000001,
1996-11-02,-2.82,0.0,0.9171428571428574,307,4.904,
1996-11-03,3.4,0.05,1.892857142857143,308,5.098666666666667,
1996-11-04,4.28,18.58,2.878571428571429,309,5.049,
1996-11-05,6.23,0.95,3.39,310,5.129666666666666,
1996-11-06,7.19,2.62,3.6757142857142857,311,4.361666666666666,
1996-11-07,4.06,0.19,2.6242857142857146,312,3.850333333333333,
1996-11-08,1.39,0.01,1.4914285714285715,313,4.254666666666667,
1996-11-09,-0.82,0.19,-0.051428571428571344,314,4.613333333333333,
1996-11-10,-3.96,1.25,-1.7314285714285715,315,3.4196666666666666,
1996-11-11,-3.65,0.34,-2.9114285714285715,316,1.9046666666666667,
1996-11-12,-4.57,0.03,-2.7914285714285714,317,1.7046666666666668,
1996-11-13,-4.57,0.14,-1.4871428571428569,318,2.5083333333333333,
1996-11-14,-4.2,1.27,-1.3457142857142856,319,2.8676666666666666,
1996-11-15,2.23,10.07,-1.124285714285714,320,2.585,
1996-11-16,8.31,26.15,-0.7028571428571427,321,2.494,
1996-11-17,-2.97,0.41,-0.18714285714285697,322,2.942333333333333,
1996-11-18,-2.1,0.14,0.2400000000000002,323,2.783666666666667,
1996-11-19,-1.62,0.67,-0.02999999999999978,324,2.183666666666667,
1996-11-20,-0.96,1.49,-1.1485714285714284,325,1.4466666666666665,
1996-11-21,-1.21,0.26,-1.5428571428571427,326,1.0430000000000001,
1996-11-22,0.34,0.75,-2.5285714285714285,327,1.2656666666666667,
1996-11-23,0.48,1.77,-3.7328571428571427,328,0.8053333333333333,
1996-11-24,-5.73,0.28,-4.484285714285714,329,0.4036666666666667,
1996-11-25,-9.0,0.09,-4.632857142857143,330,0.2166666666666667,
1996-11-26,-10.05,0.05,-4.6085714285714285,331,-0.3006666666666667,
1996-11-27,-6.22,2.22,-4.942857142857143,332,-0.6473333333333334,
1996-11-28,-2.25,0.0,-4.961428571428572,333,0.04299999999999997,
1996-11-29,0.51,13.05,-4.508571428571429,334,-0.1753333333333333,
1996-11-30,-1.86,0.12,-4.015714285714286,335,-1.3270000000000002,
1996-12-01,-5.86,0.09,-3.632857142857143,336,-1.3359999999999999,
1996-12-02,-5.83,2.96,-3.6,337,-0.9176666666666667,
1996-12-03,-6.6,0.05,-3.841428571428571,338,-1.3096666666666665,
1996-12-04,-3.54,1.61,-3.837142857142857,339,-1.384,
1996-12-05,-2.02,1.55,-3.7857142857142856,340,-2.7996666666666665,
1996-12-06,-1.18,0.07,-3.432857142857143,341,-3.5756666666666663,
1996-12-07,-1.83,0.0,-2.4714285714285715,342,-3.7616666666666663,
1996-12-08,-5.5,0.0,-1.872857142857143,343,-3.6540000000000004,
1996-12-09,-3.36,0.0,-1.5814285714285714,344,-4.117666666666667,
1996-12-10,0.13,0.03,-1.3157142857142856,345,-3.7346666666666666,
1996-12-11,0.65,0.09,-1.0814285714285714,346,-3.7763333333333335,
1996-12-12,0.02,0.97,-1.262857142857143,347,-3.5260000000000002,
1996-12-13,0.68,2.51,-1.5457142857142858,348,-2.4756666666666667,
1996-12-14,-0.19,7.86,-3.0614285714285714,349,-3.1086666666666667,
1996-12-15,-6.77,0.16,-5.351428571428571,350,-3.9536666666666664,
1996-12-16,-5.34,0.01,-7.748571428571429,351,-4.115,
1996-12-17,-10.48,0.07,-9.417142857142858,352,-4.723333333333333,
1996-12-18,-15.38,0.19,-9.76857142857143,353,-4.670333333333334,
1996-12-19,-16.76,0.06,-9.702857142857143,354,-5.029,
1996-12-20,-11.0,0.0,-10.271428571428572,355,-4.147,
1996-12-21,-2.65,0.0,-11.227142857142857,356,-4.393,
1996-12-22,-6.31,0.06,-11.492857142857144,357,-4.798,
1996-12-23,-9.32,0.98,-11.415714285714285,358,-5.59,
1996-12-24,-17.17,0.58,-11.06857142857143,359,-6.833333333333333,
1996-12-25,-17.24,3.79,-11.301428571428572,360,-5.871333333333333,
1996-12-26,-16.22,2.06,-12.265714285714287,361,-4.98,
1996-12-27,-8.57,0.7,-12.005714285714285,362,-4.514666666666667,
1996-12-28,-4.28,0.17,-10.758571428571429,363,-4.012666666666666,
1996-12-29,-13.06,0.0,-8.36857142857143,364,-5.275666666666667,
1996-12-30,-7.5,0.09,-5.894285714285714,365,-4.824666666666667,
1996-12-31,-8.44,0.03,-4.429999999999999,366,-6.896333333333333,
1997-01-01,-0.51,0.06,-3.6042857142857136,1,-7.254666666666667,
1997-01-02,1.1,0.09,-2.9585714285714286,2,-6.669333333333333,
1997-01-03,1.68,1.39,-3.62,3,-6.372,
1997-01-04,1.5,1.22,-3.882857142857143,4,-7.632000000000001,
1997-01-05,-8.54,0.11,-4.4799999999999995,5,-7.3629999999999995,
1997-01-06,-12.13,0.0,-5.668571428571428,6,-7.612666666666667,
1997-01-07,-10.28,0.01,-8.594285714285714,7,-7.635666666666666,
1997-01-08,-4.69,0.21,-11.731428571428571,8,-6.3966666666666665,
1997-01-09,-7.22,1.74,-13.411428571428571,9,-6.800666666666667,
1997-01-10,-18.8,0.64,-13.845714285714285,10,-6.191666666666666,
1997-01-11,-20.46,0.02,-13.838571428571429,11,-5.321666666666667,
1997-01-12,-20.3,0.04,-14.307142857142859,12,-6.834333333333333,
1997-01-13,-15.17,0.33,-15.840000000000002,13,-7.807,
1997-01-14,-10.23,3.57,-16.022857142857145,14,-7.033666666666666,
1997-01-15,-7.97,1.85,-15.191428571428572,15,-8.241333333333333,
1997-01-16,-17.95,0.0,-12.81,16,-7.281666666666666,
1997-01-17,-20.08,0.0,-10.734285714285715,17,-7.789,
1997-01-18,-14.64,0.18,-8.988571428571428,18,-8.385333333333334,
1997-01-19,-3.63,0.0,-8.629999999999999,19,-7.801,
1997-01-20,-0.64,0.01,-7.2457142857142856,20,-7.862,
1997-01-21,1.99,0.15,-5.548571428571429,21,-6.818,
1997-01-22,-5.46,0.32,-6.140000000000001,22,-5.656000000000001,
1997-01-23,-8.26,2.17,-8.022857142857143,23,-6.655666666666667,
1997-01-24,-8.2,3.92,-10.241428571428571,24,-7.19,
1997-01-25,-18.78,0.05,-13.041428571428572,25,-6.602666666666667,
1997-01-26,-16.81,3.51,-13.792857142857143,26,-5.616333333333333,
1997-01-27,-16.17,0.3,-13.522857142857143,27,-6.115666666666667,
1997-01-28,-17.61,0.0,-12.204285714285716,28,-5.8726666666666665,
1997-01-29,-10.72,0.12,-9.442857142857145,29,-7.1626666666666665,
1997-01-30,-6.37,0.22,-7.241428571428572,30,-7.257000000000001,
1997-01-31,1.03,0.0,-5.282857142857142,31,-5.312333333333333,
1997-02-01,0.55,0.01,-3.302857142857143,32,-5.570666666666667,
1997-02-02,-1.4,4.97,-2.537142857142857,33,-5.598333333333333,
1997-02-03,-2.46,7.62,-2.7199999999999998,34,-5.522333333333333,
1997-02-04,-3.75,8.16,-3.7228571428571433,35,-6.5696666666666665,
1997-02-05,-5.36,0.03,-4.668571428571428,36,-5.671666666666667,
1997-02-06,-7.65,0.03,-5.365714285714286,37,-4.662999999999999,
1997-02-07,-5.99,0.43,-5.911428571428571,38,-5.294,
1997-02-08,-6.07,0.06,-6.3757142857142854,39,-5.605333333333333,
1997-02-09,-6.28,0.04,-7.457142857142857,40,-5.402333333333333,
1997-02-10,-6.28,0.1,-7.771428571428571,41,-5.548666666666667,
1997-02-11,-7.0,0.77,-7.704285714285715,42,-5.828,
1997-02-12,-12.93,0.01,-7.964285714285714,43,-5.614,
1997-02-13,-9.85,0.13,-8.252857142857142,44,-4.276333333333333,
1997-02-14,-5.52,0.95,-7.191428571428571,45,-4.116666666666666,
1997-02-15,-7.89,3.85,-5.46,46,-5.044,
1997-02-16,-8.3,0.05,-3.5928571428571425,47,-4.468,
1997-02-17,1.15,0.0,-1.65,48,-2.9069999999999996,
1997-02-18,5.12,0.02,-1.0799999999999998,49,-2.4276666666666666,
1997-02-19,0.14,0.0,-0.19142857142857145,50,-2.2693333333333334,
1997-02-20,3.75,1.28,0.38142857142857156,51,-1.5713333333333332,
1997-02-21,-1.53,1.6,-0.4942857142857142,52,-2.385,
1997-02-22,-1.67,0.03,-1.5185714285714285,53,-1.8993333333333333,
1997-02-23,-4.29,0.01,-1.3799999999999997,54,-2.289,
1997-02-24,-4.98,0.16,-2.1357142857142857,55,-2.667333333333333,
1997-02-25,-2.05,0.15,-1.7257142857142855,56,-3.2760000000000002,
1997-02-26,1.11,2.83,-1.3085714285714285,57,-3.2516666666666665,
1997-02-27,-1.54,0.93,-0.7557142857142856,58,-3.3603333333333336,
1997-02-28,1.34,0.42,0.007142857142857316,59,-2.131666666666667,
1997-03-01,1.25,0.04,0.1185714285714287,61,-1.5816666666666666,
1997-03-02,-0.42,0.0,-0.5114285714285713,62,-3.1626666666666665,
1997-03-03,0.36,0.01,-0.9057142857142856,63,-2.8819999999999997,
1997-03-04,-1.27,0.0,-1.0171428571428571,64,-1.1363333333333332,
1997-03-05,-3.3,0.0,-0.7342857142857141,65,-0.13566666666666655,
1997-03-06,-4.3,0.0,-0.0728571428571427,66,0.4623333333333332,
1997-03-07,0.56,0.24,0.7314285714285715,67,0.44066666666666665,
1997-03-08,3.23,0.95,1.2957142857142858,68,0.748,
1997-03-09,4.21,9.51,2.1171428571428574,69,-0.33833333333333326,
1997-03-10,5.99,0.0,3.2542857142857144,70,0.44,
1997-03-11,2.68,0.02,2.29,71,0.871,
1997-03-12,2.45,2.52,0.8514285714285715,72,1.326,
1997-03-13,3.66,10.81,0.31,73,2.741,
1997-03-14,-6.19,1.07,-0.06000000000000005,74,2.949333333333333,
1997-03-15,-6.84,0.05,-0.38428571428571434,75,2.875,
1997-03-16,0.42,0.11,-0.37285714285714294,76,3.725333333333333,
1997-03-17,3.4,0.14,0.11857142857142833,77,3.746,
1997-03-18,0.41,1.81,2.2714285714285714,78,3.3153333333333337,
1997-03-19,2.53,0.0,3.757142857142857,79,3.641,
1997-03-20,7.1,0.05,4.034285714285715,80,3.9993333333333334,
1997-03-21,8.88,0.01,3.9171428571428573,81,3.7106666666666666,
1997-03-22,3.56,0.2,4.232857142857143,82,4.115666666666667,
1997-03-23,2.36,3.02,5.054285714285713,83,4.760000000000001,
1997-03-24,2.58,8.87,5.884285714285714,84,4.697,
1997-03-25,2.62,0.03,5.771428571428572,85,4.338333333333334,
1997-03-26,8.28,0.0,6.237142857142857,86,5.436999999999999,
1997-03-27,12.91,0.05,6.694285714285714,87,5.832666666666666,
1997-03-28,8.09,0.15,7.148571428571429,88,5.482,
1997-03-29,6.82,0.76,8.282857142857143,89,6.0793333333333335,
1997-03-30,5.56,0.15,8.585714285714285,90,7.23,
1997-03-31,5.76,0.0,8.3,91,6.647,
1997-04-01,10.56,0.18,8.867142857142857,92,6.444999999999999,
1997-04-02,10.4,1.18,9.62142857142857,93,7.316,
1997-04-03,10.91,1.06,8.69,94,6.646333333333333,
1997-04-04,12.06,4.06,7.685714285714286,95,5.5616666666666665,
1997-04-05,12.1,18.59,5.534285714285715,96,7.396,
1997-04-06,-0.96,0.84,3.815714285714286,97,7.986666666666666,
1997-04-07,-1.27,0.04,2.212857142857143,98,7.6353333333333335,
1997-04-08,-4.5,0.05,0.417142857142857,99,7.1129999999999995,
1997-04-09,-1.63,0.36,-1.2714285714285711,100,7.235333333333333,
1997-04-10,-0.31,2.24,-0.9728571428571431,101,8.195333333333334,
1997-04-11,-0.51,4.48,-0.0814285714285716,102,8.320666666666666,
1997-04-12,0.28,3.11,1.4228571428571428,103,7.707,
1997-04-13,1.13,0.09,1.8657142857142859,104,8.866999999999999,
1997-04-14,4.97,0.06,2.5585714285714283,105,10.045666666666667,
1997-04-15,6.03,0.0,3.992857142857143,106,10.124,
1997-04-16,1.47,0.0,5.68,107,9.499666666666666,
1997-04-17,4.54,0.04,6.765714285714286,108,10.244666666666665,
1997-04-18,9.53,0.28,7.462857142857142,109,11.613333333333333,
1997-04-19,12.09,0.07,7.855714285714285,110,10.836666666666668,
1997-04-20,8.73,4.23,8.807142857142857,111,9.832666666666666,
1997-04-21,9.85,0.67,9.202857142857143,112,10.340333333333332,
1997-04-22,8.78,6.58,9.331428571428571,113,10.793333333333333,
1997-04-23,8.13,0.01,9.171428571428573,114,11.044,
1997-04-24,7.31,0.03,9.639999999999999,115,12.153666666666668,
1997-04-25,10.43,0.0,10.235714285714286,116,11.603666666666667,
1997-04-26,10.97,0.0,11.265714285714285,117,11.013333333333332,
1997-04-27,12.01,0.06,10.959999999999999,118,10.667666666666666,
1997-04-28,14.02,0.01,10.955714285714285,119,11.247333333333334,
1997-04-29,15.99,4.88,10.622857142857143,120,11.810666666666666,
1997-04-30,5.99,38.32,10.435714285714285,121,12.266666666666667,
1997-05-01,7.28,2.34,10.501428571428573,122,12.117666666666667,
1997-05-02,8.1,11.04,10.76142857142857,123,12.065333333333335,
1997-05-03,9.66,0.59,10.299999999999999,124,12.464333333333334,
1997-05-04,12.47,0.0,11.41285714285714,125,13.715666666666667,
1997-05-05,15.84,0.6,12.141428571428573,126,14.700666666666667,
1997-05-06,12.76,1.74,12.414285714285713,127,15.049333333333333,
1997-05-07,13.78,16.91,13.087142857142856,128,15.288,
1997-05-08,12.38,0.05,13.092857142857143,129,15.648,
1997-05-09,10.01,0.0,11.945714285714285,130,15.424000000000001,
1997-05-10,14.37,0.03,11.145714285714286,131,15.732666666666667,
1997-05-11,12.51,0.12,10.47857142857143,132,14.824666666666667,
1997-05-12,7.81,0.97,9.765714285714285,133,13.698666666666666,
1997-05-13,7.16,0.1,10.48857142857143,134,13.713333333333335,
1997-05-14,9.11,0.0,11.197142857142856,135,14.930666666666667,
1997-05-15,7.39,0.04,12.407142857142857,136,15.792666666666666,
1997-05-16,15.07,1.02,12.904285714285717,137,16.949,
1997-05-17,19.33,0.0,13.421428571428569,138,16.96,
1997-05-18,20.98,1.22,13.895714285714286,139,16.109666666666666,
1997-05-19,11.29,0.05,14.93142857142857,140,16.488666666666667,
1997-05-20,10.78,0.0,15.214285714285714,141,16.082666666666668,
1997-05-21,12.43,0.05,15.235714285714286,142,16.447666666666667,
1997-05-22,14.64,0.01,14.379999999999999,143,17.717666666666666,
1997-05-23,17.05,0.35,14.152857142857144,144,17.689,
1997-05-24,19.48,1.74,14.15857142857143,145,17.377,
1997-05-25,14.99,2.24,14.078571428571427,146,16.985,
1997-05-26,9.7,18.24,13.837142857142856,147,17.367,
1997-05-27,10.82,6.66,13.64,148,18.245,
1997-05-28,11.87,2.67,13.537142857142856,149,18.587,
1997-05-29,12.95,0.12,14.112857142857143,150,19.214,
1997-05-30,15.67,0.16,15.397142857142857,151,19.67366666666667,
1997-05-31,18.76,0.0,16.565714285714286,152,18.76966666666667,
1997-06-01,19.02,0.02,17.705714285714286,153,18.962666666666667,
1997-06-02,18.69,0.02,18.64428571428571,154,18.642999999999997,
1997-06-03,19.0,0.04,19.06142857142857,155,19.017333333333333,
1997-06-04,19.85,0.62,19.22142857142857,156,19.663999999999998,
1997-06-05,19.52,4.3,19.062857142857144,157,20.015,
1997-06-06,18.59,0.21,18.994285714285716,158,20.389666666666667,
1997-06-07,19.88,0.45,19.104285714285712,159,21.124666666666666,
1997-06-08,17.91,0.11,19.25857142857143,160,20.57633333333333,
1997-06-09,18.21,0.0,19.538571428571426,161,20.773333333333333,
1997-06-10,19.77,0.22,20.204285714285714,162,21.00133333333333,
1997-06-11,20.93,4.19,20.398571428571426,163,21.526666666666664,
1997-06-12,21.48,8.88,21.12142857142857,164,21.44333333333333,
1997-06-13,23.25,0.08,21.64142857142857,165,21.556333333333335,
1997-06-14,21.24,0.33,21.902857142857147,166,21.331666666666667,
1997-06-15,22.97,1.38,22.03857142857143,167,21.750999999999998,
1997-06-16,21.85,0.1,22.54714285714286,168,21.923000000000002,
1997-06-17,21.6,1.01,23.008571428571425,169,22.441666666666666,
1997-06-18,21.88,0.87,23.534285714285716,170,22.617,
1997-06-19,25.04,5.95,23.858571428571427,171,22.067666666666664,
1997-06-20,26.48,38.13,24.421428571428574,172,22.64333333333333,
1997-06-21,24.92,10.15,24.915714285714284,173,22.711666666666666,
1997-06-22,25.24,1.57,24.995714285714286,174,22.692333333333334,
1997-06-23,25.79,1.04,24.548571428571428,175,22.369333333333334,
1997-06-24,25.06,14.92,24.102857142857143,176,22.28666666666667,
1997-06-25,22.44,1.02,24.041428571428572,177,22.715333333333334,
1997-06-26,21.91,0.04,23.990000000000002,178,22.841,
1997-06-27,23.36,0.07,23.85571428571428,179,23.119333333333334,
1997-06-28,24.49,6.84,24.04,180,22.435333333333332,
1997-06-29,24.88,11.04,23.73428571428571,181,22.72233333333333,
1997-06-30,24.85,1.63,23.21142857142857,182,23.016000000000002,
1997-07-01,26.35,0.04,22.244285714285716,183,22.925666666666665,
1997-07-02,20.3,0.01,21.44142857142857,184,22.494666666666667,
1997-07-03,18.25,0.17,20.582857142857144,185,23.086000000000002,
1997-07-04,16.59,0.05,19.99285714285714,186,23.35,
1997-07-05,18.87,4.56,19.714285714285715,187,23.333666666666666,
1997-07-06,18.87,0.31,19.79,188,23.908,
1997-07-07,20.72,2.24,20.327142857142857,189,23.91033333333333,
1997-07-08,24.4,0.51,21.49285714285714,190,23.716333333333335,
1997-07-09,20.83,0.0,22.70285714285714,191,23.563666666666666,
1997-07-10,22.01,0.37,24.109999999999996,192,23.58566666666667,
1997-07-11,24.75,3.93,24.632857142857144,193,23.475666666666665,
1997-07-12,27.34,4.13,25.0,194,23.613999999999997,
1997-07-13,28.72,6.78,26.127142857142854,195,23.775,
1997-07-14,24.38,0.4,27.122857142857146,196,23.750333333333334,
1997-07-15,26.97,0.22,27.745714285714286,197,24.091,
1997-07-16,28.72,0.08,28.084285714285716,198,24.48933333333333,
1997-07-17,28.98,2.06,27.860000000000003,199,25.218666666666667,
1997-07-18,29.11,0.19,27.932857142857138,200,25.182000000000002,
1997-07-19,29.71,1.6,27.57,201,25.142666666666667,
1997-07-20,27.15,10.67,26.905714285714282,202,24.688333333333333,
1997-07-21,24.89,5.69,26.521428571428572,203,24.159,
1997-07-22,24.43,1.72,26.60857142857143,204,24.09733333333333,
1997-07-23,24.07,20.63,26.768571428571427,205,23.634999999999998,
1997-07-24,26.29,4.06,26.795714285714286,206,23.958333333333332,
1997-07-25,29.72,0.81,26.744285714285716,207,24.35666666666667,
1997-07-26,30.83,1.3,26.305714285714284,208,23.784333333333333,
1997-07-27,27.34,4.68,25.75,209,23.436333333333334,
1997-07-28,24.53,0.19,24.99142857142857,210,23.39466666666667,
1997-07-29,21.36,0.02,24.11285714285714,211,22.936333333333334,
1997-07-30,20.18,0.0,23.638571428571428,212,23.407333333333334,
1997-07-31,20.98,0.03,23.802857142857142,213,23.882,
1997-08-01,23.57,0.19,23.955714285714286,214,24.038,
1997-08-02,27.51,0.07,23.86285714285714,215,23.786,
1997-08-03,28.49,0.25,24.081428571428575,216,23.788333333333334,
1997-08-04,25.6,0.36,24.382857142857144,217,23.070333333333334,
1997-08-05,20.71,0.0,24.305714285714284,218,22.095000000000002,
1997-08-06,21.71,0.14,23.708571428571428,219,22.555999999999997,
1997-08-07,23.09,0.03,22.58142857142857,220,23.384999999999998,
1997-08-08,23.03,0.0,21.31714285714286,221,23.405666666666665,
1997-08-09,23.33,0.02,21.388571428571428,222,23.939,
1997-08-10,20.6,0.36,21.222857142857144,223,23.015666666666668,
1997-08-11,16.75,11.18,21.12142857142857,224,22.470000000000002,
1997-08-12,21.21,3.95,21.49857142857143,225,22.623333333333335,
1997-08-13,20.55,0.11,21.884285714285713,226,22.243999999999996,
1997-08-14,22.38,6.7,21.95,227,21.991,
1997-08-15,25.67,3.72,22.332857142857144,228,21.821,
1997-08-16,26.03,5.28,22.271428571428572,229,22.473666666666666,
1997-08-17,21.06,1.63,22.298571428571424,230,22.349666666666668,
1997-08-18,19.43,0.28,22.04,231,22.279,
1997-08-19,20.78,2.01,21.26571428571429,232,21.826,
1997-08-20,20.74,0.24,20.94,233,21.703333333333333,
1997-08-21,20.57,0.0,21.648571428571426,234,22.387999999999998,
1997-08-22,20.25,0.03,22.295714285714286,235,22.672666666666665,
1997-08-23,23.75,0.04,23.08285714285714,236,22.886000000000003,
1997-08-24,26.02,0.35,23.662857142857142,237,23.147333333333332,
1997-08-25,23.96,1.12,24.349999999999998,238,22.886333333333333,
1997-08-26,26.29,0.9,25.11285714285714,239,23.105999999999998,
1997-08-27,24.8,1.48,25.472857142857144,240,23.144333333333336,
1997-08-28,25.38,0.32,25.445714285714285,241,22.774333333333335,
1997-08-29,25.59,0.7,25.822857142857142,242,22.189,
1997-08-30,26.27,0.82,25.201428571428576,243,21.733333333333334,
1997-08-31,25.83,0.04,24.072857142857142,244,21.302666666666667,
1997-09-01,26.6,2.03,22.92142857142857,245,21.451,
1997-09-02,21.94,8.57,22.25714285714286,246,22.022333333333332,
1997-09-03,16.9,0.0,22.05857142857143,247,21.276666666666664,
1997-09-04,17.32,0.02,21.494285714285716,248,21.00433333333333,
1997-09-05,20.94,0.07,20.905714285714286,249,21.005666666666666,
1997-09-06,24.88,0.41,20.537142857142857,250,21.192666666666664,
1997-09-07,21.88,18.12,20.544285714285714,251,20.137,
1997-09-08,22.48,1.2,20.552857142857142,252,19.12933333333333,
1997-09-09,19.36,0.18,20.38714285714286,253,19.55933333333333,
1997-09-10,16.95,0.02,19.75857142857143,254,19.197,
1997-09-11,17.38,0.0,19.767142857142858,255,19.569333333333336,
1997-09-12,19.78,0.68,19.72857142857143,256,19.301,
1997-09-13,20.48,4.91,20.198571428571427,257,18.745333333333335,
1997-09-14,21.94,0.04,20.717142857142857,258,17.874333333333333,
1997-09-15,22.21,0.15,21.70714285714286,259,18.199666666666666,
1997-09-16,22.65,4.21,21.95714285714286,260,18.276999999999997,
1997-09-17,20.58,0.0,21.005714285714284,261,18.257,
1997-09-18,24.31,0.43,19.64142857142857,262,17.91466666666667,
1997-09-19,21.53,0.52,18.360000000000003,263,17.648333333333333,
1997-09-20,13.82,0.01,17.268571428571427,264,17.333666666666666,
1997-09-21,12.39,0.62,16.371428571428574,265,16.50766666666667,
1997-09-22,13.24,14.62,15.540000000000001,266,15.752999999999998,
1997-09-23,15.01,15.13,15.181428571428572,267,15.840666666666666,
1997-09-24,14.3,0.12,16.16142857142857,268,15.879666666666667,
1997-09-25,18.49,0.06,16.844285714285714,269,16.085666666666665,
1997-09-26,19.02,0.0,17.612857142857145,270,15.628000000000002,
1997-09-27,20.68,0.46,17.889999999999997,271,15.453666666666667,
1997-09-28,17.17,0.0,18.169999999999998,272,14.340333333333332,
1997-09-29,18.62,0.09,18.697142857142858,273,15.011,
1997-09-30,16.95,0.0,19.537142857142857,274,15.565,
1997-10-01,16.26,0.05,19.47,275,14.964666666666666,
1997-10-02,22.18,0.0,20.28857142857143,276,14.025,
1997-10-03,24.9,0.02,21.09142857142857,277,13.937999999999999,
1997-10-04,20.21,0.02,22.117142857142856,278,12.959333333333335,
1997-10-05,22.9,0.0,22.748571428571427,279,13.216666666666667,
1997-10-06,24.24,0.3,21.571428571428573,280,13.280666666666667,
1997-10-07,24.13,0.51,20.237142857142857,281,13.126,
1997-10-08,20.68,16.43,20.31,282,13.387,
1997-10-09,13.94,0.04,19.71857142857143,283,12.320333333333334,
1997-10-10,15.56,0.73,17.479999999999997,284,11.544666666666666,
1997-10-11,20.72,1.43,14.942857142857141,285,12.015333333333333,
1997-10-12,18.76,43.04,13.237142857142857,286,11.498666666666667,
1997-10-13,8.57,0.41,12.820000000000002,287,10.771666666666667,
1997-10-14,6.37,0.0,11.961428571428572,288,10.437000000000001,
1997-10-15,8.74,0.44,10.475714285714288,289,10.093333333333334,
1997-10-16,11.02,0.14,9.18142857142857,290,10.100999999999999,
1997-10-17,9.55,0.03,8.76,291,10.468,
1997-10-18,10.32,0.03,8.33,292,9.365,
1997-10-19,9.7,0.04,7.492857142857143,293,9.306333333333333,
1997-10-20,5.62,0.0,7.16857142857143,294,9.620000000000001,
1997-10-21,3.36,0.0,6.984285714285714,295,9.548333333333334,
1997-10-22,2.88,0.48,6.261428571428572,296,9.428333333333335,
1997-10-23,8.75,7.07,4.855714285714285,297,9.361666666666668,
1997-10-24,8.26,7.47,3.71,298,8.323333333333332,
1997-10-25,5.26,2.14,3.6128571428571425,299,8.220666666666666,
1997-10-26,-0.14,9.91,4.038571428571428,300,7.387333333333333,
1997-10-27,-2.4,0.55,4.127142857142857,301,6.560333333333333,
1997-10-28,2.68,0.0,4.412857142857143,302,7.194333333333334,
1997-10-29,5.86,0.0,4.587142857142857,303,7.574,
1997-10-30,9.37,0.04,4.801428571428572,304,6.771333333333333,
1997-10-31,10.26,1.09,5.027142857142857,305,5.3613333333333335,
1997-11-01,6.48,0.61,4.4314285714285715,306,5.837000000000001,
1997-11-02,1.36,2.39,3.8185714285714285,307,4.904,
1997-11-03,-0.82,0.2,2.8657142857142857,308,5.098666666666667,
1997-11-04,-1.49,0.01,1.8114285714285714,309,5.049,
1997-11-05,1.57,0.22,1.5485714285714285,310,5.129666666666666,
1997-11-06,2.7,0.06,1.782857142857143,311,4.361666666666666,
1997-11-07,2.88,0.01,1.5614285714285714,312,3.850333333333333,
1997-11-08,4.64,0.26,1.3728571428571428,313,4.254666666666667,
1997-11-09,3.0,2.74,0.8928571428571426,314,4.613333333333333,
1997-11-10,-2.37,0.04,0.4357142857142856,315,3.4196666666666666,
1997-11-11,-2.81,0.2,-0.22285714285714292,316,1.9046666666666667,
1997-11-12,-1.79,0.0,-1.3771428571428572,317,1.7046666666666668,
1997-11-13,-0.5,0.71,-2.6185714285714283,318,2.5083333333333333,
1997-11-14,-1.73,2.57,-2.5599999999999996,319,2.8676666666666666,
1997-11-15,-3.44,1.27,-2.3885714285714283,320,2.585,
1997-11-16,-5.69,0.05,-2.282857142857143,321,2.494,
1997-11-17,-1.96,0.0,-1.9985714285714287,322,2.942333333333333,
1997-11-18,-1.61,0.0,-1.9914285714285715,323,2.783666666666667,
1997-11-19,-1.05,0.0,-1.7742857142857142,324,2.183666666666667,
1997-11-20,1.49,0.0,-1.237142857142857,325,1.4466666666666665,
1997-11-21,-1.68,0.0,-1.1457142857142857,326,1.0430000000000001,
1997-11-22,-1.92,0.02,-0.3157142857142857,327,1.2656666666666667,
1997-11-23,-1.93,0.0,0.12999999999999995,328,0.8053333333333333,
1997-11-24,-1.32,0.0,0.6328571428571428,329,0.4036666666666667,
1997-11-25,4.2,0.0,1.5314285714285714,330,0.2166666666666667,
1997-11-26,2.07,0.0,2.294285714285714,331,-0.3006666666666667,
1997-11-27,5.01,0.06,2.64,332,-0.6473333333333334,
1997-11-28,4.61,1.29,2.787142857142857,333,0.04299999999999997,
1997-11-29,3.42,16.27,2.467142857142857,334,-0.1753333333333333,
1997-11-30,0.49,0.25,1.9214285714285713,335,-1.3270000000000002,
1997-12-01,-0.29,0.02,0.6514285714285715,336,-1.3359999999999999,
1997-12-02,1.96,2.19,-0.8099999999999999,337,-0.9176666666666667,
1997-12-03,-1.75,6.0,-1.7899999999999998,338,-1.3096666666666665,
1997-12-04,-3.88,1.96,-2.3085714285714287,339,-1.384,
1997-12-05,-5.62,0.11,-2.6128571428571425,340,-2.7996666666666665,
1997-12-06,-3.44,0.0,-3.31,341,-3.5756666666666663,
1997-12-07,-3.14,0.25,-3.2857142857142856,342,-3.7616666666666663,
1997-12-08,-2.42,5.34,-3.315714285714286,343,-3.6540000000000004,
1997-12-09,-2.92,1.73,-3.494285714285714,344,-4.117666666666667,
1997-12-10,-1.58,0.39,-3.46,345,-3.7346666666666666,
1997-12-11,-4.09,0.01,-3.34,346,-3.7763333333333335,
1997-12-12,-6.87,0.02,-2.8971428571428572,347,-3.5260000000000002,
1997-12-13,-3.2,0.0,-2.4028571428571426,348,-2.4756666666666667,
1997-12-14,-2.3,0.04,-2.1414285714285715,349,-3.1086666666666667,
1997-12-15,0.68,0.01,-1.217142857142857,350,-3.9536666666666664,
1997-12-16,0.54,0.0,-0.07428571428571429,351,-4.115,
1997-12-17,0.25,0.0,-0.07285714285714283,352,-4.723333333333333,
1997-12-18,2.38,0.0,-0.3028571428571429,353,-4.670333333333334,
1997-12-19,1.13,0.0,-0.6014285714285714,354,-5.029,
1997-12-20,-3.19,0.0,-0.9742857142857143,355,-4.147,
1997-12-21,-3.91,1.22,-1.44,356,-4.393,
1997-12-22,-1.41,1.9,-2.278571428571429,357,-4.798,
1997-12-23,-2.07,0.22,-2.7771428571428567,358,-5.59,
1997-12-24,-3.01,0.7,-2.9014285714285717,359,-6.833333333333333,
1997-12-25,-3.49,0.12,-2.6285714285714286,360,-5.871333333333333,
1997-12-26,-2.36,0.01,-2.9914285714285715,361,-4.98,
1997-12-27,-4.06,0.0,-3.0828571428571427,362,-4.514666666666667,
1997-12-28,-2.0,0.04,-3.8414285714285716,363,-4.012666666666666,
1997-12-29,-3.95,0.23,-3.25,364,-5.275666666666667,
1997-12-30,-2.71,2.69,-2.27,365,-4.824666666666667,
1997-12-31,-8.32,0.0,-1.8714285714285714,366,-6.896333333333333,
1998-01-01,0.65,0.01,-1.8414285714285714,1,-7.254666666666667,
1998-01-02,4.5,0.02,-1.242857142857143,2,-6.669333333333333,
1998-01-03,-1.27,1.28,-1.0557142857142856,3,-6.372,
1998-01-04,-1.79,8.07,-0.447142857142857,4,-7.632000000000001,
1998-01-05,0.24,0.76,-1.1557142857142855,5,-7.3629999999999995,
1998-01-06,-1.4,0.3,-3.1399999999999997,6,-7.612666666666667,
1998-01-07,-4.06,0.09,-4.847142857142857,7,-7.635666666666666,
1998-01-08,-4.31,0.01,-6.262857142857143,8,-6.3966666666666665,
1998-01-09,-9.39,0.13,-8.032857142857143,9,-6.800666666666667,
1998-01-10,-13.22,0.0,-10.12142857142857,10,-6.191666666666666,
1998-01-11,-11.7,0.02,-11.075714285714284,11,-5.321666666666667,
1998-01-12,-12.15,0.18,-12.03857142857143,12,-6.834333333333333,
1998-01-13,-16.02,0.01,-11.74142857142857,13,-7.807,
1998-01-14,-10.74,1.53,-11.05142857142857,14,-7.033666666666666,
1998-01-15,-11.05,0.09,-10.8,15,-8.241333333333333,
1998-01-16,-7.31,3.08,-10.127142857142857,16,-7.281666666666666,
1998-01-17,-8.39,0.21,-8.597142857142858,17,-7.789,
1998-01-18,-9.94,0.97,-7.612857142857143,18,-8.385333333333334,
1998-01-19,-7.44,0.11,-6.734285714285713,19,-7.801,
1998-01-20,-5.31,6.82,-6.5200000000000005,20,-7.862,
1998-01-21,-3.85,2.64,-6.3028571428571425,21,-6.818,
1998-01-22,-4.9,0.26,-5.387142857142856,22,-5.656000000000001,
1998-01-23,-5.81,0.1,-4.754285714285714,23,-6.655666666666667,
1998-01-24,-6.87,0.04,-4.112857142857142,24,-7.19,
1998-01-25,-3.53,0.01,-3.4342857142857137,25,-6.602666666666667,
1998-01-26,-3.01,0.03,-2.7971428571428563,26,-5.616333333333333,
1998-01-27,-0.82,0.14,-1.9571428571428566,27,-6.115666666666667,
1998-01-28,0.9,0.02,-0.5999999999999994,28,-5.8726666666666665,
1998-01-29,-0.44,0.04,-0.2957142857142852,29,-7.1626666666666665,
1998-01-30,0.07,0.09,-0.16999999999999948,30,-7.257000000000001,
1998-01-31,2.63,4.15,-0.888571428571428,31,-5.312333333333333,
1998-02-01,-1.4,6.19,-1.5557142857142854,32,-5.570666666666667,
1998-02-02,-2.13,0.31,-2.0128571428571425,33,-5.598333333333333,
1998-02-03,-5.85,0.02,-2.335714285714285,34,-5.522333333333333,
1998-02-04,-3.77,0.0,-2.9457142857142853,35,-6.5696666666666665,
1998-02-05,-3.64,0.08,-2.7842857142857134,36,-5.671666666666667,
1998-02-06,-2.19,0.01,-2.2899999999999996,37,-4.662999999999999,
1998-02-07,-1.64,0.0,-1.2357142857142853,38,-5.294,
1998-02-08,-0.27,0.03,-0.7985714285714283,39,-5.605333333333333,
1998-02-09,1.33,0.28,-0.40285714285714247,40,-5.402333333333333,
1998-02-10,1.53,8.51,-0.1057142857142853,41,-5.548666666666667,
1998-02-11,-0.71,0.79,0.03285714285714325,42,-5.828,
1998-02-12,-0.87,0.05,0.6571428571428575,43,-5.614,
1998-02-13,-0.11,0.04,0.9457142857142861,44,-4.276333333333333,
1998-02-14,-0.67,0.0,1.2214285714285718,45,-4.116666666666666,
1998-02-15,4.1,0.69,1.6200000000000006,46,-5.044,
1998-02-16,3.35,2.19,1.9900000000000002,47,-4.468,
1998-02-17,3.46,3.77,2.2814285714285716,48,-2.9069999999999996,
1998-02-18,2.08,3.55,2.7242857142857146,49,-2.4276666666666666,
1998-02-19,1.72,2.4,2.9385714285714286,50,-2.2693333333333334,
1998-02-20,1.93,0.31,3.3900000000000006,51,-1.5713333333333332,
1998-02-21,2.43,0.26,3.5628571428571436,52,-2.385,
1998-02-22,5.6,1.48,4.634285714285714,53,-1.8993333333333333,
1998-02-23,6.51,0.51,5.417142857142857,54,-2.289,
1998-02-24,4.67,0.11,5.057142857142858,55,-2.667333333333333,
1998-02-25,9.58,2.42,4.347142857142858,56,-3.2760000000000002,
1998-02-26,7.2,1.28,3.2057142857142864,57,-3.2516666666666665,
1998-02-27,-0.59,1.38,2.231428571428572,58,-3.3603333333333336,
1998-02-28,-2.54,3.53,1.181428571428572,59,-2.131666666666667,
1998-03-01,-2.39,1.16,-0.47428571428571376,61,-1.5816666666666666,
1998-03-02,-0.31,0.54,-1.6899999999999995,62,-3.1626666666666665,
1998-03-03,-2.68,0.32,-1.8271428571428565,63,-2.8819999999999997,
1998-03-04,-2.01,0.1,-1.5385714285714283,64,-1.1363333333333332,
1998-03-05,-1.31,0.7,-1.3528571428571425,65,-0.13566666666666655,
1998-03-06,-1.55,0.28,-2.5957142857142856,66,0.4623333333333332,
1998-03-07,-0.52,3.87,-4.014285714285713,67,0.44066666666666665,
1998-03-08,-1.09,19.08,-5.694285714285714,68,0.748,
1998-03-09,-9.01,0.08,-7.519999999999999,69,-0.33833333333333326,
1998-03-10,-12.61,0.71,-7.887142857142857,70,0.44,
1998-03-11,-13.77,0.13,-8.755714285714285,71,0.871,
1998-03-12,-14.09,0.13,-9.052857142857142,72,1.326,
1998-03-13,-4.12,0.15,-7.8914285714285715,73,2.741,
1998-03-14,-6.6,0.01,-6.102857142857141,74,2.949333333333333,
1998-03-15,-3.17,0.15,-4.122857142857143,75,2.875,
1998-03-16,-0.88,0.98,-2.1028571428571423,76,3.725333333333333,
1998-03-17,-0.09,10.19,-1.587142857142857,77,3.746,
1998-03-18,0.09,2.04,-0.49571428571428544,78,3.3153333333333337,
1998-03-19,0.05,0.05,0.19285714285714312,79,3.641,
1998-03-20,-0.51,0.0,0.49142857142857166,80,3.9993333333333334,
1998-03-21,1.04,0.01,0.6485714285714288,81,3.7106666666666666,
1998-03-22,1.65,0.01,2.1714285714285717,82,4.115666666666667,
1998-03-23,1.21,0.53,4.554285714285714,83,4.760000000000001,
1998-03-24,1.01,2.58,6.898571428571429,84,4.697,
1998-03-25,10.75,0.34,8.452857142857143,85,4.338333333333334,
1998-03-26,16.73,0.37,10.650000000000002,86,5.436999999999999,
1998-03-27,15.9,5.04,12.20857142857143,87,5.832666666666666,
1998-03-28,11.92,0.72,13.088571428571429,88,5.482,
1998-03-29,17.03,11.79,11.95857142857143,89,6.0793333333333335,
1998-03-30,12.12,17.8,10.237142857142857,90,7.23,
1998-03-31,7.17,4.61,8.532857142857143,91,6.647,
1998-04-01,2.84,0.44,7.698571428571428,92,6.444999999999999,
1998-04-02,4.68,0.03,6.345714285714286,93,7.316,
1998-04-03,3.97,0.07,6.357142857142857,94,6.646333333333333,
1998-04-04,6.08,0.0,6.967142857142856,95,5.5616666666666665,
1998-04-05,7.56,0.22,7.582857142857143,96,7.396,
1998-04-06,12.2,12.07,7.977142857142858,97,7.986666666666666,
1998-04-07,11.44,9.05,8.634285714285713,98,7.6353333333333335,
1998-04-08,7.15,6.09,9.62142857142857,99,7.1129999999999995,
1998-04-09,7.44,0.54,10.831428571428571,100,7.235333333333333,
1998-04-10,8.57,0.0,11.134285714285713,101,8.195333333333334,
1998-04-11,12.99,0.15,11.18857142857143,102,8.320666666666666,
1998-04-12,16.03,0.58,11.317142857142857,103,7.707,
1998-04-13,14.32,3.28,11.06857142857143,104,8.866999999999999,
1998-04-14,11.82,3.62,10.84,105,10.045666666666667,
1998-04-15,8.05,9.0,10.312857142857142,106,10.124,
1998-04-16,5.7,1.13,9.282857142857143,107,9.499666666666666,
1998-04-17,6.97,0.0,8.395714285714286,108,10.244666666666665,
1998-04-18,9.3,0.02,8.142857142857142,109,11.613333333333333,
1998-04-19,8.82,4.45,8.8,110,10.836666666666668,
1998-04-20,8.11,11.63,10.042857142857143,111,9.832666666666666,
1998-04-21,10.05,0.17,11.292857142857144,112,10.340333333333332,
1998-04-22,12.65,0.0,12.418571428571429,113,10.793333333333333,
1998-04-23,14.4,0.01,13.065714285714284,114,11.044,
1998-04-24,15.72,0.4,13.171428571428573,115,12.153666666666668,
1998-04-25,17.18,4.14,12.855714285714287,116,11.603666666666667,
1998-04-26,13.35,0.6,12.558571428571428,117,11.013333333333332,
1998-04-27,8.85,0.01,12.581428571428573,118,10.667666666666666,
1998-04-28,7.84,0.19,12.712857142857143,119,11.247333333333334,
1998-04-29,10.57,1.66,11.882857142857144,120,11.810666666666666,
1998-04-30,14.56,1.22,12.167142857142858,121,12.266666666666667,
1998-05-01,16.64,0.53,13.337142857142856,122,12.117666666666667,
1998-05-02,11.37,3.13,14.74714285714286,123,12.065333333333335,
1998-05-03,15.34,0.07,15.557142857142859,124,12.464333333333334,
1998-05-04,17.04,0.04,15.734285714285715,125,13.715666666666667,
1998-05-05,17.71,0.1,15.617142857142856,126,14.700666666666667,
1998-05-06,16.24,11.36,16.512857142857143,127,15.049333333333333,
1998-05-07,15.8,5.0,16.90714285714286,128,15.288,
1998-05-08,15.82,0.13,17.045714285714286,129,15.648,
1998-05-09,17.64,1.22,17.084285714285716,130,15.424000000000001,
1998-05-10,18.1,0.04,17.394285714285715,131,15.732666666666667,
1998-05-11,18.01,0.4,18.40285714285714,132,14.824666666666667,
1998-05-12,17.98,7.34,19.180000000000003,133,13.698666666666666,
1998-05-13,18.41,0.0,19.398571428571426,134,13.713333333333335,
1998-05-14,22.86,0.91,19.94142857142857,135,14.930666666666667,
1998-05-15,21.26,11.61,20.69142857142857,136,15.792666666666666,
1998-05-16,19.17,0.0,21.58857142857143,137,16.949,
1998-05-17,21.9,0.04,21.7,138,16.96,
1998-05-18,23.26,0.19,21.041428571428572,139,16.109666666666666,
1998-05-19,24.26,10.31,20.16571428571429,140,16.488666666666667,
1998-05-20,19.19,0.78,19.787142857142857,141,16.082666666666668,
1998-05-21,18.25,5.09,19.204285714285714,142,16.447666666666667,
1998-05-22,15.13,13.79,18.34714285714286,143,17.717666666666666,
1998-05-23,16.52,12.76,17.50714285714286,144,17.689,
1998-05-24,17.82,7.69,17.832857142857144,145,17.377,
1998-05-25,17.26,0.33,18.740000000000002,146,16.985,
1998-05-26,18.38,0.21,19.965714285714284,147,17.367,
1998-05-27,21.47,0.15,20.982857142857142,148,18.245,
1998-05-28,24.6,16.45,21.204285714285714,149,18.587,
1998-05-29,23.71,5.35,21.162857142857145,150,19.214,
1998-05-30,23.64,1.92,21.109999999999996,151,19.67366666666667,
1998-05-31,19.37,0.44,19.472857142857144,152,18.76966666666667,
1998-06-01,16.97,2.52,17.702857142857145,153,18.962666666666667,
1998-06-02,18.01,0.2,16.115714285714287,154,18.642999999999997,
1998-06-03,10.01,8.16,14.671428571428573,155,19.017333333333333,
1998-06-04,12.21,2.44,14.058571428571428,156,19.663999999999998,
1998-06-05,12.6,1.33,13.65857142857143,157,20.015,
1998-06-06,13.53,1.99,13.502857142857142,158,20.389666666666667,
1998-06-07,15.08,0.58,14.812857142857142,159,21.124666666666666,
1998-06-08,14.17,30.95,16.044285714285714,160,20.57633333333333,
1998-06-09,16.92,2.35,17.052857142857142,161,20.773333333333333,
1998-06-10,19.18,2.02,18.002857142857142,162,21.00133333333333,
1998-06-11,20.83,30.84,18.357142857142858,163,21.526666666666664,
1998-06-12,19.66,0.99,18.925714285714285,164,21.44333333333333,
1998-06-13,20.18,0.05,19.35571428571429,165,21.556333333333335,
1998-06-14,17.56,44.62,19.67142857142857,166,21.331666666666667,
1998-06-15,18.15,4.28,20.02857142857143,167,21.750999999999998,
1998-06-16,19.93,1.49,20.204285714285714,168,21.923000000000002,
1998-06-17,21.39,12.8,20.662857142857142,169,22.441666666666666,
1998-06-18,23.33,26.09,21.02285714285714,170,22.617,
1998-06-19,20.89,0.07,21.68142857142857,171,22.067666666666664,
1998-06-20,23.39,17.04,22.05,172,22.64333333333333,
1998-06-21,20.08,0.3,22.737142857142857,173,22.711666666666666,
1998-06-22,22.76,0.62,23.16428571428571,174,22.692333333333334,
1998-06-23,22.51,12.42,23.995714285714286,175,22.369333333333334,
1998-06-24,26.2,4.42,24.502857142857142,176,22.28666666666667,
1998-06-25,26.32,0.28,25.23,177,22.715333333333334,
1998-06-26,26.71,0.15,25.34714285714286,178,22.841,
1998-06-27,26.94,17.6,25.15285714285714,179,23.119333333333334,
1998-06-28,25.17,1.41,24.62857142857143,180,22.435333333333332,
1998-06-29,23.58,22.22,24.210000000000004,181,22.72233333333333,
1998-06-30,21.15,0.0,23.888571428571428,182,23.016000000000002,
1998-07-01,22.53,0.03,23.342857142857145,183,22.925666666666665,
1998-07-02,23.39,0.01,22.745714285714286,184,22.494666666666667,
1998-07-03,24.46,4.41,23.140000000000004,185,23.086000000000002,
1998-07-04,23.12,2.68,23.815714285714286,186,23.35,
1998-07-05,20.99,11.98,24.06714285714286,187,23.333666666666666,
1998-07-06,26.34,23.45,24.36285714285714,188,23.908,
1998-07-07,25.88,6.13,24.357142857142858,189,23.91033333333333,
1998-07-08,24.29,0.2,24.39428571428571,190,23.716333333333335,
1998-07-09,25.46,4.26,24.685714285714283,191,23.563666666666666,
1998-07-10,24.42,0.19,24.46285714285714,192,23.58566666666667,
1998-07-11,23.38,0.01,24.252857142857142,193,23.475666666666665,
1998-07-12,23.03,0.0,24.252857142857145,194,23.613999999999997,
1998-07-13,24.78,0.01,23.877142857142854,195,23.775,
1998-07-14,24.41,8.47,23.662857142857145,196,23.750333333333334,
1998-07-15,24.29,0.57,23.912857142857145,197,24.091,
1998-07-16,22.83,10.03,24.285714285714285,198,24.48933333333333,
1998-07-17,22.92,6.48,24.677142857142858,199,25.218666666666667,
1998-07-18,25.13,1.03,24.717142857142854,200,25.182000000000002,
1998-07-19,25.64,0.81,24.458571428571425,201,25.142666666666667,
1998-07-20,27.52,0.3,24.114285714285717,202,24.688333333333333,
1998-07-21,24.69,13.05,23.99142857142857,203,24.159,
1998-07-22,22.48,2.91,23.32,204,24.09733333333333,
1998-07-23,20.42,0.02,22.702857142857145,205,23.634999999999998,
1998-07-24,22.06,0.09,22.00857142857143,206,23.958333333333332,
1998-07-25,20.43,0.24,21.822857142857142,207,24.35666666666667,
1998-07-26,21.32,0.04,21.609999999999996,208,23.784333333333333,
1998-07-27,22.66,0.01,21.632857142857144,209,23.436333333333334,
1998-07-28,23.39,0.0,21.275714285714287,210,23.39466666666667,
1998-07-29,20.99,0.0,21.305714285714284,211,22.936333333333334,
1998-07-30,20.58,0.81,21.09142857142857,212,23.407333333333334,
1998-07-31,19.56,0.0,21.131428571428568,213,23.882,
1998-08-01,20.64,0.12,21.042857142857144,214,24.038,
1998-08-02,19.82,5.88,21.095714285714287,215,23.786,
1998-08-03,22.94,6.88,21.17571428571429,216,23.788333333333334,
1998-08-04,22.77,16.18,21.398571428571426,217,23.070333333333334,
1998-08-05,21.36,7.85,21.64142857142857,218,22.095000000000002,
1998-08-06,21.14,3.79,22.352857142857143,219,22.555999999999997,
1998-08-07,21.12,1.41,22.37142857142857,220,23.384999999999998,
1998-08-08,22.34,0.07,22.247142857142855,221,23.405666666666665,
1998-08-09,24.8,1.85,22.207142857142856,222,23.939,
1998-08-10,23.07,0.56,22.28,223,23.015666666666668,
1998-08-11,21.9,0.0,22.56857142857143,224,22.470000000000002,
1998-08-12,21.08,1.21,22.505714285714284,225,22.623333333333335,
1998-08-13,21.65,4.07,22.4,226,22.243999999999996,
1998-08-14,23.14,10.9,22.654285714285713,227,21.991,
1998-08-15,21.9,0.88,23.06142857142857,228,21.821,
1998-08-16,24.06,1.43,23.805714285714288,229,22.473666666666666,
1998-08-17,24.85,0.54,24.574285714285715,230,22.349666666666668,
1998-08-18,24.75,0.03,24.744285714285713,231,22.279,
1998-08-19,26.29,2.21,25.23714285714286,232,21.826,
1998-08-20,27.03,16.79,25.430000000000003,233,21.703333333333333,
1998-08-21,24.33,6.75,25.404285714285717,234,22.387999999999998,
1998-08-22,25.35,0.0,25.07571428571428,235,22.672666666666665,
1998-08-23,25.41,1.01,24.374285714285715,236,22.886000000000003,
1998-08-24,24.67,1.55,23.802857142857142,237,23.147333333333332,
1998-08-25,22.45,0.0,23.73714285714286,238,22.886333333333333,
1998-08-26,21.38,0.11,23.368571428571425,239,23.105999999999998,
1998-08-27,23.03,22.79,22.767142857142858,240,23.144333333333336,
1998-08-28,23.87,3.32,21.987142857142857,241,22.774333333333335,
1998-08-29,22.77,0.04,21.705714285714286,242,22.189,
1998-08-30,21.2,0.0,21.37,243,21.733333333333334,
1998-08-31,19.21,5.59,21.18285714285714,244,21.302666666666667,
1998-09-01,20.48,0.0,20.81142857142857,245,21.451,
1998-09-02,19.03,0.26,20.892857142857142,246,22.022333333333332,
1998-09-03,21.72,0.02,21.71,247,21.276666666666664,
1998-09-04,21.27,0.0,21.81714285714286,248,21.00433333333333,
1998-09-05,23.34,0.0,21.17571428571429,249,21.005666666666666,
1998-09-06,26.92,0.03,20.90142857142857,250,21.192666666666664,
1998-09-07,19.96,0.0,20.684285714285714,251,20.137,
1998-09-08,15.99,0.0,20.65142857142857,252,19.12933333333333,
1998-09-09,17.11,0.0,20.61285714285714,253,19.55933333333333,
1998-09-10,20.2,0.0,20.178571428571427,254,19.197,
1998-09-11,21.04,0.0,20.397142857142857,255,19.569333333333336,
1998-09-12,23.07,0.0,21.232857142857142,256,19.301,
1998-09-13,23.88,0.75,21.72,257,18.745333333333335,
1998-09-14,21.49,5.0,21.787142857142857,258,17.874333333333333,
1998-09-15,21.84,0.04,22.07,259,18.199666666666666,
1998-09-16,20.52,0.41,22.391428571428573,260,18.276999999999997,
1998-09-17,20.67,0.06,22.095714285714287,261,18.257,
1998-09-18,23.02,0.09,21.147142857142857,262,17.91466666666667,
1998-09-19,25.32,0.01,19.867142857142856,263,17.648333333333333,
1998-09-20,21.81,10.65,19.05857142857143,264,17.333666666666666,
1998-09-21,14.85,0.16,18.77,265,16.50766666666667,
1998-09-22,12.88,0.04,18.845714285714283,266,15.752999999999998,
1998-09-23,14.86,3.33,18.987142857142857,267,15.840666666666666,
1998-09-24,18.65,0.04,18.80857142857143,268,15.879666666666667,
1998-09-25,23.55,0.75,19.635714285714283,269,16.085666666666665,
1998-09-26,26.31,1.74,20.955714285714286,270,15.628000000000002,
1998-09-27,20.56,0.02,21.37142857142857,271,15.453666666666667,
1998-09-28,20.64,0.6,20.291428571428572,272,14.340333333333332,
1998-09-29,22.12,2.02,18.11,273,15.011,
1998-09-30,17.77,0.09,15.671428571428573,274,15.565,
1998-10-01,11.09,0.01,14.59,275,14.964666666666666,
1998-10-02,8.28,14.89,13.767142857142858,276,14.025,
1998-10-03,9.24,8.1,12.192857142857141,277,13.937999999999999,
1998-10-04,12.99,13.0,11.077142857142857,278,12.959333333333335,
1998-10-05,14.88,8.85,10.867142857142856,279,13.216666666666667,
1998-10-06,11.1,0.05,11.25,280,13.280666666666667,
1998-10-07,9.96,0.11,11.81857142857143,281,13.126,
1998-10-08,9.62,0.09,11.905714285714286,282,13.387,
1998-10-09,10.96,0.04,11.222857142857142,283,12.320333333333334,
1998-10-10,13.22,0.05,10.819999999999999,284,11.544666666666666,
1998-10-11,13.6,0.27,10.78857142857143,285,12.015333333333333,
1998-10-12,10.1,0.0,11.645714285714286,286,11.498666666666667,
1998-10-13,8.28,0.05,12.784285714285716,287,10.771666666666667,
1998-10-14,9.74,5.6,13.46142857142857,288,10.437000000000001,
1998-10-15,15.62,2.09,12.771428571428572,289,10.093333333333334,
1998-10-16,18.93,5.6,12.642857142857142,290,10.100999999999999,
1998-10-17,17.96,18.33,12.44,291,10.468,
1998-10-18,8.77,0.0,12.145714285714286,292,9.365,
1998-10-19,9.2,0.16,11.067142857142857,293,9.306333333333333,
1998-10-20,6.86,1.7,9.781428571428572,294,9.620000000000001,
1998-10-21,7.68,0.0,8.814285714285715,295,9.548333333333334,
1998-10-22,8.07,0.03,9.370000000000001,296,9.428333333333335,
1998-10-23,9.93,0.0,10.214285714285714,297,9.361666666666668,
1998-10-24,11.19,0.77,11.648571428571428,298,8.323333333333332,
1998-10-25,12.66,0.0,12.51,299,8.220666666666666,
1998-10-26,15.11,3.34,13.707142857142856,300,7.387333333333333,
1998-10-27,16.9,6.54,13.625714285714285,301,6.560333333333333,
1998-10-28,13.71,4.03,12.991428571428571,302,7.194333333333334,
1998-10-29,16.45,0.71,12.409999999999998,303,7.574,
1998-10-30,9.36,0.0,11.192857142857141,304,6.771333333333333,
1998-10-31,6.75,0.25,9.11,305,5.3613333333333335,
1998-11-01,8.59,3.52,7.268571428571428,306,5.837000000000001,
1998-11-02,6.59,2.75,4.792857142857143,307,4.904,
1998-11-03,2.32,0.07,3.275714285714286,308,5.098666666666667,
1998-11-04,0.82,0.04,2.2057142857142855,309,5.049,
1998-11-05,-0.88,0.23,1.0757142857142856,310,5.129666666666666,
1998-11-06,-1.26,0.01,0.5599999999999999,311,4.361666666666666,
1998-11-07,-0.74,5.1,0.6942857142857142,312,3.850333333333333,
1998-11-08,0.68,0.57,0.9242857142857143,313,4.254666666666667,
1998-11-09,2.98,8.95,1.3542857142857143,314,4.613333333333333,
1998-11-10,3.26,3.69,1.7985714285714285,315,3.4196666666666666,
1998-11-11,2.43,0.01,2.7085714285714286,316,1.9046666666666667,
1998-11-12,2.13,0.02,2.9714285714285715,317,1.7046666666666668,
1998-11-13,1.85,0.0,3.0942857142857143,318,2.5083333333333333,
1998-11-14,5.63,0.0,3.278571428571429,319,2.8676666666666666,
1998-11-15,2.52,0.01,3.857142857142857,320,2.585,
1998-11-16,3.84,0.05,3.4657142857142853,321,2.494,
1998-11-17,4.55,0.0,2.9400000000000004,322,2.942333333333333,
1998-11-18,6.48,0.05,2.6771428571428575,323,2.783666666666667,
1998-11-19,-0.61,0.0,3.494285714285714,324,2.183666666666667,
1998-11-20,-1.83,0.0,3.875714285714286,325,1.4466666666666665,
1998-11-21,3.79,0.0,4.191428571428571,326,1.0430000000000001,
1998-11-22,8.24,0.0,4.39,327,1.2656666666666667,
1998-11-23,6.51,0.0,5.282857142857142,328,0.8053333333333333,
1998-11-24,6.76,0.0,6.622857142857143,329,0.4036666666666667,
1998-11-25,7.87,0.0,7.6899999999999995,330,0.2166666666666667,
1998-11-26,5.64,0.0,8.782857142857143,331,-0.3006666666666667,
1998-11-27,7.55,0.0,8.831428571428571,332,-0.6473333333333334,
1998-11-28,11.26,0.21,9.127142857142857,333,0.04299999999999997,
1998-11-29,15.89,1.29,9.522857142857143,334,-0.1753333333333333,
1998-11-30,6.85,0.4,10.042857142857143,335,-1.3270000000000002,
1998-12-01,8.83,0.05,10.745714285714286,336,-1.3359999999999999,
1998-12-02,10.64,0.03,10.722857142857142,337,-0.9176666666666667,
1998-12-03,9.28,0.06,8.561428571428571,338,-1.3096666666666665,
1998-12-04,12.47,0.05,7.371428571428572,339,-1.384,
1998-12-05,11.1,0.19,6.024285714285715,340,-2.7996666666666665,
1998-12-06,0.76,0.48,4.571428571428571,341,-3.5756666666666663,
1998-12-07,-1.48,0.01,3.2399999999999998,342,-3.7616666666666663,
1998-12-08,-0.6,0.0,1.5585714285714285,343,-3.6540000000000004,
1998-12-09,0.47,0.0,0.2214285714285714,344,-4.117666666666667,
1998-12-10,-0.04,0.0,0.6814285714285714,345,-3.7346666666666666,
1998-12-11,0.7,0.0,1.2857142857142858,346,-3.7763333333333335,
1998-12-12,1.74,0.0,1.792857142857143,347,-3.5260000000000002,
1998-12-13,3.98,0.0,1.9271428571428573,348,-2.4756666666666667,
1998-12-14,2.75,0.0,1.832857142857143,349,-3.1086666666666667,
1998-12-15,2.95,0.02,1.8657142857142854,350,-3.9536666666666664,
1998-12-16,1.41,0.08,0.8742857142857144,351,-4.115,
1998-12-17,-0.7,0.0,-0.7514285714285714,352,-4.723333333333333,
1998-12-18,0.93,0.0,-2.932857142857143,353,-4.670333333333334,
1998-12-19,-5.2,0.01,-5.2,354,-5.029,
1998-12-20,-7.4,0.49,-6.78,355,-4.147,
1998-12-21,-12.52,0.04,-7.884285714285714,356,-4.393,
1998-12-22,-12.92,0.0,-8.84142857142857,357,-4.798,
1998-12-23,-9.65,0.0,-9.202857142857143,358,-5.59,
1998-12-24,-8.43,0.01,-8.455714285714285,359,-6.833333333333333,
1998-12-25,-5.77,0.01,-6.978571428571429,360,-5.871333333333333,
1998-12-26,-7.73,0.24,-6.548571428571429,361,-4.98,
1998-12-27,-2.17,0.0,-7.292857142857143,362,-4.514666666666667,
1998-12-28,-2.18,0.12,-7.951428571428571,363,-4.012666666666666,
1998-12-29,-9.91,0.05,-8.854285714285714,364,-5.275666666666667,
1998-12-30,-14.86,4.82,-9.024285714285714,365,-4.824666666666667,
1998-12-31,-13.04,0.04,-10.577142857142857,366,-6.896333333333333,
1999-01-01,-12.09,4.6,-13.138571428571428,1,-7.254666666666667,
1999-01-02,-8.92,3.37,-13.847142857142856,2,-6.669333333333333,
1999-01-03,-13.04,1.31,-13.585714285714285,3,-6.372,
1999-01-04,-20.11,0.66,-14.242857142857144,4,-7.632000000000001,
1999-01-05,-14.87,3.47,-14.615714285714287,5,-7.3629999999999995,
1999-01-06,-13.03,5.02,-16.169999999999998,6,-7.612666666666667,
1999-01-07,-17.64,0.37,-16.402857142857144,7,-7.635666666666666,
1999-01-08,-14.7,1.06,-14.621428571428572,8,-6.3966666666666665,
1999-01-09,-19.8,0.16,-14.129999999999999,9,-6.800666666666667,
1999-01-10,-14.67,0.12,-14.524285714285714,10,-6.191666666666666,
1999-01-11,-7.64,0.3,-13.545714285714284,11,-5.321666666666667,
1999-01-12,-11.43,0.08,-12.262857142857142,12,-6.834333333333333,
1999-01-13,-15.79,0.07,-9.679999999999998,13,-7.807,
1999-01-14,-10.79,0.07,-7.842857142857142,14,-7.033666666666666,
1999-01-15,-5.72,0.02,-7.4242857142857135,15,-8.241333333333333,
1999-01-16,-1.72,0.0,-6.5214285714285705,16,-7.281666666666666,
1999-01-17,-1.81,0.96,-4.685714285714285,17,-7.789,
1999-01-18,-4.71,0.84,-3.2842857142857147,18,-8.385333333333334,
1999-01-19,-5.11,0.15,-2.541428571428572,19,-7.801,
1999-01-20,-2.94,0.01,-2.6885714285714286,20,-7.862,
1999-01-21,-0.98,2.18,-3.125714285714286,21,-6.818,
1999-01-22,-0.52,0.75,-3.5928571428571425,22,-5.656000000000001,
1999-01-23,-2.75,0.04,-3.087142857142857,23,-6.655666666666667,
1999-01-24,-4.87,0.28,-2.597142857142857,24,-7.19,
1999-01-25,-7.98,0.19,-2.9471428571428575,25,-6.602666666666667,
1999-01-26,-1.57,0.93,-3.4057142857142857,26,-5.616333333333333,
1999-01-27,0.49,0.14,-3.4642857142857144,27,-6.115666666666667,
1999-01-28,-3.43,0.0,-2.8514285714285714,28,-5.8726666666666665,
1999-01-29,-3.73,0.0,-1.5400000000000003,29,-7.1626666666666665,
1999-01-30,-3.16,0.0,-1.1242857142857143,30,-7.257000000000001,
1999-01-31,-0.58,0.04,-0.7314285714285713,31,-5.312333333333333,
1999-02-01,1.2,0.7,-0.6814285714285714,32,-5.570666666666667,
1999-02-02,1.34,0.36,0.16714285714285712,33,-5.598333333333333,
1999-02-03,3.24,1.6,0.6357142857142858,34,-5.522333333333333,
1999-02-04,-3.08,0.0,1.0,35,-6.5696666666666665,
1999-02-05,2.21,0.03,1.6357142857142857,36,-5.671666666666667,
1999-02-06,0.12,0.01,1.9785714285714289,37,-4.662999999999999,
1999-02-07,1.97,0.01,2.7228571428571433,38,-5.294,
1999-02-08,5.65,0.0,3.3442857142857143,39,-5.605333333333333,
1999-02-09,3.74,0.0,2.325714285714286,40,-5.402333333333333,
1999-02-10,8.45,0.15,1.747142857142857,41,-5.548666666666667,
1999-02-11,1.27,4.33,1.7357142857142858,42,-5.828,
1999-02-12,-4.92,0.15,1.5242857142857142,43,-5.614,
1999-02-13,-3.93,0.0,0.8371428571428571,44,-4.276333333333333,
1999-02-14,1.89,0.0,-0.7214285714285714,45,-4.116666666666666,
1999-02-15,4.17,0.0,-1.0457142857142858,46,-5.044,
1999-02-16,-1.07,0.16,-0.6057142857142858,47,-4.468,
1999-02-17,-2.46,0.01,-0.34142857142857147,48,-2.9069999999999996,
1999-02-18,-1.0,2.21,-1.0257142857142856,49,-2.4276666666666666,
1999-02-19,-1.84,0.09,-2.0300000000000002,50,-2.2693333333333334,
1999-02-20,-2.08,0.38,-2.198571428571429,51,-1.5713333333333332,
1999-02-21,-2.9,0.0,-2.0799999999999996,52,-2.385,
1999-02-22,-2.86,3.43,-1.8199999999999998,53,-1.8993333333333333,
1999-02-23,-2.25,0.67,-1.3157142857142856,54,-2.289,
1999-02-24,-1.63,0.14,-0.7014285714285714,55,-2.667333333333333,
1999-02-25,0.82,0.0,-0.14571428571428569,56,-3.2760000000000002,
1999-02-26,1.69,2.35,1.1071428571428572,57,-3.2516666666666665,
1999-02-27,2.22,0.56,1.5628571428571427,58,-3.3603333333333336,
1999-02-28,0.99,0.84,1.3614285714285717,59,-2.131666666666667,
1999-03-01,5.91,3.66,1.2942857142857143,61,-1.5816666666666666,
1999-03-02,0.94,3.35,0.9542857142857143,62,-3.1626666666666665,
1999-03-03,-3.04,0.0,0.18142857142857136,63,-2.8819999999999997,
1999-03-04,0.35,0.2,-0.48999999999999994,64,-1.1363333333333332,
1999-03-05,-0.69,0.81,-1.697142857142857,65,-0.13566666666666655,
1999-03-06,-3.19,0.75,-2.1671428571428573,66,0.4623333333333332,
1999-03-07,-3.71,0.64,-2.12,67,0.44066666666666665,
1999-03-08,-2.54,8.86,-2.434285714285714,68,0.748,
1999-03-09,-2.35,0.27,-2.4957142857142856,69,-0.33833333333333326,
1999-03-10,-2.71,0.31,-2.0814285714285714,70,0.44,
1999-03-11,-1.85,0.07,-1.4785714285714284,71,0.871,
1999-03-12,-1.12,0.12,-0.6657142857142857,72,1.326,
1999-03-13,-0.29,0.06,0.8728571428571428,73,2.741,
1999-03-14,0.51,0.01,2.2214285714285715,74,2.949333333333333,
1999-03-15,3.15,0.0,2.7728571428571422,75,2.875,
1999-03-16,8.42,0.48,3.4057142857142857,76,3.725333333333333,
1999-03-17,6.73,0.91,4.1657142857142855,77,3.746,
1999-03-18,2.01,0.0,4.324285714285714,78,3.3153333333333337,
1999-03-19,3.31,0.04,3.9442857142857144,79,3.641,
1999-03-20,5.03,0.83,3.244285714285714,80,3.9993333333333334,
1999-03-21,1.62,1.79,2.4457142857142857,81,3.7106666666666666,
1999-03-22,0.49,1.47,2.3000000000000003,82,4.115666666666667,
1999-03-23,3.52,0.0,2.281428571428571,83,4.760000000000001,
1999-03-24,1.14,0.32,2.5485714285714285,84,4.697,
1999-03-25,0.99,0.19,3.5557142857142856,85,4.338333333333334,
1999-03-26,3.18,0.01,4.840000000000001,86,5.436999999999999,
1999-03-27,6.9,1.66,6.262857142857143,87,5.832666666666666,
1999-03-28,8.67,1.65,8.094285714285714,88,5.482,
1999-03-29,9.48,0.05,10.19,89,6.0793333333333335,
1999-03-30,13.48,0.07,11.332857142857145,90,7.23,
1999-03-31,13.96,0.32,12.244285714285715,91,6.647,
1999-04-01,15.66,0.13,12.214285714285714,92,6.444999999999999,
1999-04-02,11.18,1.46,12.02,93,7.316,
1999-04-03,13.28,6.98,11.375714285714286,94,6.646333333333333,
1999-04-04,8.46,0.06,11.344285714285714,95,5.5616666666666665,
1999-04-05,8.12,20.04,10.807142857142859,96,7.396,
1999-04-06,8.97,0.23,10.245714285714286,97,7.986666666666666,
1999-04-07,13.74,0.0,9.73,98,7.6353333333333335,
1999-04-08,11.9,23.45,9.541428571428572,99,7.1129999999999995,
1999-04-09,7.25,1.69,9.771428571428572,100,7.235333333333333,
1999-04-10,9.67,2.16,10.305714285714286,101,8.195333333333334,
1999-04-11,7.14,0.42,9.895714285714286,102,8.320666666666666,
1999-04-12,9.73,0.12,8.624285714285714,103,7.707,
1999-04-13,12.71,0.48,7.817142857142858,104,8.866999999999999,
1999-04-14,10.87,3.73,7.068571428571429,105,10.045666666666667,
1999-04-15,3.0,10.95,6.785714285714286,106,10.124,
1999-04-16,1.6,5.66,6.801428571428572,107,9.499666666666666,
1999-04-17,4.43,0.54,6.858571428571429,108,10.244666666666665,
1999-04-18,5.16,0.03,7.069999999999999,109,11.613333333333333,
1999-04-19,9.84,0.19,7.792857142857143,110,10.836666666666668,
1999-04-20,13.11,1.1,8.712857142857143,111,9.832666666666666,
1999-04-21,12.35,14.04,9.494285714285715,112,10.340333333333332,
1999-04-22,8.06,13.52,10.157142857142857,113,10.793333333333333,
1999-04-23,8.04,0.28,10.435714285714285,114,11.044,
1999-04-24,9.9,0.42,10.35142857142857,115,12.153666666666668,
1999-04-25,9.8,0.08,10.302857142857144,116,11.603666666666667,
1999-04-26,11.79,3.25,10.91,117,11.013333333333332,
1999-04-27,12.52,6.07,11.565714285714288,118,10.667666666666666,
1999-04-28,12.01,0.39,12.114285714285714,119,11.247333333333334,
1999-04-29,12.31,0.0,13.004285714285714,120,11.810666666666666,
1999-04-30,12.63,0.12,13.947142857142856,121,12.266666666666667,
1999-05-01,13.74,0.01,14.690000000000001,122,12.117666666666667,
1999-05-02,16.03,0.99,14.985714285714286,123,12.065333333333335,
1999-05-03,18.39,0.05,14.87142857142857,124,12.464333333333334,
1999-05-04,17.72,2.77,14.574285714285717,125,13.715666666666667,
1999-05-05,14.08,3.78,14.304285714285715,126,14.700666666666667,
1999-05-06,11.51,4.76,14.037142857142856,127,15.049333333333333,
1999-05-07,10.55,4.33,14.14,128,15.288,
1999-05-08,11.85,0.57,13.994285714285713,129,15.648,
1999-05-09,14.16,0.0,13.55142857142857,130,15.424000000000001,
1999-05-10,19.11,0.73,13.594285714285714,131,15.732666666666667,
1999-05-11,16.7,18.67,14.198571428571427,132,14.824666666666667,
1999-05-12,10.98,10.85,14.994285714285713,133,13.698666666666666,
1999-05-13,11.81,0.19,16.02857142857143,134,13.713333333333335,
1999-05-14,14.78,0.27,15.474285714285713,135,14.930666666666667,
1999-05-15,17.42,5.62,15.365714285714287,136,15.792666666666666,
1999-05-16,21.4,9.52,16.284285714285716,137,16.949,
1999-05-17,15.23,8.3,17.211428571428574,138,16.96,
1999-05-18,15.94,0.0,17.69142857142857,139,16.109666666666666,
1999-05-19,17.41,0.06,17.914285714285715,140,16.488666666666667,
1999-05-20,18.3,12.46,17.041428571428572,141,16.082666666666668,
1999-05-21,18.14,11.8,16.781428571428574,142,16.447666666666667,
1999-05-22,18.98,0.26,16.547142857142855,143,17.717666666666666,
1999-05-23,15.29,2.97,16.325714285714287,144,17.689,
1999-05-24,13.41,0.72,16.492857142857144,145,17.377,
1999-05-25,14.3,0.64,16.917142857142856,146,16.985,
1999-05-26,15.86,0.11,17.080000000000002,147,17.367,
1999-05-27,19.47,0.91,17.892857142857142,148,18.245,
1999-05-28,21.11,0.38,18.805714285714284,149,18.587,
1999-05-29,20.12,0.0,19.312857142857144,150,19.214,
1999-05-30,20.98,3.35,19.464285714285715,151,19.67366666666667,
1999-05-31,19.8,2.52,19.362857142857145,152,18.76966666666667,
1999-06-01,17.85,8.32,19.631428571428575,153,18.962666666666667,
1999-06-02,16.92,0.24,20.442857142857143,154,18.642999999999997,
1999-06-03,18.76,2.7,20.881428571428575,155,19.017333333333333,
1999-06-04,22.99,15.71,21.434285714285714,156,19.663999999999998,
1999-06-05,25.8,3.92,22.371428571428574,157,20.015,
1999-06-06,24.05,5.72,23.451428571428572,158,20.389666666666667,
1999-06-07,23.67,0.19,23.98,159,21.124666666666666,
1999-06-08,24.41,5.53,23.78142857142857,160,20.57633333333333,
1999-06-09,24.48,16.32,23.115714285714287,161,20.773333333333333,
1999-06-10,22.46,20.57,22.50714285714286,162,21.00133333333333,
1999-06-11,21.6,8.1,21.414285714285715,163,21.526666666666664,
1999-06-12,21.14,3.25,19.65142857142857,164,21.44333333333333,
1999-06-13,19.79,3.09,18.17142857142857,165,21.556333333333335,
1999-06-14,16.02,0.0,17.19857142857143,166,21.331666666666667,
1999-06-15,12.07,2.25,16.49285714285714,167,21.750999999999998,
1999-06-16,14.12,0.91,16.134285714285713,168,21.923000000000002,
1999-06-17,15.65,0.0,16.31,169,22.441666666666666,
1999-06-18,16.66,4.09,17.322857142857142,170,22.617,
1999-06-19,18.63,5.04,18.815714285714286,171,22.067666666666664,
1999-06-20,21.02,1.15,20.078571428571426,172,22.64333333333333,
1999-06-21,23.11,0.13,21.312857142857144,173,22.711666666666666,
1999-06-22,22.52,18.39,22.50857142857143,174,22.692333333333334,
1999-06-23,22.96,7.67,23.382857142857144,175,22.369333333333334,
1999-06-24,24.29,0.0,23.745714285714286,176,22.28666666666667,
1999-06-25,25.03,2.4,23.178571428571427,177,22.715333333333334,
1999-06-26,24.75,4.6,22.349999999999998,178,22.841,
1999-06-27,23.56,6.41,21.712857142857143,179,23.119333333333334,
1999-06-28,19.14,0.58,21.09857142857143,180,22.435333333333332,
1999-06-29,16.72,0.08,20.914285714285715,181,22.72233333333333,
1999-06-30,18.5,2.4,21.32,182,23.016000000000002,
1999-07-01,19.99,1.79,21.889999999999997,183,22.925666666666665,
1999-07-02,23.74,7.2,23.079999999999995,184,22.494666666666667,
1999-07-03,27.59,3.48,23.869999999999997,185,23.086000000000002,
1999-07-04,27.55,1.15,24.56,186,23.35,
1999-07-05,27.47,10.64,25.398571428571426,187,23.333666666666666,
1999-07-06,22.25,0.19,25.231428571428573,188,23.908,
1999-07-07,23.33,0.04,23.93,189,23.91033333333333,
1999-07-08,25.86,7.01,23.009999999999998,190,23.716333333333335,
1999-07-09,22.57,5.24,22.104285714285716,191,23.563666666666666,
1999-07-10,18.48,3.82,22.138571428571428,192,23.58566666666667,
1999-07-11,21.11,0.82,22.297142857142855,193,23.475666666666665,
1999-07-12,21.13,0.02,22.405714285714286,194,23.613999999999997,
1999-07-13,22.49,10.61,22.65285714285714,195,23.775,
1999-07-14,24.44,1.2,23.26142857142857,196,23.750333333333334,
1999-07-15,26.62,2.65,23.964285714285715,197,24.091,
1999-07-16,24.3,9.33,24.937142857142856,198,24.48933333333333,
1999-07-17,22.74,2.35,25.717142857142857,199,25.218666666666667,
1999-07-18,26.03,7.04,26.267142857142858,200,25.182000000000002,
1999-07-19,27.94,11.15,26.607142857142858,201,25.142666666666667,
1999-07-20,27.95,3.9,27.11428571428571,202,24.688333333333333,
1999-07-21,28.29,0.42,28.044285714285714,203,24.159,
1999-07-22,29.0,0.1,28.74571428571429,204,24.09733333333333,
1999-07-23,27.85,0.71,28.751428571428573,205,23.634999999999998,
1999-07-24,29.25,0.3,28.728571428571428,206,23.958333333333332,
1999-07-25,30.94,0.91,28.895714285714288,207,24.35666666666667,
1999-07-26,27.98,4.61,29.225714285714286,208,23.784333333333333,
1999-07-27,27.79,3.04,29.638571428571428,209,23.436333333333334,
1999-07-28,29.46,2.67,29.042857142857144,210,23.39466666666667,
1999-07-29,31.31,0.0,27.592857142857145,211,22.936333333333334,
1999-07-30,30.74,11.29,26.55857142857143,212,23.407333333333334,
1999-07-31,25.08,1.58,25.844285714285714,213,23.882,
1999-08-01,20.79,1.01,24.867142857142856,214,24.038,
1999-08-02,20.74,5.45,23.659999999999997,215,23.786,
1999-08-03,22.79,1.08,22.374285714285715,216,23.788333333333334,
1999-08-04,22.62,1.25,22.02285714285714,217,23.070333333333334,
1999-08-05,22.86,0.18,21.86285714285714,218,22.095000000000002,
1999-08-06,21.74,11.43,22.05142857142857,219,22.555999999999997,
1999-08-07,22.62,14.32,22.277142857142856,220,23.384999999999998,
1999-08-08,19.67,1.16,22.104285714285712,221,23.405666666666665,
1999-08-09,22.06,2.21,22.365714285714287,222,23.939,
1999-08-10,24.37,0.26,21.84714285714286,223,23.015666666666668,
1999-08-11,21.41,20.43,21.228571428571428,224,22.470000000000002,
1999-08-12,24.69,1.51,21.472857142857144,225,22.623333333333335,
1999-08-13,18.11,0.67,21.812857142857144,226,22.243999999999996,
1999-08-14,18.29,0.0,21.857142857142858,227,21.991,
1999-08-15,21.38,0.36,21.95714285714286,228,21.821,
1999-08-16,24.44,2.13,21.267142857142858,229,22.473666666666666,
1999-08-17,24.68,0.07,21.56142857142857,230,22.349666666666668,
1999-08-18,22.11,15.68,22.135714285714283,231,22.279,
1999-08-19,19.86,2.67,22.13,232,21.826,
1999-08-20,20.17,2.51,21.680000000000003,233,21.703333333333333,
1999-08-21,22.31,0.69,21.092857142857145,234,22.387999999999998,
1999-08-22,21.34,13.09,21.132857142857144,235,22.672666666666665,
1999-08-23,21.29,1.41,21.63285714285714,236,22.886000000000003,
1999-08-24,20.57,1.63,22.422857142857143,237,23.147333333333332,
1999-08-25,22.39,0.42,22.988571428571426,238,22.886333333333333,
1999-08-26,23.36,0.11,23.282857142857143,239,23.105999999999998,
1999-08-27,25.7,0.37,23.148571428571426,240,23.144333333333336,
1999-08-28,26.27,3.27,23.271428571428572,241,22.774333333333335,
1999-08-29,23.4,1.6,23.43142857142857,242,22.189,
1999-08-30,20.35,2.63,23.81714285714286,243,21.733333333333334,
1999-08-31,21.43,0.0,23.93285714285714,244,21.302666666666667,
1999-09-01,23.51,0.6,23.722857142857144,245,21.451,
1999-09-02,26.06,0.37,23.117142857142856,246,22.022333333333332,
1999-09-03,26.51,1.3,22.992857142857144,247,21.276666666666664,
1999-09-04,24.8,6.09,23.264285714285712,248,21.00433333333333,
1999-09-05,19.16,5.38,22.585714285714285,249,21.005666666666666,
1999-09-06,19.48,0.82,21.011428571428574,250,21.192666666666664,
1999-09-07,23.33,5.13,19.71142857142857,251,20.137,
1999-09-08,18.76,0.18,19.06142857142857,252,19.12933333333333,
1999-09-09,15.04,0.03,18.794285714285714,253,19.55933333333333,
1999-09-10,17.41,0.02,17.852857142857143,254,19.197,
1999-09-11,20.25,0.48,16.355714285714285,255,19.569333333333336,
1999-09-12,17.29,4.55,15.502857142857142,256,19.301,
1999-09-13,12.89,2.19,15.469999999999999,257,18.745333333333335,
1999-09-14,12.85,3.39,15.114285714285714,258,17.874333333333333,
1999-09-15,12.79,8.47,14.74,259,18.199666666666666,
1999-09-16,14.81,0.0,14.694285714285712,260,18.276999999999997,
1999-09-17,14.92,4.85,14.40142857142857,261,18.257,
1999-09-18,17.63,1.42,14.034285714285714,262,17.91466666666667,
1999-09-19,16.97,0.86,14.298571428571426,263,17.648333333333333,
1999-09-20,10.84,0.36,14.73,264,17.333666666666666,
1999-09-21,10.28,0.0,14.932857142857143,265,16.50766666666667,
1999-09-22,14.64,1.73,15.088571428571429,266,15.752999999999998,
1999-09-23,17.83,2.5,15.174285714285714,267,15.840666666666666,
1999-09-24,16.34,0.78,15.521428571428572,268,15.879666666666667,
1999-09-25,18.72,2.18,15.818571428571428,269,16.085666666666665,
1999-09-26,17.57,0.88,15.275714285714285,270,15.628000000000002,
1999-09-27,13.27,12.76,14.564285714285715,271,15.453666666666667,
1999-09-28,12.36,1.87,13.391428571428571,272,14.340333333333332,
1999-09-29,10.84,0.0,11.517142857142856,273,15.011,
1999-09-30,12.85,0.26,9.602857142857143,274,15.565,
1999-10-01,8.13,0.65,8.724285714285715,275,14.964666666666666,
1999-10-02,5.6,0.16,8.528571428571428,276,14.025,
1999-10-03,4.17,4.57,8.728571428571428,277,13.937999999999999,
1999-10-04,7.12,0.0,9.34,278,12.959333333333335,
1999-10-05,10.99,3.32,10.49,279,13.216666666666667,
1999-10-06,12.24,0.44,12.030000000000001,280,13.280666666666667,
1999-10-07,17.13,0.48,13.424285714285714,281,13.126,
1999-10-08,16.18,1.51,14.281428571428572,282,13.387,
1999-10-09,16.38,0.0,15.141428571428573,283,12.320333333333334,
1999-10-10,13.93,2.39,14.76142857142857,284,11.544666666666666,
1999-10-11,13.12,0.19,13.87142857142857,285,12.015333333333333,
1999-10-12,17.01,0.18,13.825714285714284,286,11.498666666666667,
1999-10-13,9.58,0.35,13.082857142857142,287,10.771666666666667,
1999-10-14,10.9,0.25,11.932857142857143,288,10.437000000000001,
1999-10-15,15.86,2.59,10.848571428571429,289,10.093333333333334,
1999-10-16,11.18,1.13,9.157142857142857,290,10.100999999999999,
1999-10-17,5.88,0.79,8.635714285714286,291,10.468,
1999-10-18,5.53,0.74,8.932857142857141,292,9.365,
1999-10-19,5.17,0.74,7.675714285714286,293,9.306333333333333,
1999-10-20,5.93,0.0,6.444285714285714,294,9.620000000000001,
1999-10-21,12.98,2.94,6.302857142857143,295,9.548333333333334,
1999-10-22,7.06,4.21,6.87,296,9.428333333333335,
1999-10-23,2.56,0.0,7.721428571428571,297,9.361666666666668,
1999-10-24,4.89,0.0,8.807142857142857,298,8.323333333333332,
1999-10-25,9.5,0.0,8.594285714285714,299,8.220666666666666,
1999-10-26,11.13,0.0,10.018571428571429,300,7.387333333333333,
1999-10-27,13.53,0.04,11.288571428571428,301,6.560333333333333,
1999-10-28,11.49,0.7,12.147142857142857,302,7.194333333333334,
1999-10-29,17.03,4.24,12.237142857142857,303,7.574,
1999-10-30,11.45,0.02,10.93857142857143,304,6.771333333333333,
1999-10-31,10.9,0.0,9.782857142857143,305,5.3613333333333335,
1999-11-01,10.13,0.2,9.282857142857143,306,5.837000000000001,
1999-11-02,2.04,0.84,7.964285714285714,307,4.904,
1999-11-03,5.44,2.1,7.291428571428571,308,5.098666666666667,
1999-11-04,7.99,0.01,7.109999999999999,309,5.049,
1999-11-05,7.8,0.91,7.667142857142857,310,5.129666666666666,
1999-11-06,6.74,0.72,9.585714285714285,311,4.361666666666666,
1999-11-07,9.63,0.0,10.167142857142858,312,3.850333333333333,
1999-11-08,14.03,0.02,10.01,313,4.254666666666667,
1999-11-09,15.47,0.3,10.421428571428573,314,4.613333333333333,
1999-11-10,9.51,0.97,11.265714285714285,315,3.4196666666666666,
1999-11-11,6.89,0.07,10.879999999999999,316,1.9046666666666667,
1999-11-12,10.68,0.02,9.808571428571428,317,1.7046666666666668,
1999-11-13,12.65,0.01,8.357142857142858,318,2.5083333333333333,
1999-11-14,6.93,0.0,7.8585714285714285,319,2.8676666666666666,
1999-11-15,6.53,0.0,8.784285714285714,320,2.585,
1999-11-16,5.31,0.14,7.861428571428571,321,2.494,
1999-11-17,6.02,0.07,6.482857142857142,322,2.942333333333333,
1999-11-18,13.37,0.31,6.46,323,2.783666666666667,
1999-11-19,4.22,0.27,6.421428571428571,324,2.183666666666667,
1999-11-20,3.0,0.0,6.048571428571429,325,1.4466666666666665,
1999-11-21,6.77,0.03,5.278571428571428,326,1.0430000000000001,
1999-11-22,6.26,4.74,3.551428571428571,327,1.2656666666666667,
1999-11-23,2.7,11.8,3.424285714285714,328,0.8053333333333333,
1999-11-24,0.63,0.29,3.432857142857143,329,0.4036666666666667,
1999-11-25,1.28,3.82,2.7842857142857147,330,0.2166666666666667,
1999-11-26,3.33,4.0,1.7771428571428571,331,-0.3006666666666667,
1999-11-27,3.06,0.16,1.48,332,-0.6473333333333334,
1999-11-28,2.23,0.46,1.8214285714285714,333,0.04299999999999997,
1999-11-29,-0.79,0.0,2.8328571428571427,334,-0.1753333333333333,
1999-11-30,0.62,3.71,3.745714285714286,335,-1.3270000000000002,
1999-12-01,3.02,0.12,3.9614285714285713,336,-1.3359999999999999,
1999-12-02,8.36,0.53,3.3628571428571425,337,-0.9176666666666667,
1999-12-03,9.72,3.02,3.25,338,-1.3096666666666665,
1999-12-04,4.57,0.17,3.302857142857143,339,-1.384,
1999-12-05,-1.96,0.27,3.1914285714285717,340,-2.7996666666666665,
1999-12-06,-1.58,0.08,1.9742857142857146,341,-3.5756666666666663,
1999-12-07,0.99,0.14,0.38000000000000017,342,-3.7616666666666663,
1999-12-08,2.24,0.07,-0.40428571428571425,343,-3.6540000000000004,
1999-12-09,-0.16,0.0,0.014285714285714346,344,-4.117666666666667,
1999-12-10,-1.44,0.01,0.18857142857142867,345,-3.7346666666666666,
1999-12-11,-0.92,0.0,-0.18857142857142845,346,-3.7763333333333335,
1999-12-12,0.97,0.02,-0.7442857142857141,347,-3.5260000000000002,
1999-12-13,-0.36,0.11,-1.687142857142857,348,-2.4756666666666667,
1999-12-14,-1.65,1.43,-2.25,349,-3.1086666666666667,
1999-12-15,-1.65,0.49,-2.987142857142857,350,-3.9536666666666664,
1999-12-16,-6.76,0.39,-3.59,351,-4.115,
1999-12-17,-5.38,0.11,-5.2542857142857144,352,-4.723333333333333,
1999-12-18,-6.08,0.01,-6.7299999999999995,353,-4.670333333333334,
1999-12-19,-3.25,2.16,-8.005714285714285,354,-5.029,
1999-12-20,-12.01,0.0,-8.202857142857143,355,-4.147,
1999-12-21,-11.98,0.4,-8.751428571428573,356,-4.393,
1999-12-22,-10.58,0.05,-8.292857142857143,357,-4.798,
1999-12-23,-8.14,0.14,-8.244285714285713,358,-5.59,
1999-12-24,-9.22,0.0,-7.392857142857143,359,-6.833333333333333,
1999-12-25,-2.87,0.57,-5.82,360,-5.871333333333333,
1999-12-26,-2.91,0.1,-4.112857142857143,361,-4.98,
1999-12-27,-6.05,0.84,-2.82,362,-4.514666666666667,
1999-12-28,-0.97,0.16,-1.4171428571428568,363,-4.012666666666666,
1999-12-29,1.37,0.08,-0.9257142857142854,364,-5.275666666666667,
1999-12-30,0.91,0.01,-0.4885714285714283,365,-4.824666666666667,
1999-12-31,0.6,0.06,0.03571428571428597,366,-6.896333333333333,
2000-01-01,0.57,0.1,-1.13,1,-7.254666666666667,
2000-01-02,0.15,0.26,-2.1485714285714286,2,-6.669333333333333,
2000-01-03,-2.38,0.6,-2.608571428571428,3,-6.372,
2000-01-04,-9.13,0.01,-3.1342857142857143,4,-7.632000000000001,
2000-01-05,-5.76,0.03,-3.274285714285714,5,-7.3629999999999995,
2000-01-06,-2.31,0.01,-3.087142857142857,6,-7.612666666666667,
2000-01-07,-3.08,0.0,-2.6442857142857146,7,-7.635666666666666,
2000-01-08,-0.41,0.21,-1.884285714285714,8,-6.3966666666666665,
2000-01-09,1.46,0.25,-1.5385714285714283,9,-6.800666666666667,
2000-01-10,0.72,0.1,-2.325714285714285,10,-6.191666666666666,
2000-01-11,-3.81,0.0,-2.28,11,-5.321666666666667,
2000-01-12,-3.34,0.0,-2.161428571428571,12,-6.834333333333333,
2000-01-13,-7.82,0.0,-3.101428571428571,13,-7.807,
2000-01-14,-2.76,0.0,-3.6814285714285715,14,-7.033666666666666,
2000-01-15,0.42,0.03,-3.4685714285714284,15,-8.241333333333333,
2000-01-16,-5.12,0.01,-3.5842857142857136,16,-7.281666666666666,
2000-01-17,-3.34,0.11,-4.2142857142857135,17,-7.789,
2000-01-18,-2.32,0.0,-5.5,18,-8.385333333333334,
2000-01-19,-4.15,3.21,-6.335714285714286,19,-7.801,
2000-01-20,-12.23,5.8,-7.2057142857142855,20,-7.862,
2000-01-21,-11.76,3.12,-7.957142857142857,21,-6.818,
2000-01-22,-5.43,0.97,-9.062857142857142,22,-5.656000000000001,
2000-01-23,-11.21,0.6,-10.462857142857143,23,-6.655666666666667,
2000-01-24,-8.6,0.1,-10.468571428571428,24,-7.19,
2000-01-25,-10.06,0.35,-10.064285714285715,25,-6.602666666666667,
2000-01-26,-13.95,0.0,-10.088571428571429,26,-5.616333333333333,
2000-01-27,-12.27,0.0,-9.382857142857143,27,-6.115666666666667,
2000-01-28,-8.93,0.15,-9.258571428571429,28,-5.8726666666666665,
2000-01-29,-5.6,0.5,-8.86,29,-7.1626666666666665,
2000-01-30,-6.27,0.68,-7.33142857142857,30,-7.257000000000001,
2000-01-31,-7.73,0.83,-5.630000000000001,31,-5.312333333333333,
2000-02-01,-7.27,0.71,-5.1257142857142854,32,-5.570666666666667,
2000-02-02,-3.25,1.04,-5.017142857142857,33,-5.598333333333333,
2000-02-03,-0.36,0.01,-4.218571428571429,34,-5.522333333333333,
2000-02-04,-5.4,0.04,-3.581428571428571,35,-6.5696666666666665,
2000-02-05,-4.84,0.0,-2.6928571428571426,36,-5.671666666666667,
2000-02-06,-0.68,0.57,-1.8342857142857143,37,-4.662999999999999,
2000-02-07,-3.27,0.0,-1.804285714285714,38,-5.294,
2000-02-08,-1.05,0.01,-1.8257142857142854,39,-5.605333333333333,
2000-02-09,2.76,0.06,-1.5057142857142856,40,-5.402333333333333,
2000-02-10,-0.15,0.01,-1.7928571428571427,41,-5.548666666666667,
2000-02-11,-5.55,0.25,-1.7342857142857138,42,-5.828,
2000-02-12,-2.6,0.46,-1.3914285714285712,43,-5.614,
2000-02-13,-2.69,0.99,-2.2185714285714284,44,-4.276333333333333,
2000-02-14,-2.86,0.04,-2.4557142857142855,45,-4.116666666666666,
2000-02-15,1.35,0.6,-2.068571428571428,46,-5.044,
2000-02-16,-3.03,0.02,-2.2499999999999996,47,-4.468,
2000-02-17,-1.81,2.75,-2.075714285714285,48,-2.9069999999999996,
2000-02-18,-2.84,2.78,-1.1514285714285712,49,-2.4276666666666666,
2000-02-19,-3.87,0.4,-0.19285714285714256,50,-2.2693333333333334,
2000-02-20,-1.47,0.0,1.7785714285714287,51,-1.5713333333333332,
2000-02-21,3.61,0.79,3.1585714285714284,52,-2.385,
2000-02-22,8.06,0.31,5.311428571428571,53,-1.8993333333333333,
2000-02-23,10.77,4.9,6.551428571428572,54,-2.289,
2000-02-24,7.85,0.73,7.285714285714286,55,-2.667333333333333,
2000-02-25,12.23,7.66,8.022857142857143,56,-3.2760000000000002,
2000-02-26,4.81,0.05,8.277142857142858,57,-3.2516666666666665,
2000-02-27,3.67,0.0,7.182857142857143,58,-3.3603333333333336,
2000-02-28,8.77,0.01,6.247142857142856,59,-2.131666666666667,
2000-02-29,9.84,6.39,4.8585714285714285,60,1.94125,
2000-03-01,3.11,0.0,5.288571428571428,61,-1.5816666666666666,
2000-03-02,1.3,0.63,6.1985714285714275,62,-3.1626666666666665,
2000-03-03,2.51,0.39,6.701428571428571,63,-2.8819999999999997,
2000-03-04,7.82,0.05,7.724285714285713,64,-1.1363333333333332,
2000-03-05,10.04,0.13,9.329999999999998,65,-0.13566666666666655,
2000-03-06,12.29,0.01,9.168571428571427,66,0.4623333333333332,
2000-03-07,17.0,0.26,8.705714285714285,67,0.44066666666666665,
2000-03-08,14.35,0.84,7.535714285714286,68,0.748,
2000-03-09,0.17,0.3,6.367142857142857,69,-0.33833333333333326,
2000-03-10,-0.73,0.0,4.97,70,0.44,
2000-03-11,-0.37,0.0,3.3685714285714283,71,0.871,
2000-03-12,1.86,0.04,1.957142857142857,72,1.326,
2000-03-13,2.51,0.02,1.6685714285714286,73,2.741,
2000-03-14,5.79,0.09,1.8042857142857145,74,2.949333333333333,
2000-03-15,4.47,1.34,2.06,75,2.875,
2000-03-16,-1.85,0.0,1.9271428571428573,76,3.725333333333333,
2000-03-17,0.22,0.07,2.1028571428571428,77,3.746,
2000-03-18,1.42,3.76,2.281428571428571,78,3.3153333333333337,
2000-03-19,0.93,1.32,3.174285714285715,79,3.641,
2000-03-20,3.74,0.19,5.237142857142857,80,3.9993333333333334,
2000-03-21,7.04,0.24,7.074285714285715,81,3.7106666666666666,
2000-03-22,10.72,0.07,8.257142857142856,82,4.115666666666667,
2000-03-23,12.59,0.27,9.632857142857144,83,4.760000000000001,
2000-03-24,13.08,2.69,10.040000000000001,84,4.697,
2000-03-25,9.7,0.0,9.518571428571429,85,4.338333333333334,
2000-03-26,10.56,0.23,8.902857142857142,86,5.436999999999999,
2000-03-27,6.59,0.15,8.35,87,5.832666666666666,
2000-03-28,3.39,0.02,7.822857142857143,88,5.482,
2000-03-29,6.41,0.62,7.738571428571428,89,6.0793333333333335,
2000-03-30,8.72,0.14,7.612857142857143,90,7.23,
2000-03-31,9.39,0.54,7.442857142857144,91,6.647,
2000-04-01,9.11,0.5,7.54,92,6.444999999999999,
2000-04-02,9.68,0.04,8.358571428571429,93,7.316,
2000-04-03,5.4,0.0,8.468571428571428,94,6.646333333333333,
2000-04-04,4.07,0.0,7.648571428571429,95,5.5616666666666665,
2000-04-05,12.14,0.1,6.8742857142857146,96,7.396,
2000-04-06,9.49,0.15,6.662857142857143,97,7.986666666666666,
2000-04-07,3.65,4.38,6.638571428571429,98,7.6353333333333335,
2000-04-08,3.69,0.0,6.701428571428572,99,7.1129999999999995,
2000-04-09,8.2,0.4,5.925714285714285,100,7.235333333333333,
2000-04-10,5.23,4.58,6.338571428571429,101,8.195333333333334,
2000-04-11,4.51,0.57,8.222857142857142,102,8.320666666666666,
2000-04-12,6.71,0.23,8.982857142857142,103,7.707,
2000-04-13,12.38,0.02,8.805714285714286,104,8.866999999999999,
2000-04-14,16.84,0.06,8.982857142857142,105,10.045666666666667,
2000-04-15,9.01,0.02,10.27,106,10.124,
2000-04-16,6.96,5.71,11.944285714285716,107,9.499666666666666,
2000-04-17,6.47,1.76,11.184285714285712,108,10.244666666666665,
2000-04-18,13.52,1.14,10.178571428571429,109,11.613333333333333,
2000-04-19,18.43,2.07,11.008571428571429,110,10.836666666666668,
2000-04-20,7.06,6.12,12.254285714285714,111,9.832666666666666,
2000-04-21,9.8,0.0,13.111428571428572,112,10.340333333333332,
2000-04-22,14.82,0.8,13.09142857142857,113,10.793333333333333,
2000-04-23,15.68,2.82,12.498571428571429,114,11.044,
2000-04-24,12.47,1.29,13.5,115,12.153666666666668,
2000-04-25,13.38,0.05,14.20142857142857,116,11.603666666666667,
2000-04-26,14.28,1.9,13.884285714285713,117,11.013333333333332,
2000-04-27,14.07,1.33,14.051428571428572,118,10.667666666666666,
2000-04-28,14.71,0.66,14.741428571428571,119,11.247333333333334,
2000-04-29,12.6,0.24,15.351428571428572,120,11.810666666666666,
2000-04-30,16.85,0.4,16.178571428571427,121,12.266666666666667,
2000-05-01,17.3,0.06,17.33857142857143,122,12.117666666666667,
2000-05-02,17.65,0.0,18.472857142857144,123,12.065333333333335,
2000-05-03,20.07,0.01,19.841428571428573,124,12.464333333333334,
2000-05-04,22.19,0.0,20.87285714285714,125,13.715666666666667,
2000-05-05,22.65,0.0,21.31142857142857,126,14.700666666666667,
2000-05-06,22.18,0.7,20.851428571428574,127,15.049333333333333,
2000-05-07,24.07,5.7,20.337142857142858,128,15.288,
2000-05-08,20.37,1.89,20.625714285714285,129,15.648,
2000-05-09,14.43,2.78,19.895714285714284,130,15.424000000000001,
2000-05-10,16.47,0.12,18.164285714285715,131,15.732666666666667,
2000-05-11,24.21,1.84,16.767142857142854,132,14.824666666666667,
2000-05-12,17.54,0.59,16.305714285714288,133,13.698666666666666,
2000-05-13,10.06,0.38,17.054285714285715,134,13.713333333333335,
2000-05-14,14.29,0.2,17.830000000000002,135,14.930666666666667,
2000-05-15,17.14,1.71,16.41857142857143,136,15.792666666666666,
2000-05-16,19.67,0.26,15.715714285714286,137,16.949,
2000-05-17,21.9,2.0,16.541428571428572,138,16.96,
2000-05-18,14.33,12.99,17.3,139,16.109666666666666,
2000-05-19,12.62,0.02,18.054285714285715,140,16.488666666666667,
2000-05-20,15.84,0.1,18.38,141,16.082666666666668,
2000-05-21,19.6,1.75,18.240000000000002,142,16.447666666666667,
2000-05-22,22.42,1.45,18.867142857142856,143,17.717666666666666,
2000-05-23,21.95,0.08,19.24142857142857,144,17.689,
2000-05-24,20.92,0.02,19.31714285714286,145,17.377,
2000-05-25,18.72,0.25,18.854285714285716,146,16.985,
2000-05-26,15.24,20.21,18.478571428571428,147,17.367,
2000-05-27,16.37,1.95,19.051428571428573,148,18.245,
2000-05-28,16.36,0.08,19.792857142857144,149,18.587,
2000-05-29,19.79,0.33,20.714285714285715,150,19.214,
2000-05-30,25.96,8.01,21.048571428571424,151,19.67366666666667,
2000-05-31,26.11,6.56,21.524285714285714,152,18.76966666666667,
2000-06-01,25.17,1.06,21.664285714285715,153,18.962666666666667,
2000-06-02,17.58,0.0,20.981428571428573,154,18.642999999999997,
2000-06-03,19.7,0.33,19.881428571428575,155,19.017333333333333,
2000-06-04,17.34,12.63,19.342857142857145,156,19.663999999999998,
2000-06-05,15.01,0.99,19.514285714285712,157,20.015,
2000-06-06,18.26,0.01,20.694285714285716,158,20.389666666666667,
2000-06-07,22.34,0.82,21.51571428571429,159,21.124666666666666,
2000-06-08,26.37,0.39,22.417142857142856,160,20.57633333333333,
2000-06-09,25.84,0.92,23.525714285714287,161,20.773333333333333,
2000-06-10,25.45,6.96,24.26857142857143,162,21.00133333333333,
2000-06-11,23.65,7.27,23.735714285714288,163,21.526666666666664,
2000-06-12,22.77,2.99,23.07,164,21.44333333333333,
2000-06-13,23.46,26.64,21.96,165,21.556333333333335,
2000-06-14,18.61,3.61,20.667142857142856,166,21.331666666666667,
2000-06-15,21.71,1.07,20.07,167,21.750999999999998,
2000-06-16,18.07,3.16,19.947142857142858,168,21.923000000000002,
2000-06-17,16.4,2.36,19.99285714285714,169,22.441666666666666,
2000-06-18,19.47,0.0,20.37,170,22.617,
2000-06-19,21.91,9.06,20.614285714285717,171,22.067666666666664,
2000-06-20,23.78,3.02,21.467142857142857,172,22.64333333333333,
2000-06-21,21.25,0.0,22.552857142857142,173,22.711666666666666,
2000-06-22,23.42,0.07,23.20285714285714,174,22.692333333333334,
2000-06-23,24.04,6.46,23.051428571428573,175,22.369333333333334,
2000-06-24,24.0,4.07,22.66142857142857,176,22.28666666666667,
2000-06-25,24.02,11.43,22.335714285714285,177,22.715333333333334,
2000-06-26,20.85,3.72,21.927142857142858,178,22.841,
2000-06-27,21.05,0.46,21.66,179,23.119333333333334,
2000-06-28,18.97,7.88,21.587142857142855,180,22.435333333333332,
2000-06-29,20.56,0.01,21.979999999999997,181,22.72233333333333,
2000-06-30,22.17,0.14,22.65857142857143,182,23.016000000000002,
2000-07-01,23.49,0.03,23.118571428571425,183,22.925666666666665,
2000-07-02,26.77,11.01,24.09857142857143,184,22.494666666666667,
2000-07-03,25.6,2.27,24.87285714285714,185,23.086000000000002,
2000-07-04,24.27,7.5,25.504285714285714,186,23.35,
2000-07-05,25.83,10.9,26.18142857142857,187,23.333666666666666,
2000-07-06,25.98,2.92,26.431428571428572,188,23.908,
2000-07-07,26.59,1.46,26.569999999999997,189,23.91033333333333,
2000-07-08,28.23,1.55,26.68,190,23.716333333333335,
2000-07-09,28.52,12.19,26.541428571428572,191,23.563666666666666,
2000-07-10,26.57,8.61,26.625714285714285,192,23.58566666666667,
2000-07-11,25.04,2.82,26.505714285714284,193,23.475666666666665,
2000-07-12,24.86,0.94,26.101428571428574,194,23.613999999999997,
2000-07-13,26.57,0.0,25.544285714285714,195,23.775,
2000-07-14,25.75,0.51,24.958571428571428,196,23.750333333333334,
2000-07-15,25.4,1.79,24.028571428571432,197,24.091,
2000-07-16,24.62,12.76,23.115714285714287,198,24.48933333333333,
2000-07-17,22.47,0.01,22.15142857142857,199,25.218666666666667,
2000-07-18,18.53,4.59,21.150000000000002,200,25.182000000000002,
2000-07-19,18.47,0.88,20.45,201,25.142666666666667,
2000-07-20,19.82,0.37,20.07428571428571,202,24.688333333333333,
2000-07-21,18.74,0.26,20.23428571428571,203,24.159,
2000-07-22,20.5,0.24,20.757142857142856,204,24.09733333333333,
2000-07-23,21.99,0.18,21.565714285714282,205,23.634999999999998,
2000-07-24,23.59,0.37,22.197142857142858,206,23.958333333333332,
2000-07-25,22.19,10.69,23.015714285714285,207,24.35666666666667,
2000-07-26,24.13,8.33,23.25,208,23.784333333333333,
2000-07-27,24.24,0.88,23.37,209,23.436333333333334,
2000-07-28,24.47,0.3,23.587142857142858,210,23.39466666666667,
2000-07-29,22.14,3.82,24.094285714285714,211,22.936333333333334,
2000-07-30,22.83,1.75,24.078571428571426,212,23.407333333333334,
2000-07-31,25.11,1.2,23.837142857142858,213,23.882,
2000-08-01,25.74,0.76,23.815714285714286,214,24.038,
2000-08-02,24.02,3.19,24.259999999999998,215,23.786,
2000-08-03,22.55,1.86,24.645714285714288,216,23.788333333333334,
2000-08-04,24.32,0.43,24.92285714285714,217,23.070333333333334,
2000-08-05,25.25,6.98,25.074285714285715,218,22.095000000000002,
2000-08-06,25.53,0.29,25.302857142857142,219,22.555999999999997,
2000-08-07,27.05,2.41,25.722857142857144,220,23.384999999999998,
2000-08-08,26.8,10.55,25.919999999999998,221,23.405666666666665,
2000-08-09,25.62,0.06,25.967142857142854,222,23.939,
2000-08-10,25.49,1.59,25.887142857142855,223,23.015666666666668,
2000-08-11,25.7,1.67,25.964285714285715,224,22.470000000000002,
2000-08-12,25.58,18.06,25.8,225,22.623333333333335,
2000-08-13,24.97,6.39,25.33428571428571,226,22.243999999999996,
2000-08-14,27.59,0.99,24.737142857142853,227,21.991,
2000-08-15,25.65,0.04,23.881428571428568,228,21.821,
2000-08-16,22.36,2.72,22.962857142857143,229,22.473666666666666,
2000-08-17,21.31,3.11,22.334285714285716,230,22.349666666666668,
2000-08-18,19.71,0.07,21.62142857142857,231,22.279,
2000-08-19,19.15,2.9,21.21,232,21.826,
2000-08-20,20.57,0.65,21.25,233,21.703333333333333,
2000-08-21,22.6,2.19,21.551428571428573,234,22.387999999999998,
2000-08-22,22.77,8.38,22.302857142857142,235,22.672666666666665,
2000-08-23,22.64,4.5,23.212857142857143,236,22.886000000000003,
2000-08-24,23.42,1.81,23.697142857142858,237,23.147333333333332,
2000-08-25,24.97,1.59,24.27857142857143,238,22.886333333333333,
2000-08-26,25.52,1.18,24.201428571428576,239,23.105999999999998,
2000-08-27,23.96,0.31,24.645714285714288,240,23.144333333333336,
2000-08-28,26.67,0.61,25.270000000000003,241,22.774333333333335,
2000-08-29,22.23,0.01,25.210000000000004,242,22.189,
2000-08-30,25.75,2.41,25.56857142857143,243,21.733333333333334,
2000-08-31,27.79,2.13,25.747142857142855,244,21.302666666666667,
2000-09-01,24.55,2.62,24.880000000000003,245,21.451,
2000-09-02,28.03,2.52,24.24142857142857,246,22.022333333333332,
2000-09-03,25.21,0.86,23.16857142857143,247,21.276666666666664,
2000-09-04,20.6,0.45,22.07857142857143,248,21.00433333333333,
2000-09-05,17.76,0.0,21.729999999999997,249,21.005666666666666,
2000-09-06,18.24,0.75,21.31714285714286,250,21.192666666666664,
2000-09-07,20.16,7.73,21.521428571428572,251,20.137,
2000-09-08,22.11,0.0,22.382857142857144,252,19.12933333333333,
2000-09-09,25.14,2.73,22.470000000000002,253,19.55933333333333,
2000-09-10,26.64,0.43,23.065714285714286,254,19.197,
2000-09-11,26.63,0.1,22.812857142857144,255,19.569333333333336,
2000-09-12,18.37,0.0,21.608571428571427,256,19.301,
2000-09-13,22.41,1.13,20.464285714285715,257,18.745333333333335,
2000-09-14,18.39,3.8,19.731428571428573,258,17.874333333333333,
2000-09-15,13.68,0.57,19.400000000000002,259,18.199666666666666,
2000-09-16,17.13,1.42,19.544285714285714,260,18.276999999999997,
2000-09-17,21.51,0.48,18.284285714285712,261,18.257,
2000-09-18,24.31,0.08,17.464285714285715,262,17.91466666666667,
2000-09-19,19.38,1.53,17.451428571428572,263,17.648333333333333,
2000-09-20,13.59,2.67,16.7,264,17.333666666666666,
2000-09-21,12.65,0.01,14.821428571428571,265,16.50766666666667,
2000-09-22,13.59,15.86,12.881428571428572,266,15.752999999999998,
2000-09-23,11.87,1.82,12.121428571428572,267,15.840666666666666,
2000-09-24,8.36,1.67,12.372857142857143,268,15.879666666666667,
2000-09-25,10.73,0.16,12.894285714285713,269,16.085666666666665,
2000-09-26,14.06,0.11,13.56857142857143,270,15.628000000000002,
2000-09-27,15.35,0.16,14.767142857142858,271,15.453666666666667,
2000-09-28,16.3,0.24,16.38714285714286,272,14.340333333333332,
2000-09-29,18.31,0.11,17.384285714285713,273,15.011,
2000-09-30,20.26,0.5,17.628571428571426,274,15.565,
2000-10-01,19.7,0.5,17.12857142857143,275,14.964666666666666,
2000-10-02,17.71,0.11,16.09714285714286,276,14.025,
2000-10-03,15.77,4.01,13.84142857142857,277,13.937999999999999,
2000-10-04,11.85,3.75,11.12142857142857,278,12.959333333333335,
2000-10-05,9.08,6.6,8.558571428571428,279,13.216666666666667,
2000-10-06,2.52,2.88,6.682857142857143,280,13.280666666666667,
2000-10-07,1.22,0.35,5.3999999999999995,281,13.126,
2000-10-08,1.76,0.0,5.152857142857142,282,13.387,
2000-10-09,4.58,0.01,6.148571428571429,283,12.320333333333334,
2000-10-10,6.79,0.05,8.592857142857142,284,11.544666666666666,
2000-10-11,10.12,0.62,10.794285714285715,285,12.015333333333333,
2000-10-12,16.05,2.97,12.20857142857143,286,11.498666666666667,
2000-10-13,19.63,4.94,13.04142857142857,287,10.771666666666667,
2000-10-14,16.63,0.41,13.944285714285714,288,10.437000000000001,
2000-10-15,11.66,4.88,14.674285714285714,289,10.093333333333334,
2000-10-16,10.41,2.51,14.762857142857143,290,10.100999999999999,
2000-10-17,13.11,0.82,14.247142857142858,291,10.468,
2000-10-18,15.23,1.21,13.925714285714283,292,9.365,
2000-10-19,16.67,0.38,14.375714285714285,293,9.306333333333333,
2000-10-20,16.02,0.02,15.527142857142858,294,9.620000000000001,
2000-10-21,14.38,2.12,16.428571428571427,295,9.548333333333334,
2000-10-22,14.81,1.95,16.995714285714286,296,9.428333333333335,
2000-10-23,18.47,1.79,17.052857142857142,297,9.361666666666668,
2000-10-24,19.42,1.97,16.494285714285716,298,8.323333333333332,
2000-10-25,19.2,5.49,16.021428571428572,299,8.220666666666666,
2000-10-26,17.07,0.34,15.45857142857143,300,7.387333333333333,
2000-10-27,12.11,0.0,14.962857142857144,301,6.560333333333333,
2000-10-28,11.07,0.12,14.498571428571429,302,7.194333333333334,
2000-10-29,10.87,1.78,14.338571428571429,303,7.574,
2000-10-30,15.0,0.99,13.322857142857144,304,6.771333333333333,
2000-10-31,16.17,0.58,12.465714285714286,305,5.3613333333333335,
2000-11-01,18.08,11.86,12.082857142857142,306,5.837000000000001,
2000-11-02,9.96,0.0,11.831428571428571,307,4.904,
2000-11-03,6.11,0.11,10.864285714285714,308,5.098666666666667,
2000-11-04,8.39,0.17,8.70142857142857,309,5.049,
2000-11-05,9.11,1.5,5.83,310,5.129666666666666,
2000-11-06,8.23,18.33,3.9971428571428573,311,4.361666666666666,
2000-11-07,1.03,0.55,2.8042857142857143,312,3.850333333333333,
2000-11-08,-2.02,0.68,1.4785714285714284,313,4.254666666666667,
2000-11-09,-2.87,0.48,0.19857142857142857,314,4.613333333333333,
2000-11-10,-2.24,0.0,-1.2342857142857144,315,3.4196666666666666,
2000-11-11,-0.89,1.74,-1.8314285714285714,316,1.9046666666666667,
2000-11-12,0.15,3.35,-1.6199999999999999,317,1.7046666666666668,
2000-11-13,-1.8,0.3,-1.5814285714285714,318,2.5083333333333333,
2000-11-14,-3.15,0.0,-1.8942857142857146,319,2.8676666666666666,
2000-11-15,-0.54,0.23,-2.325714285714286,320,2.585,
2000-11-16,-2.6,0.11,-2.7642857142857147,321,2.494,
2000-11-17,-4.43,0.01,-3.8128571428571436,322,2.942333333333333,
2000-11-18,-3.91,1.56,-4.4799999999999995,323,2.783666666666667,
2000-11-19,-2.92,1.44,-5.562857142857142,324,2.183666666666667,
2000-11-20,-9.14,4.03,-5.911428571428572,325,1.4466666666666665,
2000-11-21,-7.82,2.22,-5.654285714285714,326,1.0430000000000001,
2000-11-22,-8.12,4.92,-5.205714285714286,327,1.2656666666666667,
2000-11-23,-5.04,0.0,-5.072857142857144,328,0.8053333333333333,
2000-11-24,-2.63,0.48,-3.9642857142857144,329,0.4036666666666667,
2000-11-25,-0.77,0.0,-2.912857142857143,330,0.2166666666666667,
2000-11-26,-1.99,0.0,-1.8614285714285717,331,-0.3006666666666667,
2000-11-27,-1.38,0.01,-1.5471428571428574,332,-0.6473333333333334,
2000-11-28,-0.46,0.22,-1.3357142857142859,333,0.04299999999999997,
2000-11-29,-0.76,0.02,-1.8200000000000003,334,-0.1753333333333333,
2000-11-30,-2.84,0.67,-2.1514285714285717,335,-1.3270000000000002,
2000-12-01,-1.15,2.3,-2.444285714285715,336,-1.3359999999999999,
2000-12-02,-4.16,2.41,-4.047142857142857,337,-0.9176666666666667,
2000-12-03,-4.31,2.06,-4.897142857142858,338,-1.3096666666666665,
2000-12-04,-3.43,1.02,-4.668571428571428,339,-1.384,
2000-12-05,-11.68,0.29,-5.6899999999999995,340,-2.7996666666666665,
2000-12-06,-6.71,0.05,-5.58,341,-3.5756666666666663,
2000-12-07,-1.24,0.2,-6.355714285714286,342,-3.7616666666666663,
2000-12-08,-8.3,0.0,-8.114285714285716,343,-3.6540000000000004,
2000-12-09,-3.39,0.15,-9.081428571428571,344,-4.117666666666667,
2000-12-10,-9.74,0.66,-9.971428571428572,345,-3.7346666666666666,
2000-12-11,-15.74,5.57,-11.484285714285715,346,-3.7763333333333335,
2000-12-12,-18.45,0.4,-11.215714285714286,347,-3.5260000000000002,
2000-12-13,-12.94,4.16,-12.244285714285715,348,-2.4756666666666667,
2000-12-14,-11.83,0.11,-13.164285714285715,349,-3.1086666666666667,
2000-12-15,-6.42,1.73,-12.924285714285714,350,-3.9536666666666664,
2000-12-16,-10.59,0.51,-12.758571428571429,351,-4.115,
2000-12-17,-16.18,0.03,-12.605714285714287,352,-4.723333333333333,
2000-12-18,-14.06,2.73,-13.41714285714286,353,-4.670333333333334,
2000-12-19,-17.29,0.01,-15.34857142857143,354,-5.029,
2000-12-20,-11.87,1.54,-15.650000000000002,355,-4.147,
2000-12-21,-17.51,1.83,-16.639999999999997,356,-4.393,
2000-12-22,-19.94,0.91,-17.42,357,-4.798,
2000-12-23,-12.7,2.25,-16.85571428571429,358,-5.59,
2000-12-24,-23.11,0.56,-17.462857142857143,359,-6.833333333333333,
2000-12-25,-19.52,0.66,-16.604285714285712,360,-5.871333333333333,
2000-12-26,-13.34,0.21,-15.435714285714285,361,-4.98,
2000-12-27,-16.12,0.06,-15.748571428571427,362,-4.514666666666667,
2000-12-28,-11.5,2.48,-14.562857142857142,363,-4.012666666666666,
2000-12-29,-11.76,0.85,-13.472857142857142,364,-5.275666666666667,
2000-12-30,-14.89,0.24,-13.448571428571428,365,-4.824666666666667,
2000-12-31,-14.81,1.54,-11.94,366,-6.896333333333333,
2001-01-01,-11.89,0.48,-10.811428571428573,1,-7.254666666666667,
2001-01-02,-13.17,0.11,-9.549999999999999,2,-6.669333333333333,
2001-01-03,-5.56,0.26,-7.757142857142857,3,-6.372,
2001-01-04,-3.6,6.35,-6.881428571428571,4,-7.632000000000001,
2001-01-05,-2.93,0.09,-6.720000000000001,5,-7.3629999999999995,
2001-01-06,-2.34,6.3,-6.134285714285714,6,-7.612666666666667,
2001-01-07,-8.68,1.98,-5.682857142857143,7,-7.635666666666666,
2001-01-08,-10.76,0.53,-5.094285714285713,8,-6.3966666666666665,
2001-01-09,-9.07,0.21,-5.175714285714285,9,-6.800666666666667,
2001-01-10,-2.4,0.0,-5.072857142857144,10,-6.191666666666666,
2001-01-11,0.52,2.73,-3.8828571428571435,11,-5.321666666666667,
2001-01-12,-3.5,0.35,-2.89,12,-6.834333333333333,
2001-01-13,-1.62,3.98,-2.8042857142857147,13,-7.807,
2001-01-14,-0.35,1.53,-3.835714285714286,14,-7.033666666666666,
2001-01-15,-3.81,0.32,-4.76,15,-8.241333333333333,
2001-01-16,-8.47,0.46,-6.388571428571429,16,-7.281666666666666,
2001-01-17,-9.62,0.07,-8.075714285714286,17,-7.789,
2001-01-18,-5.95,0.09,-9.700000000000001,18,-8.385333333333334,
2001-01-19,-14.9,0.03,-9.855714285714287,19,-7.801,
2001-01-20,-13.43,0.02,-9.29857142857143,20,-7.862,
2001-01-21,-11.72,0.06,-9.398571428571428,21,-6.818,
2001-01-22,-4.9,0.07,-9.965714285714286,22,-5.656000000000001,
2001-01-23,-4.57,0.0,-8.624285714285714,23,-6.655666666666667,
2001-01-24,-10.32,0.06,-8.237142857142857,24,-7.19,
2001-01-25,-9.92,0.01,-7.372857142857143,25,-6.602666666666667,
2001-01-26,-5.51,1.48,-6.881428571428572,26,-5.616333333333333,
2001-01-27,-10.72,0.28,-6.614285714285714,27,-6.115666666666667,
2001-01-28,-5.67,0.69,-5.775714285714286,28,-5.8726666666666665,
2001-01-29,-1.46,12.16,-6.42,29,-7.1626666666666665,
2001-01-30,-2.7,0.81,-8.218571428571428,30,-7.257000000000001,
2001-01-31,-4.45,0.67,-7.797142857142857,31,-5.312333333333333,
2001-02-01,-14.43,0.1,-7.524285714285715,32,-5.570666666666667,
2001-02-02,-18.1,0.04,-7.8,33,-5.598333333333333,
2001-02-03,-7.77,0.51,-8.167142857142858,34,-5.522333333333333,
2001-02-04,-3.76,0.31,-8.154285714285715,35,-6.5696666666666665,
2001-02-05,-3.39,0.62,-6.318571428571429,36,-5.671666666666667,
2001-02-06,-5.27,0.02,-5.308571428571428,37,-4.662999999999999,
2001-02-07,-4.36,1.37,-6.8,38,-5.294,
2001-02-08,-1.58,9.72,-8.167142857142858,39,-5.605333333333333,
2001-02-09,-11.03,5.1,-8.597142857142858,40,-5.402333333333333,
2001-02-10,-18.21,0.05,-8.108571428571429,41,-5.548666666666667,
2001-02-11,-13.33,2.21,-8.961428571428572,42,-5.828,
2001-02-12,-6.4,0.65,-10.41,43,-5.614,
2001-02-13,-1.85,1.18,-10.562857142857142,44,-4.276333333333333,
2001-02-14,-10.33,2.1,-10.434285714285712,45,-4.116666666666666,
2001-02-15,-11.72,0.62,-9.814285714285715,46,-5.044,
2001-02-16,-12.1,0.78,-9.324285714285713,47,-4.468,
2001-02-17,-17.31,0.69,-10.377142857142857,48,-2.9069999999999996,
2001-02-18,-8.99,0.19,-11.09142857142857,49,-2.4276666666666666,
2001-02-19,-2.97,0.66,-10.58,50,-2.2693333333333334,
2001-02-20,-9.22,0.61,-10.172857142857142,51,-1.5713333333333332,
2001-02-21,-15.33,0.45,-7.640000000000001,52,-2.385,
2001-02-22,-8.14,0.02,-6.934285714285714,53,-1.8993333333333333,
2001-02-23,-9.25,1.02,-7.247142857142857,54,-2.289,
2001-02-24,0.42,9.1,-7.700000000000001,55,-2.667333333333333,
2001-02-25,-4.05,1.16,-6.86,56,-3.2760000000000002,
2001-02-26,-5.16,1.23,-6.394285714285714,57,-3.2516666666666665,
2001-02-27,-12.39,0.69,-5.4142857142857155,58,-3.3603333333333336,
2001-02-28,-9.45,0.17,-5.7385714285714275,59,-2.131666666666667,
2001-03-01,-4.88,0.22,-5.664285714285714,61,-1.5816666666666666,
2001-03-02,-2.39,0.05,-5.7628571428571425,62,-3.1626666666666665,
2001-03-03,-1.85,0.07,-4.76,63,-2.8819999999999997,
2001-03-04,-3.53,0.0,-3.8971428571428572,64,-1.1363333333333332,
2001-03-05,-5.85,0.0,-3.7728571428571427,65,-0.13566666666666655,
2001-03-06,-5.37,0.0,-3.91,66,0.4623333333333332,
2001-03-07,-3.41,0.01,-3.5414285714285714,67,0.44066666666666665,
2001-03-08,-4.01,0.0,-3.275714285714286,68,0.748,
2001-03-09,-3.35,0.01,-2.3299999999999996,69,-0.33833333333333326,
2001-03-10,0.73,0.33,-1.3342857142857143,70,0.44,
2001-03-11,-1.67,3.27,-0.08999999999999998,71,0.871,
2001-03-12,0.77,6.43,0.7371428571428572,72,1.326,
2001-03-13,1.6,0.54,1.1214285714285714,73,2.741,
2001-03-14,5.3,1.2,0.9800000000000001,74,2.949333333333333,
2001-03-15,1.78,4.16,1.19,75,2.875,
2001-03-16,-0.66,2.77,1.5071428571428573,76,3.725333333333333,
2001-03-17,-0.26,0.09,1.7957142857142858,77,3.746,
2001-03-18,-0.2,0.01,1.95,78,3.3153333333333337,
2001-03-19,2.99,0.02,2.45,79,3.641,
2001-03-20,3.62,0.0,2.584285714285714,80,3.9993333333333334,
2001-03-21,6.38,0.08,2.012857142857143,81,3.7106666666666666,
2001-03-22,5.28,0.08,1.2571428571428573,82,4.115666666666667,
2001-03-23,0.28,1.84,0.2114285714285715,83,4.760000000000001,
2001-03-24,-4.26,0.0,-0.4371428571428571,84,4.697,
2001-03-25,-5.49,0.07,-1.1542857142857144,85,4.338333333333334,
2001-03-26,-4.33,0.0,-1.4828571428571427,86,5.436999999999999,
2001-03-27,-0.92,0.69,-0.6842857142857143,87,5.832666666666666,
2001-03-28,1.36,1.5,0.40142857142857136,88,5.482,
2001-03-29,2.98,1.74,1.5057142857142858,89,6.0793333333333335,
2001-03-30,5.87,1.49,2.91,90,7.23,
2001-03-31,3.34,7.86,3.6928571428571426,91,6.647,
2001-04-01,2.24,0.41,4.641428571428571,92,6.444999999999999,
2001-04-02,5.5,0.0,6.0685714285714285,93,7.316,
2001-04-03,4.56,0.29,6.9399999999999995,94,6.646333333333333,
2001-04-04,8.0,0.23,8.592857142857143,95,5.5616666666666665,
2001-04-05,12.97,4.55,10.06,96,7.396,
2001-04-06,11.97,4.22,10.95,97,7.986666666666666,
2001-04-07,14.91,0.54,11.96142857142857,98,7.6353333333333335,
2001-04-08,12.51,8.5,13.154285714285715,99,7.1129999999999995,
2001-04-09,11.73,1.92,12.545714285714284,100,7.235333333333333,
2001-04-10,11.64,6.41,12.22,101,8.195333333333334,
2001-04-11,16.35,20.0,11.638571428571428,102,8.320666666666666,
2001-04-12,8.71,0.21,10.93142857142857,103,7.707,
2001-04-13,9.69,0.78,9.290000000000001,104,8.866999999999999,
2001-04-14,10.84,0.66,8.102857142857143,105,10.045666666666667,
2001-04-15,7.56,0.54,6.8914285714285715,106,10.124,
2001-04-16,0.24,0.93,7.4557142857142855,107,9.499666666666666,
2001-04-17,3.33,0.01,8.715714285714286,108,10.244666666666665,
2001-04-18,7.87,0.05,9.461428571428572,109,11.613333333333333,
2001-04-19,12.66,0.23,10.73857142857143,110,10.836666666666668,
2001-04-20,18.51,3.05,11.954285714285714,111,9.832666666666666,
2001-04-21,16.06,0.81,12.888571428571428,112,10.340333333333332,
2001-04-22,16.5,4.87,13.805714285714286,113,10.793333333333333,
2001-04-23,8.75,0.27,14.557142857142859,114,11.044,
2001-04-24,9.87,1.73,14.454285714285716,115,12.153666666666668,
2001-04-25,14.29,0.14,14.742857142857144,116,11.603666666666667,
2001-04-26,17.92,3.58,15.248571428571429,117,11.013333333333332,
2001-04-27,17.79,0.68,16.65285714285714,118,10.667666666666666,
2001-04-28,18.08,0.5,18.23,119,11.247333333333334,
2001-04-29,20.04,0.07,18.622857142857146,120,11.810666666666666,
2001-04-30,18.58,5.93,18.06142857142857,121,12.266666666666667,
2001-05-01,20.91,5.18,17.68285714285714,122,12.117666666666667,
2001-05-02,17.04,12.63,17.235714285714284,123,12.065333333333335,
2001-05-03,13.99,11.68,16.81714285714286,124,12.464333333333334,
2001-05-04,15.14,2.74,16.130000000000003,125,13.715666666666667,
2001-05-05,14.95,3.71,15.389999999999999,126,14.700666666666667,
2001-05-06,17.11,3.37,15.754285714285714,127,15.049333333333333,
2001-05-07,13.77,0.02,16.762857142857143,128,15.288,
2001-05-08,15.73,0.12,16.837142857142858,129,15.648,
2001-05-09,19.59,5.11,16.772857142857145,130,15.424000000000001,
2001-05-10,21.05,9.64,16.492857142857144,131,15.732666666666667,
2001-05-11,15.66,1.31,17.745714285714286,132,14.824666666666667,
2001-05-12,14.5,1.1,18.981428571428573,133,13.698666666666666,
2001-05-13,15.15,10.81,19.467142857142857,134,13.713333333333335,
2001-05-14,22.54,2.01,19.52,135,14.930666666666667,
2001-05-15,24.38,2.33,19.954285714285714,136,15.792666666666666,
2001-05-16,22.99,0.1,20.694285714285712,137,16.949,
2001-05-17,21.42,4.28,21.03142857142857,138,16.96,
2001-05-18,18.7,0.03,19.475714285714286,139,16.109666666666666,
2001-05-19,19.68,1.17,17.481428571428573,140,16.488666666666667,
2001-05-20,17.51,21.18,15.364285714285714,141,16.082666666666668,
2001-05-21,11.65,0.5,13.612857142857141,142,16.447666666666667,
2001-05-22,10.42,0.43,12.671428571428573,143,17.717666666666666,
2001-05-23,8.17,3.06,11.721428571428572,144,17.689,
2001-05-24,9.16,4.06,11.264285714285714,145,17.377,
2001-05-25,12.11,7.6,11.790000000000001,146,16.985,
2001-05-26,13.03,7.82,12.725714285714286,147,17.367,
2001-05-27,14.31,1.15,13.441428571428572,148,18.245,
2001-05-28,15.33,0.97,13.521428571428572,149,18.587,
2001-05-29,16.97,0.09,13.764285714285714,150,19.214,
2001-05-30,13.18,6.42,13.911428571428571,151,19.67366666666667,
2001-05-31,9.72,12.0,13.73,152,18.76966666666667,
2001-06-01,13.81,1.8,13.434285714285712,153,18.962666666666667,
2001-06-02,14.06,0.05,12.864285714285714,154,18.642999999999997,
2001-06-03,13.04,0.42,13.455714285714288,155,19.017333333333333,
2001-06-04,13.26,5.01,14.870000000000001,156,19.663999999999998,
2001-06-05,12.98,8.85,15.757142857142856,157,20.015,
2001-06-06,17.32,0.06,16.851428571428574,158,20.389666666666667,
2001-06-07,19.62,4.54,18.405714285714286,159,21.124666666666666,
2001-06-08,20.02,2.81,20.197142857142858,160,20.57633333333333,
2001-06-09,21.72,2.31,21.898571428571426,161,20.773333333333333,
2001-06-10,23.92,5.85,23.00714285714286,162,21.00133333333333,
2001-06-11,25.8,3.77,23.419999999999998,163,21.526666666666664,
2001-06-12,24.89,13.72,23.25714285714286,164,21.44333333333333,
2001-06-13,25.08,7.15,23.148571428571433,165,21.556333333333335,
2001-06-14,22.51,12.34,22.884285714285713,166,21.331666666666667,
2001-06-15,18.88,0.53,22.708571428571425,167,21.750999999999998,
2001-06-16,20.96,0.75,21.562857142857144,168,21.923000000000002,
2001-06-17,22.07,0.13,20.81857142857143,169,22.441666666666666,
2001-06-18,24.57,2.49,20.224285714285713,170,22.617,
2001-06-19,16.87,1.83,19.987142857142857,171,22.067666666666664,
2001-06-20,19.87,3.23,19.647142857142857,172,22.64333333333333,
2001-06-21,18.35,2.17,19.744285714285716,173,22.711666666666666,
2001-06-22,17.22,0.0,19.857142857142858,174,22.692333333333334,
2001-06-23,18.58,2.3,21.074285714285715,175,22.369333333333334,
2001-06-24,22.75,0.79,21.674285714285713,176,22.28666666666667,
2001-06-25,25.36,0.12,22.42571428571429,177,22.715333333333334,
2001-06-26,25.39,0.05,23.46857142857143,178,22.841,
2001-06-27,24.07,0.13,24.465714285714284,179,23.119333333333334,
2001-06-28,23.61,0.15,23.935714285714283,180,22.435333333333332,
2001-06-29,24.52,0.03,23.201428571428572,181,22.72233333333333,
2001-06-30,25.56,6.3,23.128571428571426,182,23.016000000000002,
2001-07-01,19.04,1.67,23.101428571428567,183,22.925666666666665,
2001-07-02,20.22,3.23,22.619999999999997,184,22.494666666666667,
2001-07-03,24.88,7.14,22.53,185,23.086000000000002,
2001-07-04,23.88,0.05,22.928571428571427,186,23.35,
2001-07-05,20.24,2.72,24.110000000000003,187,23.333666666666666,
2001-07-06,23.89,4.11,24.99142857142857,188,23.908,
2001-07-07,28.35,0.32,25.087142857142858,189,23.91033333333333,
2001-07-08,27.31,2.85,24.898571428571433,190,23.716333333333335,
2001-07-09,26.39,0.01,25.23,191,23.563666666666666,
2001-07-10,25.55,4.29,25.145714285714284,192,23.58566666666667,
2001-07-11,22.56,3.06,24.575714285714287,193,23.475666666666665,
2001-07-12,22.56,2.4,24.177142857142854,194,23.613999999999997,
2001-07-13,23.3,0.0,23.951428571428572,195,23.775,
2001-07-14,24.36,1.03,24.352857142857143,196,23.750333333333334,
2001-07-15,24.52,0.32,25.169999999999998,197,24.091,
2001-07-16,24.81,1.3,25.725714285714282,198,24.48933333333333,
2001-07-17,28.36,2.69,26.28,199,25.218666666666667,
2001-07-18,28.28,7.75,26.977142857142855,200,25.182000000000002,
2001-07-19,26.45,9.17,27.768571428571427,201,25.142666666666667,
2001-07-20,27.18,4.95,28.36285714285714,202,24.688333333333333,
2001-07-21,29.24,0.49,28.12142857142857,203,24.159,
2001-07-22,30.06,4.53,27.297142857142855,204,24.09733333333333,
2001-07-23,28.97,3.7,26.631428571428575,205,23.634999999999998,
2001-07-24,26.67,15.72,25.87285714285714,206,23.958333333333332,
2001-07-25,22.51,2.72,25.22714285714286,207,24.35666666666667,
2001-07-26,21.79,1.29,24.632857142857144,208,23.784333333333333,
2001-07-27,21.87,0.86,24.422857142857143,209,23.436333333333334,
2001-07-28,24.72,0.35,24.765714285714285,210,23.39466666666667,
2001-07-29,25.9,1.05,25.924285714285713,211,22.936333333333334,
2001-07-30,27.5,4.81,26.92428571428572,212,23.407333333333334,
2001-07-31,29.07,2.59,27.672857142857143,213,23.882,
2001-08-01,30.62,2.4,28.115714285714287,214,24.038,
2001-08-02,28.79,3.9,28.445714285714285,215,23.786,
2001-08-03,27.11,12.34,28.614285714285717,216,23.788333333333334,
2001-08-04,27.82,5.02,28.525714285714287,217,23.070333333333334,
2001-08-05,28.21,0.81,28.13571428571429,218,22.095000000000002,
2001-08-06,28.68,0.04,27.81857142857143,219,22.555999999999997,
2001-08-07,28.45,0.13,26.814285714285713,220,23.384999999999998,
2001-08-08,27.89,0.22,25.868571428571432,221,23.405666666666665,
2001-08-09,26.57,1.04,25.158571428571427,222,23.939,
2001-08-10,20.08,0.0,24.02285714285714,223,23.015666666666668,
2001-08-11,21.2,0.21,22.919999999999998,224,22.470000000000002,
2001-08-12,23.24,3.07,21.285714285714285,225,22.623333333333335,
2001-08-13,20.73,0.21,20.158571428571427,226,22.243999999999996,
2001-08-14,20.73,9.22,20.247142857142855,227,21.991,
2001-08-15,16.45,18.96,19.97142857142857,228,21.821,
2001-08-16,18.68,1.02,19.521428571428572,229,22.473666666666666,
2001-08-17,20.7,0.92,19.552857142857142,230,22.349666666666668,
2001-08-18,19.27,8.18,20.057142857142857,231,22.279,
2001-08-19,20.09,1.17,21.488571428571426,232,21.826,
2001-08-20,20.95,0.07,22.444285714285712,233,21.703333333333333,
2001-08-21,24.26,1.67,22.761428571428574,234,22.387999999999998,
2001-08-22,26.47,2.19,23.287142857142857,235,22.672666666666665,
2001-08-23,25.37,0.88,23.875714285714285,236,22.886000000000003,
2001-08-24,22.92,8.97,24.268571428571427,237,23.147333333333332,
2001-08-25,22.95,4.06,23.982857142857146,238,22.886333333333333,
2001-08-26,24.21,0.01,23.83857142857143,239,23.105999999999998,
2001-08-27,23.7,0.14,23.582857142857144,240,23.144333333333336,
2001-08-28,22.26,0.01,23.071428571428573,241,22.774333333333335,
2001-08-29,25.46,0.58,22.52285714285714,242,22.189,
2001-08-30,23.58,0.28,22.20285714285714,243,21.733333333333334,
2001-08-31,19.34,0.01,22.215714285714284,244,21.302666666666667,
2001-09-01,19.11,0.8,22.147142857142853,245,21.451,
2001-09-02,21.97,1.86,21.805714285714288,246,22.022333333333332,
2001-09-03,23.79,0.76,21.54,247,21.276666666666664,
2001-09-04,21.78,0.0,22.04,248,21.00433333333333,
2001-09-05,23.07,0.27,21.72142857142857,249,21.005666666666666,
2001-09-06,21.72,16.06,20.711428571428574,250,21.192666666666664,
2001-09-07,22.84,34.73,19.695714285714285,251,20.137,
2001-09-08,16.88,16.93,19.232857142857142,252,19.12933333333333,
2001-09-09,14.9,1.08,18.787142857142857,253,19.55933333333333,
2001-09-10,16.68,0.0,17.954285714285714,254,19.197,
2001-09-11,18.54,0.35,16.55142857142857,255,19.569333333333336,
2001-09-12,19.95,0.0,16.08285714285714,256,19.301,
2001-09-13,15.89,0.52,15.994285714285713,257,18.745333333333335,
2001-09-14,13.02,1.09,15.931428571428572,258,17.874333333333333,
2001-09-15,13.6,1.97,15.284285714285714,259,18.199666666666666,
2001-09-16,14.28,9.16,14.75,260,18.276999999999997,
2001-09-17,16.24,8.31,15.098571428571429,261,18.257,
2001-09-18,14.01,2.62,15.612857142857141,262,17.91466666666667,
2001-09-19,16.21,2.38,16.157142857142855,263,17.648333333333333,
2001-09-20,18.33,4.16,15.867142857142856,264,17.333666666666666,
2001-09-21,16.62,2.54,14.745714285714286,265,16.50766666666667,
2001-09-22,17.41,3.86,14.125714285714285,266,15.752999999999998,
2001-09-23,12.25,10.6,13.635714285714284,267,15.840666666666666,
2001-09-24,8.39,0.24,13.095714285714289,268,15.879666666666667,
2001-09-25,9.67,0.28,12.645714285714288,269,16.085666666666665,
2001-09-26,12.78,0.66,11.902857142857144,270,15.628000000000002,
2001-09-27,14.55,1.63,12.144285714285713,271,15.453666666666667,
2001-09-28,13.47,0.11,13.488571428571431,272,14.340333333333332,
2001-09-29,12.21,0.0,14.718571428571428,273,15.011,
2001-09-30,13.94,0.0,14.980000000000002,274,15.565,
2001-10-01,17.8,0.14,14.44,275,14.964666666666666,
2001-10-02,18.28,1.17,13.648571428571428,276,14.025,
2001-10-03,14.61,2.58,12.772857142857143,277,13.937999999999999,
2001-10-04,10.77,4.68,12.155714285714286,278,12.959333333333335,
2001-10-05,7.93,0.32,11.591428571428569,279,13.216666666666667,
2001-10-06,6.08,0.0,11.275714285714287,280,13.280666666666667,
2001-10-07,9.62,0.0,11.335714285714285,281,13.126,
2001-10-08,13.85,0.06,11.555714285714286,282,13.387,
2001-10-09,16.07,5.88,12.124285714285715,283,12.320333333333334,
2001-10-10,15.03,3.57,12.881428571428572,284,11.544666666666666,
2001-10-11,12.31,0.03,12.718571428571432,285,12.015333333333333,
2001-10-12,11.91,0.3,11.545714285714286,286,11.498666666666667,
2001-10-13,11.38,9.11,9.847142857142856,287,10.771666666666667,
2001-10-14,8.48,1.77,8.824285714285713,288,10.437000000000001,
2001-10-15,5.64,2.52,8.41,289,10.093333333333334,
2001-10-16,4.18,0.02,7.8742857142857146,290,10.100999999999999,
2001-10-17,7.87,0.22,7.857142857142857,291,10.468,
2001-10-18,9.41,2.29,8.494285714285715,292,9.365,
2001-10-19,8.16,0.2,9.285714285714286,293,9.306333333333333,
2001-10-20,11.26,0.0,10.674285714285714,294,9.620000000000001,
2001-10-21,12.94,0.18,10.654285714285715,295,9.548333333333334,
2001-10-22,11.18,14.42,9.605714285714285,296,9.428333333333335,
2001-10-23,13.9,0.56,8.448571428571428,297,9.361666666666668,
2001-10-24,7.73,6.37,6.965714285714285,298,8.323333333333332,
2001-10-25,2.07,0.19,6.392857142857143,299,8.220666666666666,
2001-10-26,0.06,0.88,6.175714285714286,300,7.387333333333333,
2001-10-27,0.88,0.01,5.565714285714286,301,6.560333333333333,
2001-10-28,8.93,0.0,6.434285714285714,302,7.194333333333334,
2001-10-29,9.66,0.29,8.345714285714285,303,7.574,
2001-10-30,9.63,2.38,9.802857142857144,304,6.771333333333333,
2001-10-31,13.81,0.0,11.287142857142857,305,5.3613333333333335,
2001-11-01,15.45,0.5,11.51,306,5.837000000000001,
2001-11-02,10.26,0.54,11.618571428571428,307,4.904,
2001-11-03,11.27,0.21,12.23142857142857,308,5.098666666666667,
2001-11-04,10.49,0.01,12.437142857142858,309,5.049,
2001-11-05,10.42,0.0,11.047142857142857,310,5.129666666666666,
2001-11-06,13.92,9.08,10.348571428571429,311,4.361666666666666,
2001-11-07,15.25,0.58,9.667142857142858,312,3.850333333333333,
2001-11-08,5.72,9.1,8.945714285714285,313,4.254666666666667,
2001-11-09,5.37,0.0,8.639999999999999,314,4.613333333333333,
2001-11-10,6.5,0.24,8.621428571428572,315,3.4196666666666666,
2001-11-11,5.44,0.2,8.767142857142856,316,1.9046666666666667,
2001-11-12,8.28,0.37,10.017142857142856,317,1.7046666666666668,
2001-11-13,13.79,1.46,11.061428571428573,318,2.5083333333333333,
2001-11-14,16.27,1.42,12.007142857142858,319,2.8676666666666666,
2001-11-15,14.47,1.66,13.0,320,2.585,
2001-11-16,12.68,0.0,12.258571428571427,321,2.494,
2001-11-17,13.12,2.62,10.722857142857142,322,2.942333333333333,
2001-11-18,12.39,2.27,9.23,323,2.783666666666667,
2001-11-19,3.09,0.03,8.344285714285714,324,2.183666666666667,
2001-11-20,3.04,0.57,7.815714285714285,325,1.4466666666666665,
2001-11-21,5.82,0.75,7.487142857142857,326,1.0430000000000001,
2001-11-22,8.27,0.49,6.361428571428571,327,1.2656666666666667,
2001-11-23,8.98,6.36,6.57142857142857,328,0.8053333333333333,
2001-11-24,10.82,7.56,6.172857142857142,329,0.4036666666666667,
2001-11-25,4.51,0.13,5.155714285714285,330,0.2166666666666667,
2001-11-26,4.56,6.12,3.781428571428571,331,-0.3006666666666667,
2001-11-27,0.25,0.17,2.665714285714286,332,-0.6473333333333334,
2001-11-28,-1.3,0.0,1.2214285714285713,333,0.04299999999999997,
2001-11-29,-1.35,0.0,1.0257142857142856,334,-0.1753333333333333,
2001-11-30,1.17,0.03,1.0042857142857142,335,-1.3270000000000002,
2001-12-01,0.71,0.0,2.8628571428571425,336,-1.3359999999999999,
2001-12-02,3.14,0.0,4.715714285714286,337,-0.9176666666666667,
2001-12-03,4.41,0.45,5.245714285714286,338,-1.3096666666666665,
2001-12-04,13.26,0.93,5.2128571428571435,339,-1.384,
2001-12-05,11.67,3.83,4.887142857142857,340,-2.7996666666666665,
2001-12-06,2.36,0.0,4.517142857142857,341,-3.5756666666666663,
2001-12-07,0.94,0.05,3.987142857142857,342,-3.7616666666666663,
2001-12-08,-1.57,0.24,2.292857142857143,343,-3.6540000000000004,
2001-12-09,0.55,0.14,1.0814285714285716,344,-4.117666666666667,
2001-12-10,0.7,2.08,0.45142857142857157,345,-3.7346666666666666,
2001-12-11,1.4,1.5,0.1300000000000002,346,-3.7763333333333335,
2001-12-12,3.19,4.39,0.6800000000000003,347,-3.5260000000000002,
2001-12-13,-2.05,0.31,1.192857142857143,348,-2.4756666666666667,
2001-12-14,-1.31,1.2,1.2100000000000002,349,-3.1086666666666667,
2001-12-15,2.28,0.56,1.1042857142857143,350,-3.9536666666666664,
2001-12-16,4.14,0.63,0.4157142857142858,351,-4.115,
2001-12-17,0.82,0.01,0.5957142857142859,352,-4.723333333333333,
2001-12-18,0.66,0.04,0.7671428571428571,353,-4.670333333333334,
2001-12-19,-1.63,0.02,0.4314285714285715,354,-5.029,
2001-12-20,-0.79,0.03,-0.9142857142857143,355,-4.147,
2001-12-21,-0.11,0.04,-2.294285714285714,356,-4.393,
2001-12-22,-0.07,8.0,-3.8328571428571427,357,-4.798,
2001-12-23,-5.28,1.82,-4.711428571428571,358,-5.59,
2001-12-24,-8.84,0.59,-5.365714285714286,359,-6.833333333333333,
2001-12-25,-10.11,0.11,-6.397142857142858,360,-5.871333333333333,
2001-12-26,-7.78,0.1,-7.858571428571429,361,-4.98,
2001-12-27,-5.37,0.08,-8.572857142857142,362,-4.514666666666667,
2001-12-28,-7.33,0.0,-9.09142857142857,363,-4.012666666666666,
2001-12-29,-10.3,0.43,-9.402857142857142,364,-5.275666666666667,
2001-12-30,-10.28,0.62,-9.698571428571428,365,-4.824666666666667,
2001-12-31,-12.47,0.0,-10.295714285714284,366,-6.896333333333333,
2002-01-01,-12.29,0.16,-9.881428571428572,1,-7.254666666666667,
2002-01-02,-9.85,0.05,-8.615714285714285,2,-6.669333333333333,
2002-01-03,-9.55,0.0,-7.908571428571428,3,-6.372,
2002-01-04,-4.43,0.0,-7.242857142857142,4,-7.632000000000001,
2002-01-05,-1.44,0.02,-5.4085714285714275,5,-7.3629999999999995,
2002-01-06,-5.33,0.0,-3.5928571428571425,6,-7.612666666666667,
2002-01-07,-7.81,0.0,-2.1385714285714283,7,-7.635666666666666,
2002-01-08,0.55,0.03,-1.3999999999999997,8,-6.3966666666666665,
2002-01-09,2.86,0.01,-1.1985714285714282,9,-6.800666666666667,
2002-01-10,0.63,0.01,-0.144285714285714,10,-6.191666666666666,
2002-01-11,0.74,0.14,0.8771428571428573,11,-5.321666666666667,
2002-01-12,-0.03,0.05,0.3714285714285716,12,-6.834333333333333,
2002-01-13,2.05,1.06,-0.517142857142857,13,-7.807,
2002-01-14,-0.66,0.72,-1.2899999999999998,14,-7.033666666666666,
2002-01-15,-2.99,0.0,-2.347142857142857,15,-8.241333333333333,
2002-01-16,-3.36,0.03,-2.8757142857142854,16,-7.281666666666666,
2002-01-17,-4.78,0.03,-3.448571428571429,17,-7.789,
2002-01-18,-6.66,0.14,-3.422857142857143,18,-8.385333333333334,
2002-01-19,-3.73,0.46,-2.658571428571428,19,-7.801,
2002-01-20,-1.96,0.0,-2.404285714285714,20,-7.862,
2002-01-21,-0.48,0.0,-2.1714285714285713,21,-6.818,
2002-01-22,2.36,0.0,-1.1185714285714283,22,-5.656000000000001,
2002-01-23,-1.58,2.44,-0.2728571428571426,23,-6.655666666666667,
2002-01-24,-3.15,0.05,0.3914285714285716,24,-7.19,
2002-01-25,0.71,3.88,0.28428571428571453,25,-6.602666666666667,
2002-01-26,2.19,1.83,-0.3557142857142855,26,-5.616333333333333,
2002-01-27,2.69,1.22,-0.7814285714285711,27,-6.115666666666667,
2002-01-28,-1.23,1.21,-0.8299999999999998,28,-5.8726666666666665,
2002-01-29,-2.12,0.07,-1.7928571428571425,29,-7.1626666666666665,
2002-01-30,-4.56,1.81,-2.667142857142857,30,-7.257000000000001,
2002-01-31,-3.49,4.78,-3.7885714285714287,31,-5.312333333333333,
2002-02-01,-6.03,0.07,-5.1499999999999995,32,-5.570666666666667,
2002-02-02,-3.93,0.75,-5.648571428571429,33,-5.598333333333333,
2002-02-03,-5.16,0.55,-5.321428571428571,34,-5.522333333333333,
2002-02-04,-10.76,0.01,-4.895714285714285,35,-6.5696666666666665,
2002-02-05,-5.61,0.76,-3.85,36,-5.671666666666667,
2002-02-06,-2.27,0.94,-2.9957142857142856,37,-4.662999999999999,
2002-02-07,-0.51,0.0,-2.4857142857142853,38,-5.294,
2002-02-08,1.29,0.07,-1.0028571428571427,39,-5.605333333333333,
2002-02-09,2.05,5.38,-0.2542857142857141,40,-5.402333333333333,
2002-02-10,-1.59,2.15,-0.014285714285714093,41,-5.548666666666667,
2002-02-11,-0.38,0.97,0.3442857142857145,42,-5.828,
2002-02-12,-0.37,0.74,0.4485714285714288,43,-5.614,
2002-02-13,-0.59,0.0,0.3957142857142859,44,-4.276333333333333,
2002-02-14,2.0,0.22,0.9085714285714287,45,-4.116666666666666,
2002-02-15,2.02,0.17,1.7385714285714289,46,-5.044,
2002-02-16,1.68,0.01,2.7628571428571433,47,-4.468,
2002-02-17,2.0,0.0,3.052857142857143,48,-2.9069999999999996,
2002-02-18,5.43,0.76,2.617142857142857,49,-2.4276666666666666,
2002-02-19,6.8,3.37,2.2500000000000004,50,-2.2693333333333334,
2002-02-20,1.44,0.77,2.7600000000000002,51,-1.5713333333333332,
2002-02-21,-1.05,2.5,3.042857142857143,52,-2.385,
2002-02-22,-0.55,0.33,1.6771428571428573,53,-1.8993333333333333,
2002-02-23,5.25,0.13,-0.5457142857142855,54,-2.289,
2002-02-24,3.98,0.03,-1.797142857142857,55,-2.667333333333333,
2002-02-25,-4.13,0.06,-1.9828571428571427,56,-3.2760000000000002,
2002-02-26,-8.76,0.04,-3.0428571428571423,57,-3.2516666666666665,
2002-02-27,-7.32,0.0,-5.048571428571428,58,-3.3603333333333336,
2002-02-28,-2.35,0.01,-7.722857142857142,59,-2.131666666666667,
2002-03-01,-7.97,1.67,-8.232857142857144,61,-1.5816666666666666,
2002-03-02,-8.79,0.75,-6.864285714285715,62,-3.1626666666666665,
2002-03-03,-14.74,0.0,-5.827142857142857,63,-2.8819999999999997,
2002-03-04,-7.7,0.07,-5.317142857142857,64,-1.1363333333333332,
2002-03-05,0.82,0.04,-3.7657142857142856,65,-0.13566666666666655,
2002-03-06,-0.06,0.0,-3.2971428571428567,66,0.4623333333333332,
2002-03-07,1.22,0.37,-2.111428571428571,67,0.44066666666666665,
2002-03-08,2.89,4.44,-1.0399999999999998,68,0.748,
2002-03-09,-5.51,1.03,-0.8257142857142854,69,-0.33833333333333326,
2002-03-10,-6.44,0.0,-0.4185714285714283,70,0.44,
2002-03-11,-0.2,0.01,-0.11999999999999979,71,0.871,
2002-03-12,2.32,0.0,-0.5242857142857141,72,1.326,
2002-03-13,2.79,0.01,0.38428571428571445,73,2.741,
2002-03-14,3.31,0.11,1.5514285714285718,74,2.949333333333333,
2002-03-15,0.06,0.12,2.035714285714286,75,2.875,
2002-03-16,0.85,0.03,2.174285714285715,76,3.725333333333333,
2002-03-17,1.73,0.15,2.107142857142857,77,3.746,
2002-03-18,3.19,0.02,0.6714285714285716,78,3.3153333333333337,
2002-03-19,3.29,2.11,0.10428571428571447,79,3.641,
2002-03-20,2.32,0.18,0.08142857142857156,80,3.9993333333333334,
2002-03-21,-6.74,0.13,-0.117142857142857,81,3.7106666666666666,
2002-03-22,-3.91,0.0,-0.8614285714285713,82,4.115666666666667,
2002-03-23,0.69,0.11,-1.2685714285714285,83,4.760000000000001,
2002-03-24,0.34,0.07,-0.9685714285714283,84,4.697,
2002-03-25,-2.02,0.16,1.1128571428571432,85,4.338333333333334,
2002-03-26,0.44,0.0,2.734285714285715,86,5.436999999999999,
2002-03-27,4.42,0.02,3.148571428571429,87,5.832666666666666,
2002-03-28,7.83,0.08,3.5714285714285716,88,5.482,
2002-03-29,7.44,0.83,4.147142857142858,89,6.0793333333333335,
2002-03-30,3.59,0.2,4.1814285714285715,90,7.23,
2002-03-31,3.3,0.49,3.172857142857143,91,6.647,
2002-04-01,2.01,1.94,2.001428571428572,92,6.444999999999999,
2002-04-02,0.68,2.39,1.3242857142857145,93,7.316,
2002-04-03,-2.64,0.77,1.5228571428571431,94,6.646333333333333,
2002-04-04,-0.37,0.03,2.4614285714285713,95,5.5616666666666665,
2002-04-05,2.7,0.03,3.322857142857143,96,7.396,
2002-04-06,4.98,0.24,4.274285714285715,97,7.986666666666666,
2002-04-07,9.87,1.39,6.7299999999999995,98,7.6353333333333335,
2002-04-08,8.04,2.9,8.831428571428571,99,7.1129999999999995,
2002-04-09,7.34,0.0,9.935714285714287,100,7.235333333333333,
2002-04-10,14.55,0.2,10.892857142857142,101,8.195333333333334,
2002-04-11,14.34,11.16,11.809999999999999,102,8.320666666666666,
2002-04-12,10.43,1.52,13.765714285714285,103,7.707,
2002-04-13,11.68,0.39,15.898571428571428,104,8.866999999999999,
2002-04-14,16.29,0.03,16.501428571428573,105,10.045666666666667,
2002-04-15,21.73,0.21,17.759999999999998,106,10.124,
2002-04-16,22.27,0.99,17.84714285714286,107,9.499666666666666,
2002-04-17,18.77,1.05,17.464285714285715,108,10.244666666666665,
2002-04-18,23.15,2.74,15.762857142857143,109,11.613333333333333,
2002-04-19,11.04,0.22,13.551428571428572,110,10.836666666666668,
2002-04-20,9.0,5.32,12.444285714285714,111,9.832666666666666,
2002-04-21,4.38,5.62,11.365714285714287,112,10.340333333333332,
2002-04-22,6.25,0.95,8.985714285714286,113,10.793333333333333,
2002-04-23,14.52,2.13,8.468571428571428,114,11.044,
2002-04-24,11.22,3.23,8.459999999999999,115,12.153666666666668,
2002-04-25,6.49,0.0,8.842857142857143,116,11.603666666666667,
2002-04-26,7.42,0.23,9.587142857142856,117,11.013333333333332,
2002-04-27,8.94,26.2,9.177142857142858,118,10.667666666666666,
2002-04-28,7.06,0.29,8.945714285714287,119,11.247333333333334,
2002-04-29,11.46,0.0,9.20857142857143,120,11.810666666666666,
2002-04-30,11.65,2.67,9.771428571428572,121,12.266666666666667,
2002-05-01,9.6,4.71,10.43857142857143,122,12.117666666666667,
2002-05-02,8.33,0.97,11.778571428571428,123,12.065333333333335,
2002-05-03,11.36,0.74,13.095714285714289,124,12.464333333333334,
2002-05-04,13.61,0.3,13.647142857142857,125,13.715666666666667,
2002-05-05,16.44,1.73,15.008571428571429,126,14.700666666666667,
2002-05-06,20.68,1.73,15.184285714285716,127,15.049333333333333,
2002-05-07,15.51,0.18,15.292857142857144,128,15.288,
2002-05-08,19.13,4.59,15.055714285714288,129,15.648,
2002-05-09,9.56,1.17,14.090000000000002,130,15.424000000000001,
2002-05-10,12.12,0.27,12.904285714285717,131,15.732666666666667,
2002-05-11,11.95,28.04,12.601428571428572,132,14.824666666666667,
2002-05-12,9.68,1.78,12.430000000000001,133,13.698666666666666,
2002-05-13,12.38,0.03,13.28857142857143,134,13.713333333333335,
2002-05-14,13.39,0.03,13.132857142857143,135,14.930666666666667,
2002-05-15,17.93,2.85,12.855714285714287,136,15.792666666666666,
2002-05-16,15.57,2.28,12.972857142857142,137,16.949,
2002-05-17,11.03,0.38,12.581428571428573,138,16.96,
2002-05-18,10.01,0.05,12.264285714285716,139,16.109666666666666,
2002-05-19,10.5,0.12,12.09857142857143,140,16.488666666666667,
2002-05-20,9.64,0.24,12.482857142857144,141,16.082666666666668,
2002-05-21,11.17,0.09,12.748571428571429,142,16.447666666666667,
2002-05-22,16.77,2.52,13.400000000000002,143,17.717666666666666,
2002-05-23,18.26,0.73,14.51714285714286,144,17.689,
2002-05-24,12.89,7.19,15.900000000000002,145,17.377,
2002-05-25,14.57,3.9,17.165714285714287,146,16.985,
2002-05-26,18.32,0.01,18.005714285714287,147,17.367,
2002-05-27,19.32,0.22,18.841428571428573,148,18.245,
2002-05-28,20.03,4.37,20.49857142857143,149,18.587,
2002-05-29,22.65,5.14,22.091428571428573,150,19.214,
2002-05-30,24.11,0.28,22.78142857142857,151,19.67366666666667,
2002-05-31,24.49,0.34,23.638571428571428,152,18.76966666666667,
2002-06-01,25.72,2.04,23.698571428571427,153,18.962666666666667,
2002-06-02,23.15,9.35,23.04285714285714,154,18.642999999999997,
2002-06-03,25.32,1.35,22.509999999999998,155,19.017333333333333,
2002-06-04,20.45,0.59,22.208571428571425,156,19.663999999999998,
2002-06-05,18.06,0.07,21.997142857142855,157,20.015,
2002-06-06,20.38,0.23,22.248571428571427,158,20.389666666666667,
2002-06-07,22.38,0.45,22.027142857142856,159,21.124666666666666,
2002-06-08,24.24,3.0,22.604285714285716,160,20.57633333333333,
2002-06-09,24.91,4.65,23.26571428571429,161,20.773333333333333,
2002-06-10,23.77,13.93,23.165714285714284,162,21.00133333333333,
2002-06-11,24.49,9.05,22.525714285714287,163,21.526666666666664,
2002-06-12,22.69,15.87,21.937142857142856,164,21.44333333333333,
2002-06-13,19.68,0.1,21.19,165,21.556333333333335,
2002-06-14,17.9,0.01,20.88714285714286,166,21.331666666666667,
2002-06-15,20.12,0.03,20.74142857142857,167,21.750999999999998,
2002-06-16,19.68,0.0,21.275714285714287,168,21.923000000000002,
2002-06-17,21.65,4.01,22.12,169,22.441666666666666,
2002-06-18,23.47,0.7,23.524285714285718,170,22.617,
2002-06-19,26.43,0.23,24.66571428571429,171,22.067666666666664,
2002-06-20,25.59,2.28,25.737142857142857,172,22.64333333333333,
2002-06-21,27.73,2.31,26.46857142857143,173,22.711666666666666,
2002-06-22,28.11,0.62,27.124285714285715,174,22.692333333333334,
2002-06-23,27.18,0.0,27.427142857142854,175,22.369333333333334,
2002-06-24,26.77,0.38,27.492857142857144,176,22.28666666666667,
2002-06-25,28.06,1.46,27.189999999999998,177,22.715333333333334,
2002-06-26,28.55,1.34,27.202857142857145,178,22.841,
2002-06-27,26.05,1.7,27.557142857142857,179,23.119333333333334,
2002-06-28,25.61,6.33,27.818571428571428,180,22.435333333333332,
2002-06-29,28.2,0.65,27.708571428571435,181,22.72233333333333,
2002-06-30,29.66,0.35,27.672857142857143,182,23.016000000000002,
2002-07-01,28.6,0.06,28.108571428571427,183,22.925666666666665,
2002-07-02,27.29,2.49,28.404285714285717,184,22.494666666666667,
2002-07-03,28.3,0.46,28.381428571428568,185,23.086000000000002,
2002-07-04,29.1,6.28,27.951428571428572,186,23.35,
2002-07-05,27.68,2.82,28.095714285714287,187,23.333666666666666,
2002-07-06,28.04,16.62,28.104285714285716,188,23.908,
2002-07-07,26.65,3.35,27.63714285714286,189,23.91033333333333,
2002-07-08,29.61,0.89,26.19,190,23.716333333333335,
2002-07-09,27.35,17.03,25.142857142857142,191,23.563666666666666,
2002-07-10,25.03,23.48,24.17571428571429,192,23.58566666666667,
2002-07-11,18.97,10.46,23.53857142857143,193,23.475666666666665,
2002-07-12,20.35,2.18,22.540000000000003,194,23.613999999999997,
2002-07-13,21.27,3.89,22.065714285714286,195,23.775,
2002-07-14,22.19,0.06,22.264285714285712,196,23.750333333333334,
2002-07-15,22.62,0.11,23.635714285714283,197,24.091,
2002-07-16,24.03,0.41,24.90142857142857,198,24.48933333333333,
2002-07-17,26.42,1.45,26.220000000000002,199,25.218666666666667,
2002-07-18,28.57,0.05,27.572857142857142,200,25.182000000000002,
2002-07-19,29.21,0.98,27.925714285714285,201,25.142666666666667,
2002-07-20,30.5,0.06,27.685714285714287,202,24.688333333333333,
2002-07-21,31.66,0.99,27.267142857142858,203,24.159,
2002-07-22,25.09,4.49,26.86714285714286,204,24.09733333333333,
2002-07-23,22.35,0.82,26.18285714285714,205,23.634999999999998,
2002-07-24,23.49,1.83,25.69142857142857,206,23.958333333333332,
2002-07-25,25.77,5.73,25.044285714285714,207,24.35666666666667,
2002-07-26,24.42,7.73,25.21857142857143,208,23.784333333333333,
2002-07-27,27.06,4.58,26.03142857142857,209,23.436333333333334,
2002-07-28,27.13,4.32,26.712857142857143,210,23.39466666666667,
2002-07-29,26.31,4.9,26.85714285714286,211,22.936333333333334,
2002-07-30,28.04,0.39,26.444285714285716,212,23.407333333333334,
2002-07-31,28.26,0.18,26.108571428571427,213,23.882,
2002-08-01,26.78,0.74,25.78142857142857,214,24.038,
2002-08-02,21.53,0.0,25.427142857142858,215,23.786,
2002-08-03,24.71,11.88,24.571428571428573,216,23.788333333333334,
2002-08-04,24.84,20.66,23.50714285714286,217,23.070333333333334,
2002-08-05,23.83,11.11,22.740000000000002,218,22.095000000000002,
2002-08-06,22.05,3.39,22.891428571428573,219,22.555999999999997,
2002-08-07,20.81,0.0,22.684285714285718,220,23.384999999999998,
2002-08-08,21.41,0.39,22.865714285714287,221,23.405666666666665,
2002-08-09,22.59,0.25,22.795714285714286,222,23.939,
2002-08-10,23.26,2.34,22.065714285714286,223,23.015666666666668,
2002-08-11,26.11,12.64,21.954285714285714,224,22.470000000000002,
2002-08-12,23.34,10.43,21.911428571428576,225,22.623333333333335,
2002-08-13,16.94,17.15,21.794285714285714,226,22.243999999999996,
2002-08-14,20.03,0.0,21.31571428571429,227,21.991,
2002-08-15,21.11,0.12,20.07714285714286,228,21.821,
2002-08-16,21.77,3.53,19.334285714285716,229,22.473666666666666,
2002-08-17,19.91,5.07,19.612857142857145,230,22.349666666666668,
2002-08-18,17.44,1.92,20.282857142857146,231,22.279,
2002-08-19,18.14,0.12,20.79714285714286,232,21.826,
2002-08-20,18.89,1.91,21.048571428571428,233,21.703333333333333,
2002-08-21,24.72,11.2,21.36714285714286,234,22.387999999999998,
2002-08-22,24.71,24.48,22.11714285714286,235,22.672666666666665,
2002-08-23,23.53,2.92,22.82714285714286,236,22.886000000000003,
2002-08-24,22.14,0.0,23.332857142857144,237,23.147333333333332,
2002-08-25,22.69,0.59,22.98714285714286,238,22.886333333333333,
2002-08-26,23.11,1.45,22.63571428571429,239,23.105999999999998,
2002-08-27,22.43,0.69,22.35571428571429,240,23.144333333333336,
2002-08-28,22.3,0.02,22.464285714285715,241,22.774333333333335,
2002-08-29,22.25,0.0,22.76571428571429,242,22.189,
2002-08-30,21.57,0.0,23.150000000000002,243,21.733333333333334,
2002-08-31,22.9,0.0,22.967142857142857,244,21.302666666666667,
2002-09-01,24.8,0.43,23.015714285714285,245,21.451,
2002-09-02,25.8,0.24,23.18,246,22.022333333333332,
2002-09-03,21.15,0.0,23.705714285714286,247,21.276666666666664,
2002-09-04,22.64,0.78,24.131428571428568,248,21.00433333333333,
2002-09-05,23.4,0.91,24.337142857142858,249,21.005666666666666,
2002-09-06,25.25,1.47,24.37857142857143,250,21.192666666666664,
2002-09-07,25.88,0.0,24.167142857142856,251,20.137,
2002-09-08,26.24,0.75,23.52285714285714,252,19.12933333333333,
2002-09-09,26.09,3.22,22.864285714285717,253,19.55933333333333,
2002-09-10,19.67,9.52,22.042857142857144,254,19.197,
2002-09-11,18.13,0.0,21.03857142857143,255,19.569333333333336,
2002-09-12,18.79,2.27,19.535714285714285,256,19.301,
2002-09-13,19.5,0.51,18.337142857142858,257,18.745333333333335,
2002-09-14,18.85,1.85,18.244285714285716,258,17.874333333333333,
2002-09-15,15.72,0.0,18.745714285714286,259,18.199666666666666,
2002-09-16,17.7,0.0,18.608571428571427,260,18.276999999999997,
2002-09-17,19.02,0.39,18.287142857142857,261,18.257,
2002-09-18,21.64,19.08,17.645714285714288,262,17.91466666666667,
2002-09-19,17.83,7.95,17.09714285714286,263,17.648333333333333,
2002-09-20,17.25,0.13,16.177142857142858,264,17.333666666666666,
2002-09-21,14.36,4.01,15.237142857142858,265,16.50766666666667,
2002-09-22,11.88,0.01,14.502857142857144,266,15.752999999999998,
2002-09-23,11.26,0.55,13.99714285714286,267,15.840666666666666,
2002-09-24,12.44,1.26,13.242857142857146,268,15.879666666666667,
2002-09-25,16.5,0.99,13.427142857142858,269,16.085666666666665,
2002-09-26,14.29,1.98,14.751428571428573,270,15.628000000000002,
2002-09-27,11.97,7.36,16.447142857142858,271,15.453666666666667,
2002-09-28,15.65,2.72,17.60571428571429,272,14.340333333333332,
2002-09-29,21.15,1.1,17.012857142857147,273,15.011,
2002-09-30,23.13,1.11,16.984285714285715,274,15.565,
2002-10-01,20.55,18.16,17.165714285714287,275,14.964666666666666,
2002-10-02,12.35,12.25,16.52285714285714,276,14.025,
2002-10-03,14.09,1.57,14.930000000000001,277,13.937999999999999,
2002-10-04,13.24,18.37,12.764285714285714,278,12.959333333333335,
2002-10-05,11.15,2.95,11.577142857142858,279,13.216666666666667,
2002-10-06,10.0,3.05,11.400000000000002,280,13.280666666666667,
2002-10-07,7.97,0.03,11.487142857142857,281,13.126,
2002-10-08,12.24,1.27,11.757142857142858,282,13.387,
2002-10-09,11.11,0.56,11.758571428571429,283,12.320333333333334,
2002-10-10,14.7,0.12,11.215714285714286,284,11.544666666666666,
2002-10-11,15.13,0.08,11.277142857142858,285,12.015333333333333,
2002-10-12,11.16,3.01,10.427142857142858,286,11.498666666666667,
2002-10-13,6.2,0.0,9.204285714285716,287,10.771666666666667,
2002-10-14,8.4,6.43,7.861428571428573,288,10.437000000000001,
2002-10-15,6.29,0.86,6.881428571428572,289,10.093333333333334,
2002-10-16,2.55,1.26,5.6885714285714295,290,10.100999999999999,
2002-10-17,5.3,3.06,5.4942857142857155,291,10.468,
2002-10-18,8.27,0.23,4.910000000000001,292,9.365,
2002-10-19,2.81,0.2,4.251428571428573,293,9.306333333333333,
2002-10-20,4.84,1.34,3.8557142857142863,294,9.620000000000001,
2002-10-21,4.31,1.26,3.294285714285715,295,9.548333333333334,
2002-10-22,1.68,3.88,2.592857142857144,296,9.428333333333335,
2002-10-23,-0.22,8.3,2.7000000000000006,297,9.361666666666668,
2002-10-24,1.37,10.8,2.1257142857142868,298,8.323333333333332,
2002-10-25,3.36,1.23,1.892857142857144,299,8.220666666666666,
2002-10-26,3.56,0.03,2.274285714285715,300,7.387333333333333,
2002-10-27,0.82,3.41,2.6785714285714297,301,6.560333333333333,
2002-10-28,2.68,0.79,2.2114285714285726,302,7.194333333333334,
2002-10-29,4.35,0.38,1.3814285714285721,303,7.574,
2002-10-30,2.61,0.23,0.8757142857142866,304,6.771333333333333,
2002-10-31,-1.9,0.09,0.8514285714285723,305,5.3613333333333335,
2002-11-01,-2.45,0.0,0.2314285714285724,306,5.837000000000001,
2002-11-02,0.02,0.11,-0.27999999999999897,307,4.904,
2002-11-03,0.65,0.53,-0.28714285714285614,308,5.098666666666667,
2002-11-04,-1.66,0.89,0.9871428571428582,309,5.049,
2002-11-05,0.77,1.53,2.4957142857142864,310,5.129666666666666,
2002-11-06,2.56,0.01,3.7914285714285723,311,4.361666666666666,
2002-11-07,7.02,0.02,4.29857142857143,312,3.850333333333333,
2002-11-08,8.11,0.02,4.480000000000001,313,4.254666666666667,
2002-11-09,9.09,0.04,4.755714285714286,314,4.613333333333333,
2002-11-10,4.2,0.5,5.08,315,3.4196666666666666,
2002-11-11,-0.39,0.44,4.287142857142858,316,1.9046666666666667,
2002-11-12,2.7,0.03,2.8785714285714294,317,1.7046666666666668,
2002-11-13,4.83,0.07,1.2814285714285722,318,2.5083333333333333,
2002-11-14,1.47,0.71,0.5314285714285724,319,2.8676666666666666,
2002-11-15,-1.75,0.37,0.6528571428571438,320,2.585,
2002-11-16,-2.09,0.16,0.5042857142857152,321,2.494,
2002-11-17,-1.05,0.0,0.4814285714285723,322,2.942333333333333,
2002-11-18,0.46,0.8,0.5028571428571438,323,2.783666666666667,
2002-11-19,1.66,0.61,0.7385714285714294,324,2.183666666666667,
2002-11-20,4.67,2.99,1.3657142857142865,325,1.4466666666666665,
2002-11-21,1.62,0.54,1.1771428571428582,326,1.0430000000000001,
2002-11-22,-0.1,0.01,0.464285714285715,327,1.2656666666666667,
2002-11-23,2.3,0.06,-0.32285714285714207,328,0.8053333333333333,
2002-11-24,-2.37,0.01,-1.9085714285714277,329,0.4036666666666667,
2002-11-25,-4.53,0.03,-2.4685714285714275,330,0.2166666666666667,
2002-11-26,-3.85,0.39,-2.0814285714285705,331,-0.3006666666666667,
2002-11-27,-6.43,0.52,-3.191428571428571,332,-0.6473333333333334,
2002-11-28,-2.3,0.4,-3.1257142857142846,333,0.04299999999999997,
2002-11-29,2.61,0.12,-3.048571428571428,334,-0.1753333333333333,
2002-11-30,-5.47,0.0,-3.657142857142856,335,-1.3270000000000002,
2002-12-01,-1.91,0.07,-3.7085714285714277,336,-1.3359999999999999,
2002-12-02,-3.99,3.54,-4.847142857142856,337,-0.9176666666666667,
2002-12-03,-8.11,2.68,-5.909999999999998,338,-1.3096666666666665,
2002-12-04,-6.79,4.99,-5.575714285714285,339,-1.384,
2002-12-05,-10.27,2.36,-6.469999999999999,340,-2.7996666666666665,
2002-12-06,-4.83,0.36,-6.86142857142857,341,-3.5756666666666663,
2002-12-07,-3.13,0.67,-5.981428571428571,342,-3.7616666666666663,
2002-12-08,-8.17,0.57,-4.865714285714285,343,-3.6540000000000004,
2002-12-09,-6.73,0.04,-3.1528571428571417,344,-4.117666666666667,
2002-12-10,-1.95,0.12,-2.508571428571428,345,-3.7346666666666666,
2002-12-11,1.02,0.2,-2.0085714285714276,346,-3.7763333333333335,
2002-12-12,1.72,0.04,-0.5942857142857133,347,-3.5260000000000002,
2002-12-13,-0.32,0.0,0.27857142857142964,348,-2.4756666666666667,
2002-12-14,0.37,0.03,0.630000000000001,349,-3.1086666666666667,
2002-12-15,1.73,0.05,0.9828571428571439,350,-3.9536666666666664,
2002-12-16,-0.62,0.03,0.7728571428571439,351,-4.115,
2002-12-17,0.51,1.54,0.6285714285714297,352,-4.723333333333333,
2002-12-18,3.49,0.83,0.17857142857142966,353,-4.670333333333334,
2002-12-19,0.25,0.04,-0.7085714285714275,354,-5.029,
2002-12-20,-1.33,0.03,-1.3757142857142846,355,-4.147,
2002-12-21,-2.78,0.0,-2.4399999999999986,356,-4.393,
2002-12-22,-4.48,0.05,-4.107142857142856,357,-4.798,
2002-12-23,-5.29,0.07,-4.9085714285714275,358,-5.59,
2002-12-24,-6.94,0.39,-5.14,359,-6.833333333333333,
2002-12-25,-8.18,1.83,-4.687142857142857,360,-5.871333333333333,
2002-12-26,-5.36,0.43,-3.757142857142856,361,-4.98,
2002-12-27,-2.95,0.82,-2.795714285714285,362,-4.514666666666667,
2002-12-28,0.39,0.0,-2.0942857142857134,363,-4.012666666666666,
2002-12-29,2.03,0.71,-1.3642857142857134,364,-5.275666666666667,
2002-12-30,1.44,1.15,-1.2614285714285702,365,-4.824666666666667,
2002-12-31,-2.03,0.04,-1.5557142857142845,366,-6.896333333333333,
2003-01-01,-3.07,0.0,-1.6671428571428561,1,-7.254666666666667,
2003-01-02,-4.64,0.0,-2.067142857142856,2,-6.669333333333333,
2003-01-03,-5.01,0.0,-2.75142857142857,3,-6.372,
2003-01-04,-0.39,0.63,-2.3828571428571412,4,-7.632000000000001,
2003-01-05,-0.77,0.12,-1.5357142857142847,5,-7.3629999999999995,
2003-01-06,-3.35,0.0,-1.0142857142857133,6,-7.612666666666667,
2003-01-07,0.55,0.0,-1.3442857142857132,7,-7.635666666666666,
2003-01-08,2.86,0.0,-2.924285714285713,8,-6.3966666666666665,
2003-01-09,-0.99,0.01,-3.72142857142857,9,-6.800666666666667,
2003-01-10,-7.32,0.04,-4.467142857142855,10,-6.191666666666666,
2003-01-11,-11.45,0.0,-5.985714285714285,11,-5.321666666666667,
2003-01-12,-6.35,0.0,-8.03,12,-6.834333333333333,
2003-01-13,-8.57,0.05,-9.05142857142857,13,-7.807,
2003-01-14,-10.08,0.0,-9.789999999999997,14,-7.033666666666666,
2003-01-15,-11.45,1.05,-9.457142857142856,15,-8.241333333333333,
2003-01-16,-8.14,0.45,-9.465714285714284,16,-7.281666666666666,
2003-01-17,-12.49,0.0,-9.447142857142856,17,-7.789,
2003-01-18,-9.12,0.05,-9.517142857142856,18,-8.385333333333334,
2003-01-19,-6.41,0.15,-9.87,19,-7.801,
2003-01-20,-8.44,0.0,-11.227142857142855,20,-7.862,
2003-01-21,-10.57,0.0,-11.044285714285715,21,-6.818,
2003-01-22,-13.92,0.01,-10.965714285714284,22,-5.656000000000001,
2003-01-23,-17.64,0.0,-12.092857142857142,23,-6.655666666666667,
2003-01-24,-11.21,0.02,-11.915714285714285,24,-7.19,
2003-01-25,-8.57,0.37,-10.88142857142857,25,-6.602666666666667,
2003-01-26,-14.3,0.03,-10.118571428571428,26,-5.616333333333333,
2003-01-27,-7.2,1.01,-7.997142857142856,27,-6.115666666666667,
2003-01-28,-3.33,2.82,-6.387142857142856,28,-5.8726666666666665,
2003-01-29,-8.58,0.01,-5.121428571428571,29,-7.1626666666666665,
2003-01-30,-2.79,0.71,-2.8571428571428563,30,-7.257000000000001,
2003-01-31,0.06,0.27,-2.0857142857142845,31,-5.312333333333333,
2003-02-01,0.29,0.09,-3.1771428571428566,32,-5.570666666666667,
2003-02-02,1.55,0.11,-2.9742857142857133,33,-5.598333333333333,
2003-02-03,-1.8,3.03,-4.179999999999999,34,-5.522333333333333,
2003-02-04,-10.97,0.04,-6.092857142857142,35,-6.5696666666666665,
2003-02-05,-7.16,0.08,-7.188571428571428,36,-5.671666666666667,
2003-02-06,-11.23,0.0,-8.827142857142857,37,-4.662999999999999,
2003-02-07,-13.33,0.0,-10.147142857142855,38,-5.294,
2003-02-08,-7.38,0.01,-9.498571428571427,39,-5.605333333333333,
2003-02-09,-9.92,0.04,-9.687142857142858,40,-5.402333333333333,
2003-02-10,-11.04,0.01,-8.391428571428571,41,-5.548666666666667,
2003-02-11,-6.43,0.18,-6.645714285714285,42,-5.828,
2003-02-12,-8.48,0.0,-6.697142857142856,43,-5.614,
2003-02-13,-2.16,0.0,-6.697142857142857,44,-4.276333333333333,
2003-02-14,-1.11,6.27,-6.189999999999999,45,-4.116666666666666,
2003-02-15,-7.74,3.8,-5.412857142857141,46,-5.044,
2003-02-16,-9.92,0.01,-4.558571428571428,47,-4.468,
2003-02-17,-7.49,0.73,-3.9685714285714275,48,-2.9069999999999996,
2003-02-18,-0.99,0.21,-3.578571428571428,49,-2.4276666666666666,
2003-02-19,-2.5,0.02,-2.964285714285713,50,-2.2693333333333334,
2003-02-20,1.97,0.04,-2.949999999999999,51,-1.5713333333333332,
2003-02-21,1.62,0.14,-3.872857142857142,52,-2.385,
2003-02-22,-3.44,0.03,-5.824285714285714,53,-1.8993333333333333,
2003-02-23,-9.82,0.45,-6.848571428571428,54,-2.289,
2003-02-24,-13.95,0.01,-7.758571428571428,55,-2.667333333333333,
2003-02-25,-14.65,0.0,-8.355714285714283,56,-3.2760000000000002,
2003-02-26,-9.67,0.0,-8.137142857142857,57,-3.2516666666666665,
2003-02-27,-4.4,0.09,-8.088571428571427,58,-3.3603333333333336,
2003-02-28,-2.56,0.02,-6.884285714285713,59,-2.131666666666667,
2003-03-01,-1.91,0.17,-6.188571428571428,61,-1.5816666666666666,
2003-03-02,-9.48,0.0,-6.38142857142857,62,-3.1626666666666665,
2003-03-03,-5.52,0.78,-6.66142857142857,63,-2.8819999999999997,
2003-03-04,-9.78,5.08,-6.832857142857143,64,-1.1363333333333332,
2003-03-05,-11.02,0.11,-7.6257142857142854,65,-0.13566666666666655,
2003-03-06,-6.36,0.31,-7.935714285714284,66,0.4623333333333332,
2003-03-07,-3.76,0.07,-8.508571428571427,67,0.44066666666666665,
2003-03-08,-7.46,0.12,-7.209999999999999,68,0.748,
2003-03-09,-11.65,0.0,-5.459999999999999,69,-0.33833333333333326,
2003-03-10,-9.53,0.03,-4.38142857142857,70,0.44,
2003-03-11,-0.69,0.02,-3.038571428571428,71,0.871,
2003-03-12,1.23,0.01,-0.48571428571428477,72,1.326,
2003-03-13,1.19,0.0,3.0514285714285725,73,2.741,
2003-03-14,5.64,0.01,6.212857142857144,74,2.949333333333333,
2003-03-15,10.41,0.01,7.6971428571428575,75,2.875,
2003-03-16,13.11,0.02,8.204285714285716,76,3.725333333333333,
2003-03-17,12.6,0.06,8.562857142857144,77,3.746,
2003-03-18,9.7,0.1,8.244285714285715,78,3.3153333333333337,
2003-03-19,4.78,6.87,7.635714285714286,79,3.641,
2003-03-20,3.7,0.42,7.280000000000001,80,3.9993333333333334,
2003-03-21,3.41,0.03,7.077142857142858,81,3.7106666666666666,
2003-03-22,6.15,0.01,6.840000000000002,82,4.115666666666667,
2003-03-23,10.62,0.01,7.242857142857143,83,4.760000000000001,
2003-03-24,11.18,0.11,7.955714285714286,84,4.697,
2003-03-25,8.04,0.02,7.88857142857143,85,4.338333333333334,
2003-03-26,7.6,1.63,7.20857142857143,86,5.436999999999999,
2003-03-27,8.69,6.23,6.122857142857143,87,5.832666666666666,
2003-03-28,2.94,0.7,5.705714285714286,88,5.482,
2003-03-29,1.39,0.02,6.82,89,6.0793333333333335,
2003-03-30,3.02,0.0,8.110000000000001,90,7.23,
2003-03-31,8.26,0.01,9.038571428571428,91,6.647,
2003-04-01,15.84,0.0,8.72857142857143,92,6.444999999999999,
2003-04-02,16.63,0.01,8.452857142857145,93,7.316,
2003-04-03,15.19,0.31,8.028571428571428,94,6.646333333333333,
2003-04-04,0.77,3.97,6.7942857142857145,95,5.5616666666666665,
2003-04-05,-0.54,0.42,4.505714285714287,96,7.396,
2003-04-06,0.05,6.24,2.5785714285714296,97,7.986666666666666,
2003-04-07,-0.38,3.7,1.5971428571428583,98,7.6353333333333335,
2003-04-08,-0.18,0.77,3.1842857142857155,99,7.1129999999999995,
2003-04-09,3.14,0.02,4.972857142857144,100,7.235333333333333,
2003-04-10,8.32,0.1,7.024285714285717,101,8.195333333333334,
2003-04-11,11.88,0.03,10.054285714285715,102,8.320666666666666,
2003-04-12,11.98,0.0,13.112857142857147,103,7.707,
2003-04-13,14.41,0.05,14.960000000000003,104,8.866999999999999,
2003-04-14,20.83,0.06,14.83,105,10.045666666666667,
2003-04-15,21.23,0.97,14.360000000000001,106,10.124,
2003-04-16,16.07,5.05,14.217142857142859,107,9.499666666666666,
2003-04-17,7.41,0.11,13.347142857142858,108,10.244666666666665,
2003-04-18,8.59,5.96,11.851428571428572,109,11.613333333333333,
2003-04-19,10.98,16.8,10.38,110,10.836666666666668,
2003-04-20,8.32,0.56,9.884285714285715,111,9.832666666666666,
2003-04-21,10.36,0.04,10.144285714285715,112,10.340333333333332,
2003-04-22,10.93,0.0,10.741428571428573,113,10.793333333333333,
2003-04-23,12.6,0.13,11.255714285714287,114,11.044,
2003-04-24,9.23,10.58,12.407142857142858,115,12.153666666666668,
2003-04-25,12.77,0.75,12.987142857142858,116,11.603666666666667,
2003-04-26,14.58,0.0,12.878571428571432,117,11.013333333333332,
2003-04-27,16.38,1.34,12.844285714285716,118,10.667666666666666,
2003-04-28,14.42,0.38,13.295714285714286,119,11.247333333333334,
2003-04-29,10.17,31.84,13.365714285714287,120,11.810666666666666,
2003-04-30,12.36,14.65,13.274285714285716,121,12.266666666666667,
2003-05-01,12.39,1.13,12.681428571428572,122,12.117666666666667,
2003-05-02,13.26,1.22,12.504285714285716,123,12.065333333333335,
2003-05-03,13.94,0.77,13.161428571428573,124,12.464333333333334,
2003-05-04,12.23,46.86,13.450000000000001,125,13.715666666666667,
2003-05-05,13.18,0.88,13.451428571428574,126,14.700666666666667,
2003-05-06,14.77,7.63,13.89857142857143,127,15.049333333333333,
2003-05-07,14.38,2.32,13.67857142857143,128,15.288,
2003-05-08,12.4,20.93,13.344285714285716,129,15.648,
2003-05-09,16.39,2.77,13.314285714285717,130,15.424000000000001,
2003-05-10,12.4,3.94,13.51714285714286,131,15.732666666666667,
2003-05-11,9.89,0.48,13.825714285714286,132,14.824666666666667,
2003-05-12,12.97,0.02,14.035714285714288,133,13.698666666666666,
2003-05-13,16.19,8.44,13.775714285714288,134,13.713333333333335,
2003-05-14,16.54,10.42,14.26857142857143,135,14.930666666666667,
2003-05-15,13.87,0.11,15.442857142857145,136,15.792666666666666,
2003-05-16,14.57,0.0,16.012857142857143,137,16.949,
2003-05-17,15.85,0.0,15.237142857142858,138,16.96,
2003-05-18,18.11,0.04,14.645714285714288,139,16.109666666666666,
2003-05-19,16.96,1.6,14.755714285714289,140,16.488666666666667,
2003-05-20,10.76,0.0,14.801428571428573,141,16.082666666666668,
2003-05-21,12.4,0.08,14.650000000000002,142,16.447666666666667,
2003-05-22,14.64,1.45,14.421428571428574,143,17.717666666666666,
2003-05-23,14.89,0.28,14.637142857142859,144,17.689,
2003-05-24,14.79,0.29,15.860000000000001,145,17.377,
2003-05-25,16.51,0.05,16.96857142857143,146,16.985,
2003-05-26,18.47,0.08,17.494285714285716,147,17.367,
2003-05-27,19.32,0.04,18.275714285714287,148,18.245,
2003-05-28,20.16,1.17,18.375714285714288,149,18.587,
2003-05-29,18.32,0.89,18.44714285714286,150,19.214,
2003-05-30,20.36,0.65,17.465714285714288,151,19.67366666666667,
2003-05-31,15.49,0.05,16.665714285714287,152,18.76966666666667,
2003-06-01,17.01,0.03,16.232857142857146,153,18.962666666666667,
2003-06-02,11.6,11.36,16.16,154,18.642999999999997,
2003-06-03,13.72,0.29,15.631428571428573,155,19.017333333333333,
2003-06-04,17.13,0.1,15.55857142857143,156,19.663999999999998,
2003-06-05,17.81,5.77,15.347142857142858,157,20.015,
2003-06-06,16.66,10.94,16.455714285714286,158,20.389666666666667,
2003-06-07,14.98,9.37,17.435714285714287,159,21.124666666666666,
2003-06-08,15.53,3.68,17.75714285714286,160,20.57633333333333,
2003-06-09,19.36,3.19,18.114285714285717,161,20.773333333333333,
2003-06-10,20.58,6.85,18.900000000000002,162,21.00133333333333,
2003-06-11,19.38,0.01,19.972857142857144,163,21.526666666666664,
2003-06-12,20.31,0.09,21.028571428571432,164,21.44333333333333,
2003-06-13,22.16,0.45,21.551428571428573,165,21.556333333333335,
2003-06-14,22.49,0.2,22.030000000000005,166,21.331666666666667,
2003-06-15,22.92,0.24,22.66714285714286,167,21.750999999999998,
2003-06-16,23.02,0.01,22.657142857142855,168,21.923000000000002,
2003-06-17,23.93,3.34,22.12857142857143,169,22.441666666666666,
2003-06-18,23.84,1.95,21.930000000000003,170,22.617,
2003-06-19,20.24,0.0,21.97714285714286,171,22.067666666666664,
2003-06-20,18.46,0.0,22.428571428571434,172,22.64333333333333,
2003-06-21,21.1,0.12,22.930000000000003,173,22.711666666666666,
2003-06-22,23.25,0.53,22.87857142857143,174,22.692333333333334,
2003-06-23,26.18,3.05,22.50714285714286,175,22.369333333333334,
2003-06-24,27.44,3.21,22.89428571428572,176,22.28666666666667,
2003-06-25,23.48,36.68,22.954285714285714,177,22.715333333333334,
2003-06-26,17.64,0.04,22.63714285714286,178,22.841,
2003-06-27,21.17,1.52,22.021428571428576,179,23.119333333333334,
2003-06-28,21.52,12.0,21.38857142857143,180,22.435333333333332,
2003-06-29,21.03,0.04,21.624285714285715,181,22.72233333333333,
2003-06-30,21.87,0.04,23.118571428571435,182,23.016000000000002,
2003-07-01,23.01,0.27,23.860000000000003,183,22.925666666666665,
2003-07-02,25.13,0.13,24.36285714285714,184,22.494666666666667,
2003-07-03,28.1,0.92,25.085714285714285,185,23.086000000000002,
2003-07-04,26.36,22.99,25.612857142857145,186,23.35,
2003-07-05,25.04,11.37,25.625714285714285,187,23.333666666666666,
2003-07-06,26.09,2.9,25.23857142857143,188,23.908,
2003-07-07,25.56,9.4,24.06142857142857,189,23.91033333333333,
2003-07-08,23.1,35.89,23.252857142857145,190,23.716333333333335,
2003-07-09,22.42,8.99,22.662857142857145,191,23.563666666666666,
2003-07-10,19.86,0.02,22.164285714285715,192,23.58566666666667,
2003-07-11,20.7,0.02,22.01571428571429,193,23.475666666666665,
2003-07-12,20.91,0.11,22.12857142857143,194,23.613999999999997,
2003-07-13,22.6,0.02,22.340000000000003,195,23.775,
2003-07-14,24.52,2.92,23.301428571428573,196,23.750333333333334,
2003-07-15,23.89,0.47,23.802857142857146,197,24.091,
2003-07-16,23.9,0.14,24.157142857142862,198,24.48933333333333,
2003-07-17,26.59,0.85,24.62714285714286,199,25.218666666666667,
2003-07-18,24.21,0.1,24.271428571428576,200,25.182000000000002,
2003-07-19,23.39,0.02,23.65285714285714,201,25.142666666666667,
2003-07-20,25.89,3.1,23.020000000000007,202,24.688333333333333,
2003-07-21,22.03,0.07,22.32571428571429,203,24.159,
2003-07-22,19.56,1.13,22.618571428571432,204,24.09733333333333,
2003-07-23,19.47,0.0,23.43,205,23.634999999999998,
2003-07-24,21.73,0.03,23.40857142857143,206,23.958333333333332,
2003-07-25,26.26,0.0,23.670000000000005,207,24.35666666666667,
2003-07-26,29.07,1.78,24.384285714285713,208,23.784333333333333,
2003-07-27,25.74,3.29,25.012857142857143,209,23.436333333333334,
2003-07-28,23.86,3.25,25.55428571428572,210,23.39466666666667,
2003-07-29,24.56,0.14,25.254285714285714,211,22.936333333333334,
2003-07-30,23.87,1.96,24.438571428571432,212,23.407333333333334,
2003-07-31,25.52,0.45,24.068571428571428,213,23.882,
2003-08-01,24.16,0.21,23.841428571428573,214,24.038,
2003-08-02,23.36,0.52,23.231428571428573,215,23.786,
2003-08-03,23.15,0.18,23.114285714285717,216,23.788333333333334,
2003-08-04,22.27,0.01,22.93285714285715,217,23.070333333333334,
2003-08-05,20.29,5.01,22.877142857142854,218,22.095000000000002,
2003-08-06,23.05,0.1,22.882857142857144,219,22.555999999999997,
2003-08-07,24.25,0.03,22.915714285714284,220,23.384999999999998,
2003-08-08,23.77,0.01,23.084285714285716,221,23.405666666666665,
2003-08-09,23.4,0.01,23.419999999999998,222,23.939,
2003-08-10,23.38,6.02,23.49571428571429,223,23.015666666666668,
2003-08-11,23.45,0.02,23.641428571428573,224,22.470000000000002,
2003-08-12,22.64,0.08,24.18285714285714,225,22.623333333333335,
2003-08-13,23.58,0.1,25.012857142857143,226,22.243999999999996,
2003-08-14,25.27,0.01,25.964285714285715,227,21.991,
2003-08-15,27.56,0.02,26.981428571428573,228,21.821,
2003-08-16,29.21,0.0,28.054285714285715,229,22.473666666666666,
2003-08-17,30.04,0.0,29.14428571428572,230,22.349666666666668,
2003-08-18,30.57,1.17,29.47714285714286,231,22.279,
2003-08-19,30.15,0.92,28.904285714285717,232,21.826,
2003-08-20,31.21,0.29,28.354285714285712,233,21.703333333333333,
2003-08-21,27.6,0.01,28.232857142857142,234,22.387999999999998,
2003-08-22,23.55,0.05,28.201428571428576,235,22.672666666666665,
2003-08-23,25.36,0.0,28.04714285714286,236,22.886000000000003,
2003-08-24,29.19,0.02,27.462857142857143,237,23.147333333333332,
2003-08-25,30.35,0.52,27.438571428571432,238,22.886333333333333,
2003-08-26,29.07,4.42,27.605714285714292,239,23.105999999999998,
2003-08-27,27.12,0.01,26.841428571428573,240,23.144333333333336,
2003-08-28,27.43,0.31,25.22857142857143,241,22.774333333333335,
2003-08-29,24.72,0.0,23.628571428571433,242,22.189,
2003-08-30,20.01,0.02,22.611428571428576,243,21.733333333333334,
2003-08-31,17.9,1.44,21.724285714285717,244,21.302666666666667,
2003-09-01,19.15,0.01,20.57714285714286,245,21.451,
2003-09-02,21.95,0.01,20.178571428571427,246,22.022333333333332,
2003-09-03,20.91,0.0,20.821428571428573,247,21.276666666666664,
2003-09-04,19.4,0.01,21.73857142857143,248,21.00433333333333,
2003-09-05,21.93,0.0,22.40428571428572,249,21.005666666666666,
2003-09-06,24.51,0.0,22.535714285714285,250,21.192666666666664,
2003-09-07,24.32,0.0,23.057142857142857,251,20.137,
2003-09-08,23.81,0.0,23.62714285714286,252,19.12933333333333,
2003-09-09,22.87,0.02,23.188571428571432,253,19.55933333333333,
2003-09-10,24.56,0.12,22.07857142857143,254,19.197,
2003-09-11,23.39,25.41,20.937142857142856,255,19.569333333333336,
2003-09-12,18.86,4.4,20.164285714285715,256,19.301,
2003-09-13,16.74,3.44,19.964285714285715,257,18.745333333333335,
2003-09-14,16.33,0.06,19.73,258,17.874333333333333,
2003-09-15,18.4,0.0,18.76571428571429,259,18.199666666666666,
2003-09-16,21.47,0.04,17.78857142857143,260,18.276999999999997,
2003-09-17,22.92,0.22,17.51,261,18.257,
2003-09-18,16.64,8.96,16.915714285714287,262,17.91466666666667,
2003-09-19,12.02,0.0,16.200000000000003,263,17.648333333333333,
2003-09-20,14.79,0.09,15.445714285714288,264,17.333666666666666,
2003-09-21,12.17,16.22,14.410000000000002,265,16.50766666666667,
2003-09-22,13.39,0.4,13.684285714285718,266,15.752999999999998,
2003-09-23,16.19,0.0,14.035714285714286,267,15.840666666666666,
2003-09-24,15.67,0.0,13.608571428571432,268,15.879666666666667,
2003-09-25,11.56,0.01,13.252857142857144,269,16.085666666666665,
2003-09-26,14.48,1.33,12.795714285714286,270,15.628000000000002,
2003-09-27,11.8,0.0,11.605714285714287,271,15.453666666666667,
2003-09-28,9.68,0.0,10.320000000000002,272,14.340333333333332,
2003-09-29,10.19,0.0,9.701428571428574,273,15.011,
2003-09-30,7.86,0.03,9.394285714285717,274,15.565,
2003-10-01,6.67,0.0,9.877142857142859,275,14.964666666666666,
2003-10-02,7.23,0.0,10.751428571428574,276,14.025,
2003-10-03,12.33,0.02,11.744285714285715,277,13.937999999999999,
2003-10-04,15.18,0.0,13.30714285714286,278,12.959333333333335,
2003-10-05,15.8,0.01,15.182857142857145,279,13.216666666666667,
2003-10-06,17.14,0.0,17.002857142857145,280,13.280666666666667,
2003-10-07,18.8,0.0,17.8,281,13.126,
2003-10-08,19.8,0.24,17.73857142857143,282,13.387,
2003-10-09,19.97,0.28,17.35857142857143,283,12.320333333333334,
2003-10-10,17.91,0.2,16.514285714285716,284,11.544666666666666,
2003-10-11,14.75,6.36,15.488571428571431,285,12.015333333333333,
2003-10-12,13.14,0.0,14.115714285714288,286,11.498666666666667,
2003-10-13,11.23,12.15,12.217142857142859,287,10.771666666666667,
2003-10-14,11.62,0.06,10.941428571428574,288,10.437000000000001,
2003-10-15,10.19,1.1,11.030000000000003,289,10.093333333333334,
2003-10-16,6.68,0.1,11.694285714285716,290,10.100999999999999,
2003-10-17,8.98,0.0,12.702857142857145,291,10.468,
2003-10-18,15.37,0.01,13.284285714285716,292,9.365,
2003-10-19,17.79,0.02,13.895714285714288,293,9.306333333333333,
2003-10-20,18.29,0.0,14.571428571428573,294,9.620000000000001,
2003-10-21,15.69,0.03,14.620000000000001,295,9.548333333333334,
2003-10-22,14.47,0.0,13.331428571428573,296,9.428333333333335,
2003-10-23,11.41,0.0,11.062857142857144,297,9.361666666666668,
2003-10-24,9.32,0.64,9.070000000000002,298,8.323333333333332,
2003-10-25,6.35,0.0,7.7914285714285745,299,8.220666666666666,
2003-10-26,1.91,0.06,6.461428571428574,300,7.387333333333333,
2003-10-27,4.34,4.18,6.0985714285714305,301,6.560333333333333,
2003-10-28,6.74,0.08,5.615714285714288,302,7.194333333333334,
2003-10-29,5.16,0.01,5.0014285714285736,303,7.574,
2003-10-30,8.87,0.0,5.3485714285714305,304,6.771333333333333,
2003-10-31,5.94,0.19,5.378571428571431,305,5.3613333333333335,
2003-11-01,2.05,2.02,4.882857142857145,306,5.837000000000001,
2003-11-02,4.34,16.04,3.9200000000000017,307,4.904,
2003-11-03,4.55,55.9,2.381428571428574,308,5.098666666666667,
2003-11-04,3.27,4.95,1.1571428571428595,309,5.049,
2003-11-05,-1.58,0.0,0.350000000000002,310,5.129666666666666,
2003-11-06,-1.9,0.0,-0.2571428571428551,311,4.361666666666666,
2003-11-07,-2.63,0.05,-0.5385714285714265,312,3.850333333333333,
2003-11-08,-3.6,0.0,-0.0457142857142836,313,4.254666666666667,
2003-11-09,0.09,0.0,0.7071428571428592,314,4.613333333333333,
2003-11-10,2.58,0.27,0.9857142857142877,315,3.4196666666666666,
2003-11-11,6.72,0.08,1.920000000000002,316,1.9046666666666667,
2003-11-12,3.69,0.17,3.2014285714285733,317,1.7046666666666668,
2003-11-13,0.05,0.0,4.102857142857145,318,2.5083333333333333,
2003-11-14,3.91,0.05,4.955714285714287,319,2.8676666666666666,
2003-11-15,5.37,0.03,5.211428571428574,320,2.585,
2003-11-16,6.4,0.4,5.651428571428573,321,2.494,
2003-11-17,8.55,13.97,6.911428571428573,322,2.942333333333333,
2003-11-18,8.51,1.04,6.7028571428571455,323,2.783666666666667,
2003-11-19,6.77,0.0,6.161428571428573,324,2.183666666666667,
2003-11-20,8.87,0.01,4.955714285714287,325,1.4466666666666665,
2003-11-21,2.45,0.01,3.0628571428571445,326,1.0430000000000001,
2003-11-22,1.58,0.88,1.8500000000000019,327,1.2656666666666667,
2003-11-23,-2.04,3.66,0.8928571428571448,328,0.8053333333333333,
2003-11-24,-4.7,0.08,-0.38999999999999796,329,0.4036666666666667,
2003-11-25,0.02,0.0,-1.2285714285714264,330,0.2166666666666667,
2003-11-26,0.07,0.03,-1.5914285714285694,331,-0.3006666666666667,
2003-11-27,-0.11,0.01,-0.9971428571428552,332,-0.6473333333333334,
2003-11-28,-3.42,0.0,-0.38714285714285507,333,0.04299999999999997,
2003-11-29,-0.96,0.0,-0.4328571428571407,334,-0.1753333333333333,
2003-11-30,2.12,0.0,-0.6657142857142836,335,-1.3270000000000002,
2003-12-01,-0.43,0.03,-0.8928571428571408,336,-1.3359999999999999,
2003-12-02,-0.3,5.75,-0.5999999999999979,337,-0.9176666666666667,
2003-12-03,-1.56,5.3,-0.8142857142857122,338,-1.3096666666666665,
2003-12-04,-1.7,2.66,-1.1014285714285692,339,-1.384,
2003-12-05,-1.37,1.33,-0.867142857142855,340,-2.7996666666666665,
2003-12-06,-2.46,0.0,-0.8557142857142838,341,-3.5756666666666663,
2003-12-07,0.11,0.26,-1.5714285714285694,342,-3.7616666666666663,
2003-12-08,1.21,0.07,-2.9357142857142837,343,-3.6540000000000004,
2003-12-09,-0.22,6.47,-4.154285714285712,344,-4.117666666666667,
2003-12-10,-6.57,0.19,-4.892857142857141,345,-3.7346666666666666,
2003-12-11,-11.25,0.03,-5.537142857142855,346,-3.7763333333333335,
2003-12-12,-9.9,0.01,-5.887142857142855,347,-3.5260000000000002,
2003-12-13,-7.63,0.4,-6.577142857142855,348,-2.4756666666666667,
2003-12-14,-4.4,0.08,-6.3285714285714265,349,-3.1086666666666667,
2003-12-15,-1.24,0.65,-4.8771428571428554,350,-3.9536666666666664,
2003-12-16,-5.05,0.27,-4.068571428571427,351,-4.115,
2003-12-17,-4.83,0.69,-3.379999999999998,352,-4.723333333333333,
2003-12-18,-1.09,0.07,-2.575714285714284,353,-4.670333333333334,
2003-12-19,-4.24,0.01,-2.3785714285714263,354,-5.029,
2003-12-20,-2.81,0.01,-2.1685714285714264,355,-4.147,
2003-12-21,1.23,0.01,-2.1857142857142837,356,-4.393,
2003-12-22,0.14,0.06,-2.3971428571428555,357,-4.798,
2003-12-23,-3.58,0.0,-1.5385714285714265,358,-5.59,
2003-12-24,-4.95,0.0,-0.2628571428571408,359,-6.833333333333333,
2003-12-25,-2.57,0.0,-0.4757142857142837,360,-5.871333333333333,
2003-12-26,1.77,0.0,-0.9299999999999979,361,-4.98,
2003-12-27,6.12,1.21,-0.35285714285714087,362,-4.514666666666667,
2003-12-28,-0.26,0.0,-0.049999999999997984,363,-4.012666666666666,
2003-12-29,-3.04,0.0,0.2857142857142877,364,-5.275666666666667,
2003-12-30,0.46,0.47,0.24714285714285913,365,-4.824666666666667,
2003-12-31,-2.83,0.02,-1.289999999999998,366,-6.896333333333333,
2004-01-01,-0.22,0.0,-2.4485714285714266,1,-7.254666666666667,
2004-01-02,1.5,0.0,-4.117142857142855,2,-6.669333333333333,
2004-01-03,-4.64,0.12,-6.138571428571426,3,-6.372,
2004-01-04,-8.37,1.06,-7.112857142857142,4,-7.632000000000001,
2004-01-05,-14.72,0.01,-7.74285714285714,5,-7.3629999999999995,
2004-01-06,-13.69,0.0,-8.955714285714283,6,-7.612666666666667,
2004-01-07,-9.65,0.01,-9.024285714285712,7,-7.635666666666666,
2004-01-08,-4.63,0.23,-7.804285714285712,8,-6.3966666666666665,
2004-01-09,-6.99,0.02,-5.809999999999998,9,-6.800666666666667,
2004-01-10,-5.12,0.01,-4.121428571428569,10,-6.191666666666666,
2004-01-11,0.17,0.03,-3.075714285714284,11,-5.321666666666667,
2004-01-12,-0.76,0.0,-3.0199999999999982,12,-6.834333333333333,
2004-01-13,-1.87,0.0,-2.067142857142855,13,-7.807,
2004-01-14,-2.33,0.01,-1.342857142857141,14,-7.033666666666666,
2004-01-15,-4.24,0.0,-3.239999999999998,15,-8.241333333333333,
2004-01-16,-0.32,8.56,-5.054285714285712,16,-7.281666666666666,
2004-01-17,-0.05,0.27,-6.011428571428569,17,-7.789,
2004-01-18,-13.11,0.0,-6.258571428571427,18,-8.385333333333334,
2004-01-19,-13.46,0.02,-7.4971428571428556,19,-7.801,
2004-01-20,-8.57,0.04,-7.908571428571427,20,-7.862,
2004-01-21,-4.06,0.01,-9.099999999999998,21,-6.818,
2004-01-22,-12.91,0.0,-8.362857142857141,22,-5.656000000000001,
2004-01-23,-3.2,0.0,-7.451428571428569,23,-6.655666666666667,
2004-01-24,-8.39,0.0,-8.16142857142857,24,-7.19,
2004-01-25,-7.95,0.98,-9.974285714285713,25,-6.602666666666667,
2004-01-26,-7.08,5.35,-10.692857142857141,26,-5.616333333333333,
2004-01-27,-13.54,0.16,-12.732857142857142,27,-6.115666666666667,
2004-01-28,-16.75,0.0,-13.442857142857141,28,-5.8726666666666665,
2004-01-29,-17.94,0.26,-13.569999999999997,29,-7.1626666666666665,
2004-01-30,-17.48,0.49,-13.595714285714283,30,-7.257000000000001,
2004-01-31,-13.36,0.12,-13.772857142857143,31,-5.312333333333333,
2004-02-01,-8.84,8.42,-13.082857142857142,32,-5.570666666666667,
2004-02-02,-7.26,3.25,-11.385714285714283,33,-5.598333333333333,
2004-02-03,-14.78,0.0,-9.967142857142855,34,-5.522333333333333,
2004-02-04,-11.92,0.24,-9.824285714285711,35,-6.5696666666666665,
2004-02-05,-6.06,5.58,-9.757142857142854,36,-5.671666666666667,
2004-02-06,-7.55,0.6,-9.505714285714282,37,-4.662999999999999,
2004-02-07,-12.36,0.03,-8.529999999999998,38,-5.294,
2004-02-08,-8.37,0.06,-7.778571428571427,39,-5.605333333333333,
2004-02-09,-5.5,0.0,-8.397142857142855,40,-5.402333333333333,
2004-02-10,-7.95,0.01,-8.634285714285712,41,-5.548666666666667,
2004-02-11,-6.66,0.01,-8.31285714285714,42,-5.828,
2004-02-12,-10.39,0.01,-9.235714285714282,43,-5.614,
2004-02-13,-9.21,0.0,-9.554285714285712,44,-4.276333333333333,
2004-02-14,-10.11,0.0,-9.229999999999999,45,-4.116666666666666,
2004-02-15,-14.83,0.0,-8.279999999999998,46,-5.044,
2004-02-16,-7.73,0.0,-6.567142857142856,47,-4.468,
2004-02-17,-5.68,0.02,-5.107142857142855,48,-2.9069999999999996,
2004-02-18,-0.01,0.0,-3.497142857142855,49,-2.4276666666666666,
2004-02-19,1.6,1.18,-1.0757142857142836,50,-2.2693333333333334,
2004-02-20,1.01,5.39,0.12571428571428778,51,-1.5713333333333332,
2004-02-21,1.16,0.02,0.9614285714285734,52,-2.385,
2004-02-22,2.12,2.6,0.9342857142857162,53,-1.8993333333333333,
2004-02-23,0.68,0.01,0.7942857142857163,54,-2.289,
2004-02-24,0.17,0.0,0.9557142857142876,55,-2.667333333333333,
2004-02-25,-0.2,0.0,1.5185714285714305,56,-3.2760000000000002,
2004-02-26,0.62,0.0,2.3257142857142874,57,-3.2516666666666665,
2004-02-27,2.14,0.0,3.0171428571428587,58,-3.3603333333333336,
2004-02-28,5.1,0.0,3.1814285714285733,59,-2.131666666666667,
2004-02-29,7.77,1.7,3.457142857142859,60,1.94125,
2004-03-01,5.52,2.62,3.5628571428571445,61,-1.5816666666666666,
2004-03-02,1.32,0.03,3.6300000000000017,62,-3.1626666666666665,
2004-03-03,1.73,0.78,3.3528571428571445,63,-2.8819999999999997,
2004-03-04,1.36,14.05,2.470000000000002,64,-1.1363333333333332,
2004-03-05,2.61,7.43,2.234285714285716,65,-0.13566666666666655,
2004-03-06,3.16,0.27,2.440000000000002,66,0.4623333333333332,
2004-03-07,1.59,0.02,2.700000000000002,67,0.44066666666666665,
2004-03-08,3.87,0.05,1.9371428571428593,68,0.748,
2004-03-09,2.76,0.01,1.330000000000002,69,-0.33833333333333326,
2004-03-10,3.55,0.3,1.544285714285716,70,0.44,
2004-03-11,-3.98,0.01,1.7471428571428593,71,0.871,
2004-03-12,-1.64,0.0,1.0000000000000018,72,1.326,
2004-03-13,4.66,1.98,0.40571428571428775,73,2.741,
2004-03-14,3.01,0.0,0.044285714285716295,74,2.949333333333333,
2004-03-15,-1.36,12.03,1.0685714285714307,75,2.875,
2004-03-16,-1.4,1.52,2.484285714285716,76,3.725333333333333,
2004-03-17,1.02,2.01,2.847142857142859,77,3.746,
2004-03-18,3.19,0.58,2.128571428571431,78,3.3153333333333337,
2004-03-19,8.27,0.0,2.57857142857143,79,3.641,
2004-03-20,7.2,0.03,3.760000000000002,80,3.9993333333333334,
2004-03-21,-2.02,0.0,5.827142857142859,81,3.7106666666666666,
2004-03-22,1.79,0.0,7.705714285714287,82,4.115666666666667,
2004-03-23,6.87,3.1,8.944285714285716,83,4.760000000000001,
2004-03-24,15.49,0.27,10.26714285714286,84,4.697,
2004-03-25,16.34,3.76,11.761428571428572,85,4.338333333333334,
2004-03-26,16.94,0.67,12.484285714285717,86,5.436999999999999,
2004-03-27,16.46,25.12,11.695714285714288,87,5.832666666666666,
2004-03-28,8.44,0.98,9.88857142857143,88,5.482,
2004-03-29,6.85,0.23,8.295714285714288,89,6.0793333333333335,
2004-03-30,1.35,0.01,6.957142857142858,90,7.23,
2004-03-31,2.84,0.0,5.487142857142858,91,6.647,
2004-04-01,5.19,0.01,5.075714285714288,92,6.444999999999999,
2004-04-02,7.57,0.03,5.540000000000002,93,7.316,
2004-04-03,6.17,0.01,7.275714285714288,94,6.646333333333333,
2004-04-04,5.56,0.0,8.695714285714288,95,5.5616666666666665,
2004-04-05,10.1,0.0,9.218571428571432,96,7.396,
2004-04-06,13.5,0.01,9.158571428571431,97,7.986666666666666,
2004-04-07,12.78,0.09,8.79857142857143,98,7.6353333333333335,
2004-04-08,8.85,0.0,8.430000000000001,99,7.1129999999999995,
2004-04-09,7.15,0.02,7.580000000000003,100,7.235333333333333,
2004-04-10,3.65,0.0,6.657142857142859,101,8.195333333333334,
2004-04-11,2.98,0.05,6.441428571428573,102,8.320666666666666,
2004-04-12,4.15,0.01,7.2514285714285736,103,7.707,
2004-04-13,7.04,0.0,8.935714285714287,104,8.866999999999999,
2004-04-14,11.27,0.01,11.151428571428573,105,10.045666666666667,
2004-04-15,14.52,0.09,13.54857142857143,106,10.124,
2004-04-16,18.94,6.39,14.754285714285716,107,9.499666666666666,
2004-04-17,19.16,0.07,15.427142857142858,108,10.244666666666665,
2004-04-18,19.76,2.26,15.511428571428572,109,11.613333333333333,
2004-04-19,12.59,0.07,14.898571428571431,110,10.836666666666668,
2004-04-20,11.75,23.33,13.894285714285717,111,9.832666666666666,
2004-04-21,11.86,0.28,12.511428571428572,112,10.340333333333332,
2004-04-22,10.23,0.01,11.264285714285718,113,10.793333333333333,
2004-04-23,11.91,0.13,10.860000000000001,114,11.044,
2004-04-24,9.48,15.9,10.734285714285717,115,12.153666666666668,
2004-04-25,11.03,1.22,11.852857142857147,116,11.603666666666667,
2004-04-26,9.76,0.0,12.780000000000001,117,11.013333333333332,
2004-04-27,10.87,0.0,12.514285714285718,118,10.667666666666666,
2004-04-28,19.69,0.01,12.530000000000001,119,11.247333333333334,
2004-04-29,16.72,0.25,11.88857142857143,120,11.810666666666666,
2004-04-30,10.05,1.3,11.835714285714287,121,12.266666666666667,
2004-05-01,9.59,0.07,12.204285714285717,122,12.117666666666667,
2004-05-02,6.54,0.3,11.864285714285716,123,12.065333333333335,
2004-05-03,9.39,0.0,12.338571428571429,124,12.464333333333334,
2004-05-04,13.45,0.01,13.072857142857144,125,13.715666666666667,
2004-05-05,17.31,0.02,14.821428571428573,126,14.700666666666667,
2004-05-06,20.04,0.07,17.07857142857143,127,15.049333333333333,
2004-05-07,15.19,0.79,18.272857142857145,128,15.288,
2004-05-08,21.83,16.38,19.37142857142857,129,15.648,
2004-05-09,22.34,1.27,19.657142857142855,130,15.424000000000001,
2004-05-10,17.75,0.57,18.175714285714285,131,15.732666666666667,
2004-05-11,21.14,0.04,17.224285714285717,132,14.824666666666667,
2004-05-12,19.31,16.05,15.702857142857145,133,13.698666666666666,
2004-05-13,9.67,2.51,14.860000000000001,134,13.713333333333335,
2004-05-14,8.53,1.32,14.932857142857145,135,14.930666666666667,
2004-05-15,11.18,0.03,14.074285714285717,136,15.792666666666666,
2004-05-16,16.44,0.13,13.904285714285717,137,16.949,
2004-05-17,18.26,17.15,15.74714285714286,138,16.96,
2004-05-18,15.13,1.99,17.875714285714288,139,16.109666666666666,
2004-05-19,18.12,0.11,19.445714285714285,140,16.488666666666667,
2004-05-20,22.57,1.28,19.70571428571429,141,16.082666666666668,
2004-05-21,23.43,18.16,19.202857142857145,142,16.447666666666667,
2004-05-22,22.17,26.49,19.074285714285715,143,17.717666666666666,
2004-05-23,18.26,29.46,18.662857142857145,144,17.689,
2004-05-24,14.74,27.87,18.11571428571429,145,17.377,
2004-05-25,14.23,0.92,17.472857142857144,146,16.985,
2004-05-26,15.24,0.15,17.325714285714287,147,17.367,
2004-05-27,18.74,0.26,17.63857142857143,148,18.245,
2004-05-28,18.93,6.81,17.99571428571429,149,18.587,
2004-05-29,21.14,16.95,18.177142857142858,150,19.214,
2004-05-30,20.45,4.3,18.272857142857145,151,19.67366666666667,
2004-05-31,17.24,0.65,18.184285714285718,152,18.76966666666667,
2004-06-01,15.5,0.44,18.317142857142862,153,18.962666666666667,
2004-06-02,15.91,0.06,17.95714285714286,154,18.642999999999997,
2004-06-03,18.12,0.0,18.131428571428575,155,19.017333333333333,
2004-06-04,19.86,0.01,19.25714285714286,156,19.663999999999998,
2004-06-05,18.62,1.17,20.671428571428574,157,20.015,
2004-06-06,21.67,0.0,21.774285714285718,158,20.389666666666667,
2004-06-07,25.12,0.05,22.332857142857144,159,21.124666666666666,
2004-06-08,25.4,0.18,23.015714285714292,160,20.57633333333333,
2004-06-09,23.63,5.99,23.451428571428576,161,20.773333333333333,
2004-06-10,22.03,8.84,23.56857142857143,162,21.00133333333333,
2004-06-11,24.64,7.02,23.15142857142857,163,21.526666666666664,
2004-06-12,21.67,10.57,22.420000000000005,164,21.44333333333333,
2004-06-13,22.49,4.03,22.204285714285714,165,21.556333333333335,
2004-06-14,22.2,4.18,21.84,166,21.331666666666667,
2004-06-15,20.28,0.56,20.712857142857143,167,21.750999999999998,
2004-06-16,22.12,19.3,19.79714285714286,168,21.923000000000002,
2004-06-17,19.48,0.06,18.982857142857142,169,22.441666666666666,
2004-06-18,16.75,1.23,18.452857142857145,170,22.617,
2004-06-19,15.26,0.04,18.112857142857145,171,22.067666666666664,
2004-06-20,16.79,2.19,17.792857142857144,172,22.64333333333333,
2004-06-21,18.49,10.88,17.0,173,22.711666666666666,
2004-06-22,17.9,0.0,16.8,174,22.692333333333334,
2004-06-23,19.88,0.97,17.180000000000003,175,22.369333333333334,
2004-06-24,13.93,5.34,17.441428571428574,176,22.28666666666667,
2004-06-25,15.35,0.0,17.352857142857147,177,22.715333333333334,
2004-06-26,17.92,0.02,17.614285714285717,178,22.841,
2004-06-27,18.62,2.92,17.74857142857143,179,23.119333333333334,
2004-06-28,17.87,0.0,19.14428571428572,180,22.435333333333332,
2004-06-29,19.73,0.04,20.18285714285715,181,22.72233333333333,
2004-06-30,20.82,0.06,20.720000000000002,182,23.016000000000002,
2004-07-01,23.7,0.1,21.374285714285715,183,22.925666666666665,
2004-07-02,22.62,14.73,21.87857142857143,184,22.494666666666667,
2004-07-03,21.68,10.51,21.864285714285717,185,23.086000000000002,
2004-07-04,23.2,1.6,21.32714285714286,186,23.35,
2004-07-05,21.4,9.64,20.681428571428572,187,23.333666666666666,
2004-07-06,19.63,0.43,20.610000000000003,188,23.908,
2004-07-07,17.06,0.36,20.92571428571429,189,23.91033333333333,
2004-07-08,19.18,6.9,21.025714285714287,190,23.716333333333335,
2004-07-09,22.12,8.24,21.602857142857147,191,23.563666666666666,
2004-07-10,23.89,2.39,22.37857142857143,192,23.58566666666667,
2004-07-11,23.9,19.78,23.024285714285718,193,23.475666666666665,
2004-07-12,25.44,1.49,23.625714285714285,194,23.613999999999997,
2004-07-13,25.06,0.35,23.91,195,23.775,
2004-07-14,21.58,0.0,23.532857142857146,196,23.750333333333334,
2004-07-15,23.39,0.01,23.244285714285716,197,24.091,
2004-07-16,24.11,1.16,23.1,198,24.48933333333333,
2004-07-17,21.25,0.0,23.33571428571429,199,25.218666666666667,
2004-07-18,21.88,0.0,24.021428571428576,200,25.182000000000002,
2004-07-19,24.43,0.0,24.172857142857143,201,25.142666666666667,
2004-07-20,26.71,2.79,23.631428571428575,202,24.688333333333333,
2004-07-21,26.38,4.59,23.19,203,24.159,
2004-07-22,24.45,5.44,22.784285714285716,204,24.09733333333333,
2004-07-23,20.32,0.28,22.121428571428574,205,23.634999999999998,
2004-07-24,18.16,0.99,21.162857142857145,206,23.958333333333332,
2004-07-25,19.04,0.0,20.41571428571429,207,24.35666666666667,
2004-07-26,19.79,0.01,20.07857142857143,208,23.784333333333333,
2004-07-27,20.0,0.0,20.337142857142858,209,23.436333333333334,
2004-07-28,21.15,1.17,21.032857142857146,210,23.39466666666667,
2004-07-29,22.09,3.93,21.75857142857143,211,22.936333333333334,
2004-07-30,22.13,1.24,22.58571428571429,212,23.407333333333334,
2004-07-31,23.03,5.22,23.391428571428573,213,23.882,
2004-08-01,24.12,8.5,23.451428571428576,214,24.038,
2004-08-02,25.58,7.76,22.982857142857146,215,23.786,
2004-08-03,25.64,36.14,22.400000000000002,216,23.788333333333334,
2004-08-04,21.57,0.69,21.89714285714286,217,23.070333333333334,
2004-08-05,18.81,0.02,21.632857142857144,218,22.095000000000002,
2004-08-06,18.05,0.0,20.895714285714288,219,22.555999999999997,
2004-08-07,19.51,0.04,19.590000000000003,220,23.384999999999998,
2004-08-08,22.27,1.43,18.604285714285716,221,23.405666666666665,
2004-08-09,20.42,0.03,18.12714285714286,222,23.939,
2004-08-10,16.5,0.01,17.842857142857145,223,23.015666666666668,
2004-08-11,14.67,0.01,17.51571428571429,224,22.470000000000002,
2004-08-12,15.47,0.03,16.915714285714287,225,22.623333333333335,
2004-08-13,16.06,0.01,16.90142857142857,226,22.243999999999996,
2004-08-14,17.22,0.0,17.55857142857143,227,21.991,
2004-08-15,18.07,0.0,18.35,228,21.821,
2004-08-16,20.32,8.39,18.340000000000003,229,22.473666666666666,
2004-08-17,21.1,0.69,18.567142857142862,230,22.349666666666668,
2004-08-18,20.21,6.22,18.582857142857144,231,22.279,
2004-08-19,15.4,0.0,19.234285714285715,232,21.826,
2004-08-20,17.65,0.03,19.702857142857145,233,21.703333333333333,
2004-08-21,17.33,0.0,20.022857142857145,234,22.387999999999998,
2004-08-22,22.63,0.38,20.544285714285714,235,22.672666666666665,
2004-08-23,23.6,2.31,21.984285714285715,236,22.886000000000003,
2004-08-24,23.34,4.23,22.64428571428571,237,23.147333333333332,
2004-08-25,23.86,7.75,22.79571428571429,238,22.886333333333333,
2004-08-26,25.48,16.25,22.227142857142862,239,23.105999999999998,
2004-08-27,22.27,1.89,21.777142857142856,240,23.144333333333336,
2004-08-28,18.39,3.14,21.524285714285718,241,22.774333333333335,
2004-08-29,18.65,0.27,21.62857142857143,242,22.189,
2004-08-30,20.45,0.66,21.337142857142858,243,21.733333333333334,
2004-08-31,21.57,0.16,21.445714285714285,244,21.302666666666667,
2004-09-01,24.59,0.11,22.240000000000006,245,21.451,
2004-09-02,23.44,0.0,23.030000000000005,246,22.022333333333332,
2004-09-03,23.03,0.0,22.778571428571432,247,21.276666666666664,
2004-09-04,23.95,0.05,21.97714285714286,248,21.00433333333333,
2004-09-05,24.18,21.63,20.82857142857143,249,21.005666666666666,
2004-09-06,18.69,0.32,20.181428571428572,250,21.192666666666664,
2004-09-07,15.96,0.01,19.960000000000004,251,20.137,
2004-09-08,16.55,0.0,19.778571428571432,252,19.12933333333333,
2004-09-09,18.91,0.04,19.505714285714287,253,19.55933333333333,
2004-09-10,21.48,0.0,20.1,254,19.197,
2004-09-11,22.68,0.01,21.2,255,19.569333333333336,
2004-09-12,22.27,0.0,21.85857142857143,256,19.301,
2004-09-13,22.85,1.46,21.60571428571429,257,18.745333333333335,
2004-09-14,23.66,5.22,21.13571428571429,258,17.874333333333333,
2004-09-15,21.16,2.78,20.94142857142857,259,18.199666666666666,
2004-09-16,17.14,0.0,21.01857142857143,260,18.276999999999997,
2004-09-17,18.19,1.32,20.63714285714286,261,18.257,
2004-09-18,21.32,2.93,20.271428571428576,262,17.91466666666667,
2004-09-19,22.81,0.0,20.282857142857146,263,17.648333333333333,
2004-09-20,20.18,0.01,20.595714285714287,264,17.333666666666666,
2004-09-21,21.1,0.11,20.512857142857143,265,16.50766666666667,
2004-09-22,21.24,0.03,19.85714285714286,266,15.752999999999998,
2004-09-23,19.33,2.03,19.058571428571433,267,15.840666666666666,
2004-09-24,17.61,0.0,18.761428571428574,268,15.879666666666667,
2004-09-25,16.73,0.07,17.734285714285715,269,16.085666666666665,
2004-09-26,17.22,0.03,16.56714285714286,270,15.628000000000002,
2004-09-27,18.1,0.0,16.092857142857145,271,15.453666666666667,
2004-09-28,13.91,0.0,15.308571428571431,272,14.340333333333332,
2004-09-29,13.07,0.0,13.98714285714286,273,15.011,
2004-09-30,16.01,0.11,13.512857142857145,274,15.565,
2004-10-01,12.12,9.12,12.020000000000001,275,14.964666666666666,
2004-10-02,7.48,0.0,11.541428571428574,276,14.025,
2004-10-03,13.9,0.01,11.854285714285718,277,13.937999999999999,
2004-10-04,7.65,0.0,11.861428571428574,278,12.959333333333335,
2004-10-05,10.56,0.0,12.622857142857145,279,13.216666666666667,
2004-10-06,15.26,0.0,13.471428571428573,280,13.280666666666667,
2004-10-07,16.06,2.67,13.367142857142861,281,13.126,
2004-10-08,17.45,0.24,13.797142857142859,282,13.387,
2004-10-09,13.42,0.0,13.912857142857144,283,12.320333333333334,
2004-10-10,13.17,0.01,13.125714285714286,284,11.544666666666666,
2004-10-11,10.66,0.0,11.817142857142859,285,12.015333333333333,
2004-10-12,11.37,0.07,10.29857142857143,286,11.498666666666667,
2004-10-13,9.75,0.47,9.01714285714286,287,10.771666666666667,
2004-10-14,6.9,0.05,8.075714285714287,288,10.437000000000001,
2004-10-15,6.82,0.18,7.782857142857146,289,10.093333333333334,
2004-10-16,4.45,0.0,7.47857142857143,290,10.100999999999999,
2004-10-17,6.58,0.0,7.524285714285717,291,10.468,
2004-10-18,8.61,4.72,8.228571428571431,292,9.365,
2004-10-19,9.24,0.46,9.707142857142859,293,9.306333333333333,
2004-10-20,10.07,0.04,11.05857142857143,294,9.620000000000001,
2004-10-21,11.83,0.11,11.978571428571431,295,9.548333333333334,
2004-10-22,17.17,0.29,12.340000000000003,296,9.428333333333335,
2004-10-23,13.91,0.04,12.675714285714289,297,9.361666666666668,
2004-10-24,13.02,0.0,12.98571428571429,298,8.323333333333332,
2004-10-25,11.14,0.0,13.680000000000003,299,8.220666666666666,
2004-10-26,11.59,8.02,14.188571428571432,300,7.387333333333333,
2004-10-27,12.24,0.57,13.454285714285717,301,6.560333333333333,
2004-10-28,16.69,1.65,12.58857142857143,302,7.194333333333334,
2004-10-29,20.73,4.87,12.040000000000004,303,7.574,
2004-10-30,8.77,0.19,11.232857142857146,304,6.771333333333333,
2004-10-31,6.96,0.44,10.13857142857143,305,5.3613333333333335,
2004-11-01,7.3,24.0,8.445714285714287,306,5.837000000000001,
2004-11-02,5.94,0.06,6.424285714285717,307,4.904,
2004-11-03,4.58,1.78,6.764285714285717,308,5.098666666666667,
2004-11-04,4.84,0.0,6.9371428571428595,309,5.049,
2004-11-05,6.58,0.01,6.575714285714288,310,5.129666666666666,
2004-11-06,11.15,0.0,6.852857142857145,311,4.361666666666666,
2004-11-07,8.17,0.0,7.521428571428573,312,3.850333333333333,
2004-11-08,4.77,0.0,6.988571428571431,313,4.254666666666667,
2004-11-09,7.88,0.01,5.980000000000002,314,4.613333333333333,
2004-11-10,9.26,4.71,4.402857142857145,315,3.4196666666666666,
2004-11-11,1.11,0.0,3.574285714285716,316,1.9046666666666667,
2004-11-12,-0.48,0.0,3.8542857142857163,317,1.7046666666666668,
2004-11-13,0.11,0.0,4.297142857142859,318,2.5083333333333333,
2004-11-14,2.37,0.01,5.072857142857145,319,2.8676666666666666,
2004-11-15,6.73,0.06,6.314285714285717,320,2.585,
2004-11-16,10.98,0.07,7.6871428571428595,321,2.494,
2004-11-17,14.69,0.7,8.26714285714286,322,2.942333333333333,
2004-11-18,9.8,14.37,8.231428571428575,323,2.783666666666667,
2004-11-19,9.13,4.56,7.765714285714288,324,2.183666666666667,
2004-11-20,4.17,0.01,6.4928571428571455,325,1.4466666666666665,
2004-11-21,2.12,0.0,4.165714285714288,326,1.0430000000000001,
2004-11-22,3.47,0.0,2.652857142857145,327,1.2656666666666667,
2004-11-23,2.07,0.0,1.7442857142857164,328,0.8053333333333333,
2004-11-24,-1.6,0.0,1.2871428571428591,329,0.4036666666666667,
2004-11-25,-0.79,0.0,0.7271428571428592,330,0.2166666666666667,
2004-11-26,2.77,2.05,0.032857142857144854,331,-0.3006666666666667,
2004-11-27,0.97,3.48,-0.6471428571428551,332,-0.6473333333333334,
2004-11-28,-1.8,0.97,-0.5299999999999979,333,0.04299999999999997,
2004-11-29,-1.39,0.27,-0.33857142857142647,334,-0.1753333333333333,
2004-11-30,-2.69,0.11,-0.8028571428571407,335,-1.3270000000000002,
2004-12-01,-0.78,0.01,-0.7057142857142836,336,-1.3359999999999999,
2004-12-02,0.55,0.01,-0.45428571428571224,337,-0.9176666666666667,
2004-12-03,-0.48,0.0,0.11428571428571632,338,-1.3096666666666665,
2004-12-04,1.65,0.0,0.6871428571428593,339,-1.384,
2004-12-05,-0.04,6.85,0.8957142857142877,340,-2.7996666666666665,
2004-12-06,2.59,0.41,1.3085714285714307,341,-3.5756666666666663,
2004-12-07,1.32,0.1,1.5014285714285733,342,-3.7616666666666663,
2004-12-08,0.68,0.07,1.190000000000002,343,-3.6540000000000004,
2004-12-09,3.44,0.3,1.5000000000000018,344,-4.117666666666667,
2004-12-10,0.87,0.05,0.2500000000000019,345,-3.7346666666666666,
2004-12-11,-0.53,0.0,-0.9957142857142839,346,-3.7763333333333335,
2004-12-12,2.13,0.04,-1.379999999999998,347,-3.5260000000000002,
2004-12-13,-6.16,0.0,-1.865714285714284,348,-2.4756666666666667,
2004-12-14,-7.4,0.0,-2.367142857142855,349,-3.1086666666666667,
2004-12-15,-2.01,0.0,-2.615714285714284,350,-3.9536666666666664,
2004-12-16,0.04,0.12,-4.8199999999999985,351,-4.115,
2004-12-17,-2.64,0.0,-4.5542857142857125,352,-4.723333333333333,
2004-12-18,-2.27,0.0,-4.652857142857141,353,-4.670333333333334,
2004-12-19,-13.3,0.1,-6.305714285714283,354,-5.029,
2004-12-20,-4.3,1.77,-8.72285714285714,355,-4.147,
2004-12-21,-8.09,0.04,-10.242857142857142,356,-4.393,
2004-12-22,-13.58,0.0,-10.792857142857143,357,-4.798,
2004-12-23,-16.88,0.0,-10.06285714285714,358,-5.59,
2004-12-24,-13.28,0.0,-10.179999999999998,359,-6.833333333333333,
2004-12-25,-6.12,0.21,-9.004285714285713,360,-5.871333333333333,
2004-12-26,-8.19,0.0,-7.3199999999999985,361,-4.98,
2004-12-27,-5.12,0.01,-3.8971428571428555,362,-4.514666666666667,
2004-12-28,0.14,0.01,-2.0685714285714267,363,-4.012666666666666,
2004-12-29,-1.79,0.0,-1.377142857142855,364,-5.275666666666667,
2004-12-30,7.08,0.23,-0.6571428571428554,365,-4.824666666666667,
2004-12-31,-0.48,0.0,-0.6042857142857124,366,-6.896333333333333,
2005-01-01,-1.28,2.76,-1.4371428571428555,1,-7.254666666666667,
2005-01-02,-3.15,0.09,-2.459999999999998,2,-6.669333333333333,
2005-01-03,-4.75,0.43,-5.165714285714285,3,-6.372,
2005-01-04,-5.69,5.0,-6.639999999999999,4,-7.632000000000001,
2005-01-05,-8.95,9.39,-7.85142857142857,5,-7.3629999999999995,
2005-01-06,-11.86,0.35,-8.102857142857141,6,-7.612666666666667,
2005-01-07,-10.8,0.12,-8.479999999999999,7,-7.635666666666666,
2005-01-08,-9.76,0.03,-8.195714285714285,8,-6.3966666666666665,
2005-01-09,-4.91,0.21,-7.2728571428571405,9,-6.800666666666667,
2005-01-10,-7.39,0.08,-7.165714285714283,10,-6.191666666666666,
2005-01-11,-3.7,0.24,-8.39285714285714,11,-5.321666666666667,
2005-01-12,-2.49,0.33,-9.29142857142857,12,-6.834333333333333,
2005-01-13,-11.11,0.0,-10.649999999999997,13,-7.807,
2005-01-14,-19.39,0.01,-11.788571428571426,14,-7.033666666666666,
2005-01-15,-16.05,0.0,-12.439999999999998,15,-8.241333333333333,
2005-01-16,-14.42,0.0,-12.615714285714285,16,-7.281666666666666,
2005-01-17,-15.36,0.0,-11.674285714285713,17,-7.789,
2005-01-18,-8.26,0.72,-9.584285714285713,18,-8.385333333333334,
2005-01-19,-3.72,0.0,-8.877142857142855,19,-7.801,
2005-01-20,-4.52,0.01,-8.062857142857142,20,-7.862,
2005-01-21,-4.76,0.49,-6.225714285714284,21,-6.818,
2005-01-22,-11.1,0.03,-4.819999999999999,22,-5.656000000000001,
2005-01-23,-8.72,0.0,-4.647142857142855,23,-6.655666666666667,
2005-01-24,-2.5,0.0,-4.768571428571427,24,-7.19,
2005-01-25,1.58,0.01,-4.739999999999999,25,-6.602666666666667,
2005-01-26,-2.51,0.0,-3.528571428571427,26,-5.616333333333333,
2005-01-27,-5.37,0.0,-2.6299999999999986,27,-6.115666666666667,
2005-01-28,-4.56,0.01,-2.2371428571428558,28,-5.8726666666666665,
2005-01-29,-2.62,0.01,-2.4499999999999984,29,-7.1626666666666665,
2005-01-30,-2.43,0.03,-2.0571428571428556,30,-7.257000000000001,
2005-01-31,0.25,0.02,-0.9171428571428557,31,-5.312333333333333,
2005-02-01,0.09,0.0,0.27000000000000146,32,-5.570666666666667,
2005-02-02,0.24,0.0,1.4585714285714302,33,-5.598333333333333,
2005-02-03,2.61,0.01,2.221428571428573,34,-5.522333333333333,
2005-02-04,3.75,0.0,1.5271428571428587,35,-6.5696666666666665,
2005-02-05,5.7,0.02,0.84857142857143,36,-5.671666666666667,
2005-02-06,2.91,7.1,0.005714285714287242,37,-4.662999999999999,
2005-02-07,-4.61,1.29,-1.2028571428571413,38,-5.294,
2005-02-08,-4.66,2.5,-1.8199999999999985,39,-5.605333333333333,
2005-02-09,-5.66,0.12,-2.4571428571428555,40,-5.402333333333333,
2005-02-10,-5.85,0.0,-2.4957142857142847,41,-5.548666666666667,
2005-02-11,-0.57,0.06,-1.2399999999999984,42,-5.828,
2005-02-12,1.24,3.55,-0.43142857142856983,43,-5.614,
2005-02-13,2.64,18.2,0.0500000000000016,44,-4.276333333333333,
2005-02-14,4.18,0.19,0.551428571428573,45,-4.116666666666666,
2005-02-15,1.0,0.09,0.19142857142857306,46,-5.044,
2005-02-16,-2.29,0.0,0.03428571428571588,47,-4.468,
2005-02-17,-2.34,0.0,-0.1299999999999984,48,-2.9069999999999996,
2005-02-18,-3.09,0.0,-1.0228571428571411,49,-2.4276666666666666,
2005-02-19,0.14,0.92,-1.2814285714285698,50,-2.2693333333333334,
2005-02-20,1.49,1.68,-1.1385714285714268,51,-1.5713333333333332,
2005-02-21,-2.07,0.28,-0.8971428571428556,52,-2.385,
2005-02-22,-0.81,0.06,-0.4585714285714269,53,-1.8993333333333333,
2005-02-23,-1.29,0.02,-0.3942857142857127,54,-2.289,
2005-02-24,-0.65,0.49,-0.5271428571428555,55,-2.667333333333333,
2005-02-25,-0.02,0.0,-0.7671428571428555,56,-3.2760000000000002,
2005-02-26,0.59,0.06,-1.3214285714285698,57,-3.2516666666666665,
2005-02-27,0.56,0.63,-1.46142857142857,58,-3.3603333333333336,
2005-02-28,-3.75,0.17,-1.4599999999999984,59,-2.131666666666667,
2005-03-01,-4.69,0.03,-1.0128571428571413,61,-1.5816666666666666,
2005-03-02,-2.27,0.04,-0.7628571428571413,62,-3.1626666666666665,
2005-03-03,-0.64,0.0,0.544285714285716,63,-2.8819999999999997,
2005-03-04,3.11,0.01,1.1400000000000017,64,-1.1363333333333332,
2005-03-05,2.34,0.01,1.4014285714285732,65,-0.13566666666666655,
2005-03-06,9.71,1.37,1.3914285714285732,66,0.4623333333333332,
2005-03-07,0.42,0.03,1.7685714285714305,67,0.44066666666666665,
2005-03-08,-2.86,0.01,1.4385714285714304,68,0.748,
2005-03-09,-2.34,0.01,0.6242857142857162,69,-0.33833333333333326,
2005-03-10,2.0,0.99,-1.1185714285714268,70,0.44,
2005-03-11,0.8,0.0,-1.4299999999999982,71,0.871,
2005-03-12,-3.36,0.13,-0.8028571428571413,72,1.326,
2005-03-13,-2.49,0.03,-0.2414285714285697,73,2.741,
2005-03-14,-1.76,0.01,-0.035714285714284,74,2.949333333333333,
2005-03-15,1.53,0.01,0.42571428571428743,75,2.875,
2005-03-16,1.59,0.01,0.8314285714285733,76,3.725333333333333,
2005-03-17,3.44,0.02,1.4142857142857161,77,3.746,
2005-03-18,4.03,2.35,2.1400000000000015,78,3.3153333333333337,
2005-03-19,-0.52,0.14,2.1028571428571445,79,3.641,
2005-03-20,1.59,0.07,2.371428571428573,80,3.9993333333333334,
2005-03-21,3.32,0.0,2.1171428571428588,81,3.7106666666666666,
2005-03-22,1.27,0.07,1.801428571428573,82,4.115666666666667,
2005-03-23,3.47,0.05,2.41857142857143,83,4.760000000000001,
2005-03-24,1.66,8.93,3.0928571428571447,84,4.697,
2005-03-25,1.82,4.51,4.131428571428573,85,4.338333333333334,
2005-03-26,3.8,0.03,5.975714285714288,86,5.436999999999999,
2005-03-27,6.31,0.0,7.250000000000002,87,5.832666666666666,
2005-03-28,10.59,0.0,8.18857142857143,88,5.482,
2005-03-29,14.18,0.01,8.770000000000001,89,6.0793333333333335,
2005-03-30,12.39,7.23,9.232857142857144,90,7.23,
2005-03-31,8.23,0.0,10.131428571428573,91,6.647,
2005-04-01,5.89,0.0,11.137142857142859,92,6.444999999999999,
2005-04-02,7.04,0.0,11.69714285714286,93,7.316,
2005-04-03,12.6,0.0,12.144285714285717,94,6.646333333333333,
2005-04-04,17.63,0.0,12.441428571428572,95,5.5616666666666665,
2005-04-05,18.1,0.01,13.467142857142859,96,7.396,
2005-04-06,15.52,3.27,14.841428571428574,97,7.986666666666666,
2005-04-07,10.31,0.01,15.81,98,7.6353333333333335,
2005-04-08,13.07,0.0,15.687142857142858,99,7.1129999999999995,
2005-04-09,16.66,0.01,14.877142857142859,100,7.235333333333333,
2005-04-10,19.38,6.56,14.051428571428572,101,8.195333333333334,
2005-04-11,16.77,30.84,14.127142857142857,102,8.320666666666666,
2005-04-12,12.43,3.43,14.19857142857143,103,7.707,
2005-04-13,9.74,0.01,13.832857142857145,104,8.866999999999999,
2005-04-14,10.84,0.04,13.752857142857144,105,10.045666666666667,
2005-04-15,13.57,0.02,14.095714285714289,106,10.124,
2005-04-16,14.1,4.43,15.142857142857142,107,9.499666666666666,
2005-04-17,18.82,0.06,16.305714285714288,108,10.244666666666665,
2005-04-18,19.17,3.32,16.611428571428572,109,11.613333333333333,
2005-04-19,19.76,11.59,16.278571428571432,110,10.836666666666668,
2005-04-20,17.88,4.34,14.990000000000004,111,9.832666666666666,
2005-04-21,12.98,3.33,13.274285714285716,112,10.340333333333332,
2005-04-22,11.24,12.08,11.741428571428573,113,10.793333333333333,
2005-04-23,5.08,0.0,9.764285714285716,114,11.044,
2005-04-24,6.81,0.02,8.314285714285715,115,12.153666666666668,
2005-04-25,8.44,1.33,7.420000000000002,116,11.603666666666667,
2005-04-26,5.92,1.22,6.751428571428572,117,11.013333333333332,
2005-04-27,7.73,0.05,6.915714285714287,118,10.667666666666666,
2005-04-28,6.72,0.0,6.594285714285716,119,11.247333333333334,
2005-04-29,6.56,0.0,6.08857142857143,120,11.810666666666666,
2005-04-30,6.23,0.0,6.237142857142858,121,12.266666666666667,
2005-05-01,4.56,0.04,6.771428571428572,122,12.117666666666667,
2005-05-02,4.9,0.04,7.972857142857144,123,12.065333333333335,
2005-05-03,6.96,0.05,9.592857142857143,124,12.464333333333334,
2005-05-04,11.47,0.01,11.634285714285715,125,13.715666666666667,
2005-05-05,15.13,0.15,13.865714285714287,126,14.700666666666667,
2005-05-06,17.9,5.63,15.83714285714286,127,15.049333333333333,
2005-05-07,20.52,2.56,17.650000000000002,128,15.288,
2005-05-08,20.18,1.48,18.427142857142858,129,15.648,
2005-05-09,18.7,0.04,18.09714285714286,130,15.424000000000001,
2005-05-10,19.65,10.87,17.674285714285713,131,15.732666666666667,
2005-05-11,16.91,15.98,16.062857142857144,132,14.824666666666667,
2005-05-12,12.82,42.38,14.54857142857143,133,13.698666666666666,
2005-05-13,14.94,2.71,13.714285714285717,134,13.713333333333335,
2005-05-14,9.24,0.08,13.382857142857144,135,14.930666666666667,
2005-05-15,9.58,0.0,13.481428571428571,136,15.792666666666666,
2005-05-16,12.86,0.46,14.465714285714286,137,16.949,
2005-05-17,17.33,2.07,14.854285714285714,138,16.96,
2005-05-18,17.6,5.1,16.23,139,16.109666666666666,
2005-05-19,19.71,0.0,17.664285714285718,140,16.488666666666667,
2005-05-20,17.66,0.16,18.474285714285717,141,16.082666666666668,
2005-05-21,18.87,1.42,18.645714285714288,142,16.447666666666667,
2005-05-22,19.62,0.14,18.66714285714286,143,17.717666666666666,
2005-05-23,18.53,0.01,18.11857142857143,144,17.689,
2005-05-24,18.53,0.02,17.70714285714286,145,17.377,
2005-05-25,17.75,4.28,17.202857142857145,146,16.985,
2005-05-26,15.87,0.61,16.580000000000002,147,17.367,
2005-05-27,14.78,0.37,16.282857142857146,148,18.245,
2005-05-28,15.34,0.0,16.204285714285714,149,18.587,
2005-05-29,15.26,0.63,16.354285714285716,150,19.214,
2005-05-30,16.45,0.0,17.16,151,19.67366666666667,
2005-05-31,17.98,0.98,18.04,152,18.76966666666667,
2005-06-01,18.8,0.21,19.117142857142856,153,18.962666666666667,
2005-06-02,21.51,0.2,20.08857142857143,154,18.642999999999997,
2005-06-03,20.94,1.31,21.162857142857145,155,19.017333333333333,
2005-06-04,22.88,9.1,22.171428571428574,156,19.663999999999998,
2005-06-05,22.06,1.04,22.937142857142856,157,20.015,
2005-06-06,23.97,0.16,23.07,158,20.389666666666667,
2005-06-07,25.04,4.11,23.35571428571429,159,21.124666666666666,
2005-06-08,24.16,12.74,23.414285714285715,160,20.57633333333333,
2005-06-09,22.44,5.51,23.410000000000004,161,20.773333333333333,
2005-06-10,22.94,6.27,23.247142857142858,162,21.00133333333333,
2005-06-11,23.29,0.7,22.518571428571427,163,21.526666666666664,
2005-06-12,22.03,2.33,21.94,164,21.44333333333333,
2005-06-13,22.83,8.59,21.66714285714286,165,21.556333333333335,
2005-06-14,19.94,1.15,21.398571428571433,166,21.331666666666667,
2005-06-15,20.11,0.0,21.261428571428574,167,21.750999999999998,
2005-06-16,20.53,0.0,21.352857142857143,168,21.923000000000002,
2005-06-17,21.06,0.0,21.551428571428573,169,22.441666666666666,
2005-06-18,22.33,0.0,22.29,170,22.617,
2005-06-19,22.67,0.0,23.381428571428575,171,22.067666666666664,
2005-06-20,24.22,5.98,24.482857142857142,172,22.64333333333333,
2005-06-21,25.11,0.0,25.39428571428572,173,22.711666666666666,
2005-06-22,27.75,0.0,25.861428571428572,174,22.692333333333334,
2005-06-23,28.24,0.0,26.44714285714286,175,22.369333333333334,
2005-06-24,27.44,21.64,26.78,176,22.28666666666667,
2005-06-25,25.6,22.33,26.791428571428575,177,22.715333333333334,
2005-06-26,26.77,3.09,26.46857142857143,178,22.841,
2005-06-27,26.55,10.03,25.821428571428577,179,23.119333333333334,
2005-06-28,25.19,0.93,24.81,180,22.435333333333332,
2005-06-29,25.49,5.69,24.30857142857143,181,22.72233333333333,
2005-06-30,23.71,0.12,23.982857142857142,182,23.016000000000002,
2005-07-01,20.36,0.0,23.505714285714287,183,22.925666666666665,
2005-07-02,22.09,0.0,23.004285714285714,184,22.494666666666667,
2005-07-03,24.49,6.83,22.638571428571428,185,23.086000000000002,
2005-07-04,23.21,2.61,22.762857142857143,186,23.35,
2005-07-05,21.68,0.94,23.574285714285715,187,23.333666666666666,
2005-07-06,22.93,0.13,24.28857142857143,188,23.908,
2005-07-07,24.58,0.04,24.74857142857143,189,23.91033333333333,
2005-07-08,26.04,0.34,25.14714285714286,190,23.716333333333335,
2005-07-09,27.09,0.0,25.722857142857144,191,23.563666666666666,
2005-07-10,27.71,0.0,26.259999999999998,192,23.58566666666667,
2005-07-11,26.0,0.01,26.732857142857146,193,23.475666666666665,
2005-07-12,25.71,0.01,27.17142857142857,194,23.613999999999997,
2005-07-13,26.69,0.0,27.550000000000004,195,23.775,
2005-07-14,27.89,0.0,27.945714285714285,196,23.750333333333334,
2005-07-15,29.11,0.03,27.685714285714287,197,24.091,
2005-07-16,29.74,0.0,27.72857142857143,198,24.48933333333333,
2005-07-17,30.48,0.9,27.98857142857143,199,25.218666666666667,
2005-07-18,24.18,22.52,28.09857142857143,200,25.182000000000002,
2005-07-19,26.01,0.07,28.012857142857143,201,25.142666666666667,
2005-07-20,28.51,16.39,28.244285714285716,202,24.688333333333333,
2005-07-21,28.66,0.76,28.375714285714288,203,24.159,
2005-07-22,28.51,0.8,29.16,204,24.09733333333333,
2005-07-23,31.36,0.0,28.16857142857143,205,23.634999999999998,
2005-07-24,31.4,1.91,26.701428571428572,206,23.958333333333332,
2005-07-25,29.67,8.72,25.647142857142857,207,24.35666666666667,
2005-07-26,19.07,15.98,24.935714285714287,208,23.784333333333333,
2005-07-27,18.24,0.01,24.118571428571425,209,23.436333333333334,
2005-07-28,21.28,0.02,23.030000000000005,210,23.39466666666667,
2005-07-29,23.53,0.06,22.564285714285717,211,22.936333333333334,
2005-07-30,25.64,0.39,23.892857142857142,212,23.407333333333334,
2005-07-31,23.78,14.03,25.541428571428575,213,23.882,
2005-08-01,26.41,0.68,25.970000000000002,214,24.038,
2005-08-02,28.37,0.31,25.771428571428572,215,23.786,
2005-08-03,29.78,0.74,25.40571428571429,216,23.788333333333334,
2005-08-04,24.28,0.82,25.657142857142862,217,23.070333333333334,
2005-08-05,22.14,0.0,25.914285714285718,218,22.095000000000002,
2005-08-06,23.08,0.0,25.965714285714288,219,22.555999999999997,
2005-08-07,25.54,0.0,25.41571428571429,220,23.384999999999998,
2005-08-08,28.21,0.04,25.298571428571428,221,23.405666666666665,
2005-08-09,28.73,8.94,25.181428571428572,222,23.939,
2005-08-10,25.93,8.2,24.70571428571429,223,23.015666666666668,
2005-08-11,23.46,28.53,23.837142857142858,224,22.470000000000002,
2005-08-12,21.32,0.34,22.770000000000003,225,22.623333333333335,
2005-08-13,19.75,1.38,21.937142857142856,226,22.243999999999996,
2005-08-14,19.46,0.0,21.634285714285713,227,21.991,
2005-08-15,20.74,0.0,22.034285714285716,228,21.821,
2005-08-16,22.9,0.0,22.722857142857144,229,22.473666666666666,
2005-08-17,23.81,1.68,23.435714285714287,230,22.349666666666668,
2005-08-18,26.26,1.32,23.919999999999998,231,22.279,
2005-08-19,26.14,4.84,23.754285714285714,232,21.826,
2005-08-20,24.74,0.07,23.21142857142857,233,21.703333333333333,
2005-08-21,22.85,0.08,22.677142857142858,234,22.387999999999998,
2005-08-22,19.58,0.3,22.304285714285715,235,22.672666666666665,
2005-08-23,19.1,0.04,21.87,236,22.886000000000003,
2005-08-24,20.07,0.02,21.63714285714286,237,23.147333333333332,
2005-08-25,23.65,1.03,21.438571428571432,238,22.886333333333333,
2005-08-26,23.1,6.33,21.865714285714287,239,23.105999999999998,
2005-08-27,23.11,0.06,22.342857142857145,240,23.144333333333336,
2005-08-28,21.46,0.04,22.7,241,22.774333333333335,
2005-08-29,22.57,0.07,22.445714285714285,242,22.189,
2005-08-30,22.44,0.0,22.40142857142857,243,21.733333333333334,
2005-08-31,22.57,0.07,22.634285714285713,244,21.302666666666667,
2005-09-01,21.87,0.0,23.35857142857143,245,21.451,
2005-09-02,22.79,0.0,23.895714285714284,246,22.022333333333332,
2005-09-03,24.74,0.05,24.247142857142855,247,21.276666666666664,
2005-09-04,26.53,0.26,24.482857142857142,248,21.00433333333333,
2005-09-05,26.33,0.26,24.678571428571427,249,21.005666666666666,
2005-09-06,24.9,0.73,25.118571428571432,250,21.192666666666664,
2005-09-07,24.22,0.91,25.381428571428568,251,20.137,
2005-09-08,23.24,20.32,25.327142857142857,252,19.12933333333333,
2005-09-09,25.87,0.01,25.430000000000003,253,19.55933333333333,
2005-09-10,26.58,0.03,25.147142857142857,254,19.197,
2005-09-11,26.15,0.0,24.214285714285715,255,19.569333333333336,
2005-09-12,27.05,0.13,23.424285714285713,256,19.301,
2005-09-13,22.92,10.84,22.32857142857143,257,18.745333333333335,
2005-09-14,17.69,0.0,21.291428571428575,258,17.874333333333333,
2005-09-15,17.71,0.05,20.79,259,18.199666666666666,
2005-09-16,18.2,0.0,20.12,260,18.276999999999997,
2005-09-17,19.32,0.0,20.145714285714288,261,18.257,
2005-09-18,22.64,0.78,21.35,262,17.91466666666667,
2005-09-19,22.36,0.89,21.87142857142857,263,17.648333333333333,
2005-09-20,23.1,0.0,21.74142857142857,264,17.333666666666666,
2005-09-21,26.12,0.05,21.91,265,16.50766666666667,
2005-09-22,21.36,0.01,21.898571428571426,266,15.752999999999998,
2005-09-23,17.29,1.62,20.93285714285715,267,15.840666666666666,
2005-09-24,20.5,13.8,20.16,268,15.879666666666667,
2005-09-25,22.56,15.31,18.234285714285715,269,16.085666666666665,
2005-09-26,15.6,0.35,16.69142857142857,270,15.628000000000002,
2005-09-27,17.69,0.07,16.470000000000002,271,15.453666666666667,
2005-09-28,12.64,7.16,16.365714285714287,272,14.340333333333332,
2005-09-29,10.56,0.0,16.461428571428574,273,15.011,
2005-09-30,15.74,0.01,17.708571428571428,274,15.565,
2005-10-01,19.77,0.1,18.81857142857143,275,14.964666666666666,
2005-10-02,23.23,0.17,19.35,276,14.025,
2005-10-03,24.33,0.02,18.782857142857146,277,13.937999999999999,
2005-10-04,25.46,0.34,17.32857142857143,278,12.959333333333335,
2005-10-05,16.36,3.42,15.574285714285713,279,13.216666666666667,
2005-10-06,6.59,0.0,13.508571428571429,280,13.280666666666667,
2005-10-07,5.56,0.01,11.644285714285715,281,13.126,
2005-10-08,7.49,0.0,9.802857142857144,282,13.387,
2005-10-09,8.77,0.0,9.357142857142858,283,12.320333333333334,
2005-10-10,11.28,0.0,10.537142857142857,284,11.544666666666666,
2005-10-11,12.57,0.02,12.041428571428572,285,12.015333333333333,
2005-10-12,13.24,1.58,12.795714285714286,286,11.498666666666667,
2005-10-13,14.85,0.06,13.411428571428573,287,10.771666666666667,
2005-10-14,16.09,0.0,14.190000000000001,288,10.437000000000001,
2005-10-15,12.77,0.0,14.962857142857144,289,10.093333333333334,
2005-10-16,13.08,0.35,14.585714285714287,290,10.100999999999999,
2005-10-17,16.73,0.05,13.72,291,10.468,
2005-10-18,17.98,0.0,12.657142857142858,292,9.365,
2005-10-19,10.6,0.01,11.718571428571428,293,9.306333333333333,
2005-10-20,8.79,2.92,10.397142857142857,294,9.620000000000001,
2005-10-21,8.65,0.0,8.61857142857143,295,9.548333333333334,
2005-10-22,6.2,0.2,6.821428571428574,296,9.428333333333335,
2005-10-23,3.83,1.14,6.230000000000001,297,9.361666666666668,
2005-10-24,4.28,0.01,5.830000000000001,298,8.323333333333332,
2005-10-25,5.4,0.0,5.718571428571431,299,8.220666666666666,
2005-10-26,6.46,0.0,6.600000000000001,300,7.387333333333333,
2005-10-27,5.99,0.0,7.8328571428571445,301,6.560333333333333,
2005-10-28,7.87,0.0,8.610000000000001,302,7.194333333333334,
2005-10-29,12.37,0.03,9.038571428571428,303,7.574,
2005-10-30,12.46,1.03,10.020000000000001,304,6.771333333333333,
2005-10-31,9.72,0.01,11.09,305,5.3613333333333335,
2005-11-01,8.4,0.0,11.301428571428573,306,5.837000000000001,
2005-11-02,13.33,0.0,10.592857142857143,307,4.904,
2005-11-03,13.48,0.03,9.931428571428572,308,5.098666666666667,
2005-11-04,9.35,0.0,10.145714285714288,309,5.049,
2005-11-05,7.41,1.32,10.864285714285716,310,5.129666666666666,
2005-11-06,7.83,0.08,9.934285714285716,311,4.361666666666666,
2005-11-07,11.22,0.0,8.78857142857143,312,3.850333333333333,
2005-11-08,13.43,0.01,8.734285714285715,313,4.254666666666667,
2005-11-09,6.82,0.0,9.700000000000001,314,4.613333333333333,
2005-11-10,5.46,0.0,9.432857142857145,315,3.4196666666666666,
2005-11-11,8.97,0.0,8.327142857142858,316,1.9046666666666667,
2005-11-12,14.17,3.78,6.53857142857143,317,1.7046666666666668,
2005-11-13,5.96,0.01,4.792857142857144,318,2.5083333333333333,
2005-11-14,3.48,0.17,3.305714285714287,319,2.8676666666666666,
2005-11-15,0.91,8.75,2.1785714285714297,320,2.585,
2005-11-16,-5.4,0.03,0.317142857142858,321,2.494,
2005-11-17,-4.95,0.02,-0.4371428571428563,322,2.942333333333333,
2005-11-18,1.08,0.0,-0.5285714285714277,323,2.783666666666667,
2005-11-19,1.14,0.36,-0.5171428571428562,324,2.183666666666667,
2005-11-20,0.68,0.0,1.1685714285714295,325,1.4466666666666665,
2005-11-21,2.84,0.02,1.0800000000000007,326,1.0430000000000001,
2005-11-22,0.99,0.0,0.6257142857142866,327,1.2656666666666667,
2005-11-23,6.4,0.0,0.7828571428571439,328,0.8053333333333333,
2005-11-24,-5.57,0.0,1.957142857142858,329,0.4036666666666667,
2005-11-25,-2.1,0.0,2.252857142857144,330,0.2166666666666667,
2005-11-26,2.24,0.0,1.5385714285714298,331,-0.3006666666666667,
2005-11-27,8.9,9.13,0.040000000000001305,332,-0.6473333333333334,
2005-11-28,4.91,6.38,0.027142857142858468,333,0.04299999999999997,
2005-11-29,-4.01,0.27,-0.9785714285714272,334,-0.1753333333333333,
2005-11-30,-4.09,3.87,-2.3128571428571414,335,-1.3270000000000002,
2005-12-01,-5.66,0.66,-4.9171428571428555,336,-1.3359999999999999,
2005-12-02,-9.14,0.74,-7.164285714285713,337,-0.9176666666666667,
2005-12-03,-7.1,2.61,-8.534285714285712,338,-1.3096666666666665,
2005-12-04,-9.33,0.04,-9.71142857142857,339,-1.384,
2005-12-05,-10.82,0.41,-10.575714285714286,340,-2.7996666666666665,
2005-12-06,-13.6,0.02,-10.95,341,-3.5756666666666663,
2005-12-07,-12.33,1.18,-10.374285714285714,342,-3.7616666666666663,
2005-12-08,-11.71,2.35,-9.249999999999998,343,-3.6540000000000004,
2005-12-09,-11.76,0.02,-8.069999999999999,344,-4.117666666666667,
2005-12-10,-3.07,3.75,-6.1585714285714275,345,-3.7346666666666666,
2005-12-11,-1.46,1.45,-4.399999999999999,346,-3.7763333333333335,
2005-12-12,-2.56,0.11,-3.409999999999999,347,-3.5260000000000002,
2005-12-13,-0.22,4.42,-2.828571428571427,348,-2.4756666666666667,
2005-12-14,-0.02,4.64,-4.177142857142856,349,-3.1086666666666667,
2005-12-15,-4.78,0.73,-5.91142857142857,350,-3.9536666666666664,
2005-12-16,-7.69,0.13,-7.444285714285713,351,-4.115,
2005-12-17,-12.51,0.0,-8.682857142857141,352,-4.723333333333333,
2005-12-18,-13.6,0.0,-9.781428571428572,353,-4.670333333333334,
2005-12-19,-13.29,0.0,-9.188571428571427,354,-5.029,
2005-12-20,-8.89,0.0,-7.909999999999998,355,-4.147,
2005-12-21,-7.71,0.0,-5.887142857142855,356,-4.393,
2005-12-22,-0.63,0.0,-4.017142857142856,357,-4.798,
2005-12-23,1.26,0.19,-2.154285714285713,358,-5.59,
2005-12-24,1.65,1.14,-0.8971428571428559,359,-6.833333333333333,
2005-12-25,-0.51,0.08,0.19571428571428698,360,-5.871333333333333,
2005-12-26,-0.25,0.0,0.12428571428571557,361,-4.98,
2005-12-27,-0.09,0.01,-0.054285714285713035,362,-4.514666666666667,
2005-12-28,-0.06,0.0,-0.4714285714285702,363,-4.012666666666666,
2005-12-29,-1.13,0.34,-0.4657142857142844,364,-5.275666666666667,
2005-12-30,0.01,0.16,-0.3214285714285702,365,-4.824666666666667,
2005-12-31,-1.27,0.01,-0.2214285714285702,366,-6.896333333333333,
2006-01-01,-0.47,1.34,-0.022857142857141608,1,-7.254666666666667,
2006-01-02,0.76,5.13,-0.13571428571428448,2,-6.669333333333333,
2006-01-03,0.61,0.07,-0.5299999999999987,3,-6.372,
2006-01-04,1.33,0.04,-0.29571428571428443,4,-7.632000000000001,
2006-01-05,-1.92,0.01,-0.194285714285713,5,-7.3629999999999995,
2006-01-06,-2.75,0.0,-0.7185714285714273,6,-7.612666666666667,
2006-01-07,0.37,0.0,-1.3471428571428559,7,-7.635666666666666,
2006-01-08,0.24,0.0,-1.5985714285714272,8,-6.3966666666666665,
2006-01-09,-2.91,0.0,-1.1171428571428559,9,-6.800666666666667,
2006-01-10,-3.79,0.0,-0.934285714285713,10,-6.191666666666666,
2006-01-11,-0.43,0.02,-1.1257142857142843,11,-5.321666666666667,
2006-01-12,1.45,0.01,-0.7885714285714275,12,-6.834333333333333,
2006-01-13,-1.47,0.06,-0.3071428571428559,13,-7.807,
2006-01-14,-0.97,0.0,-0.28714285714285587,14,-7.033666666666666,
2006-01-15,2.6,0.0,-0.414285714285713,15,-8.241333333333333,
2006-01-16,0.46,0.02,-0.44428571428571295,16,-7.281666666666666,
2006-01-17,-3.65,0.01,-0.5057142857142845,17,-7.789,
2006-01-18,-1.32,0.01,-0.6757142857142845,18,-8.385333333333334,
2006-01-19,1.24,0.0,-1.30142857142857,19,-7.801,
2006-01-20,-1.9,0.77,-1.757142857142856,20,-7.862,
2006-01-21,-2.16,0.04,-1.1128571428571417,21,-6.818,
2006-01-22,-1.78,0.06,-1.134285714285713,22,-5.656000000000001,
2006-01-23,-2.73,0.0,-0.9099999999999987,23,-6.655666666666667,
2006-01-24,0.86,0.0,0.04714285714285842,24,-7.19,
2006-01-25,-1.47,0.02,1.0700000000000014,25,-6.602666666666667,
2006-01-26,2.81,0.0,1.6814285714285726,26,-5.616333333333333,
2006-01-27,4.8,0.0,2.07857142857143,27,-6.115666666666667,
2006-01-28,5.0,4.77,2.302857142857144,28,-5.8726666666666665,
2006-01-29,2.5,0.75,2.8285714285714296,29,-7.1626666666666665,
2006-01-30,0.05,0.17,3.0800000000000014,30,-7.257000000000001,
2006-01-31,2.43,0.03,2.020000000000001,31,-5.312333333333333,
2006-02-01,2.21,0.0,0.3685714285714298,32,-5.570666666666667,
2006-02-02,4.57,0.11,-0.9357142857142844,33,-5.598333333333333,
2006-02-03,-2.62,0.0,-1.5971428571428559,34,-5.522333333333333,
2006-02-04,-6.56,0.0,-2.1571428571428557,35,-6.5696666666666665,
2006-02-05,-6.63,0.0,-3.12142857142857,36,-5.671666666666667,
2006-02-06,-4.58,0.0,-4.568571428571427,37,-4.662999999999999,
2006-02-07,-1.49,1.05,-4.467142857142855,38,-5.294,
2006-02-08,-4.54,0.06,-4.219999999999999,39,-5.605333333333333,
2006-02-09,-5.56,0.35,-4.199999999999998,40,-5.402333333333333,
2006-02-10,-1.91,0.27,-3.8985714285714272,41,-5.548666666666667,
2006-02-11,-4.83,0.07,-3.237142857142856,42,-5.828,
2006-02-12,-6.49,0.0,-2.8142857142857127,43,-5.614,
2006-02-13,-2.47,0.0,-2.935714285714284,44,-4.276333333333333,
2006-02-14,3.14,0.0,-4.779999999999999,45,-4.116666666666666,
2006-02-15,-1.58,0.67,-6.478571428571428,46,-5.044,
2006-02-16,-6.41,2.52,-7.22142857142857,47,-4.468,
2006-02-17,-14.82,0.0,-7.5857142857142845,48,-2.9069999999999996,
2006-02-18,-16.72,0.0,-8.265714285714285,49,-2.4276666666666666,
2006-02-19,-11.69,0.0,-7.957142857142856,50,-2.2693333333333334,
2006-02-20,-5.02,0.0,-7.274285714285712,51,-1.5713333333333332,
2006-02-21,-1.62,0.0,-4.777142857142856,52,-2.385,
2006-02-22,0.58,0.01,-2.837142857142856,53,-1.8993333333333333,
2006-02-23,-1.63,0.0,-1.279999999999999,54,-2.289,
2006-02-24,2.66,0.0,-0.3028571428571419,55,-2.667333333333333,
2006-02-25,-3.14,0.0,0.07857142857142962,56,-3.2760000000000002,
2006-02-26,-0.79,0.0,0.7942857142857154,57,-3.2516666666666665,
2006-02-27,1.82,0.0,1.0085714285714296,58,-3.3603333333333336,
2006-02-28,1.05,0.0,0.5314285714285725,59,-2.131666666666667,
2006-03-01,5.59,0.0,1.3557142857142868,61,-1.5816666666666666,
2006-03-02,-0.13,0.0,1.7000000000000013,62,-3.1626666666666665,
2006-03-03,-0.68,0.0,1.3814285714285728,63,-2.8819999999999997,
2006-03-04,2.63,2.16,1.347142857142858,64,-1.1363333333333332,
2006-03-05,1.62,8.19,1.2157142857142869,65,-0.13566666666666655,
2006-03-06,-0.41,0.0,1.872857142857144,66,0.4623333333333332,
2006-03-07,0.81,2.62,2.8871428571428583,67,0.44066666666666665,
2006-03-08,4.67,6.81,3.4771428571428586,68,0.748,
2006-03-09,4.47,0.41,3.6700000000000013,69,-0.33833333333333326,
2006-03-10,6.42,0.0,3.6914285714285726,70,0.44,
2006-03-11,6.76,0.05,3.5728571428571434,71,0.871,
2006-03-12,2.97,3.45,3.0071428571428584,72,1.326,
2006-03-13,-0.26,0.82,2.64857142857143,73,2.741,
2006-03-14,-0.02,0.0,1.8885714285714297,74,2.949333333333333,
2006-03-15,0.71,0.04,1.152857142857144,75,2.875,
2006-03-16,1.96,0.48,0.8871428571428582,76,3.725333333333333,
2006-03-17,1.1,0.0,1.035714285714287,77,3.746,
2006-03-18,1.61,0.0,0.7871428571428583,78,3.3153333333333337,
2006-03-19,1.11,0.0,0.5671428571428583,79,3.641,
2006-03-20,0.78,3.08,0.37142857142857266,80,3.9993333333333334,
2006-03-21,-1.76,1.84,0.2657142857142869,81,3.7106666666666666,
2006-03-22,-0.83,0.02,0.3585714285714297,82,4.115666666666667,
2006-03-23,0.59,0.02,0.8314285714285725,83,4.760000000000001,
2006-03-24,0.36,0.02,1.0885714285714296,84,4.697,
2006-03-25,2.26,0.01,2.0371428571428583,85,4.338333333333334,
2006-03-26,4.42,0.54,3.3357142857142867,86,5.436999999999999,
2006-03-27,2.58,9.57,5.1242857142857146,87,5.832666666666666,
2006-03-28,4.88,0.04,6.1642857142857155,88,5.482,
2006-03-29,8.26,0.08,6.884285714285716,89,6.0793333333333335,
2006-03-30,13.11,21.89,7.588571428571429,90,7.23,
2006-03-31,7.64,0.34,8.087142857142858,91,6.647,
2006-04-01,7.3,0.05,8.565714285714288,92,6.444999999999999,
2006-04-02,9.35,17.75,9.415714285714285,93,7.316,
2006-04-03,6.07,0.1,9.84142857142857,94,6.646333333333333,
2006-04-04,8.23,0.0,10.185714285714287,95,5.5616666666666665,
2006-04-05,14.21,0.13,9.8,96,7.396,
2006-04-06,16.09,3.48,9.732857142857142,97,7.986666666666666,
2006-04-07,10.05,1.78,10.997142857142858,98,7.6353333333333335,
2006-04-08,4.6,0.0,12.232857142857142,99,7.1129999999999995,
2006-04-09,8.88,0.0,12.559999999999999,100,7.235333333333333,
2006-04-10,14.92,0.01,13.217142857142859,101,8.195333333333334,
2006-04-11,16.88,3.34,14.55285714285714,102,8.320666666666666,
2006-04-12,16.5,0.01,16.45714285714286,103,7.707,
2006-04-13,20.69,0.24,17.505714285714287,104,8.866999999999999,
2006-04-14,19.4,0.01,17.324285714285715,105,10.045666666666667,
2006-04-15,17.93,6.4,17.034285714285712,106,10.124,
2006-04-16,16.22,2.6,16.445714285714285,107,9.499666666666666,
2006-04-17,13.65,0.04,15.087142857142856,108,10.244666666666665,
2006-04-18,14.85,4.59,14.111428571428572,109,11.613333333333333,
2006-04-19,12.38,0.01,13.429999999999998,110,10.836666666666668,
2006-04-20,11.18,0.02,13.257142857142856,111,9.832666666666666,
2006-04-21,12.57,0.01,13.367142857142857,112,10.340333333333332,
2006-04-22,13.16,0.0,12.292857142857143,113,10.793333333333333,
2006-04-23,15.01,0.0,11.882857142857144,114,11.044,
2006-04-24,14.42,0.55,12.161428571428571,115,12.153666666666668,
2006-04-25,7.33,4.65,12.165714285714285,116,11.603666666666667,
2006-04-26,9.51,0.0,12.027142857142858,117,11.013333333333332,
2006-04-27,13.13,0.15,11.718571428571428,118,10.667666666666666,
2006-04-28,12.6,4.89,11.512857142857143,119,11.247333333333334,
2006-04-29,12.19,18.48,12.84142857142857,120,11.810666666666666,
2006-04-30,12.85,23.48,13.62142857142857,121,12.266666666666667,
2006-05-01,12.98,0.33,13.430000000000001,122,12.117666666666667,
2006-05-02,16.63,1.1,13.021428571428572,123,12.065333333333335,
2006-05-03,14.97,0.34,12.902857142857144,124,12.464333333333334,
2006-05-04,11.79,0.0,13.062857142857142,125,13.715666666666667,
2006-05-05,9.74,0.0,13.538571428571428,126,14.700666666666667,
2006-05-06,11.36,0.0,13.822857142857144,127,15.049333333333333,
2006-05-07,13.97,0.15,13.69,128,15.288,
2006-05-08,16.31,8.57,13.447142857142856,129,15.648,
2006-05-09,18.62,1.19,13.48,130,15.424000000000001,
2006-05-10,14.04,0.04,13.124285714285715,131,15.732666666666667,
2006-05-11,10.09,0.49,12.707142857142857,132,14.824666666666667,
2006-05-12,9.97,2.23,12.387142857142859,133,13.698666666666666,
2006-05-13,8.87,0.4,12.02,134,13.713333333333335,
2006-05-14,11.05,1.35,12.33,135,14.930666666666667,
2006-05-15,14.07,1.82,12.93857142857143,136,15.792666666666666,
2006-05-16,16.05,0.49,14.268571428571429,137,16.949,
2006-05-17,16.21,0.01,15.705714285714285,138,16.96,
2006-05-18,14.35,0.05,15.984285714285715,139,16.109666666666666,
2006-05-19,19.28,0.05,16.414285714285715,140,16.488666666666667,
2006-05-20,18.93,0.09,17.177142857142858,141,16.082666666666668,
2006-05-21,13.0,0.02,18.29714285714286,142,16.447666666666667,
2006-05-22,17.08,0.0,19.27,143,17.717666666666666,
2006-05-23,21.39,2.0,19.677142857142854,144,17.689,
2006-05-24,24.05,8.12,20.45,145,17.377,
2006-05-25,21.16,3.91,22.295714285714286,146,16.985,
2006-05-26,22.13,0.0,23.531428571428574,147,17.367,
2006-05-27,24.34,5.98,23.731428571428573,148,18.245,
2006-05-28,25.92,0.0,23.544285714285714,149,18.587,
2006-05-29,25.73,4.7,23.717142857142854,150,19.214,
2006-05-30,22.79,2.27,23.957142857142856,151,19.67366666666667,
2006-05-31,22.74,0.37,23.889999999999997,152,18.76966666666667,
2006-06-01,22.37,0.14,23.33142857142857,153,18.962666666666667,
2006-06-02,23.81,0.0,22.942857142857143,154,18.642999999999997,
2006-06-03,23.87,1.43,23.35571428571429,155,19.017333333333333,
2006-06-04,22.01,0.1,23.68857142857143,156,19.663999999999998,
2006-06-05,23.01,0.19,23.99571428571429,157,20.015,
2006-06-06,25.68,0.24,24.07,158,20.389666666666667,
2006-06-07,25.07,0.0,22.735714285714288,159,21.124666666666666,
2006-06-08,24.52,0.68,21.80285714285714,160,20.57633333333333,
2006-06-09,24.33,0.68,21.127142857142854,161,20.773333333333333,
2006-06-10,14.53,2.31,20.787142857142857,162,21.00133333333333,
2006-06-11,15.48,0.24,20.71857142857143,163,21.526666666666664,
2006-06-12,18.28,0.0,20.937142857142856,164,21.44333333333333,
2006-06-13,23.3,0.08,21.555714285714284,165,21.556333333333335,
2006-06-14,24.59,0.24,23.330000000000002,166,21.331666666666667,
2006-06-15,26.05,0.71,24.822857142857146,167,21.750999999999998,
2006-06-16,28.66,0.02,25.705714285714286,168,21.923000000000002,
2006-06-17,26.95,0.35,26.00142857142857,169,22.441666666666666,
2006-06-18,25.93,0.79,26.125714285714285,170,22.617,
2006-06-19,24.46,0.04,25.62857142857143,171,22.067666666666664,
2006-06-20,25.37,5.38,24.970000000000002,172,22.64333333333333,
2006-06-21,25.46,7.29,24.462857142857143,173,22.711666666666666,
2006-06-22,22.57,0.09,23.457142857142856,174,22.692333333333334,
2006-06-23,24.05,0.08,22.952857142857145,175,22.369333333333334,
2006-06-24,23.4,4.88,22.487142857142857,176,22.28666666666667,
2006-06-25,18.89,3.53,21.94142857142857,177,22.715333333333334,
2006-06-26,20.93,0.33,22.187142857142856,178,22.841,
2006-06-27,22.11,0.59,22.445714285714285,179,23.119333333333334,
2006-06-28,21.64,0.0,23.267142857142854,180,22.435333333333332,
2006-06-29,24.29,0.69,24.175714285714285,181,22.72233333333333,
2006-06-30,25.86,2.5,24.997142857142855,182,23.016000000000002,
2006-07-01,29.15,1.03,25.048571428571428,183,22.925666666666665,
2006-07-02,25.25,11.42,25.015714285714285,184,22.494666666666667,
2006-07-03,26.68,4.18,24.858571428571427,185,23.086000000000002,
2006-07-04,22.47,0.0,24.56714285714286,186,23.35,
2006-07-05,21.41,0.06,23.802857142857142,187,23.333666666666666,
2006-07-06,23.19,0.0,24.102857142857147,188,23.908,
2006-07-07,23.82,0.0,23.787142857142857,189,23.91033333333333,
2006-07-08,23.8,0.46,23.919999999999998,190,23.716333333333335,
2006-07-09,27.35,0.01,24.324285714285715,191,23.563666666666666,
2006-07-10,24.47,22.79,24.794285714285714,192,23.58566666666667,
2006-07-11,23.4,12.26,25.377142857142854,193,23.475666666666665,
2006-07-12,24.24,0.22,26.101428571428574,194,23.613999999999997,
2006-07-13,26.48,14.24,26.392857142857142,195,23.775,
2006-07-14,27.9,0.47,27.21285714285714,196,23.750333333333334,
2006-07-15,28.87,0.01,27.654285714285717,197,24.091,
2006-07-16,29.39,0.01,28.504285714285714,198,24.48933333333333,
2006-07-17,30.21,0.15,28.69142857142857,199,25.218666666666667,
2006-07-18,26.49,0.0,27.954285714285714,200,25.182000000000002,
2006-07-19,30.19,0.49,27.285714285714285,201,25.142666666666667,
2006-07-20,27.79,0.38,26.90857142857143,202,24.688333333333333,
2006-07-21,22.74,3.93,26.364285714285717,203,24.159,
2006-07-22,24.19,0.1,26.495714285714286,204,24.09733333333333,
2006-07-23,26.75,0.26,25.962857142857143,205,23.634999999999998,
2006-07-24,26.4,0.37,25.851428571428574,206,23.958333333333332,
2006-07-25,27.41,19.77,26.72,207,24.35666666666667,
2006-07-26,26.46,9.46,27.617142857142856,208,23.784333333333333,
2006-07-27,27.01,0.57,28.389999999999997,209,23.436333333333334,
2006-07-28,28.82,0.02,29.24285714285714,210,23.39466666666667,
2006-07-29,30.47,0.02,29.604285714285712,211,22.936333333333334,
2006-07-30,32.16,0.01,29.698571428571427,212,23.407333333333334,
2006-07-31,32.37,2.1,29.418571428571425,213,23.882,
2006-08-01,29.94,10.26,29.07857142857143,214,24.038,
2006-08-02,27.12,1.68,28.330000000000002,215,23.786,
2006-08-03,25.05,0.0,27.45,216,23.788333333333334,
2006-08-04,26.44,0.01,26.33142857142857,217,23.070333333333334,
2006-08-05,25.23,8.16,24.885714285714283,218,22.095000000000002,
2006-08-06,26.0,0.86,24.575714285714287,219,22.555999999999997,
2006-08-07,24.54,0.33,24.452857142857145,220,23.384999999999998,
2006-08-08,19.82,17.8,24.025714285714287,221,23.405666666666665,
2006-08-09,24.95,17.04,23.86285714285714,222,23.939,
2006-08-10,24.19,9.26,23.768571428571427,223,23.015666666666668,
2006-08-11,23.45,0.01,23.322857142857142,224,22.470000000000002,
2006-08-12,24.09,0.0,23.73714285714286,225,22.623333333333335,
2006-08-13,25.34,12.51,23.534285714285716,226,22.243999999999996,
2006-08-14,21.42,0.08,23.30142857142857,227,21.991,
2006-08-15,22.72,0.02,23.34,228,21.821,
2006-08-16,23.53,1.99,22.990000000000002,229,22.473666666666666,
2006-08-17,22.56,17.21,22.271428571428572,230,22.349666666666668,
2006-08-18,23.72,7.43,22.445714285714285,231,22.279,
2006-08-19,21.64,0.08,22.727142857142855,232,21.826,
2006-08-20,20.31,0.0,22.927142857142858,233,21.703333333333333,
2006-08-21,22.64,0.0,23.482857142857142,234,22.387999999999998,
2006-08-22,24.69,0.3,23.78142857142857,235,22.672666666666665,
2006-08-23,24.93,0.01,23.95,236,22.886000000000003,
2006-08-24,26.45,0.01,24.14428571428571,237,23.147333333333332,
2006-08-25,25.81,0.55,23.66714285714286,238,22.886333333333333,
2006-08-26,22.82,0.02,23.024285714285718,239,23.105999999999998,
2006-08-27,21.67,6.48,22.352857142857143,240,23.144333333333336,
2006-08-28,19.3,23.49,21.4,241,22.774333333333335,
2006-08-29,20.19,1.32,20.56714285714286,242,22.189,
2006-08-30,20.23,0.0,20.10857142857143,243,21.733333333333334,
2006-08-31,19.78,0.0,19.594285714285714,244,21.302666666666667,
2006-09-01,19.98,0.01,19.267142857142858,245,21.451,
2006-09-02,19.61,7.89,19.162857142857142,246,22.022333333333332,
2006-09-03,18.07,4.34,19.252857142857145,247,21.276666666666664,
2006-09-04,17.01,4.94,19.41,248,21.00433333333333,
2006-09-05,19.46,0.03,19.704285714285714,249,21.005666666666666,
2006-09-06,20.86,0.0,19.65142857142857,250,21.192666666666664,
2006-09-07,20.88,0.0,19.445714285714285,251,20.137,
2006-09-08,22.04,0.15,19.294285714285714,252,19.12933333333333,
2006-09-09,19.24,6.19,18.568571428571428,253,19.55933333333333,
2006-09-10,16.63,53.26,17.75142857142857,254,19.197,
2006-09-11,15.95,3.78,17.21,255,19.569333333333336,
2006-09-12,14.38,0.25,16.804285714285715,256,19.301,
2006-09-13,15.14,0.0,17.315714285714286,257,18.745333333333335,
2006-09-14,17.09,0.0,17.242857142857144,258,17.874333333333333,
2006-09-15,19.2,0.0,16.53142857142857,259,18.199666666666666,
2006-09-16,22.82,6.98,15.787142857142857,260,18.276999999999997,
2006-09-17,16.12,15.18,15.03857142857143,261,18.257,
2006-09-18,10.97,0.02,14.435714285714285,262,17.91466666666667,
2006-09-19,9.17,0.0,13.958571428571428,263,17.648333333333333,
2006-09-20,9.9,0.02,12.584285714285715,264,17.333666666666666,
2006-09-21,12.87,11.72,12.235714285714286,265,16.50766666666667,
2006-09-22,15.86,2.31,12.727142857142857,266,15.752999999999998,
2006-09-23,13.2,0.17,13.657142857142857,267,15.840666666666666,
2006-09-24,13.68,0.01,14.219999999999999,268,15.879666666666667,
2006-09-25,14.41,0.0,13.775714285714287,269,16.085666666666665,
2006-09-26,15.68,0.0,13.372857142857143,270,15.628000000000002,
2006-09-27,13.84,0.11,13.704285714285714,271,15.453666666666667,
2006-09-28,9.76,0.01,14.571428571428571,272,14.340333333333332,
2006-09-29,13.04,1.29,15.73,273,15.011,
2006-09-30,15.52,0.11,16.667142857142856,274,15.565,
2006-10-01,19.75,0.05,17.04285714285714,275,14.964666666666666,
2006-10-02,22.52,0.04,17.43857142857143,276,14.025,
2006-10-03,22.24,0.02,17.42142857142857,277,13.937999999999999,
2006-10-04,16.47,0.04,17.485714285714288,278,12.959333333333335,
2006-10-05,12.53,0.0,16.8,279,13.216666666666667,
2006-10-06,12.92,0.02,15.085714285714285,280,13.280666666666667,
2006-10-07,15.97,0.0,13.244285714285713,281,13.126,
2006-10-08,14.95,0.02,11.531428571428572,282,13.387,
2006-10-09,10.52,0.01,9.982857142857142,283,12.320333333333334,
2006-10-10,9.35,5.42,8.59142857142857,284,11.544666666666666,
2006-10-11,4.48,0.7,6.897142857142858,285,12.015333333333333,
2006-10-12,1.69,0.01,6.042857142857144,286,11.498666666666667,
2006-10-13,3.18,0.0,6.109999999999999,287,10.771666666666667,
2006-10-14,4.11,0.0,6.434285714285715,288,10.437000000000001,
2006-10-15,8.97,4.81,6.424285714285714,289,10.093333333333334,
2006-10-16,10.99,4.97,6.587142857142857,290,10.100999999999999,
2006-10-17,11.62,0.68,7.142857142857143,291,10.468,
2006-10-18,4.41,5.0,7.032857142857144,292,9.365,
2006-10-19,2.83,0.0,5.892857142857143,293,9.306333333333333,
2006-10-20,7.07,0.69,4.462857142857143,294,9.620000000000001,
2006-10-21,3.34,6.64,3.108571428571428,295,9.548333333333334,
2006-10-22,0.99,0.02,3.265714285714286,296,9.428333333333335,
2006-10-23,0.98,0.01,3.7528571428571427,297,9.361666666666668,
2006-10-24,2.14,0.0,3.7357142857142853,298,8.323333333333332,
2006-10-25,5.51,0.36,4.08,299,8.220666666666666,
2006-10-26,6.24,8.78,5.208571428571429,300,7.387333333333333,
2006-10-27,6.95,0.0,6.494285714285715,301,6.560333333333333,
2006-10-28,5.75,0.02,6.0928571428571425,302,7.194333333333334,
2006-10-29,8.89,0.0,5.191428571428572,303,7.574,
2006-10-30,9.98,0.0,3.974285714285714,304,6.771333333333333,
2006-10-31,-0.67,0.01,3.248571428571428,305,5.3613333333333335,
2006-11-01,-0.8,0.03,3.4400000000000004,306,5.837000000000001,
2006-11-02,-2.28,0.01,3.218571428571429,307,4.904,
2006-11-03,1.87,0.0,3.085714285714286,308,5.098666666666667,
2006-11-04,7.09,0.02,4.678571428571429,309,5.049,
2006-11-05,7.34,0.0,6.711428571428572,310,5.129666666666666,
2006-11-06,9.05,0.37,8.398571428571428,311,4.361666666666666,
2006-11-07,10.48,0.06,8.39857142857143,312,3.850333333333333,
2006-11-08,13.43,0.0,7.031428571428571,313,4.254666666666667,
2006-11-09,9.53,0.02,6.201428571428572,314,4.613333333333333,
2006-11-10,1.87,3.91,5.494285714285715,315,3.4196666666666666,
2006-11-11,-2.48,0.0,4.5128571428571425,316,1.9046666666666667,
2006-11-12,1.53,6.22,2.7857142857142856,317,1.7046666666666668,
2006-11-13,4.1,0.62,1.3814285714285715,318,2.5083333333333333,
2006-11-14,3.61,0.0,1.374285714285714,319,2.8676666666666666,
2006-11-15,1.34,0.01,1.7557142857142856,320,2.585,
2006-11-16,-0.3,0.01,1.3728571428571428,321,2.494,
2006-11-17,1.82,0.01,0.96,322,2.942333333333333,
2006-11-18,0.19,0.0,1.1042857142857143,323,2.783666666666667,
2006-11-19,-1.15,0.0,1.807142857142857,324,2.183666666666667,
2006-11-20,1.21,0.0,2.891428571428571,325,1.4466666666666665,
2006-11-21,4.62,0.0,3.748571428571428,326,1.0430000000000001,
2006-11-22,6.26,0.0,4.6242857142857146,327,1.2656666666666667,
2006-11-23,7.29,0.0,6.097142857142857,328,0.8053333333333333,
2006-11-24,7.82,0.0,7.047142857142857,329,0.4036666666666667,
2006-11-25,6.32,0.65,8.032857142857143,330,0.2166666666666667,
2006-11-26,9.16,0.58,6.691428571428571,331,-0.3006666666666667,
2006-11-27,7.86,12.05,4.532857142857142,332,-0.6473333333333334,
2006-11-28,11.52,15.74,2.384285714285714,333,0.04299999999999997,
2006-11-29,-3.13,0.08,0.5042857142857142,334,-0.1753333333333333,
2006-11-30,-7.82,0.0,-2.2385714285714284,335,-1.3270000000000002,
2006-12-01,-7.22,0.0,-4.0842857142857145,336,-1.3359999999999999,
2006-12-02,-6.84,0.0,-6.007142857142857,337,-0.9176666666666667,
2006-12-03,-10.04,0.0,-5.828571428571428,338,-1.3096666666666665,
2006-12-04,-5.06,0.01,-6.392857142857143,339,-1.384,
2006-12-05,-1.94,0.0,-6.048571428571428,340,-2.7996666666666665,
2006-12-06,-1.88,0.0,-5.082857142857143,341,-3.5756666666666663,
2006-12-07,-11.77,0.0,-3.2842857142857147,342,-3.7616666666666663,
2006-12-08,-4.81,0.0,-2.084285714285714,343,-3.6540000000000004,
2006-12-09,-0.08,0.01,-1.6485714285714288,344,-4.117666666666667,
2006-12-10,2.55,0.0,-1.2042857142857144,345,-3.7346666666666666,
2006-12-11,3.34,4.38,1.4142857142857141,346,-3.7763333333333335,
2006-12-12,1.11,0.42,2.248571428571428,347,-3.5260000000000002,
2006-12-13,1.23,0.0,2.788571428571428,348,-2.4756666666666667,
2006-12-14,6.56,0.05,2.3785714285714286,349,-3.1086666666666667,
2006-12-15,1.03,0.01,1.6771428571428568,350,-3.9536666666666664,
2006-12-16,3.7,0.0,1.4285714285714284,351,-4.115,
2006-12-17,-0.32,0.0,1.3057142857142856,352,-4.723333333333333,
2006-12-18,-1.57,0.0,0.6714285714285712,353,-4.670333333333334,
2006-12-19,-0.63,0.0,0.6899999999999997,354,-5.029,
2006-12-20,0.37,10.11,-0.115714285714286,355,-4.147,
2006-12-21,2.12,12.21,-0.13000000000000028,356,-4.393,
2006-12-22,1.16,2.53,-0.22714285714285745,357,-4.798,
2006-12-23,-1.94,0.0,-0.5271428571428575,358,-5.59,
2006-12-24,-0.42,0.0,-0.38000000000000034,359,-6.833333333333333,
2006-12-25,-2.25,0.0,-0.31142857142857183,360,-5.871333333333333,
2006-12-26,-2.73,0.0,0.11571428571428541,361,-4.98,
2006-12-27,1.4,0.0,1.204285714285714,362,-4.514666666666667,
2006-12-28,2.6,0.0,1.6499999999999997,363,-4.012666666666666,
2006-12-29,4.15,0.18,1.6085714285714283,364,-5.275666666666667,
2006-12-30,5.68,8.83,1.7757142857142854,365,-4.824666666666667,
2006-12-31,2.7,21.46,1.7585714285714285,366,-6.896333333333333,
2007-01-01,-2.54,0.01,1.7785714285714285,1,-7.254666666666667,
2007-01-02,-1.56,0.31,1.2657142857142853,2,-6.669333333333333,
2007-01-03,1.28,0.06,0.4285714285714283,3,-6.372,
2007-01-04,2.74,1.22,-0.15000000000000027,4,-7.632000000000001,
2007-01-05,0.56,0.53,0.22999999999999973,5,-7.3629999999999995,
2007-01-06,-0.18,0.0,0.13714285714285687,6,-7.612666666666667,
2007-01-07,-1.35,0.01,0.1328571428571426,7,-7.635666666666666,
2007-01-08,0.12,0.03,-0.0942857142857146,8,-6.3966666666666665,
2007-01-09,-2.21,0.0,-1.5328571428571431,9,-6.800666666666667,
2007-01-10,1.25,0.0,-2.9471428571428575,10,-6.191666666666666,
2007-01-11,1.15,0.03,-3.6571428571428575,11,-5.321666666666667,
2007-01-12,-9.51,0.03,-5.117142857142857,12,-6.834333333333333,
2007-01-13,-10.08,0.82,-6.878571428571428,13,-7.807,
2007-01-14,-6.32,5.86,-8.412857142857144,14,-7.033666666666666,
2007-01-15,-10.1,0.86,-9.404285714285715,15,-8.241333333333333,
2007-01-16,-14.54,0.0,-9.131428571428572,16,-7.281666666666666,
2007-01-17,-9.49,0.02,-8.72857142857143,17,-7.789,
2007-01-18,-5.79,0.14,-8.582857142857142,18,-8.385333333333334,
2007-01-19,-7.6,0.0,-8.114285714285714,19,-7.801,
2007-01-20,-7.26,0.8,-7.008571428571429,20,-7.862,
2007-01-21,-5.3,8.21,-6.301428571428572,21,-6.818,
2007-01-22,-6.82,0.05,-6.494285714285715,22,-5.656000000000001,
2007-01-23,-6.8,0.32,-5.522857142857142,23,-6.655666666666667,
2007-01-24,-4.54,0.03,-5.687142857142858,24,-7.19,
2007-01-25,-7.14,0.0,-6.902857142857144,25,-6.602666666666667,
2007-01-26,-0.8,0.1,-7.32,26,-5.616333333333333,
2007-01-27,-8.41,0.0,-8.465714285714286,27,-6.115666666666667,
2007-01-28,-13.81,0.0,-9.422857142857143,28,-5.8726666666666665,
2007-01-29,-9.74,0.02,-9.978571428571428,29,-7.1626666666666665,
2007-01-30,-14.82,0.0,-11.791428571428572,30,-7.257000000000001,
2007-01-31,-11.24,0.31,-13.070000000000002,31,-5.312333333333333,
2007-02-01,-11.03,0.03,-13.65857142857143,32,-5.570666666666667,
2007-02-02,-13.49,0.0,-14.540000000000001,33,-5.598333333333333,
2007-02-03,-17.36,0.0,-14.227142857142857,34,-5.522333333333333,
2007-02-04,-17.93,0.0,-14.498571428571429,35,-6.5696666666666665,
2007-02-05,-15.91,0.16,-14.831428571428573,36,-5.671666666666667,
2007-02-06,-12.63,1.44,-14.655714285714286,37,-4.662999999999999,
2007-02-07,-13.14,0.01,-14.052857142857144,38,-5.294,
2007-02-08,-13.36,0.02,-12.102857142857143,39,-5.605333333333333,
2007-02-09,-12.26,0.02,-10.332857142857145,40,-5.402333333333333,
2007-02-10,-13.14,0.02,-9.881428571428572,41,-5.548666666666667,
2007-02-11,-4.28,0.15,-10.037142857142857,42,-5.828,
2007-02-12,-3.52,1.41,-10.377142857142859,43,-5.614,
2007-02-13,-9.47,2.61,-10.307142857142859,44,-4.276333333333333,
2007-02-14,-14.23,0.0,-9.445714285714287,45,-4.116666666666666,
2007-02-15,-15.74,0.0,-9.502857142857144,46,-5.044,
2007-02-16,-11.77,0.65,-8.9,47,-4.468,
2007-02-17,-7.11,0.2,-7.324285714285715,48,-2.9069999999999996,
2007-02-18,-4.68,0.17,-4.864285714285715,49,-2.4276666666666666,
2007-02-19,0.7,0.0,-2.7400000000000007,50,-2.2693333333333334,
2007-02-20,1.56,0.1,-0.9942857142857148,51,-1.5713333333333332,
2007-02-21,2.99,0.01,-0.11571428571428617,52,-2.385,
2007-02-22,-0.87,0.0,0.23285714285714235,53,-1.8993333333333333,
2007-02-23,0.45,3.19,-0.7328571428571433,54,-2.289,
2007-02-24,-0.96,26.21,-1.6657142857142861,55,-2.667333333333333,
2007-02-25,-2.24,2.52,-2.3714285714285714,56,-3.2760000000000002,
2007-02-26,-6.06,0.09,-2.334285714285715,57,-3.2516666666666665,
2007-02-27,-4.97,0.03,-3.1000000000000005,58,-3.3603333333333336,
2007-02-28,-1.95,0.32,-4.2700000000000005,59,-2.131666666666667,
2007-03-01,-0.61,15.99,-5.205714285714286,61,-1.5816666666666666,
2007-03-02,-4.91,2.09,-5.3,62,-3.1626666666666665,
2007-03-03,-9.15,0.06,-5.537142857142858,63,-2.8819999999999997,
2007-03-04,-8.79,0.1,-6.014285714285715,64,-1.1363333333333332,
2007-03-05,-6.72,0.03,-6.022857142857142,65,-0.13566666666666655,
2007-03-06,-6.63,0.01,-5.097142857142857,66,0.4623333333333332,
2007-03-07,-5.29,0.0,-3.298571428571429,67,0.44066666666666665,
2007-03-08,-0.67,0.01,-1.201428571428572,68,0.748,
2007-03-09,1.57,2.15,1.031428571428571,69,-0.33833333333333326,
2007-03-10,3.44,0.0,3.8614285714285708,70,0.44,
2007-03-11,5.89,0.0,5.469999999999999,71,0.871,
2007-03-12,8.91,0.01,5.88,72,1.326,
2007-03-13,13.18,0.0,5.5371428571428565,73,2.741,
2007-03-14,5.97,0.01,5.142857142857143,74,2.949333333333333,
2007-03-15,2.2,0.01,4.671428571428571,75,2.875,
2007-03-16,-0.83,0.02,4.24142857142857,76,3.725333333333333,
2007-03-17,0.68,1.32,3.0028571428571422,77,3.746,
2007-03-18,2.59,0.0,4.227142857142857,78,3.3153333333333337,
2007-03-19,5.9,0.0,5.2628571428571425,79,3.641,
2007-03-20,4.51,0.88,7.155714285714284,80,3.9993333333333334,
2007-03-21,14.54,5.44,9.305714285714284,81,3.7106666666666666,
2007-03-22,9.45,0.72,11.558571428571428,82,4.115666666666667,
2007-03-23,12.42,0.64,13.209999999999999,83,4.760000000000001,
2007-03-24,15.73,9.41,14.472857142857142,84,4.697,
2007-03-25,18.36,0.15,14.315714285714284,85,4.338333333333334,
2007-03-26,17.46,0.0,14.824285714285713,86,5.436999999999999,
2007-03-27,13.35,1.41,15.337142857142855,87,5.832666666666666,
2007-03-28,13.44,2.73,15.06857142857143,88,5.482,
2007-03-29,13.01,0.65,13.41,89,6.0793333333333335,
2007-03-30,16.01,10.39,12.102857142857143,90,7.23,
2007-03-31,13.85,17.01,10.825714285714286,91,6.647,
2007-04-01,6.75,0.75,8.440000000000001,92,6.444999999999999,
2007-04-02,8.31,3.85,6.285714285714286,93,7.316,
2007-04-03,4.41,5.49,3.3385714285714285,94,6.646333333333333,
2007-04-04,-3.26,0.0,0.8000000000000002,95,5.5616666666666665,
2007-04-05,-2.07,0.0,-0.297142857142857,96,7.396,
2007-04-06,-4.62,0.0,-1.214285714285714,97,7.986666666666666,
2007-04-07,-3.92,0.01,-1.4014285714285712,98,7.6353333333333335,
2007-04-08,-0.93,0.0,-0.7857142857142856,99,7.1129999999999995,
2007-04-09,1.89,0.0,-0.30571428571428555,100,7.235333333333333,
2007-04-10,3.1,7.89,0.9114285714285716,101,8.195333333333334,
2007-04-11,1.05,12.29,2.2657142857142856,102,8.320666666666666,
2007-04-12,1.29,0.03,3.6685714285714286,103,7.707,
2007-04-13,3.9,0.01,5.275714285714286,104,8.866999999999999,
2007-04-14,5.56,0.02,6.694285714285714,105,10.045666666666667,
2007-04-15,8.89,0.0,8.05,106,10.124,
2007-04-16,13.14,0.0,9.267142857142858,107,9.499666666666666,
2007-04-17,13.03,0.03,10.647142857142857,108,10.244666666666665,
2007-04-18,10.54,0.0,12.34142857142857,109,11.613333333333333,
2007-04-19,9.81,0.02,13.474285714285713,110,10.836666666666668,
2007-04-20,13.56,0.49,13.652857142857142,111,9.832666666666666,
2007-04-21,17.42,0.0,13.43142857142857,112,10.340333333333332,
2007-04-22,16.82,15.81,13.14,113,10.793333333333333,
2007-04-23,14.39,0.32,12.851428571428572,114,11.044,
2007-04-24,11.48,40.28,12.78857142857143,115,12.153666666666668,
2007-04-25,8.5,41.87,12.51142857142857,116,11.603666666666667,
2007-04-26,7.79,1.4,12.91285714285714,117,11.013333333333332,
2007-04-27,13.12,0.0,13.874285714285715,118,10.667666666666666,
2007-04-28,15.48,0.0,14.824285714285717,119,11.247333333333334,
2007-04-29,19.63,0.0,15.629999999999999,120,11.810666666666666,
2007-04-30,21.12,0.0,16.57857142857143,121,12.266666666666667,
2007-05-01,18.13,0.0,17.10857142857143,122,12.117666666666667,
2007-05-02,14.14,0.01,17.634285714285713,123,12.065333333333335,
2007-05-03,14.43,0.97,17.23714285714286,124,12.464333333333334,
2007-05-04,16.83,2.51,16.764285714285712,125,13.715666666666667,
2007-05-05,19.16,14.63,16.625714285714288,126,14.700666666666667,
2007-05-06,16.85,28.85,17.325714285714287,127,15.049333333333333,
2007-05-07,17.81,3.62,18.297142857142855,128,15.288,
2007-05-08,17.16,0.0,18.648571428571426,129,15.648,
2007-05-09,19.04,0.02,18.595714285714287,130,15.424000000000001,
2007-05-10,21.23,0.08,19.19142857142857,131,15.732666666666667,
2007-05-11,19.29,0.0,19.96,132,14.824666666666667,
2007-05-12,18.79,0.1,19.534285714285716,133,13.698666666666666,
2007-05-13,21.02,0.0,18.68,134,13.713333333333335,
2007-05-14,23.19,2.57,17.35,135,14.930666666666667,
2007-05-15,14.18,2.64,16.75,136,15.792666666666666,
2007-05-16,13.06,0.0,16.69,137,16.949,
2007-05-17,11.92,0.0,16.63142857142857,138,16.96,
2007-05-18,15.09,0.0,16.335714285714285,139,16.109666666666666,
2007-05-19,18.37,0.0,17.27285714285714,140,16.488666666666667,
2007-05-20,20.61,0.01,18.325714285714287,141,16.082666666666668,
2007-05-21,21.12,0.0,18.957142857142856,142,16.447666666666667,
2007-05-22,20.74,0.62,18.854285714285712,143,17.717666666666666,
2007-05-23,20.43,35.03,18.47,144,17.689,
2007-05-24,16.34,20.87,17.61857142857143,145,17.377,
2007-05-25,14.37,0.0,17.56,146,16.985,
2007-05-26,15.68,7.04,17.652857142857144,147,17.367,
2007-05-27,14.65,0.0,17.63285714285714,148,18.245,
2007-05-28,20.71,0.23,18.005714285714287,149,18.587,
2007-05-29,21.39,2.91,18.66142857142857,150,19.214,
2007-05-30,20.29,19.5,18.967142857142854,151,19.67366666666667,
2007-05-31,18.95,0.34,19.37,152,18.76966666666667,
2007-06-01,18.96,12.36,19.164285714285715,153,18.962666666666667,
2007-06-02,17.82,0.77,18.488571428571426,154,18.642999999999997,
2007-06-03,17.47,2.29,18.41857142857143,155,19.017333333333333,
2007-06-04,19.27,0.05,19.045714285714286,156,19.663999999999998,
2007-06-05,16.66,0.0,18.647142857142857,157,20.015,
2007-06-06,19.8,1.97,18.72142857142857,158,20.389666666666667,
2007-06-07,23.34,4.63,19.064285714285713,159,21.124666666666666,
2007-06-08,16.17,0.0,19.544285714285714,160,20.57633333333333,
2007-06-09,18.34,0.0,20.482857142857142,161,20.773333333333333,
2007-06-10,19.87,0.0,20.892857142857142,162,21.00133333333333,
2007-06-11,22.63,0.0,20.864285714285717,163,21.526666666666664,
2007-06-12,23.23,0.0,21.99857142857143,164,21.44333333333333,
2007-06-13,22.67,0.0,22.96857142857143,165,21.556333333333335,
2007-06-14,23.14,0.0,23.71,166,21.331666666666667,
2007-06-15,24.11,0.0,23.635714285714283,167,21.750999999999998,
2007-06-16,25.13,2.33,23.18857142857143,168,21.923000000000002,
2007-06-17,25.06,0.0,23.25857142857143,169,22.441666666666666,
2007-06-18,22.11,8.24,23.565714285714286,170,22.617,
2007-06-19,20.1,0.01,23.42142857142857,171,22.067666666666664,
2007-06-20,23.16,0.0,22.860000000000003,172,22.64333333333333,
2007-06-21,25.29,5.96,22.247142857142855,173,22.711666666666666,
2007-06-22,23.1,39.08,22.522857142857145,174,22.692333333333334,
2007-06-23,21.2,0.82,23.389999999999997,175,22.369333333333334,
2007-06-24,20.77,0.01,23.34,176,22.28666666666667,
2007-06-25,24.04,0.0,22.41,177,22.715333333333334,
2007-06-26,26.17,0.27,21.872857142857146,178,22.841,
2007-06-27,22.81,0.33,21.75,179,23.119333333333334,
2007-06-28,18.78,0.01,21.731428571428573,180,22.435333333333332,
2007-06-29,19.34,0.0,21.41857142857143,181,22.72233333333333,
2007-06-30,20.34,0.0,21.202857142857145,182,23.016000000000002,
2007-07-01,20.64,0.0,21.69142857142857,183,22.925666666666665,
2007-07-02,21.85,0.01,22.71,184,22.494666666666667,
2007-07-03,24.66,2.92,23.602857142857143,185,23.086000000000002,
2007-07-04,26.23,0.11,24.635714285714283,186,23.35,
2007-07-05,25.91,0.04,25.712857142857143,187,23.333666666666666,
2007-07-06,25.59,0.04,25.88285714285714,188,23.908,
2007-07-07,27.57,0.0,25.767142857142858,189,23.91033333333333,
2007-07-08,28.18,0.04,24.97,190,23.716333333333335,
2007-07-09,23.04,5.64,24.364285714285717,191,23.563666666666666,
2007-07-10,23.85,0.0,23.698571428571427,192,23.58566666666667,
2007-07-11,20.65,0.01,23.220000000000002,193,23.475666666666665,
2007-07-12,21.67,0.27,22.614285714285717,194,23.613999999999997,
2007-07-13,20.93,0.0,23.220000000000002,195,23.775,
2007-07-14,24.22,0.0,24.039999999999996,196,23.750333333333334,
2007-07-15,23.94,3.33,25.08571428571429,197,24.091,
2007-07-16,27.28,1.56,25.41142857142857,198,24.48933333333333,
2007-07-17,29.59,0.17,25.305714285714284,199,25.218666666666667,
2007-07-18,27.97,22.13,24.941428571428577,200,25.182000000000002,
2007-07-19,23.95,2.05,24.87142857142857,201,25.142666666666667,
2007-07-20,20.19,0.0,24.335714285714285,202,24.688333333333333,
2007-07-21,21.67,0.0,23.667142857142856,203,24.159,
2007-07-22,23.45,1.38,23.428571428571427,204,24.09733333333333,
2007-07-23,23.53,10.39,23.88714285714286,205,23.634999999999998,
2007-07-24,24.91,0.02,24.52285714285714,206,23.958333333333332,
2007-07-25,26.3,0.0,24.76857142857143,207,24.35666666666667,
2007-07-26,27.16,15.93,24.81142857142857,208,23.784333333333333,
2007-07-27,24.64,2.23,24.990000000000002,209,23.436333333333334,
2007-07-28,23.39,0.0,24.974285714285713,210,23.39466666666667,
2007-07-29,23.75,0.0,24.967142857142854,211,22.936333333333334,
2007-07-30,24.78,0.0,24.87142857142857,212,23.407333333333334,
2007-07-31,24.8,0.0,24.634285714285713,213,23.882,
2007-08-01,26.25,0.01,24.815714285714282,214,24.038,
2007-08-02,26.49,0.08,25.264285714285712,215,23.786,
2007-08-03,22.98,0.47,25.449999999999996,216,23.788333333333334,
2007-08-04,24.66,30.56,25.66,217,23.070333333333334,
2007-08-05,26.89,2.22,25.315714285714286,218,22.095000000000002,
2007-08-06,26.08,12.19,25.275714285714287,219,22.555999999999997,
2007-08-07,26.27,5.3,25.731428571428573,220,23.384999999999998,
2007-08-08,23.84,6.14,26.22,221,23.405666666666665,
2007-08-09,26.21,0.49,26.24857142857143,222,23.939,
2007-08-10,26.17,0.0,26.395714285714288,223,23.015666666666668,
2007-08-11,28.08,0.1,26.591428571428573,224,22.470000000000002,
2007-08-12,27.09,4.97,26.912857142857142,225,22.623333333333335,
2007-08-13,27.11,0.44,26.554285714285715,226,22.243999999999996,
2007-08-14,27.64,2.09,25.924285714285713,227,21.991,
2007-08-15,26.09,1.49,25.117142857142856,228,21.821,
2007-08-16,23.7,2.65,24.898571428571426,229,22.473666666666666,
2007-08-17,21.76,16.46,24.504285714285714,230,22.349666666666668,
2007-08-18,22.43,7.38,24.30142857142857,231,22.279,
2007-08-19,25.56,40.16,24.145714285714284,232,21.826,
2007-08-20,24.35,11.59,24.205714285714286,233,21.703333333333333,
2007-08-21,26.22,12.39,23.951428571428572,234,22.387999999999998,
2007-08-22,25.0,24.31,23.542857142857144,235,22.672666666666665,
2007-08-23,24.12,17.83,22.88714285714286,236,22.886000000000003,
2007-08-24,19.98,5.31,22.93285714285714,237,23.147333333333332,
2007-08-25,19.57,0.05,22.93,238,22.886333333333333,
2007-08-26,20.97,0.01,22.201428571428572,239,23.105999999999998,
2007-08-27,24.67,0.47,21.48,240,23.144333333333336,
2007-08-28,26.2,19.57,21.482857142857142,241,22.774333333333335,
2007-08-29,19.9,6.45,21.46285714285714,242,22.189,
2007-08-30,19.07,0.0,21.448571428571427,243,21.733333333333334,
2007-08-31,20.0,0.0,21.148571428571426,244,21.302666666666667,
2007-09-01,19.43,0.0,20.768571428571427,245,21.451,
2007-09-02,20.87,0.0,21.389999999999997,246,22.022333333333332,
2007-09-03,22.57,0.0,21.994285714285716,247,21.276666666666664,
2007-09-04,23.54,0.0,22.06142857142857,248,21.00433333333333,
2007-09-05,24.25,0.0,22.01142857142857,249,21.005666666666666,
2007-09-06,23.3,24.05,21.43,250,21.192666666666664,
2007-09-07,20.47,7.78,20.09,251,20.137,
2007-09-08,19.08,0.01,18.557142857142857,252,19.12933333333333,
2007-09-09,16.8,0.49,16.85571428571429,253,19.55933333333333,
2007-09-10,13.19,9.4,15.841428571428569,254,19.197,
2007-09-11,12.81,0.0,14.267142857142856,255,19.569333333333336,
2007-09-12,12.34,0.0,12.889999999999999,256,19.301,
2007-09-13,16.2,0.0,12.617142857142856,257,18.745333333333335,
2007-09-14,9.45,0.0,14.001428571428571,258,17.874333333333333,
2007-09-15,9.44,0.88,15.375714285714285,259,18.199666666666666,
2007-09-16,14.89,0.01,16.15,260,18.276999999999997,
2007-09-17,22.88,0.19,16.794285714285714,261,18.257,
2007-09-18,22.43,17.46,18.452857142857145,262,17.91466666666667,
2007-09-19,17.76,0.58,19.327142857142857,263,17.648333333333333,
2007-09-20,20.71,0.02,20.060000000000002,264,17.333666666666666,
2007-09-21,21.06,2.33,20.140000000000004,265,16.50766666666667,
2007-09-22,15.56,0.0,19.18,266,15.752999999999998,
2007-09-23,20.02,0.0,18.712857142857143,267,15.840666666666666,
2007-09-24,23.44,4.63,18.10571428571429,268,15.879666666666667,
2007-09-25,15.71,1.99,17.15142857142857,269,16.085666666666665,
2007-09-26,14.49,0.01,17.574285714285715,270,15.628000000000002,
2007-09-27,16.46,0.0,17.312857142857144,271,15.453666666666667,
2007-09-28,14.38,0.07,16.405714285714286,272,14.340333333333332,
2007-09-29,18.52,0.34,16.52857142857143,273,15.011,
2007-09-30,18.19,4.37,16.61857142857143,274,15.565,
2007-10-01,17.09,0.24,16.96,275,14.964666666666666,
2007-10-02,16.57,25.32,18.111428571428572,276,14.025,
2007-10-03,15.12,0.0,18.861428571428572,277,13.937999999999999,
2007-10-04,18.85,0.36,19.482857142857142,278,12.959333333333335,
2007-10-05,22.44,2.04,19.31142857142857,279,13.216666666666667,
2007-10-06,23.77,0.0,18.79714285714286,280,13.280666666666667,
2007-10-07,22.54,15.53,17.771428571428572,281,13.126,
2007-10-08,15.89,9.49,16.224285714285717,282,13.387,
2007-10-09,12.97,0.0,14.614285714285714,283,12.320333333333334,
2007-10-10,7.94,0.0,13.301428571428572,284,11.544666666666666,
2007-10-11,8.02,0.0,12.107142857142858,285,12.015333333333333,
2007-10-12,11.17,0.38,11.792857142857144,286,11.498666666666667,
2007-10-13,14.58,9.21,11.518571428571429,287,10.771666666666667,
2007-10-14,14.18,22.95,12.239999999999998,288,10.437000000000001,
2007-10-15,13.69,20.06,13.161428571428571,289,10.093333333333334,
2007-10-16,11.05,0.09,13.177142857142856,290,10.100999999999999,
2007-10-17,12.99,12.9,13.06,291,10.468,
2007-10-18,14.47,5.06,12.971428571428573,292,9.365,
2007-10-19,11.28,0.08,12.125714285714285,293,9.306333333333333,
2007-10-20,13.76,0.0,11.815714285714284,294,9.620000000000001,
2007-10-21,13.56,0.03,10.917142857142858,295,9.548333333333334,
2007-10-22,7.77,0.54,9.687142857142858,296,9.428333333333335,
2007-10-23,8.88,0.0,9.232857142857142,297,9.361666666666668,
2007-10-24,6.7,0.03,8.254285714285714,298,8.323333333333332,
2007-10-25,5.86,0.0,7.1657142857142855,299,8.220666666666666,
2007-10-26,8.1,0.05,7.371428571428572,300,7.387333333333333,
2007-10-27,6.91,0.0,7.981428571428571,301,6.560333333333333,
2007-10-28,5.94,0.0,8.154285714285715,302,7.194333333333334,
2007-10-29,9.21,0.0,8.045714285714284,303,7.574,
2007-10-30,13.15,0.0,7.662857142857143,304,6.771333333333333,
2007-10-31,7.91,0.0,7.3428571428571425,305,5.3613333333333335,
2007-11-01,5.1,0.0,7.585714285714286,306,5.837000000000001,
2007-11-02,5.42,0.0,7.03,307,4.904,
2007-11-03,4.67,0.0,5.067142857142857,308,5.098666666666667,
2007-11-04,7.64,0.0,4.114285714285714,309,5.049,
2007-11-05,5.32,0.01,3.738571428571429,310,5.129666666666666,
2007-11-06,-0.59,0.0,3.344285714285714,311,4.361666666666666,
2007-11-07,1.24,0.0,3.525714285714286,312,3.850333333333333,
2007-11-08,2.47,0.0,4.337142857142857,313,4.254666666666667,
2007-11-09,2.66,0.0,4.5928571428571425,314,4.613333333333333,
2007-11-10,5.94,0.0,5.4871428571428575,315,3.4196666666666666,
2007-11-11,13.32,0.01,5.992857142857143,316,1.9046666666666667,
2007-11-12,7.11,0.0,5.755714285714285,317,1.7046666666666668,
2007-11-13,5.67,0.0,5.914285714285714,318,2.5083333333333333,
2007-11-14,4.78,0.08,5.630000000000001,319,2.8676666666666666,
2007-11-15,0.81,0.0,3.9657142857142857,320,2.585,
2007-11-16,3.77,0.0,3.9928571428571433,321,2.494,
2007-11-17,3.95,0.01,3.847142857142857,322,2.942333333333333,
2007-11-18,1.67,1.28,3.0,323,2.783666666666667,
2007-11-19,7.3,0.05,2.427142857142857,324,2.183666666666667,
2007-11-20,4.65,0.57,1.3957142857142857,325,1.4466666666666665,
2007-11-21,-1.15,1.65,0.6685714285714285,326,1.0430000000000001,
2007-11-22,-3.2,0.01,0.37285714285714283,327,1.2656666666666667,
2007-11-23,-3.45,0.0,-0.7342857142857142,328,0.8053333333333333,
2007-11-24,-1.14,0.02,-1.9385714285714286,329,0.4036666666666667,
2007-11-25,-0.4,0.0,-2.0085714285714285,330,0.2166666666666667,
2007-11-26,-0.45,0.02,-1.9342857142857144,331,-0.3006666666666667,
2007-11-27,-3.78,0.0,-2.2600000000000002,332,-0.6473333333333334,
2007-11-28,-1.64,0.0,-2.378571428571429,333,0.04299999999999997,
2007-11-29,-2.68,0.0,-3.0485714285714285,334,-0.1753333333333333,
2007-11-30,-5.73,0.0,-3.8328571428571427,335,-1.3270000000000002,
2007-12-01,-1.97,18.98,-3.6857142857142864,336,-1.3359999999999999,
2007-12-02,-5.09,0.07,-4.377142857142857,337,-0.9176666666666667,
2007-12-03,-5.94,0.03,-5.03,338,-1.3096666666666665,
2007-12-04,-2.75,0.46,-5.075714285714286,339,-1.384,
2007-12-05,-6.48,0.01,-6.315714285714287,340,-2.7996666666666665,
2007-12-06,-7.25,5.68,-7.017142857142858,341,-3.5756666666666663,
2007-12-07,-6.05,0.03,-7.182857142857143,342,-3.7616666666666663,
2007-12-08,-10.65,2.21,-7.474285714285714,343,-3.6540000000000004,
2007-12-09,-10.0,0.2,-8.055714285714286,344,-4.117666666666667,
2007-12-10,-7.1,1.08,-8.09142857142857,345,-3.7346666666666666,
2007-12-11,-4.79,12.82,-9.052857142857144,346,-3.7763333333333335,
2007-12-12,-10.55,0.01,-9.144285714285715,347,-3.5260000000000002,
2007-12-13,-7.5,0.06,-9.214285714285714,348,-2.4756666666666667,
2007-12-14,-12.78,0.05,-9.521428571428572,349,-3.1086666666666667,
2007-12-15,-11.29,0.13,-9.384285714285713,350,-3.9536666666666664,
2007-12-16,-10.49,0.0,-8.684285714285716,351,-4.115,
2007-12-17,-9.25,0.02,-7.890000000000001,352,-4.723333333333333,
2007-12-18,-3.83,0.0,-6.0114285714285725,353,-4.670333333333334,
2007-12-19,-5.65,0.0,-4.842857142857143,354,-5.029,
2007-12-20,-1.94,0.0,-4.75,355,-4.147,
2007-12-21,0.37,0.39,-4.565714285714287,356,-4.393,
2007-12-22,-3.11,2.3,-4.494285714285715,357,-4.798,
2007-12-23,-9.84,0.0,-4.297142857142857,358,-5.59,
2007-12-24,-7.96,0.01,-4.917142857142857,359,-6.833333333333333,
2007-12-25,-3.33,0.02,-5.767142857142858,360,-5.871333333333333,
2007-12-26,-4.27,0.25,-6.321428571428572,361,-4.98,
2007-12-27,-6.28,0.12,-5.885714285714286,362,-4.514666666666667,
2007-12-28,-5.58,1.99,-5.725714285714287,363,-4.012666666666666,
2007-12-29,-6.99,0.1,-6.872857142857143,364,-5.275666666666667,
2007-12-30,-6.79,0.01,-8.094285714285714,365,-4.824666666666667,
2007-12-31,-6.84,0.07,-8.475714285714286,366,-6.896333333333333,
2008-01-01,-11.36,0.02,-8.067142857142857,1,-7.254666666666667,
2008-01-02,-12.82,0.0,-6.961428571428572,2,-6.669333333333333,
2008-01-03,-8.95,0.0,-5.708571428571429,3,-6.372,
2008-01-04,-2.72,0.02,-4.381428571428572,4,-7.632000000000001,
2008-01-05,0.75,0.01,-2.908571428571429,5,-7.3629999999999995,
2008-01-06,1.98,0.03,-1.2985714285714292,6,-7.612666666666667,
2008-01-07,2.45,1.26,-0.1542857142857148,7,-7.635666666666666,
2008-01-08,-1.05,0.19,-0.29714285714285765,8,-6.3966666666666665,
2008-01-09,-1.55,0.0,-0.9528571428571434,9,-6.800666666666667,
2008-01-10,-0.94,0.84,-2.0100000000000007,10,-6.191666666666666,
2008-01-11,-3.72,0.01,-3.8442857142857148,11,-5.321666666666667,
2008-01-12,-3.84,0.28,-5.087142857142857,12,-6.834333333333333,
2008-01-13,-5.42,0.04,-5.59857142857143,13,-7.807,
2008-01-14,-10.39,0.0,-7.075714285714286,14,-7.033666666666666,
2008-01-15,-9.75,0.0,-8.567142857142857,15,-8.241333333333333,
2008-01-16,-5.13,2.83,-10.62857142857143,16,-7.281666666666666,
2008-01-17,-11.28,1.94,-12.071428571428571,17,-7.789,
2008-01-18,-14.16,0.01,-12.045714285714286,18,-8.385333333333334,
2008-01-19,-18.27,0.0,-12.362857142857143,19,-7.801,
2008-01-20,-15.52,1.18,-13.584285714285715,20,-7.862,
2008-01-21,-10.21,3.55,-14.547142857142859,21,-6.818,
2008-01-22,-11.97,0.02,-13.875714285714286,22,-5.656000000000001,
2008-01-23,-13.68,0.41,-11.891428571428571,23,-6.655666666666667,
2008-01-24,-18.02,0.0,-9.942857142857145,24,-7.19,
2008-01-25,-9.46,0.26,-7.895714285714286,25,-6.602666666666667,
2008-01-26,-4.38,0.0,-7.555714285714286,26,-5.616333333333333,
2008-01-27,-1.88,0.0,-7.82,27,-6.115666666666667,
2008-01-28,4.12,0.06,-6.637142857142857,28,-5.8726666666666665,
2008-01-29,-9.59,0.42,-6.08,29,-7.1626666666666665,
2008-01-30,-15.53,0.01,-5.755714285714285,30,-7.257000000000001,
2008-01-31,-9.74,0.0,-5.988571428571428,31,-5.312333333333333,
2008-02-01,-5.56,0.01,-6.772857142857142,32,-5.570666666666667,
2008-02-02,-2.11,0.03,-5.7957142857142845,33,-5.598333333333333,
2008-02-03,-3.51,0.94,-4.218571428571429,34,-5.522333333333333,
2008-02-04,-1.37,3.4,-3.762857142857143,35,-6.5696666666666665,
2008-02-05,-2.75,5.88,-3.43,36,-5.671666666666667,
2008-02-06,-4.49,2.82,-4.051428571428572,37,-4.662999999999999,
2008-02-07,-6.55,0.11,-5.928571428571429,38,-5.294,
2008-02-08,-3.23,0.03,-7.882857142857143,39,-5.605333333333333,
2008-02-09,-6.46,0.01,-9.372857142857143,40,-5.402333333333333,
2008-02-10,-16.65,0.42,-10.078571428571427,41,-5.548666666666667,
2008-02-11,-15.05,2.25,-10.152857142857142,42,-5.828,
2008-02-12,-13.18,0.57,-11.469999999999999,43,-5.614,
2008-02-13,-9.43,0.04,-11.33,44,-4.276333333333333,
2008-02-14,-7.07,0.41,-9.26,45,-4.116666666666666,
2008-02-15,-12.45,0.0,-8.97,46,-5.044,
2008-02-16,-5.48,0.25,-9.0,47,-4.468,
2008-02-17,-2.16,6.19,-10.207142857142856,48,-2.9069999999999996,
2008-02-18,-13.02,0.0,-11.084285714285715,49,-2.4276666666666666,
2008-02-19,-13.39,0.05,-10.58,50,-2.2693333333333334,
2008-02-20,-17.88,0.01,-10.70142857142857,51,-1.5713333333333332,
2008-02-21,-13.21,0.0,-10.551428571428572,52,-2.385,
2008-02-22,-8.92,0.0,-8.68,53,-1.8993333333333333,
2008-02-23,-6.33,0.0,-7.527142857142856,54,-2.289,
2008-02-24,-1.11,0.01,-5.914285714285714,55,-2.667333333333333,
2008-02-25,0.08,9.9,-4.634285714285714,56,-3.2760000000000002,
2008-02-26,-5.32,0.05,-3.3514285714285705,57,-3.2516666666666665,
2008-02-27,-6.59,0.0,-2.1385714285714283,58,-3.3603333333333336,
2008-02-28,-4.25,1.66,-1.174285714285714,59,-2.131666666666667,
2008-02-29,0.06,0.01,-2.008571428571428,60,1.94125,
2008-03-01,2.16,0.0,-1.7999999999999992,61,-1.5816666666666666,
2008-03-02,5.64,6.49,-1.3728571428571423,62,-3.1626666666666665,
2008-03-03,-5.76,1.63,-1.4814285714285709,63,-2.8819999999999997,
2008-03-04,-3.86,1.09,-2.882857142857142,64,-1.1363333333333332,
2008-03-05,-3.6,0.26,-4.4157142857142855,65,-0.13566666666666655,
2008-03-06,-5.01,0.08,-5.824285714285714,66,0.4623333333333332,
2008-03-07,-9.75,0.1,-5.648571428571428,67,0.44066666666666665,
2008-03-08,-8.57,0.01,-4.858571428571428,68,0.748,
2008-03-09,-4.22,0.01,-3.6542857142857135,69,-0.33833333333333326,
2008-03-10,-4.53,0.01,-2.118571428571428,70,0.44,
2008-03-11,1.67,0.0,-0.14142857142857096,71,0.871,
2008-03-12,4.83,0.0,1.0557142857142863,72,1.326,
2008-03-13,5.74,0.0,1.7571428571428578,73,2.741,
2008-03-14,4.09,0.03,2.6285714285714294,74,2.949333333333333,
2008-03-15,-0.19,0.01,2.855714285714286,75,2.875,
2008-03-16,0.69,1.56,2.8000000000000007,76,3.725333333333333,
2008-03-17,1.57,3.95,2.845714285714286,77,3.746,
2008-03-18,3.26,0.17,2.5942857142857148,78,3.3153333333333337,
2008-03-19,4.44,0.19,2.6328571428571435,79,3.641,
2008-03-20,6.06,0.37,2.312857142857143,80,3.9993333333333334,
2008-03-21,2.33,0.06,2.3271428571428574,81,3.7106666666666666,
2008-03-22,0.08,0.8,2.735714285714286,82,4.115666666666667,
2008-03-23,-1.55,0.03,2.7242857142857146,83,4.760000000000001,
2008-03-24,1.67,0.01,1.9228571428571435,84,4.697,
2008-03-25,6.12,0.0,1.7042857142857148,85,4.338333333333334,
2008-03-26,4.36,0.27,2.0457142857142867,86,5.436999999999999,
2008-03-27,0.45,6.26,3.175714285714286,87,5.832666666666666,
2008-03-28,0.8,0.0,3.517142857142858,88,5.482,
2008-03-29,2.47,0.06,2.934285714285715,89,6.0793333333333335,
2008-03-30,6.36,3.77,2.881428571428572,90,7.23,
2008-03-31,4.06,21.58,3.2042857142857146,91,6.647,
2008-04-01,2.04,0.03,4.054285714285714,92,6.444999999999999,
2008-04-02,3.99,0.0,5.0200000000000005,93,7.316,
2008-04-03,2.71,8.73,5.287142857142858,94,6.646333333333333,
2008-04-04,6.75,0.09,5.367142857142857,95,5.5616666666666665,
2008-04-05,9.23,0.0,5.4142857142857155,96,7.396,
2008-04-06,8.23,0.38,5.440000000000002,97,7.986666666666666,
2008-04-07,4.62,0.12,6.0985714285714305,98,7.6353333333333335,
2008-04-08,2.37,2.36,5.780000000000001,99,7.1129999999999995,
2008-04-09,4.17,0.09,4.61,100,7.235333333333333,
2008-04-10,7.32,21.54,3.7042857142857146,101,8.195333333333334,
2008-04-11,4.52,6.14,3.592857142857143,102,8.320666666666666,
2008-04-12,1.04,0.64,4.642857142857143,103,7.707,
2008-04-13,1.89,0.0,6.192857142857143,104,8.866999999999999,
2008-04-14,3.84,0.0,6.3828571428571435,105,10.045666666666667,
2008-04-15,9.72,0.0,6.9385714285714295,106,10.124,
2008-04-16,15.02,0.03,8.047142857142857,107,9.499666666666666,
2008-04-17,8.65,17.88,9.678571428571429,108,10.244666666666665,
2008-04-18,8.41,9.75,11.334285714285715,109,11.613333333333333,
2008-04-19,8.8,0.78,11.665714285714287,110,10.836666666666668,
2008-04-20,13.31,0.0,11.655714285714286,111,9.832666666666666,
2008-04-21,15.43,7.05,12.957142857142857,112,10.340333333333332,
2008-04-22,12.04,2.06,13.252857142857144,113,10.793333333333333,
2008-04-23,14.95,0.05,12.835714285714285,114,11.044,
2008-04-24,17.76,37.42,11.845714285714285,115,12.153666666666668,
2008-04-25,10.48,6.62,10.045714285714284,116,11.603666666666667,
2008-04-26,5.88,0.04,9.105714285714287,117,11.013333333333332,
2008-04-27,6.38,0.23,8.507142857142858,118,10.667666666666666,
2008-04-28,2.83,0.01,8.465714285714286,119,11.247333333333334,
2008-04-29,5.46,0.0,8.94,120,11.810666666666666,
2008-04-30,10.76,0.01,9.33,121,12.266666666666667,
2008-05-01,17.47,0.59,10.035714285714286,122,12.117666666666667,
2008-05-02,13.8,9.17,11.924285714285714,123,12.065333333333335,
2008-05-03,8.61,0.49,13.645714285714288,124,12.464333333333334,
2008-05-04,11.32,0.01,14.26142857142857,125,13.715666666666667,
2008-05-05,16.05,0.0,13.617142857142857,126,14.700666666666667,
2008-05-06,17.51,21.06,13.464285714285714,127,15.049333333333333,
2008-05-07,15.07,2.67,14.017142857142858,128,15.288,
2008-05-08,12.96,0.16,13.731428571428571,129,15.648,
2008-05-09,12.73,0.63,13.209999999999999,130,15.424000000000001,
2008-05-10,12.48,8.55,12.657142857142857,131,15.732666666666667,
2008-05-11,9.32,2.34,12.218571428571428,132,14.824666666666667,
2008-05-12,12.4,0.0,12.36,133,13.698666666666666,
2008-05-13,13.64,0.02,12.844285714285714,134,13.713333333333335,
2008-05-14,12.0,0.0,13.650000000000002,135,14.930666666666667,
2008-05-15,13.95,0.0,14.142857142857142,136,15.792666666666666,
2008-05-16,16.12,0.0,14.54857142857143,137,16.949,
2008-05-17,18.12,0.0,14.510000000000002,138,16.96,
2008-05-18,12.77,0.03,14.710000000000003,139,16.109666666666666,
2008-05-19,15.24,1.3,14.777142857142858,140,16.488666666666667,
2008-05-20,13.37,0.03,14.331428571428571,141,16.082666666666668,
2008-05-21,13.4,0.0,13.824285714285713,142,16.447666666666667,
2008-05-22,14.42,6.58,15.097142857142858,143,17.717666666666666,
2008-05-23,13.0,14.47,15.664285714285715,144,17.689,
2008-05-24,14.57,0.65,15.368571428571428,145,17.377,
2008-05-25,21.68,6.75,15.361428571428572,146,16.985,
2008-05-26,19.21,5.05,15.831428571428573,147,17.367,
2008-05-27,11.3,6.24,17.137142857142855,148,18.245,
2008-05-28,13.35,3.96,17.93,149,18.587,
2008-05-29,17.71,27.14,17.900000000000002,150,19.214,
2008-05-30,22.14,34.42,18.157142857142855,151,19.67366666666667,
2008-05-31,20.12,0.02,19.42142857142857,152,18.76966666666667,
2008-06-01,21.47,0.18,20.344285714285714,153,18.962666666666667,
2008-06-02,21.01,17.76,21.384285714285713,154,18.642999999999997,
2008-06-03,20.15,8.53,21.27285714285714,155,19.017333333333333,
2008-06-04,19.81,8.26,21.89428571428571,156,19.663999999999998,
2008-06-05,24.99,29.92,22.165714285714284,157,20.015,
2008-06-06,21.36,7.18,21.919999999999998,158,20.389666666666667,
2008-06-07,24.47,35.48,21.958571428571428,159,21.124666666666666,
2008-06-08,23.37,24.52,22.388571428571428,160,20.57633333333333,
2008-06-09,19.29,3.93,21.624285714285715,161,20.773333333333333,
2008-06-10,20.42,0.53,21.18285714285714,162,21.00133333333333,
2008-06-11,22.82,24.11,20.624285714285715,163,21.526666666666664,
2008-06-12,19.64,21.57,20.247142857142855,164,21.44333333333333,
2008-06-13,18.27,0.0,19.87142857142857,165,21.556333333333335,
2008-06-14,20.56,0.92,19.607142857142858,166,21.331666666666667,
2008-06-15,20.73,0.52,19.275714285714287,167,21.750999999999998,
2008-06-16,16.66,0.0,19.34714285714286,168,21.923000000000002,
2008-06-17,18.57,0.01,19.922857142857143,169,22.441666666666666,
2008-06-18,20.5,0.15,19.945714285714285,170,22.617,
2008-06-19,20.14,1.63,19.770000000000003,171,22.067666666666664,
2008-06-20,22.3,1.59,20.25142857142857,172,22.64333333333333,
2008-06-21,20.72,1.57,20.521428571428572,173,22.711666666666666,
2008-06-22,19.5,0.58,20.997142857142858,174,22.692333333333334,
2008-06-23,20.03,0.01,21.36285714285714,175,22.369333333333334,
2008-06-24,20.46,1.04,21.518571428571427,176,22.28666666666667,
2008-06-25,23.83,7.82,21.221428571428568,177,22.715333333333334,
2008-06-26,22.7,27.47,21.18,178,22.841,
2008-06-27,23.39,10.45,21.198571428571427,179,23.119333333333334,
2008-06-28,18.64,0.76,21.375714285714285,180,22.435333333333332,
2008-06-29,19.21,0.48,21.15857142857143,181,22.72233333333333,
2008-06-30,20.16,0.0,20.58857142857143,182,23.016000000000002,
2008-07-01,21.7,0.01,20.037142857142857,183,22.925666666666665,
2008-07-02,22.31,0.69,20.288571428571426,184,22.494666666666667,
2008-07-03,18.71,0.0,20.82857142857143,185,23.086000000000002,
2008-07-04,19.53,0.0,21.64428571428571,186,23.35,
2008-07-05,20.4,0.22,21.909999999999997,187,23.333666666666666,
2008-07-06,22.99,2.36,21.831428571428575,188,23.908,
2008-07-07,25.87,18.68,22.631428571428575,189,23.91033333333333,
2008-07-08,23.56,3.35,23.525714285714287,190,23.716333333333335,
2008-07-09,21.76,1.54,23.307142857142857,191,23.563666666666666,
2008-07-10,24.31,2.17,22.755714285714284,192,23.58566666666667,
2008-07-11,25.79,3.97,22.210000000000004,193,23.475666666666665,
2008-07-12,18.87,0.64,22.352857142857143,194,23.613999999999997,
2008-07-13,19.13,0.0,22.802857142857142,195,23.775,
2008-07-14,22.05,0.0,22.842857142857138,196,23.750333333333334,
2008-07-15,24.56,0.18,22.56,197,24.091,
2008-07-16,24.91,0.01,23.33142857142857,198,24.48933333333333,
2008-07-17,24.59,46.26,24.240000000000002,199,25.218666666666667,
2008-07-18,23.81,3.21,24.268571428571427,200,25.182000000000002,
2008-07-19,24.27,22.66,23.890000000000004,201,25.142666666666667,
2008-07-20,25.49,8.56,23.288571428571426,202,24.688333333333333,
2008-07-21,22.25,8.73,22.53142857142857,203,24.159,
2008-07-22,21.91,0.0,22.358571428571427,204,24.09733333333333,
2008-07-23,20.7,1.25,21.987142857142857,205,23.634999999999998,
2008-07-24,19.29,18.48,21.70571428571429,206,23.958333333333332,
2008-07-25,22.6,1.1,22.165714285714284,207,24.35666666666667,
2008-07-26,21.67,0.0,22.488571428571426,208,23.784333333333333,
2008-07-27,23.52,28.8,22.942857142857143,209,23.436333333333334,
2008-07-28,25.47,5.57,23.821428571428573,210,23.39466666666667,
2008-07-29,24.17,2.1,23.96285714285714,211,22.936333333333334,
2008-07-30,23.88,0.02,23.922857142857143,212,23.407333333333334,
2008-07-31,25.44,0.03,24.247142857142855,213,23.882,
2008-08-01,23.59,0.0,24.378571428571426,214,24.038,
2008-08-02,21.39,0.0,24.244285714285716,215,23.786,
2008-08-03,25.79,0.21,23.798571428571428,216,23.788333333333334,
2008-08-04,26.39,2.48,23.131428571428575,217,23.070333333333334,
2008-08-05,23.23,0.06,22.75857142857143,218,22.095000000000002,
2008-08-06,20.76,0.04,22.94142857142857,219,22.555999999999997,
2008-08-07,20.77,0.0,22.27857142857143,220,23.384999999999998,
2008-08-08,20.98,0.15,21.24857142857143,221,23.405666666666665,
2008-08-09,22.67,2.45,20.604285714285712,222,23.939,
2008-08-10,21.15,0.0,20.692857142857143,223,23.015666666666668,
2008-08-11,19.18,0.28,20.665714285714284,224,22.470000000000002,
2008-08-12,18.72,11.26,20.392857142857142,225,22.623333333333335,
2008-08-13,21.38,3.69,19.877142857142854,226,22.243999999999996,
2008-08-14,20.58,4.65,19.625714285714285,227,21.991,
2008-08-15,19.07,0.23,19.82428571428571,228,21.821,
2008-08-16,19.06,0.0,20.28142857142857,229,22.473666666666666,
2008-08-17,19.39,0.0,20.307142857142857,230,22.349666666666668,
2008-08-18,20.57,0.0,20.322857142857142,231,22.279,
2008-08-19,21.92,0.0,21.01571428571429,232,21.826,
2008-08-20,21.56,0.0,21.138571428571428,233,21.703333333333333,
2008-08-21,20.69,1.22,20.87,234,22.387999999999998,
2008-08-22,23.92,0.64,20.427142857142858,235,22.672666666666665,
2008-08-23,19.92,0.06,19.865714285714287,236,22.886000000000003,
2008-08-24,17.51,0.0,19.722857142857144,237,23.147333333333332,
2008-08-25,17.47,0.0,19.884285714285713,238,22.886333333333333,
2008-08-26,17.99,0.0,19.131428571428568,239,23.105999999999998,
2008-08-27,20.56,18.01,19.138571428571428,240,23.144333333333336,
2008-08-28,21.82,1.1,19.557142857142857,241,22.774333333333335,
2008-08-29,18.65,0.0,20.412857142857142,242,22.189,
2008-08-30,19.97,0.0,20.944285714285712,243,21.733333333333334,
2008-08-31,20.44,0.0,20.254285714285714,244,21.302666666666667,
2008-09-01,23.46,0.01,19.195714285714285,245,21.451,
2008-09-02,21.71,0.63,18.647142857142857,246,22.022333333333332,
2008-09-03,15.73,0.39,17.76571428571429,247,21.276666666666664,
2008-09-04,14.41,3.47,17.005714285714287,248,21.00433333333333,
2008-09-05,14.81,1.91,15.322857142857144,249,21.005666666666666,
2008-09-06,13.8,0.2,14.03857142857143,250,21.192666666666664,
2008-09-07,15.12,2.56,14.054285714285715,251,20.137,
2008-09-08,11.68,5.28,14.95,252,19.12933333333333,
2008-09-09,12.72,0.0,15.37857142857143,253,19.55933333333333,
2008-09-10,15.84,0.5,16.174285714285713,254,19.197,
2008-09-11,20.68,14.5,16.052857142857142,255,19.569333333333336,
2008-09-12,17.81,18.58,16.18857142857143,256,19.301,
2008-09-13,19.37,4.76,16.677142857142858,257,18.745333333333335,
2008-09-14,14.27,0.21,17.15,258,17.874333333333333,
2008-09-15,12.63,0.0,16.96,259,18.199666666666666,
2008-09-16,16.14,0.0,17.06714285714286,260,18.276999999999997,
2008-09-17,19.15,0.0,17.02285714285714,261,18.257,
2008-09-18,19.35,0.0,17.674285714285713,262,17.91466666666667,
2008-09-19,18.56,0.0,18.61285714285714,263,17.648333333333333,
2008-09-20,19.06,0.0,19.298571428571428,264,17.333666666666666,
2008-09-21,18.83,0.01,19.315714285714282,265,16.50766666666667,
2008-09-22,19.2,2.1,19.174285714285713,266,15.752999999999998,
2008-09-23,20.94,10.95,19.37142857142857,267,15.840666666666666,
2008-09-24,19.27,2.72,19.274285714285714,268,15.879666666666667,
2008-09-25,18.36,0.0,18.857142857142858,269,16.085666666666665,
2008-09-26,19.94,0.01,18.295714285714286,270,15.628000000000002,
2008-09-27,18.38,0.01,17.012857142857143,271,15.453666666666667,
2008-09-28,15.91,8.33,15.751428571428571,272,14.340333333333332,
2008-09-29,15.27,10.0,14.732857142857142,273,15.011,
2008-09-30,11.96,0.0,13.555714285714286,274,15.565,
2008-10-01,10.44,0.0,12.64857142857143,275,14.964666666666666,
2008-10-02,11.23,0.02,12.787142857142856,276,14.025,
2008-10-03,11.7,0.0,13.238571428571428,277,13.937999999999999,
2008-10-04,12.03,0.07,13.365714285714287,278,12.959333333333335,
2008-10-05,16.88,0.07,13.578571428571427,279,13.216666666666667,
2008-10-06,18.43,9.77,13.674285714285714,280,13.280666666666667,
2008-10-07,12.85,21.27,13.98142857142857,281,13.126,
2008-10-08,11.93,0.0,14.755714285714285,282,13.387,
2008-10-09,11.9,0.01,15.15,283,12.320333333333334,
2008-10-10,13.85,0.0,14.610000000000001,284,11.544666666666666,
2008-10-11,17.45,0.01,14.01,285,12.015333333333333,
2008-10-12,19.64,0.01,13.582857142857142,286,11.498666666666667,
2008-10-13,14.65,7.19,12.81857142857143,287,10.771666666666667,
2008-10-14,8.65,11.29,11.804285714285715,288,10.437000000000001,
2008-10-15,8.94,4.69,10.332857142857142,289,10.093333333333334,
2008-10-16,6.55,0.0,9.311428571428573,290,10.100999999999999,
2008-10-17,6.75,1.37,8.680000000000001,291,10.468,
2008-10-18,7.15,0.02,8.124285714285714,292,9.365,
2008-10-19,12.49,0.0,7.839999999999999,293,9.306333333333333,
2008-10-20,10.23,0.01,7.7371428571428575,294,9.620000000000001,
2008-10-21,4.76,5.19,7.567142857142857,295,9.548333333333334,
2008-10-22,6.95,8.89,7.618571428571428,296,9.428333333333335,
2008-10-23,5.83,11.33,6.515714285714286,297,9.361666666666668,
2008-10-24,5.56,5.07,5.055714285714285,298,8.323333333333332,
2008-10-25,7.51,0.79,4.612857142857143,299,8.220666666666666,
2008-10-26,4.77,0.02,4.451428571428571,300,7.387333333333333,
2008-10-27,0.01,0.02,5.061428571428571,301,6.560333333333333,
2008-10-28,1.66,0.0,6.107142857142857,302,7.194333333333334,
2008-10-29,5.82,0.0,6.492857142857143,303,7.574,
2008-10-30,10.1,0.0,7.847142857142858,304,6.771333333333333,
2008-10-31,12.88,0.0,10.1,305,5.3613333333333335,
2008-11-01,10.21,0.0,12.135714285714286,306,5.837000000000001,
2008-11-02,14.25,0.0,13.558571428571428,307,4.904,
2008-11-03,15.78,0.0,13.37857142857143,308,5.098666666666667,
2008-11-04,15.91,0.02,11.780000000000001,309,5.049,
2008-11-05,15.78,3.17,10.29142857142857,310,5.129666666666666,
2008-11-06,8.84,20.33,7.7457142857142856,311,4.361666666666666,
2008-11-07,1.69,5.35,5.162857142857142,312,3.850333333333333,
2008-11-08,-0.21,0.06,2.9614285714285713,313,4.254666666666667,
2008-11-09,-3.57,0.0,1.0957142857142856,314,4.613333333333333,
2008-11-10,-2.3,0.39,0.6285714285714287,315,3.4196666666666666,
2008-11-11,0.5,10.28,0.9157142857142857,316,1.9046666666666667,
2008-11-12,2.72,0.19,0.6957142857142858,317,1.7046666666666668,
2008-11-13,5.57,4.56,1.237142857142857,318,2.5083333333333333,
2008-11-14,3.7,3.99,1.217142857142857,319,2.8676666666666666,
2008-11-15,-1.75,0.01,0.7899999999999999,320,2.585,
2008-11-16,0.22,0.0,0.46714285714285714,321,2.494,
2008-11-17,-2.44,0.0,-0.7871428571428571,322,2.942333333333333,
2008-11-18,-2.49,0.0,-2.251428571428572,323,2.783666666666667,
2008-11-19,0.46,0.0,-2.3957142857142864,324,2.183666666666667,
2008-11-20,-3.21,0.0,-2.3771428571428572,325,1.4466666666666665,
2008-11-21,-6.55,0.01,-2.0385714285714287,326,1.0430000000000001,
2008-11-22,-2.76,1.24,-1.9542857142857142,327,1.2656666666666667,
2008-11-23,0.35,0.1,-2.158571428571429,328,0.8053333333333333,
2008-11-24,-0.07,0.0,-1.7,329,0.4036666666666667,
2008-11-25,-1.9,0.0,-0.85,330,0.2166666666666667,
2008-11-26,-0.97,0.0,-0.5928571428571429,331,-0.3006666666666667,
2008-11-27,0.0,0.02,-0.88,332,-0.6473333333333334,
2008-11-28,-0.6,0.01,-1.7242857142857144,333,0.04299999999999997,
2008-11-29,-0.96,4.47,-1.8414285714285714,334,-0.1753333333333333,
2008-11-30,-1.66,3.49,-2.3300000000000005,335,-1.3270000000000002,
2008-12-01,-5.98,0.01,-3.541428571428572,336,-1.3359999999999999,
2008-12-02,-2.72,0.01,-4.4,337,-0.9176666666666667,
2008-12-03,-4.39,0.68,-5.1242857142857146,338,-1.3096666666666665,
2008-12-04,-8.48,0.0,-5.990000000000001,339,-1.384,
2008-12-05,-6.61,0.08,-5.68,340,-2.7996666666666665,
2008-12-06,-6.03,0.01,-6.2542857142857144,341,-3.5756666666666663,
2008-12-07,-7.72,0.03,-7.048571428571429,342,-3.7616666666666663,
2008-12-08,-3.81,3.49,-6.448571428571428,343,-3.6540000000000004,
2008-12-09,-6.74,1.39,-6.231428571428572,344,-4.117666666666667,
2008-12-10,-9.95,0.0,-4.977142857142858,345,-3.7346666666666666,
2008-12-11,-4.28,0.36,-4.511428571428572,346,-3.7763333333333335,
2008-12-12,-5.09,0.0,-6.524285714285715,347,-3.5260000000000002,
2008-12-13,2.75,0.0,-7.892857142857143,348,-2.4756666666666667,
2008-12-14,-4.46,0.1,-8.214285714285714,349,-3.1086666666666667,
2008-12-15,-17.9,0.0,-8.884285714285713,350,-3.9536666666666664,
2008-12-16,-16.32,5.1,-9.255714285714285,351,-4.115,
2008-12-17,-12.2,0.0,-11.245714285714286,352,-4.723333333333333,
2008-12-18,-8.97,8.75,-13.377142857142857,353,-4.670333333333334,
2008-12-19,-7.69,8.18,-13.467142857142857,354,-5.029,
2008-12-20,-11.18,1.29,-12.077142857142858,355,-4.147,
2008-12-21,-19.38,0.0,-12.441428571428572,356,-4.393,
2008-12-22,-18.53,1.7,-12.81857142857143,357,-4.798,
2008-12-23,-6.59,0.81,-11.227142857142857,358,-5.59,
2008-12-24,-14.75,1.46,-10.164285714285713,359,-6.833333333333333,
2008-12-25,-11.61,0.57,-8.02,360,-5.871333333333333,
2008-12-26,3.45,1.95,-5.721428571428571,361,-4.98,
2008-12-27,-3.74,1.77,-5.528571428571428,362,-4.514666666666667,
2008-12-28,-4.37,0.0,-5.148571428571429,363,-4.012666666666666,
2008-12-29,-2.44,0.0,-4.275714285714286,364,-5.275666666666667,
2008-12-30,-5.24,0.03,-5.617142857142857,365,-4.824666666666667,
2008-12-31,-12.09,0.0,-5.667142857142857,366,-6.896333333333333,
2009-01-01,-5.5,0.01,-6.741428571428571,1,-7.254666666666667,
2009-01-02,-5.94,0.0,-7.654285714285714,2,-6.669333333333333,
2009-01-03,-4.09,0.48,-7.787142857142858,3,-6.372,
2009-01-04,-11.89,0.0,-7.255714285714285,4,-7.632000000000001,
2009-01-05,-8.83,0.0,-7.857142857142857,5,-7.3629999999999995,
2009-01-06,-6.17,0.0,-7.780000000000001,6,-7.612666666666667,
2009-01-07,-8.37,0.02,-8.45142857142857,7,-7.635666666666666,
2009-01-08,-9.71,0.24,-7.717142857142856,8,-6.3966666666666665,
2009-01-09,-5.4,7.74,-7.405714285714287,9,-6.800666666666667,
2009-01-10,-8.79,1.77,-9.01142857142857,10,-6.191666666666666,
2009-01-11,-6.75,0.54,-10.421428571428573,11,-5.321666666666667,
2009-01-12,-6.65,3.65,-12.709999999999999,12,-6.834333333333333,
2009-01-13,-17.41,4.0,-14.234285714285713,13,-7.807,
2009-01-14,-18.24,0.31,-13.867142857142857,14,-7.033666666666666,
2009-01-15,-25.73,0.0,-13.427142857142856,15,-8.241333333333333,
2009-01-16,-16.07,0.0,-13.787142857142856,16,-7.281666666666666,
2009-01-17,-6.22,0.01,-12.799999999999999,17,-7.789,
2009-01-18,-3.67,0.06,-11.165714285714285,18,-8.385333333333334,
2009-01-19,-9.17,0.0,-7.89,19,-7.801,
2009-01-20,-10.5,0.0,-6.795714285714285,20,-7.862,
2009-01-21,-6.8,0.0,-8.251428571428571,21,-6.818,
2009-01-22,-2.8,0.02,-9.588571428571427,22,-5.656000000000001,
2009-01-23,-8.41,0.06,-10.12,23,-6.655666666666667,
2009-01-24,-16.41,0.31,-10.44,24,-7.19,
2009-01-25,-13.03,1.45,-10.87142857142857,25,-6.602666666666667,
2009-01-26,-12.89,0.13,-11.284285714285714,26,-5.616333333333333,
2009-01-27,-12.74,0.39,-11.335714285714287,27,-6.115666666666667,
2009-01-28,-9.82,0.0,-9.127142857142857,28,-5.8726666666666665,
2009-01-29,-5.69,0.07,-7.668571428571428,29,-7.1626666666666665,
2009-01-30,-8.77,0.0,-6.924285714285714,30,-7.257000000000001,
2009-01-31,-0.95,0.0,-7.247142857142857,31,-5.312333333333333,
2009-02-01,-2.82,0.01,-7.7,32,-5.570666666666667,
2009-02-02,-7.68,0.0,-7.448571428571428,33,-5.598333333333333,
2009-02-03,-15.0,0.0,-6.032857142857144,34,-5.522333333333333,
2009-02-04,-12.99,0.0,-5.45,35,-6.5696666666666665,
2009-02-05,-3.93,0.0,-5.118571428571428,36,-5.671666666666667,
2009-02-06,1.14,0.0,-3.0542857142857147,37,-4.662999999999999,
2009-02-07,3.13,0.0,0.10714285714285701,38,-5.294,
2009-02-08,-0.5,0.0,2.117142857142857,39,-5.605333333333333,
2009-02-09,6.77,1.6,2.6285714285714286,40,-5.402333333333333,
2009-02-10,7.13,0.0,1.957142857142857,41,-5.548666666666667,
2009-02-11,1.08,0.17,0.6171428571428572,42,-5.828,
2009-02-12,-0.35,0.0,-0.25428571428571417,43,-5.614,
2009-02-13,-3.56,9.74,-1.8699999999999999,44,-4.276333333333333,
2009-02-14,-6.25,0.0,-2.884285714285714,45,-4.116666666666666,
2009-02-15,-6.6,0.0,-3.4185714285714286,46,-5.044,
2009-02-16,-4.54,0.0,-4.817142857142857,47,-4.468,
2009-02-17,0.03,0.46,-4.937142857142858,48,-2.9069999999999996,
2009-02-18,-2.66,0.16,-5.204285714285715,49,-2.4276666666666666,
2009-02-19,-10.14,0.0,-5.674285714285714,50,-2.2693333333333334,
2009-02-20,-4.4,0.68,-6.07,51,-1.5713333333333332,
2009-02-21,-8.12,0.01,-5.994285714285715,52,-2.385,
2009-02-22,-9.89,0.0,-5.15142857142857,53,-1.8993333333333333,
2009-02-23,-7.31,0.0,-3.7185714285714284,54,-2.289,
2009-02-24,0.56,0.0,-3.787142857142857,55,-2.667333333333333,
2009-02-25,3.24,0.03,-3.551428571428571,56,-3.2760000000000002,
2009-02-26,-0.11,5.54,-3.5071428571428567,57,-3.2516666666666665,
2009-02-27,-4.88,0.46,-3.434285714285714,58,-3.3603333333333336,
2009-02-28,-6.47,0.26,-4.157142857142857,59,-2.131666666666667,
2009-03-01,-9.58,0.0,-4.535714285714286,61,-1.5816666666666666,
2009-03-02,-6.8,0.0,-3.4371428571428564,62,-3.1626666666666665,
2009-03-03,-4.5,0.0,-1.9671428571428566,63,-2.8819999999999997,
2009-03-04,0.59,0.0,-0.6871428571428568,64,-1.1363333333333332,
2009-03-05,7.58,0.0,0.8757142857142861,65,-0.13566666666666655,
2009-03-06,5.41,0.02,2.0128571428571433,66,0.4623333333333332,
2009-03-07,2.49,13.44,2.4571428571428577,67,0.44066666666666665,
2009-03-08,1.36,23.57,0.9600000000000003,68,0.748,
2009-03-09,1.16,5.68,-1.2599999999999998,69,-0.33833333333333326,
2009-03-10,-1.39,2.75,-2.051428571428571,70,0.44,
2009-03-11,-9.89,0.0,-2.107142857142857,71,0.871,
2009-03-12,-7.96,0.0,-1.5571428571428572,72,1.326,
2009-03-13,-0.13,0.01,-0.387142857142857,73,2.741,
2009-03-14,2.1,0.0,1.3214285714285714,74,2.949333333333333,
2009-03-15,5.21,0.0,3.572857142857143,75,2.875,
2009-03-16,9.35,0.01,5.138571428571429,76,3.725333333333333,
2009-03-17,10.57,0.0,5.877142857142857,77,3.746,
2009-03-18,5.87,0.09,7.071428571428571,78,3.3153333333333337,
2009-03-19,3.0,0.0,8.007142857142856,79,3.641,
2009-03-20,5.04,0.05,8.705714285714286,80,3.9993333333333334,
2009-03-21,10.46,0.0,8.492857142857144,81,3.7106666666666666,
2009-03-22,11.76,1.95,8.02142857142857,82,4.115666666666667,
2009-03-23,14.24,26.39,7.9957142857142856,83,4.760000000000001,
2009-03-24,9.08,11.21,6.932857142857143,84,4.697,
2009-03-25,2.57,0.01,5.364285714285714,85,4.338333333333334,
2009-03-26,2.82,0.0,3.8771428571428572,86,5.436999999999999,
2009-03-27,-2.4,0.0,2.815714285714286,87,5.832666666666666,
2009-03-28,-0.52,1.19,2.134285714285714,88,5.482,
2009-03-29,1.35,0.0,2.2385714285714284,89,6.0793333333333335,
2009-03-30,6.81,0.05,2.037142857142857,90,7.23,
2009-03-31,4.31,0.8,2.9285714285714284,91,6.647,
2009-04-01,3.3,0.0,3.874285714285714,92,6.444999999999999,
2009-04-02,1.41,0.06,3.841428571428571,93,7.316,
2009-04-03,3.84,0.02,2.781428571428571,94,6.646333333333333,
2009-04-04,6.1,5.01,2.2585714285714285,95,5.5616666666666665,
2009-04-05,1.12,13.59,2.3657142857142857,96,7.396,
2009-04-06,-0.61,0.0,2.7028571428571424,97,7.986666666666666,
2009-04-07,0.65,0.0,2.9314285714285715,98,7.6353333333333335,
2009-04-08,4.05,0.0,3.0614285714285714,99,7.1129999999999995,
2009-04-09,3.77,0.06,3.5957142857142856,100,7.235333333333333,
2009-04-10,5.44,0.01,4.221428571428571,101,8.195333333333334,
2009-04-11,7.01,0.0,5.112857142857143,102,8.320666666666666,
2009-04-12,4.86,0.55,5.93,103,7.707,
2009-04-13,3.77,4.51,6.8342857142857145,104,8.866999999999999,
2009-04-14,6.89,0.0,7.8428571428571425,105,10.045666666666667,
2009-04-15,9.77,0.01,8.815714285714286,106,10.124,
2009-04-16,10.1,0.01,9.404285714285715,107,9.499666666666666,
2009-04-17,12.5,0.01,9.721428571428572,108,10.244666666666665,
2009-04-18,13.82,2.01,9.752857142857142,109,11.613333333333333,
2009-04-19,8.98,0.08,10.054285714285713,110,10.836666666666668,
2009-04-20,5.99,0.01,10.921428571428573,111,9.832666666666666,
2009-04-21,7.11,0.0,11.945714285714287,112,10.340333333333332,
2009-04-22,11.88,0.0,11.42857142857143,113,10.793333333333333,
2009-04-23,16.17,0.02,12.551428571428573,114,11.044,
2009-04-24,19.67,2.95,13.082857142857142,115,12.153666666666668,
2009-04-25,10.2,12.4,13.44,116,11.603666666666667,
2009-04-26,16.84,53.49,13.530000000000001,117,11.013333333333332,
2009-04-27,9.71,7.06,13.368571428571428,118,10.667666666666666,
2009-04-28,9.61,0.0,11.989999999999998,119,11.247333333333334,
2009-04-29,12.51,4.1,12.167142857142855,120,11.810666666666666,
2009-04-30,15.04,2.18,11.777142857142858,121,12.266666666666667,
2009-05-01,10.02,0.21,12.52,122,12.117666666666667,
2009-05-02,11.44,0.0,13.507142857142856,123,12.065333333333335,
2009-05-03,14.11,0.0,14.067142857142857,124,12.464333333333334,
2009-05-04,14.91,0.49,14.194285714285714,125,13.715666666666667,
2009-05-05,16.52,4.99,15.101428571428572,126,14.700666666666667,
2009-05-06,16.43,2.61,15.110000000000001,127,15.049333333333333,
2009-05-07,15.93,2.15,14.648571428571428,128,15.288,
2009-05-08,16.37,5.02,14.258571428571429,129,15.648,
2009-05-09,11.5,0.24,14.025714285714287,130,15.424000000000001,
2009-05-10,10.88,0.19,14.112857142857141,131,15.732666666666667,
2009-05-11,12.18,0.0,13.61,132,14.824666666666667,
2009-05-12,14.89,8.76,13.46142857142857,133,13.698666666666666,
2009-05-13,17.04,4.65,13.171428571428569,134,13.713333333333335,
2009-05-14,12.41,0.28,12.959999999999999,135,14.930666666666667,
2009-05-15,15.33,11.66,13.478571428571428,136,15.792666666666666,
2009-05-16,9.47,0.02,14.19142857142857,137,16.949,
2009-05-17,9.4,1.07,14.602857142857143,138,16.96,
2009-05-18,15.81,0.02,15.402857142857144,139,16.109666666666666,
2009-05-19,19.88,0.0,15.838571428571429,140,16.488666666666667,
2009-05-20,19.92,0.0,17.35,141,16.082666666666668,
2009-05-21,18.01,0.71,18.58857142857143,142,16.447666666666667,
2009-05-22,18.38,0.89,18.767142857142858,143,17.717666666666666,
2009-05-23,20.05,2.69,18.295714285714286,144,17.689,
2009-05-24,18.07,0.01,17.7,145,17.377,
2009-05-25,17.06,3.58,17.412857142857142,146,16.985,
2009-05-26,16.58,41.08,17.361428571428572,147,17.367,
2009-05-27,15.75,2.87,17.047142857142855,148,18.245,
2009-05-28,16.0,0.03,16.955714285714286,149,18.587,
2009-05-29,18.02,0.0,17.285714285714285,150,19.214,
2009-05-30,17.85,0.17,17.18,151,19.67366666666667,
2009-05-31,17.43,1.03,17.105714285714285,152,18.76966666666667,
2009-06-01,19.37,2.33,17.294285714285714,153,18.962666666666667,
2009-06-02,15.84,6.39,17.451428571428572,154,18.642999999999997,
2009-06-03,15.23,0.0,17.492857142857144,155,19.017333333333333,
2009-06-04,17.32,0.0,17.754285714285714,156,19.663999999999998,
2009-06-05,19.12,0.68,17.648571428571426,157,20.015,
2009-06-06,18.14,13.02,17.61857142857143,158,20.389666666666667,
2009-06-07,19.26,14.02,17.974285714285717,159,21.124666666666666,
2009-06-08,18.63,2.37,18.064285714285713,160,20.57633333333333,
2009-06-09,15.63,0.68,17.767142857142858,161,20.773333333333333,
2009-06-10,17.72,0.03,17.69,162,21.00133333333333,
2009-06-11,17.95,0.0,17.535714285714285,163,21.526666666666664,
2009-06-12,17.04,14.39,17.64,164,21.44333333333333,
2009-06-13,17.6,0.78,18.345714285714283,165,21.556333333333335,
2009-06-14,18.18,0.0,19.177142857142858,166,21.331666666666667,
2009-06-15,19.36,7.39,20.334285714285716,167,21.750999999999998,
2009-06-16,20.57,5.48,21.274285714285718,168,21.923000000000002,
2009-06-17,23.54,8.99,22.001428571428573,169,22.441666666666666,
2009-06-18,26.05,11.08,22.994285714285716,170,22.617,
2009-06-19,23.62,8.3,24.118571428571425,171,22.067666666666664,
2009-06-20,22.69,0.42,25.108571428571427,172,22.64333333333333,
2009-06-21,25.13,9.93,25.462857142857143,173,22.711666666666666,
2009-06-22,27.23,0.08,25.475714285714282,174,22.692333333333334,
2009-06-23,27.5,15.79,25.607142857142858,175,22.369333333333334,
2009-06-24,26.02,1.44,25.73428571428571,176,22.28666666666667,
2009-06-25,26.14,0.21,25.04,177,22.715333333333334,
2009-06-26,24.54,0.06,24.035714285714285,178,22.841,
2009-06-27,23.58,0.07,22.798571428571428,179,23.119333333333334,
2009-06-28,20.27,0.0,21.884285714285713,180,22.435333333333332,
2009-06-29,20.2,0.0,21.141428571428573,181,22.72233333333333,
2009-06-30,18.84,0.0,20.63714285714286,182,23.016000000000002,
2009-07-01,19.62,0.0,20.018571428571427,183,22.925666666666665,
2009-07-02,20.94,0.0,20.14428571428571,184,22.494666666666667,
2009-07-03,21.01,6.44,20.472857142857144,185,23.086000000000002,
2009-07-04,19.25,16.38,21.051428571428573,186,23.35,
2009-07-05,21.15,0.01,21.35571428571429,187,23.333666666666666,
2009-07-06,22.5,0.35,21.457142857142856,188,23.908,
2009-07-07,22.89,19.72,21.965714285714288,189,23.91033333333333,
2009-07-08,21.75,1.43,22.27285714285714,190,23.716333333333335,
2009-07-09,21.65,5.73,22.198571428571427,191,23.563666666666666,
2009-07-10,24.57,11.76,22.03142857142857,192,23.58566666666667,
2009-07-11,21.4,0.12,22.119999999999997,193,23.475666666666665,
2009-07-12,20.63,0.67,22.04285714285714,194,23.613999999999997,
2009-07-13,21.33,1.14,21.59714285714286,195,23.775,
2009-07-14,23.51,5.4,20.34,196,23.750333333333334,
2009-07-15,21.21,0.76,19.665714285714284,197,24.091,
2009-07-16,18.53,0.14,19.174285714285713,198,24.48933333333333,
2009-07-17,15.77,0.04,18.755714285714284,199,25.218666666666667,
2009-07-18,16.68,0.0,18.197142857142858,200,25.182000000000002,
2009-07-19,17.19,0.0,18.09714285714286,201,25.142666666666667,
2009-07-20,18.4,0.4,18.554285714285715,202,24.688333333333333,
2009-07-21,19.6,5.62,19.685714285714287,203,24.159,
2009-07-22,20.51,1.43,20.321428571428573,204,24.09733333333333,
2009-07-23,21.73,0.11,20.94,205,23.634999999999998,
2009-07-24,23.69,0.14,21.514285714285712,206,23.958333333333332,
2009-07-25,21.13,0.1,21.687142857142856,207,24.35666666666667,
2009-07-26,21.52,0.07,21.524285714285718,208,23.784333333333333,
2009-07-27,22.42,0.23,21.135714285714283,209,23.436333333333334,
2009-07-28,20.81,0.0,20.59142857142857,210,23.39466666666667,
2009-07-29,19.37,1.17,20.31142857142857,211,22.936333333333334,
2009-07-30,19.01,2.84,20.334285714285716,212,23.407333333333334,
2009-07-31,19.88,0.08,20.555714285714288,213,23.882,
2009-08-01,19.17,0.33,20.76571428571429,214,24.038,
2009-08-02,21.68,1.3,20.744285714285716,215,23.786,
2009-08-03,23.97,4.98,21.07428571428571,216,23.788333333333334,
2009-08-04,22.28,0.05,21.604285714285712,217,23.070333333333334,
2009-08-05,19.22,0.0,22.76571428571429,218,22.095000000000002,
2009-08-06,21.32,0.6,23.304285714285715,219,22.555999999999997,
2009-08-07,23.59,17.45,23.242857142857144,220,23.384999999999998,
2009-08-08,27.3,1.39,23.337142857142858,221,23.405666666666665,
2009-08-09,25.45,20.51,24.114285714285717,222,23.939,
2009-08-10,23.54,2.03,24.74571428571429,223,23.015666666666668,
2009-08-11,22.94,0.12,25.04571428571429,224,22.470000000000002,
2009-08-12,24.66,0.53,24.574285714285715,225,22.623333333333335,
2009-08-13,25.74,0.15,24.28142857142857,226,22.243999999999996,
2009-08-14,25.69,0.0,23.937142857142856,227,21.991,
2009-08-15,24.0,6.95,23.637142857142855,228,21.821,
2009-08-16,23.4,5.18,23.072857142857142,229,22.473666666666666,
2009-08-17,21.13,0.72,22.061428571428568,230,22.349666666666668,
2009-08-18,20.84,0.0,20.881428571428568,231,22.279,
2009-08-19,20.71,19.9,19.97,232,21.826,
2009-08-20,18.66,3.56,19.287142857142857,233,21.703333333333333,
2009-08-21,17.43,1.08,19.214285714285715,234,22.387999999999998,
2009-08-22,17.62,0.0,19.337142857142858,235,22.672666666666665,
2009-08-23,18.62,0.2,19.18,236,22.886000000000003,
2009-08-24,20.62,0.06,19.057142857142857,237,23.147333333333332,
2009-08-25,21.7,3.63,19.304285714285715,238,22.886333333333333,
2009-08-26,19.61,15.51,19.04,239,23.105999999999998,
2009-08-27,17.8,15.97,18.337142857142855,240,23.144333333333336,
2009-08-28,19.16,0.22,17.478571428571428,241,22.774333333333335,
2009-08-29,15.77,0.01,16.529999999999998,242,22.189,
2009-08-30,13.7,0.01,16.124285714285715,243,21.733333333333334,
2009-08-31,14.61,0.0,15.98,244,21.302666666666667,
2009-09-01,15.06,0.0,15.85142857142857,245,21.451,
2009-09-02,16.77,0.0,16.40142857142857,246,22.022333333333332,
2009-09-03,16.79,0.01,17.14,247,21.276666666666664,
2009-09-04,18.26,0.0,17.874285714285715,248,21.00433333333333,
2009-09-05,19.62,0.0,18.65285714285714,249,21.005666666666666,
2009-09-06,18.87,0.0,19.108571428571427,250,21.192666666666664,
2009-09-07,19.75,0.0,19.692857142857143,251,20.137,
2009-09-08,20.51,0.0,20.147142857142857,252,19.12933333333333,
2009-09-09,19.96,0.0,20.395714285714284,253,19.55933333333333,
2009-09-10,20.88,0.0,20.655714285714286,254,19.197,
2009-09-11,21.44,0.2,20.494285714285716,255,19.569333333333336,
2009-09-12,21.36,0.11,20.415714285714284,256,19.301,
2009-09-13,20.69,0.0,20.497142857142855,257,18.745333333333335,
2009-09-14,18.62,0.0,20.215714285714284,258,17.874333333333333,
2009-09-15,19.96,0.0,19.94857142857143,259,18.199666666666666,
2009-09-16,20.53,0.04,19.715714285714284,260,18.276999999999997,
2009-09-17,18.91,0.0,19.37,261,18.257,
2009-09-18,19.57,0.0,19.065714285714286,262,17.91466666666667,
2009-09-19,19.73,0.11,18.594285714285714,263,17.648333333333333,
2009-09-20,18.27,0.61,18.34714285714286,264,17.333666666666666,
2009-09-21,16.49,14.27,18.389999999999997,265,16.50766666666667,
2009-09-22,16.66,0.65,18.068571428571428,266,15.752999999999998,
2009-09-23,18.8,0.13,17.59,267,15.840666666666666,
2009-09-24,19.21,12.53,17.397142857142857,268,15.879666666666667,
2009-09-25,17.32,15.19,16.81,269,16.085666666666665,
2009-09-26,16.38,2.81,15.974285714285713,270,15.628000000000002,
2009-09-27,16.92,0.02,15.002857142857144,271,15.453666666666667,
2009-09-28,12.38,0.43,14.015714285714285,272,14.340333333333332,
2009-09-29,10.81,0.0,12.634285714285713,273,15.011,
2009-09-30,12.0,0.01,11.55,274,15.565,
2009-10-01,12.3,28.49,10.38,275,14.964666666666666,
2009-10-02,7.65,6.22,10.102857142857143,276,14.025,
2009-10-03,8.79,0.67,10.007142857142856,277,13.937999999999999,
2009-10-04,8.73,0.0,9.775714285714287,278,12.959333333333335,
2009-10-05,10.44,1.15,9.057142857142859,279,13.216666666666667,
2009-10-06,10.14,5.9,8.69142857142857,280,13.280666666666667,
2009-10-07,10.38,0.0,7.5128571428571425,281,13.126,
2009-10-08,7.27,2.95,6.475714285714287,282,13.387,
2009-10-09,5.09,0.07,5.435714285714285,283,12.320333333333334,
2009-10-10,0.54,0.19,4.292857142857143,284,11.544666666666666,
2009-10-11,1.47,0.04,3.4642857142857144,285,12.015333333333333,
2009-10-12,3.16,0.43,3.177142857142857,286,11.498666666666667,
2009-10-13,2.14,1.51,3.117142857142857,287,10.771666666666667,
2009-10-14,4.58,4.34,3.5985714285714283,288,10.437000000000001,
2009-10-15,5.26,2.3,4.494285714285715,289,10.093333333333334,
2009-10-16,4.67,1.05,5.607142857142857,290,10.100999999999999,
2009-10-17,3.91,0.05,7.304285714285713,291,10.468,
2009-10-18,7.74,0.0,8.715714285714286,292,9.365,
2009-10-19,10.95,0.0,8.688571428571427,293,9.306333333333333,
2009-10-20,14.02,0.71,8.482857142857144,294,9.620000000000001,
2009-10-21,14.46,8.67,8.684285714285714,295,9.548333333333334,
2009-10-22,5.07,44.63,8.751428571428571,296,9.428333333333335,
2009-10-23,3.23,6.95,8.06857142857143,297,9.361666666666668,
2009-10-24,5.32,1.55,6.835714285714287,298,8.323333333333332,
2009-10-25,8.21,0.53,6.017142857142857,299,8.220666666666666,
2009-10-26,6.17,0.06,6.821428571428571,300,7.387333333333333,
2009-10-27,5.39,0.0,7.571428571428571,301,6.560333333333333,
2009-10-28,8.73,2.58,7.328571428571428,302,7.194333333333334,
2009-10-29,10.7,39.76,7.4799999999999995,303,7.574,
2009-10-30,8.48,1.01,7.554285714285713,304,6.771333333333333,
2009-10-31,3.62,0.0,7.21,305,5.3613333333333335,
2009-11-01,9.27,0.0,6.435714285714285,306,5.837000000000001,
2009-11-02,6.69,0.0,5.708571428571429,307,4.904,
2009-11-03,2.98,0.07,6.121428571428572,308,5.098666666666667,
2009-11-04,3.31,0.0,7.165714285714286,309,5.049,
2009-11-05,5.61,0.0,7.627142857142857,310,5.129666666666666,
2009-11-06,11.37,0.0,7.9957142857142856,311,4.361666666666666,
2009-11-07,10.93,0.0,8.708571428571428,312,3.850333333333333,
2009-11-08,12.5,0.0,9.11857142857143,313,4.254666666666667,
2009-11-09,9.27,0.0,9.29857142857143,314,4.613333333333333,
2009-11-10,7.97,0.03,9.094285714285714,315,3.4196666666666666,
2009-11-11,6.18,0.0,8.56,316,1.9046666666666667,
2009-11-12,6.87,0.0,7.134285714285714,317,1.7046666666666668,
2009-11-13,9.94,0.02,6.312857142857143,318,2.5083333333333333,
2009-11-14,7.19,0.0,5.691428571428571,319,2.8676666666666666,
2009-11-15,2.52,0.01,5.461428571428571,320,2.585,
2009-11-16,3.52,2.68,5.168571428571428,321,2.494,
2009-11-17,3.62,0.18,4.267142857142858,322,2.942333333333333,
2009-11-18,4.57,0.74,3.8285714285714287,323,2.783666666666667,
2009-11-19,4.82,0.09,4.811428571428572,324,2.183666666666667,
2009-11-20,3.63,0.0,5.561428571428571,325,1.4466666666666665,
2009-11-21,4.12,0.0,6.092857142857143,326,1.0430000000000001,
2009-11-22,9.4,0.4,5.831428571428572,327,1.2656666666666667,
2009-11-23,8.77,4.01,4.978571428571429,328,0.8053333333333333,
2009-11-24,7.34,14.36,4.68,329,0.4036666666666667,
2009-11-25,2.74,1.13,4.507142857142857,330,0.2166666666666667,
2009-11-26,-1.15,0.0,3.3614285714285717,331,-0.3006666666666667,
2009-11-27,1.54,0.01,2.2485714285714287,332,-0.6473333333333334,
2009-11-28,2.91,0.0,1.7142857142857142,333,0.04299999999999997,
2009-11-29,1.38,0.0,1.25,334,-0.1753333333333333,
2009-11-30,0.98,0.0,0.88,335,-1.3270000000000002,
2009-12-01,3.6,0.0,-0.15857142857142875,336,-1.3359999999999999,
2009-12-02,-0.51,0.01,-1.1914285714285717,337,-0.9176666666666667,
2009-12-03,-3.74,0.09,-2.15,338,-1.3096666666666665,
2009-12-04,-5.73,0.0,-3.027142857142857,339,-1.384,
2009-12-05,-4.32,0.0,-4.1414285714285715,340,-2.7996666666666665,
2009-12-06,-5.33,2.01,-5.877142857142857,341,-3.5756666666666663,
2009-12-07,-5.16,0.57,-7.654285714285714,342,-3.7616666666666663,
2009-12-08,-4.2,17.24,-8.652857142857142,343,-3.6540000000000004,
2009-12-09,-12.66,4.75,-8.892857142857142,344,-4.117666666666667,
2009-12-10,-16.18,0.0,-8.72857142857143,345,-3.7346666666666666,
2009-12-11,-12.72,0.0,-9.421428571428573,346,-3.7763333333333335,
2009-12-12,-6.0,0.21,-11.402857142857142,347,-3.5260000000000002,
2009-12-13,-4.18,0.27,-11.168571428571429,348,-2.4756666666666667,
2009-12-14,-10.01,1.59,-9.487142857142857,349,-3.1086666666666667,
2009-12-15,-18.07,0.0,-8.345714285714285,350,-3.9536666666666664,
2009-12-16,-11.02,0.01,-8.391428571428571,351,-4.115,
2009-12-17,-4.41,0.0,-8.718571428571428,352,-4.723333333333333,
2009-12-18,-4.73,0.0,-8.282857142857143,353,-4.670333333333334,
2009-12-19,-6.32,0.01,-6.142857142857143,354,-5.029,
2009-12-20,-6.47,1.77,-4.764285714285714,355,-4.147,
2009-12-21,-6.96,0.18,-4.218571428571429,356,-4.393,
2009-12-22,-3.09,0.04,-4.368571428571428,357,-4.798,
2009-12-23,-1.37,7.96,-4.881428571428572,358,-5.59,
2009-12-24,-0.59,10.07,-5.318571428571429,359,-6.833333333333333,
2009-12-25,-5.78,9.12,-6.031428571428571,360,-5.871333333333333,
2009-12-26,-9.91,1.43,-7.928571428571429,361,-4.98,
2009-12-27,-9.53,0.64,-8.494285714285715,362,-4.514666666666667,
2009-12-28,-11.95,0.0,-10.277142857142858,363,-4.012666666666666,
2009-12-29,-16.37,0.08,-11.884285714285713,364,-5.275666666666667,
2009-12-30,-5.33,1.13,-14.221428571428573,365,-4.824666666666667,
2009-12-31,-13.07,0.0,-15.959999999999999,366,-6.896333333333333,
2010-01-01,-17.03,0.02,-17.78142857142857,1,-7.254666666666667,
2010-01-02,-26.27,0.01,-18.767142857142858,2,-6.669333333333333,
2010-01-03,-21.7,0.0,-20.31714285714286,3,-6.372,
2010-01-04,-24.7,0.0,-20.60571428571429,4,-7.632000000000001,
2010-01-05,-23.27,0.0,-20.924285714285713,5,-7.3629999999999995,
2010-01-06,-16.18,5.49,-20.045714285714286,6,-7.612666666666667,
2010-01-07,-15.09,1.72,-18.912857142857145,7,-7.635666666666666,
2010-01-08,-19.26,0.02,-16.612857142857145,8,-6.3966666666666665,
2010-01-09,-20.12,0.0,-14.801428571428573,9,-6.800666666666667,
2010-01-10,-13.77,0.0,-13.134285714285713,10,-6.191666666666666,
2010-01-11,-8.6,0.0,-11.237142857142857,11,-5.321666666666667,
2010-01-12,-10.59,0.01,-9.521428571428572,12,-6.834333333333333,
2010-01-13,-4.51,0.0,-7.397142857142856,13,-7.807,
2010-01-14,-1.81,0.0,-5.8999999999999995,14,-7.033666666666666,
2010-01-15,-7.25,0.01,-5.514285714285714,15,-8.241333333333333,
2010-01-16,-5.25,0.0,-4.735714285714287,16,-7.281666666666666,
2010-01-17,-3.29,0.0,-4.625714285714286,17,-7.789,
2010-01-18,-5.9,0.0,-4.574285714285715,18,-8.385333333333334,
2010-01-19,-5.14,0.5,-3.638571428571429,19,-7.801,
2010-01-20,-3.74,9.51,-2.8128571428571427,20,-7.862,
2010-01-21,-1.45,0.74,-2.6999999999999997,21,-6.818,
2010-01-22,-0.7,0.53,-2.975714285714286,22,-5.656000000000001,
2010-01-23,0.53,10.24,-4.252857142857143,23,-6.655666666666667,
2010-01-24,-2.5,1.09,-5.251428571428572,24,-7.19,
2010-01-25,-7.83,3.77,-7.627142857142857,25,-6.602666666666667,
2010-01-26,-14.08,0.02,-10.12142857142857,26,-5.616333333333333,
2010-01-27,-10.73,0.15,-12.255714285714287,27,-6.115666666666667,
2010-01-28,-18.08,0.0,-13.737142857142857,28,-5.8726666666666665,
2010-01-29,-18.16,0.0,-13.64,29,-7.1626666666666665,
2010-01-30,-14.41,0.0,-13.007142857142858,30,-7.257000000000001,
2010-01-31,-12.87,0.0,-12.981428571428571,31,-5.312333333333333,
2010-02-01,-7.15,2.58,-10.868571428571428,32,-5.570666666666667,
2010-02-02,-9.65,0.06,-8.66,33,-5.598333333333333,
2010-02-03,-10.55,0.0,-7.474285714285715,34,-5.522333333333333,
2010-02-04,-3.29,1.08,-6.57,35,-6.5696666666666665,
2010-02-05,-2.7,1.61,-6.967142857142858,36,-5.671666666666667,
2010-02-06,-6.11,0.27,-7.362857142857144,37,-4.662999999999999,
2010-02-07,-6.54,2.87,-7.761428571428572,38,-5.294,
2010-02-08,-9.93,5.57,-8.924285714285714,39,-5.605333333333333,
2010-02-09,-12.42,0.72,-9.352857142857143,40,-5.402333333333333,
2010-02-10,-13.34,0.0,-9.5,41,-5.548666666666667,
2010-02-11,-11.43,0.14,-9.721428571428572,42,-5.828,
2010-02-12,-5.7,0.07,-9.471428571428572,43,-5.614,
2010-02-13,-7.14,0.82,-8.84,44,-4.276333333333333,
2010-02-14,-8.09,2.72,-8.462857142857143,45,-4.116666666666666,
2010-02-15,-8.18,0.67,-8.274285714285714,46,-5.044,
2010-02-16,-8.0,0.0,-8.708571428571428,47,-4.468,
2010-02-17,-10.7,0.0,-8.342857142857142,48,-2.9069999999999996,
2010-02-18,-10.11,0.0,-8.132857142857143,49,-2.4276666666666666,
2010-02-19,-8.74,3.95,-8.081428571428571,50,-2.2693333333333334,
2010-02-20,-4.58,0.12,-8.75,51,-1.5713333333333332,
2010-02-21,-6.62,0.18,-9.858571428571427,52,-2.385,
2010-02-22,-7.82,0.0,-10.417142857142858,53,-1.8993333333333333,
2010-02-23,-12.68,0.01,-10.622857142857143,54,-2.289,
2010-02-24,-18.46,0.0,-11.351428571428572,55,-2.667333333333333,
2010-02-25,-14.02,0.0,-11.525714285714287,56,-3.2760000000000002,
2010-02-26,-10.18,0.01,-11.142857142857142,57,-3.2516666666666665,
2010-02-27,-9.68,0.0,-10.058571428571428,58,-3.3603333333333336,
2010-02-28,-7.84,0.01,-8.172857142857143,59,-2.131666666666667,
2010-03-01,-5.14,0.0,-6.925714285714285,61,-1.5816666666666666,
2010-03-02,-5.09,0.0,-5.884285714285714,62,-3.1626666666666665,
2010-03-03,-5.26,0.0,-4.338571428571429,63,-2.8819999999999997,
2010-03-04,-5.29,0.0,-2.8314285714285714,64,-1.1363333333333332,
2010-03-05,-2.89,0.0,-1.5314285714285714,65,-0.13566666666666655,
2010-03-06,1.14,9.16,-0.06571428571428571,66,0.4623333333333332,
2010-03-07,2.71,1.31,1.4785714285714284,67,0.44066666666666665,
2010-03-08,3.96,0.92,2.8114285714285714,68,0.748,
2010-03-09,5.17,5.98,3.6585714285714284,69,-0.33833333333333326,
2010-03-10,5.55,1.98,4.067142857142857,70,0.44,
2010-03-11,4.04,12.27,4.917142857142857,71,0.871,
2010-03-12,3.04,0.45,5.345714285714286,72,1.326,
2010-03-13,4.0,0.46,5.248571428571428,73,2.741,
2010-03-14,8.66,0.02,5.409999999999999,74,2.949333333333333,
2010-03-15,6.96,0.0,5.928571428571429,75,2.875,
2010-03-16,4.49,1.33,5.7942857142857145,76,3.725333333333333,
2010-03-17,6.68,0.72,5.117142857142857,77,3.746,
2010-03-18,7.67,0.01,3.9314285714285715,78,3.3153333333333337,
2010-03-19,2.1,4.09,3.485714285714286,79,3.641,
2010-03-20,-0.74,0.35,3.6714285714285713,80,3.9993333333333334,
2010-03-21,0.36,0.01,3.5300000000000002,81,3.7106666666666666,
2010-03-22,3.84,0.0,2.8442857142857148,82,4.115666666666667,
2010-03-23,5.79,0.08,2.992857142857143,83,4.760000000000001,
2010-03-24,5.69,1.63,3.752857142857143,84,4.697,
2010-03-25,2.87,0.0,4.458571428571429,85,4.338333333333334,
2010-03-26,3.14,0.0,4.877142857142857,86,5.436999999999999,
2010-03-27,4.58,0.47,5.982857142857142,87,5.832666666666666,
2010-03-28,5.3,0.0,7.555714285714286,88,5.482,
2010-03-29,6.77,0.0,9.854285714285712,89,6.0793333333333335,
2010-03-30,13.53,0.0,11.641428571428571,90,7.23,
2010-03-31,16.7,0.0,12.292857142857143,91,6.647,
2010-04-01,18.96,0.01,12.93857142857143,92,6.444999999999999,
2010-04-02,15.65,4.88,13.570000000000002,93,7.316,
2010-04-03,9.14,0.0,13.879999999999999,94,6.646333333333333,
2010-04-04,9.82,0.05,12.62142857142857,95,5.5616666666666665,
2010-04-05,11.19,12.69,10.729999999999999,96,7.396,
2010-04-06,15.7,11.71,10.005714285714287,97,7.986666666666666,
2010-04-07,7.89,5.09,10.161428571428571,98,7.6353333333333335,
2010-04-08,5.72,0.0,10.578571428571427,99,7.1129999999999995,
2010-04-09,10.58,0.0,11.241428571428571,100,7.235333333333333,
2010-04-10,10.23,0.06,11.707142857142857,101,8.195333333333334,
2010-04-11,12.74,0.02,13.337142857142856,102,8.320666666666666,
2010-04-12,15.83,1.52,15.111428571428572,103,7.707,
2010-04-13,18.96,0.0,15.154285714285717,104,8.866999999999999,
2010-04-14,19.3,0.21,15.025714285714287,105,10.045666666666667,
2010-04-15,18.14,3.31,15.012857142857143,106,10.124,
2010-04-16,10.88,0.05,14.738571428571431,107,9.499666666666666,
2010-04-17,9.33,0.0,14.034285714285716,108,10.244666666666665,
2010-04-18,12.65,0.0,13.35,109,11.613333333333333,
2010-04-19,13.91,0.0,12.785714285714286,110,10.836666666666668,
2010-04-20,14.03,0.01,13.221428571428572,111,9.832666666666666,
2010-04-21,14.51,0.87,14.29142857142857,112,10.340333333333332,
2010-04-22,14.19,0.11,14.025714285714287,113,10.793333333333333,
2010-04-23,13.93,17.8,13.335714285714285,114,11.044,
2010-04-24,16.82,9.84,12.88142857142857,115,12.153666666666668,
2010-04-25,10.79,6.6,12.617142857142856,116,11.603666666666667,
2010-04-26,9.08,3.63,13.174285714285714,117,11.013333333333332,
2010-04-27,10.85,0.0,13.592857142857142,118,10.667666666666666,
2010-04-28,12.66,0.0,13.08,119,11.247333333333334,
2010-04-29,18.09,9.52,13.602857142857143,120,11.810666666666666,
2010-04-30,16.86,9.73,14.058571428571428,121,12.266666666666667,
2010-05-01,13.23,0.02,14.834285714285715,122,12.117666666666667,
2010-05-02,14.45,0.98,14.877142857142859,123,12.065333333333335,
2010-05-03,12.27,0.17,13.95857142857143,124,12.464333333333334,
2010-05-04,16.28,1.71,12.97857142857143,125,13.715666666666667,
2010-05-05,12.96,0.72,12.09142857142857,126,14.700666666666667,
2010-05-06,11.66,0.39,11.427142857142856,127,15.049333333333333,
2010-05-07,10.0,7.46,11.017142857142858,128,15.288,
2010-05-08,7.02,0.0,10.005714285714287,129,15.648,
2010-05-09,9.8,0.0,9.47,130,15.424000000000001,
2010-05-10,9.4,21.17,9.525714285714287,131,15.732666666666667,
2010-05-11,9.2,4.56,9.921428571428573,132,14.824666666666667,
2010-05-12,9.21,27.4,11.049999999999999,133,13.698666666666666,
2010-05-13,12.05,8.93,11.624285714285715,134,13.713333333333335,
2010-05-14,12.77,0.0,12.517142857142858,135,14.930666666666667,
2010-05-15,14.92,0.03,13.458571428571428,136,15.792666666666666,
2010-05-16,13.82,0.23,14.434285714285712,137,16.949,
2010-05-17,15.65,0.38,14.774285714285714,138,16.96,
2010-05-18,15.79,0.0,15.285714285714286,139,16.109666666666666,
2010-05-19,16.04,0.01,16.162857142857142,140,16.488666666666667,
2010-05-20,14.43,2.1,17.714285714285715,141,16.082666666666668,
2010-05-21,16.35,1.81,19.02,142,16.447666666666667,
2010-05-22,21.06,0.15,20.115714285714287,143,17.717666666666666,
2010-05-23,24.68,0.0,20.825714285714287,144,17.689,
2010-05-24,24.79,0.0,21.587142857142858,145,17.377,
2010-05-25,23.46,9.84,22.09714285714286,146,16.985,
2010-05-26,21.01,0.16,22.07714285714286,147,17.367,
2010-05-27,19.76,0.0,21.647142857142857,148,18.245,
2010-05-28,19.92,0.0,20.914285714285715,149,18.587,
2010-05-29,20.92,0.0,20.555714285714288,150,19.214,
2010-05-30,21.67,5.5,20.35857142857143,151,19.67366666666667,
2010-05-31,19.66,0.02,20.321428571428573,152,18.76966666666667,
2010-06-01,20.95,19.33,20.945714285714285,153,18.962666666666667,
2010-06-02,19.63,2.15,20.98857142857143,154,18.642999999999997,
2010-06-03,19.5,0.53,20.66142857142857,155,19.017333333333333,
2010-06-04,24.29,12.67,20.505714285714284,156,19.663999999999998,
2010-06-05,21.22,9.95,20.52857142857143,157,20.015,
2010-06-06,19.38,0.0,20.674285714285713,158,20.389666666666667,
2010-06-07,18.57,10.14,20.892857142857142,159,21.124666666666666,
2010-06-08,21.11,7.76,20.947142857142858,160,20.57633333333333,
2010-06-09,20.65,0.01,21.23428571428571,161,20.773333333333333,
2010-06-10,21.03,18.48,21.29,162,21.00133333333333,
2010-06-11,24.67,23.97,21.53714285714286,163,21.526666666666664,
2010-06-12,23.23,17.85,21.405714285714286,164,21.44333333333333,
2010-06-13,19.77,18.06,21.49857142857143,165,21.556333333333335,
2010-06-14,20.3,6.42,21.995714285714286,166,21.331666666666667,
2010-06-15,20.19,1.41,22.055714285714288,167,21.750999999999998,
2010-06-16,21.3,0.59,21.880000000000003,168,21.923000000000002,
2010-06-17,24.51,12.37,22.32857142857143,169,22.441666666666666,
2010-06-18,25.09,15.17,22.93,170,22.617,
2010-06-19,22.0,1.02,23.762857142857143,171,22.067666666666664,
2010-06-20,22.91,2.7,24.227142857142862,172,22.64333333333333,
2010-06-21,24.51,8.35,23.822857142857142,173,22.711666666666666,
2010-06-22,26.02,6.58,23.627142857142854,174,22.692333333333334,
2010-06-23,24.55,10.33,24.264285714285712,175,22.369333333333334,
2010-06-24,21.68,0.0,24.49857142857143,176,22.28666666666667,
2010-06-25,23.72,24.06,23.951428571428572,177,22.715333333333334,
2010-06-26,26.46,39.49,22.98428571428571,178,22.841,
2010-06-27,24.55,9.38,22.282857142857143,179,23.119333333333334,
2010-06-28,20.68,0.0,22.217142857142857,180,22.435333333333332,
2010-06-29,19.25,0.0,21.934285714285718,181,22.72233333333333,
2010-06-30,19.64,0.0,21.547142857142855,182,23.016000000000002,
2010-07-01,21.22,0.0,21.349999999999998,183,22.925666666666665,
2010-07-02,21.74,0.0,21.69142857142857,184,22.494666666666667,
2010-07-03,23.75,0.36,22.427142857142858,185,23.086000000000002,
2010-07-04,23.17,29.86,23.021428571428572,186,23.35,
2010-07-05,23.07,2.67,23.224285714285717,187,23.333666666666666,
2010-07-06,24.4,2.03,23.405714285714286,188,23.908,
2010-07-07,23.8,9.11,23.27285714285714,189,23.91033333333333,
2010-07-08,22.64,0.03,22.97142857142857,190,23.716333333333335,
2010-07-09,23.01,0.0,22.601428571428567,191,23.563666666666666,
2010-07-10,22.82,2.53,22.458571428571428,192,23.58566666666667,
2010-07-11,21.06,1.06,23.08142857142857,193,23.475666666666665,
2010-07-12,20.48,9.58,23.205714285714286,194,23.613999999999997,
2010-07-13,23.4,0.04,23.37,195,23.775,
2010-07-14,28.16,3.38,23.83142857142857,196,23.750333333333334,
2010-07-15,23.51,0.43,24.312857142857144,197,24.091,
2010-07-16,24.16,2.23,24.578571428571426,198,24.48933333333333,
2010-07-17,26.05,17.97,24.648571428571433,199,25.218666666666667,
2010-07-18,24.43,23.5,24.00857142857143,200,25.182000000000002,
2010-07-19,22.34,10.24,24.515714285714285,201,25.142666666666667,
2010-07-20,23.89,3.72,24.84,202,24.688333333333333,
2010-07-21,23.68,6.14,24.55,203,24.159,
2010-07-22,27.06,29.5,24.277142857142856,204,24.09733333333333,
2010-07-23,26.43,10.8,24.53,205,23.634999999999998,
2010-07-24,24.02,2.0,24.93142857142857,206,23.958333333333332,
2010-07-25,22.52,0.0,24.94,207,24.35666666666667,
2010-07-26,24.11,0.0,24.075714285714287,208,23.784333333333333,
2010-07-27,26.7,0.17,23.66857142857143,209,23.436333333333334,
2010-07-28,23.74,0.09,23.724285714285713,210,23.39466666666667,
2010-07-29,21.01,0.05,24.08142857142857,211,22.936333333333334,
2010-07-30,23.58,30.57,24.177142857142854,212,23.407333333333334,
2010-07-31,24.41,0.31,24.217142857142857,213,23.882,
2010-08-01,25.02,0.51,24.382857142857144,214,24.038,
2010-08-02,24.78,20.09,24.537142857142857,215,23.786,
2010-08-03,26.98,14.02,24.311428571428568,216,23.788333333333334,
2010-08-04,24.9,6.81,24.28142857142857,217,23.070333333333334,
2010-08-05,22.09,0.0,24.57,218,22.095000000000002,
2010-08-06,22.0,3.19,24.915714285714284,219,22.555999999999997,
2010-08-07,24.2,2.85,25.055714285714284,220,23.384999999999998,
2010-08-08,27.04,47.22,25.431428571428572,221,23.405666666666665,
2010-08-09,27.2,28.74,26.215714285714288,222,23.939,
2010-08-10,27.96,45.03,26.92571428571429,223,23.015666666666668,
2010-08-11,27.53,5.48,27.02142857142857,224,22.470000000000002,
2010-08-12,27.58,0.01,26.065714285714286,225,22.623333333333335,
2010-08-13,26.97,1.54,25.124285714285715,226,22.243999999999996,
2010-08-14,24.87,0.03,23.924285714285713,227,21.991,
2010-08-15,20.35,0.0,23.045714285714286,228,21.821,
2010-08-16,20.61,1.12,22.447142857142858,229,22.473666666666666,
2010-08-17,19.56,11.29,21.93285714285714,230,22.349666666666668,
2010-08-18,21.38,0.37,22.02714285714286,231,22.279,
2010-08-19,23.39,0.0,22.704285714285714,232,21.826,
2010-08-20,23.37,4.38,23.122857142857146,233,21.703333333333333,
2010-08-21,25.53,0.05,23.184285714285714,234,22.387999999999998,
2010-08-22,25.09,0.0,22.631428571428575,235,22.672666666666665,
2010-08-23,23.54,0.03,21.95,236,22.886000000000003,
2010-08-24,19.99,1.97,21.555714285714284,237,23.147333333333332,
2010-08-25,17.51,0.0,20.784285714285716,238,22.886333333333333,
2010-08-26,18.62,0.0,20.462857142857143,239,23.105999999999998,
2010-08-27,20.61,0.0,20.545714285714286,240,23.144333333333336,
2010-08-28,20.13,0.0,21.31,241,22.774333333333335,
2010-08-29,22.84,0.0,21.81714285714286,242,22.189,
2010-08-30,24.12,0.5,21.957142857142856,243,21.733333333333334,
2010-08-31,25.34,36.8,21.117142857142856,244,21.302666666666667,
2010-09-01,21.06,4.34,20.297142857142855,245,21.451,
2010-09-02,19.6,3.43,19.50142857142857,246,22.022333333333332,
2010-09-03,14.73,0.0,18.78857142857143,247,21.276666666666664,
2010-09-04,14.39,0.0,17.25857142857143,248,21.00433333333333,
2010-09-05,17.27,1.03,16.46142857142857,249,21.005666666666666,
2010-09-06,19.13,1.99,16.154285714285713,250,21.192666666666664,
2010-09-07,14.63,0.0,16.585714285714285,251,20.137,
2010-09-08,15.48,0.26,16.98428571428571,252,19.12933333333333,
2010-09-09,17.45,0.69,17.16857142857143,253,19.55933333333333,
2010-09-10,17.75,7.85,17.054285714285715,254,19.197,
2010-09-11,17.18,0.24,17.567142857142855,255,19.569333333333336,
2010-09-12,18.56,0.01,17.89142857142857,256,19.301,
2010-09-13,18.33,0.85,17.46857142857143,257,18.745333333333335,
2010-09-14,18.22,0.95,17.481428571428573,258,17.874333333333333,
2010-09-15,17.75,1.03,16.84142857142857,259,18.199666666666666,
2010-09-16,14.49,0.07,16.037142857142857,260,18.276999999999997,
2010-09-17,17.84,2.89,16.405714285714286,261,18.257,
2010-09-18,12.7,6.93,16.73857142857143,262,17.91466666666667,
2010-09-19,12.93,17.07,17.169999999999998,263,17.648333333333333,
2010-09-20,20.91,0.97,18.24,264,17.333666666666666,
2010-09-21,20.55,14.74,17.571428571428573,265,16.50766666666667,
2010-09-22,20.77,2.82,17.245714285714286,266,15.752999999999998,
2010-09-23,21.98,17.85,17.005714285714284,267,15.840666666666666,
2010-09-24,13.16,0.11,15.821428571428571,268,15.879666666666667,
2010-09-25,10.42,15.99,15.180000000000001,269,16.085666666666665,
2010-09-26,11.25,0.0,14.59142857142857,270,15.628000000000002,
2010-09-27,12.62,0.0,13.58,271,15.453666666666667,
2010-09-28,16.06,0.01,13.888571428571428,272,14.340333333333332,
2010-09-29,16.65,0.0,13.697142857142856,273,15.011,
2010-09-30,14.9,0.0,13.157142857142858,274,15.565,
2010-10-01,15.32,0.36,12.624285714285715,275,14.964666666666666,
2010-10-02,9.08,0.03,11.918571428571427,276,14.025,
2010-10-03,7.47,0.0,11.56857142857143,277,13.937999999999999,
2010-10-04,8.89,0.0,11.154285714285715,278,12.959333333333335,
2010-10-05,11.12,0.14,11.297142857142857,279,13.216666666666667,
2010-10-06,14.2,0.02,12.54142857142857,280,13.280666666666667,
2010-10-07,12.0,0.0,13.887142857142859,281,13.126,
2010-10-08,16.32,0.0,14.968571428571428,282,13.387,
2010-10-09,17.79,0.0,15.602857142857143,283,12.320333333333334,
2010-10-10,16.89,0.02,15.14857142857143,284,11.544666666666666,
2010-10-11,16.46,0.12,15.021428571428572,285,12.015333333333333,
2010-10-12,15.56,1.22,14.081428571428571,286,11.498666666666667,
2010-10-13,11.02,0.0,13.137142857142859,287,10.771666666666667,
2010-10-14,11.11,0.0,12.028571428571427,288,10.437000000000001,
2010-10-15,9.74,0.0,10.98857142857143,289,10.093333333333334,
2010-10-16,11.18,0.08,9.937142857142858,290,10.100999999999999,
2010-10-17,9.13,0.0,9.895714285714286,291,10.468,
2010-10-18,9.18,0.0,9.407142857142858,292,9.365,
2010-10-19,8.2,0.0,9.552857142857144,293,9.306333333333333,
2010-10-20,10.73,0.12,10.379999999999999,294,9.620000000000001,
2010-10-21,7.69,0.01,11.302857142857144,295,9.548333333333334,
2010-10-22,10.76,0.05,12.035714285714286,296,9.428333333333335,
2010-10-23,16.97,3.85,12.282857142857143,297,9.361666666666668,
2010-10-24,15.59,0.16,11.58,298,8.323333333333332,
2010-10-25,14.31,2.37,10.81857142857143,299,8.220666666666666,
2010-10-26,9.93,3.83,10.022857142857143,300,7.387333333333333,
2010-10-27,5.81,0.15,8.765714285714285,301,6.560333333333333,
2010-10-28,2.36,0.0,7.247142857142856,302,7.194333333333334,
2010-10-29,5.19,0.0,5.8757142857142854,303,7.574,
2010-10-30,8.17,0.03,5.177142857142856,304,6.771333333333333,
2010-10-31,4.96,0.0,5.454285714285715,305,5.3613333333333335,
2010-11-01,4.71,0.0,5.647142857142858,306,5.837000000000001,
2010-11-02,5.04,0.0,5.041428571428571,307,4.904,
2010-11-03,7.75,0.01,4.46,308,5.098666666666667,
2010-11-04,3.71,0.0,4.917142857142857,309,5.049,
2010-11-05,0.95,0.0,5.5457142857142845,310,5.129666666666666,
2010-11-06,4.1,0.05,6.4557142857142855,311,4.361666666666666,
2010-11-07,8.16,0.03,7.082857142857143,312,3.850333333333333,
2010-11-08,9.11,0.0,7.359999999999999,313,4.254666666666667,
2010-11-09,11.41,0.0,7.638571428571429,314,4.613333333333333,
2010-11-10,12.14,0.02,7.325714285714286,315,3.4196666666666666,
2010-11-11,5.65,0.32,6.160000000000001,316,1.9046666666666667,
2010-11-12,2.9,32.33,5.1971428571428575,317,1.7046666666666668,
2010-11-13,1.91,14.09,3.878571428571429,318,2.5083333333333333,
2010-11-14,0.0,0.06,2.2485714285714287,319,2.8676666666666666,
2010-11-15,2.37,0.04,1.2214285714285715,320,2.585,
2010-11-16,2.18,0.23,0.8828571428571428,321,2.494,
2010-11-17,0.73,0.0,0.5114285714285715,322,2.942333333333333,
2010-11-18,-1.54,0.0,1.032857142857143,323,2.783666666666667,
2010-11-19,0.53,0.0,0.6471428571428571,324,2.183666666666667,
2010-11-20,-0.69,0.01,-0.33714285714285713,325,1.4466666666666665,
2010-11-21,3.65,0.35,-0.6442857142857142,326,1.0430000000000001,
2010-11-22,-0.33,0.19,-1.4057142857142857,327,1.2656666666666667,
2010-11-23,-4.71,0.0,-1.9585714285714284,328,0.8053333333333333,
2010-11-24,-1.42,1.32,-2.0742857142857143,329,0.4036666666666667,
2010-11-25,-6.87,0.0,-2.312857142857143,330,0.2166666666666667,
2010-11-26,-3.34,0.0,-1.9257142857142857,331,-0.3006666666666667,
2010-11-27,-1.5,0.0,-1.817142857142857,332,-0.6473333333333334,
2010-11-28,1.98,0.0,-2.5142857142857147,333,0.04299999999999997,
2010-11-29,2.38,2.6,-1.9314285714285713,334,-0.1753333333333333,
2010-11-30,-3.95,0.18,-2.15,335,-1.3270000000000002,
2010-12-01,-6.3,0.02,-2.5385714285714287,336,-1.3359999999999999,
2010-12-02,-2.79,0.0,-3.8642857142857143,337,-0.9176666666666667,
2010-12-03,-4.87,0.24,-5.257142857142857,338,-1.3096666666666665,
2010-12-04,-4.22,0.02,-5.874285714285714,339,-1.384,
2010-12-05,-7.3,0.0,-5.987142857142857,340,-2.7996666666666665,
2010-12-06,-7.37,0.0,-5.8585714285714285,341,-3.5756666666666663,
2010-12-07,-8.27,0.0,-5.054285714285714,342,-3.7616666666666663,
2010-12-08,-7.09,0.0,-4.718571428571429,343,-3.6540000000000004,
2010-12-09,-1.89,0.03,-5.848571428571428,344,-4.117666666666667,
2010-12-10,0.76,0.5,-7.137142857142858,345,-3.7346666666666666,
2010-12-11,-1.87,9.35,-7.644285714285715,346,-3.7763333333333335,
2010-12-12,-15.21,0.48,-7.768571428571428,347,-3.5260000000000002,
2010-12-13,-16.39,0.01,-8.518571428571429,348,-2.4756666666666667,
2010-12-14,-11.82,0.02,-9.871428571428572,349,-3.1086666666666667,
2010-12-15,-7.96,1.78,-11.058571428571428,350,-3.9536666666666664,
2010-12-16,-7.14,0.37,-10.214285714285714,351,-4.115,
2010-12-17,-8.71,0.02,-8.218571428571428,352,-4.723333333333333,
2010-12-18,-10.18,0.0,-7.184285714285714,353,-4.670333333333334,
2010-12-19,-9.3,0.04,-6.835714285714286,354,-5.029,
2010-12-20,-2.42,0.36,-6.430000000000001,355,-4.147,
2010-12-21,-4.58,0.01,-5.695714285714287,356,-4.393,
2010-12-22,-5.52,0.0,-5.53,357,-4.798,
2010-12-23,-4.3,1.78,-5.815714285714285,358,-5.59,
2010-12-24,-3.57,5.64,-6.825714285714285,359,-6.833333333333333,
2010-12-25,-9.02,0.05,-6.954285714285715,360,-5.871333333333333,
2010-12-26,-11.3,0.02,-6.312857142857143,361,-4.98,
2010-12-27,-9.49,0.08,-5.227142857142857,362,-4.514666666666667,
2010-12-28,-5.48,0.12,-5.549999999999999,363,-4.012666666666666,
2010-12-29,-1.03,0.24,-6.067142857142857,364,-5.275666666666667,
2010-12-30,3.3,0.39,-5.761428571428572,365,-4.824666666666667,
2010-12-31,-5.83,0.45,-5.178571428571429,366,-6.896333333333333,
2011-01-01,-12.64,0.05,-5.720000000000001,1,-7.254666666666667,
2011-01-02,-9.16,0.0,-6.2128571428571435,2,-6.669333333333333,
2011-01-03,-5.41,0.0,-7.238571428571428,3,-6.372,
2011-01-04,-9.27,0.0,-7.271428571428571,4,-7.632000000000001,
2011-01-05,-4.48,0.01,-7.208571428571429,5,-7.3629999999999995,
2011-01-06,-3.88,0.57,-7.518571428571428,6,-7.612666666666667,
2011-01-07,-6.06,1.38,-7.67,7,-7.635666666666666,
2011-01-08,-12.2,0.0,-7.485714285714287,8,-6.3966666666666665,
2011-01-09,-11.33,0.52,-8.472857142857142,9,-6.800666666666667,
2011-01-10,-6.47,5.68,-9.384285714285713,10,-6.191666666666666,
2011-01-11,-7.98,2.67,-9.65857142857143,11,-5.321666666666667,
2011-01-12,-11.39,0.03,-9.31857142857143,12,-6.834333333333333,
2011-01-13,-10.26,0.03,-9.415714285714285,13,-7.807,
2011-01-14,-7.98,0.01,-8.984285714285715,14,-7.033666666666666,
2011-01-15,-9.82,0.0,-9.33,15,-8.241333333333333,
2011-01-16,-12.01,0.11,-9.76142857142857,16,-7.281666666666666,
2011-01-17,-3.45,3.78,-10.444285714285714,17,-7.789,
2011-01-18,-10.4,0.97,-11.905714285714286,18,-8.385333333333334,
2011-01-19,-14.41,0.08,-12.16,19,-7.801,
2011-01-20,-15.04,0.01,-12.597142857142856,20,-7.862,
2011-01-21,-18.21,0.8,-13.138571428571428,21,-6.818,
2011-01-22,-11.6,0.33,-12.751428571428573,22,-5.656000000000001,
2011-01-23,-15.07,0.03,-11.719999999999999,23,-6.655666666666667,
2011-01-24,-7.24,0.13,-10.045714285714286,24,-7.19,
2011-01-25,-7.69,0.03,-7.638571428571429,25,-6.602666666666667,
2011-01-26,-7.19,0.01,-6.6414285714285715,26,-5.616333333333333,
2011-01-27,-3.32,0.01,-5.597142857142857,27,-6.115666666666667,
2011-01-28,-1.36,0.01,-5.4557142857142855,28,-5.8726666666666665,
2011-01-29,-4.62,0.03,-5.791428571428571,29,-7.1626666666666665,
2011-01-30,-7.76,0.0,-6.978571428571429,30,-7.257000000000001,
2011-01-31,-6.25,2.13,-8.51142857142857,31,-5.312333333333333,
2011-02-01,-10.04,4.92,-9.510000000000002,32,-5.570666666666667,
2011-02-02,-15.5,0.35,-9.507142857142856,33,-5.598333333333333,
2011-02-03,-14.05,0.03,-8.888571428571428,34,-5.522333333333333,
2011-02-04,-8.35,0.11,-9.604285714285714,35,-6.5696666666666665,
2011-02-05,-4.6,1.57,-10.752857142857142,36,-5.671666666666667,
2011-02-06,-3.43,2.19,-10.782857142857141,37,-4.662999999999999,
2011-02-07,-11.26,0.0,-10.540000000000001,38,-5.294,
2011-02-08,-18.08,0.0,-9.909999999999998,39,-5.605333333333333,
2011-02-09,-15.71,0.01,-9.355714285714285,40,-5.402333333333333,
2011-02-10,-12.35,0.1,-8.38142857142857,41,-5.548666666666667,
2011-02-11,-3.94,0.01,-6.467142857142856,42,-5.828,
2011-02-12,-0.72,0.0,-3.455714285714286,43,-5.614,
2011-02-13,3.39,0.0,-0.5199999999999998,44,-4.276333333333333,
2011-02-14,2.14,0.0,2.744285714285714,45,-4.116666666666666,
2011-02-15,3.0,0.0,3.5571428571428574,46,-5.044,
2011-02-16,4.84,0.0,3.8085714285714287,47,-4.468,
2011-02-17,10.5,0.01,3.8442857142857143,48,-2.9069999999999996,
2011-02-18,1.75,0.0,3.205714285714286,49,-2.4276666666666666,
2011-02-19,1.04,0.09,2.314285714285714,50,-2.2693333333333334,
2011-02-20,3.64,10.85,1.577142857142857,51,-1.5713333333333332,
2011-02-21,-2.33,0.16,-0.37857142857142856,52,-2.385,
2011-02-22,-3.24,0.01,-1.8814285714285715,53,-1.8993333333333333,
2011-02-23,-0.32,0.07,-3.0628571428571427,54,-2.289,
2011-02-24,-3.19,0.4,-3.9014285714285712,55,-2.667333333333333,
2011-02-25,-8.77,0.51,-4.152857142857143,56,-3.2760000000000002,
2011-02-26,-7.23,0.15,-3.7014285714285715,57,-3.2516666666666665,
2011-02-27,-2.23,0.14,-4.387142857142857,58,-3.3603333333333336,
2011-02-28,-4.09,0.0,-3.7957142857142863,59,-2.131666666666667,
2011-03-01,-0.08,0.01,-2.391428571428572,61,-1.5816666666666666,
2011-03-02,-5.12,0.0,-1.74,62,-3.1626666666666665,
2011-03-03,0.95,0.09,-1.7385714285714287,63,-2.8819999999999997,
2011-03-04,1.06,0.36,-1.2328571428571429,64,-1.1363333333333332,
2011-03-05,-2.67,0.01,-0.9900000000000001,65,-0.13566666666666655,
2011-03-06,-2.22,0.18,-0.1685714285714286,66,0.4623333333333332,
2011-03-07,-0.55,0.86,-0.29857142857142854,67,0.44066666666666665,
2011-03-08,1.62,5.88,0.04142857142857137,68,0.748,
2011-03-09,0.63,2.69,0.36999999999999994,69,-0.33833333333333326,
2011-03-10,0.04,0.02,0.3485714285714285,70,0.44,
2011-03-11,3.44,0.01,0.5557142857142856,71,0.871,
2011-03-12,-0.37,0.18,0.8328571428571429,72,1.326,
2011-03-13,-2.37,0.0,1.977142857142857,73,2.741,
2011-03-14,0.9,0.0,3.724285714285714,74,2.949333333333333,
2011-03-15,3.56,0.0,3.75,75,2.875,
2011-03-16,8.64,0.0,4.36,76,3.725333333333333,
2011-03-17,12.27,0.0,6.281428571428571,77,3.746,
2011-03-18,3.62,0.0,7.332857142857143,78,3.3153333333333337,
2011-03-19,3.9,0.36,8.568571428571428,79,3.641,
2011-03-20,11.08,4.52,7.741428571428571,80,3.9993333333333334,
2011-03-21,8.26,0.21,5.97,81,3.7106666666666666,
2011-03-22,12.21,7.76,5.591428571428572,82,4.115666666666667,
2011-03-23,2.85,0.24,4.8914285714285715,83,4.760000000000001,
2011-03-24,-0.13,0.57,3.132857142857143,84,4.697,
2011-03-25,0.97,0.98,1.947142857142857,85,4.338333333333334,
2011-03-26,-1.0,0.13,0.3428571428571426,86,5.436999999999999,
2011-03-27,-1.23,0.0,0.38999999999999974,87,5.832666666666666,
2011-03-28,-0.04,0.62,1.084285714285714,88,5.482,
2011-03-29,0.98,0.46,1.8685714285714283,89,6.0793333333333335,
2011-03-30,3.18,0.0,3.154285714285714,90,7.23,
2011-03-31,4.73,0.49,5.171428571428572,91,6.647,
2011-04-01,6.46,0.29,5.801428571428572,92,6.444999999999999,
2011-04-02,8.0,0.01,6.795714285714285,93,7.316,
2011-04-03,12.89,0.27,7.755714285714286,94,6.646333333333333,
2011-04-04,4.37,0.13,8.215714285714286,95,5.5616666666666665,
2011-04-05,7.94,0.01,8.731428571428571,96,7.396,
2011-04-06,9.9,0.22,9.808571428571428,97,7.986666666666666,
2011-04-07,7.95,10.52,10.594285714285714,98,7.6353333333333335,
2011-04-08,10.07,0.04,11.395714285714286,99,7.1129999999999995,
2011-04-09,15.54,0.55,11.911428571428571,100,7.235333333333333,
2011-04-10,18.39,0.01,12.327142857142857,101,8.195333333333334,
2011-04-11,9.98,0.0,12.437142857142858,102,8.320666666666666,
2011-04-12,11.55,0.0,11.675714285714283,103,7.707,
2011-04-13,12.81,0.03,10.098571428571429,104,8.866999999999999,
2011-04-14,8.72,3.07,8.018571428571429,105,10.045666666666667,
2011-04-15,4.74,21.54,7.271428571428571,106,10.124,
2011-04-16,4.5,0.4,5.797142857142856,107,9.499666666666666,
2011-04-17,3.83,4.23,4.385714285714285,108,10.244666666666665,
2011-04-18,4.75,2.86,3.9571428571428564,109,11.613333333333333,
2011-04-19,1.23,16.93,4.419999999999999,110,10.836666666666668,
2011-04-20,2.93,0.01,4.99,111,9.832666666666666,
2011-04-21,5.72,0.45,5.517142857142857,112,10.340333333333332,
2011-04-22,7.98,1.61,6.204285714285715,113,10.793333333333333,
2011-04-23,8.49,0.01,7.2542857142857144,114,11.044,
2011-04-24,7.52,0.0,7.819999999999999,115,12.153666666666668,
2011-04-25,9.56,13.77,8.198571428571428,116,11.603666666666667,
2011-04-26,8.58,11.7,8.684285714285714,117,11.013333333333332,
2011-04-27,6.89,0.08,9.345714285714283,118,10.667666666666666,
2011-04-28,8.37,0.0,9.34,119,11.247333333333334,
2011-04-29,11.38,0.07,8.84142857142857,120,11.810666666666666,
2011-04-30,13.12,0.74,8.507142857142856,121,12.266666666666667,
2011-05-01,7.48,0.0,8.83,122,12.117666666666667,
2011-05-02,6.07,0.0,9.40142857142857,123,12.065333333333335,
2011-05-03,6.24,0.0,9.66,124,12.464333333333334,
2011-05-04,9.15,0.01,9.98142857142857,125,13.715666666666667,
2011-05-05,12.37,0.3,11.244285714285713,126,14.700666666666667,
2011-05-06,13.19,0.19,13.379999999999997,127,15.049333333333333,
2011-05-07,15.37,0.0,16.068571428571428,128,15.288,
2011-05-08,16.32,0.0,17.79285714285714,129,15.648,
2011-05-09,21.02,0.28,18.994285714285713,130,15.424000000000001,
2011-05-10,25.06,0.06,18.672857142857143,131,15.732666666666667,
2011-05-11,21.22,13.24,17.654285714285713,132,14.824666666666667,
2011-05-12,20.78,11.6,16.827142857142857,133,13.698666666666666,
2011-05-13,10.94,1.57,15.352857142857141,134,13.713333333333335,
2011-05-14,8.24,7.63,13.58,135,14.930666666666667,
2011-05-15,10.53,4.9,12.531428571428572,136,15.792666666666666,
2011-05-16,10.7,0.0,11.892857142857142,137,16.949,
2011-05-17,12.65,0.0,12.96285714285714,138,16.96,
2011-05-18,13.88,0.0,14.687142857142856,139,16.109666666666666,
2011-05-19,16.31,1.17,15.932857142857141,140,16.488666666666667,
2011-05-20,18.43,16.01,17.142857142857142,141,16.082666666666668,
2011-05-21,20.31,13.6,18.264285714285712,142,16.447666666666667,
2011-05-22,19.25,0.49,18.109999999999996,143,17.717666666666666,
2011-05-23,19.17,0.01,17.64142857142857,144,17.689,
2011-05-24,20.5,27.6,16.754285714285714,145,17.377,
2011-05-25,12.8,13.79,16.27,146,16.985,
2011-05-26,13.03,0.07,16.247142857142855,147,17.367,
2011-05-27,12.22,0.17,16.89428571428571,148,18.245,
2011-05-28,16.92,0.33,17.05142857142857,149,18.587,
2011-05-29,19.09,5.54,17.995714285714286,150,19.214,
2011-05-30,23.7,1.56,19.2,151,19.67366666666667,
2011-05-31,21.6,0.65,21.055714285714284,152,18.76966666666667,
2011-06-01,19.41,0.0,22.05285714285714,153,18.962666666666667,
2011-06-02,21.46,1.55,22.68,154,18.642999999999997,
2011-06-03,25.21,0.34,22.91428571428571,155,19.017333333333333,
2011-06-04,23.9,0.02,23.592857142857145,156,19.663999999999998,
2011-06-05,23.48,0.12,24.384285714285713,157,20.015,
2011-06-06,25.34,0.0,23.87285714285714,158,20.389666666666667,
2011-06-07,26.35,0.01,23.14142857142857,159,21.124666666666666,
2011-06-08,24.95,4.24,22.217142857142857,160,20.57633333333333,
2011-06-09,17.88,34.69,21.217142857142854,161,20.773333333333333,
2011-06-10,20.09,20.06,20.045714285714286,162,21.00133333333333,
2011-06-11,17.43,0.0,19.147142857142853,163,21.526666666666664,
2011-06-12,16.48,0.43,18.585714285714285,164,21.44333333333333,
2011-06-13,17.14,9.44,18.967142857142854,165,21.556333333333335,
2011-06-14,20.06,14.59,19.335714285714285,166,21.331666666666667,
2011-06-15,21.02,1.06,20.002857142857142,167,21.750999999999998,
2011-06-16,20.55,0.09,21.0,168,21.923000000000002,
2011-06-17,22.67,0.22,22.009999999999998,169,22.441666666666666,
2011-06-18,22.1,2.56,22.25,170,22.617,
2011-06-19,23.46,13.44,21.851428571428567,171,22.067666666666664,
2011-06-20,24.21,21.81,21.368571428571425,172,22.64333333333333,
2011-06-21,21.74,4.88,20.764285714285712,173,22.711666666666666,
2011-06-22,18.23,1.71,20.18857142857143,174,22.692333333333334,
2011-06-23,17.17,0.07,19.954285714285714,175,22.369333333333334,
2011-06-24,18.44,0.0,19.659999999999997,176,22.28666666666667,
2011-06-25,18.07,4.36,19.389999999999997,177,22.715333333333334,
2011-06-26,21.82,10.98,19.95,178,22.841,
2011-06-27,22.15,10.74,21.349999999999998,179,23.119333333333334,
2011-06-28,19.85,0.0,22.705714285714286,180,22.435333333333332,
2011-06-29,22.15,0.01,23.517142857142858,181,22.72233333333333,
2011-06-30,26.97,0.08,23.352857142857143,182,23.016000000000002,
2011-07-01,27.93,1.02,23.315714285714286,183,22.925666666666665,
2011-07-02,23.75,3.78,23.787142857142857,184,22.494666666666667,
2011-07-03,20.67,0.31,23.99285714285714,185,23.086000000000002,
2011-07-04,21.89,0.0,23.602857142857143,186,23.35,
2011-07-05,23.15,2.89,23.18142857142857,187,23.333666666666666,
2011-07-06,23.59,0.0,23.33857142857143,188,23.908,
2011-07-07,24.24,2.75,23.990000000000002,189,23.91033333333333,
2011-07-08,24.98,0.09,24.46,190,23.716333333333335,
2011-07-09,24.85,0.45,24.389999999999997,191,23.563666666666666,
2011-07-10,25.23,14.59,24.104285714285712,192,23.58566666666667,
2011-07-11,25.18,4.05,23.90857142857143,193,23.475666666666665,
2011-07-12,22.66,4.2,24.048571428571424,194,23.613999999999997,
2011-07-13,21.59,0.35,24.42285714285714,195,23.775,
2011-07-14,22.87,0.77,24.625714285714285,196,23.750333333333334,
2011-07-15,25.96,1.66,25.117142857142856,197,24.091,
2011-07-16,27.47,0.25,26.0,198,24.48933333333333,
2011-07-17,26.65,0.38,26.96,199,25.218666666666667,
2011-07-18,28.62,0.03,27.407142857142855,200,25.182000000000002,
2011-07-19,28.84,0.0,27.495714285714282,201,25.142666666666667,
2011-07-20,28.31,0.51,27.481428571428573,202,24.688333333333333,
2011-07-21,26.0,14.32,27.367142857142856,203,24.159,
2011-07-22,26.58,6.7,26.957142857142856,204,24.09733333333333,
2011-07-23,27.37,4.45,26.75142857142857,205,23.634999999999998,
2011-07-24,25.85,0.22,26.812857142857144,206,23.958333333333332,
2011-07-25,25.75,0.0,26.811428571428568,207,24.35666666666667,
2011-07-26,27.4,0.01,26.657142857142855,208,23.784333333333333,
2011-07-27,28.74,1.48,26.415714285714284,209,23.436333333333334,
2011-07-28,25.99,7.46,26.502857142857145,210,23.39466666666667,
2011-07-29,25.5,0.14,26.774285714285707,211,22.936333333333334,
2011-07-30,25.68,0.0,26.867142857142856,212,23.407333333333334,
2011-07-31,26.46,0.0,26.305714285714284,213,23.882,
2011-08-01,27.65,0.0,26.017142857142854,214,24.038,
2011-08-02,28.05,0.11,25.775714285714287,215,23.786,
2011-08-03,24.81,0.0,25.87,216,23.788333333333334,
2011-08-04,23.97,3.23,25.699999999999996,217,23.070333333333334,
2011-08-05,23.81,9.83,25.014285714285712,218,22.095000000000002,
2011-08-06,26.34,3.0,24.18285714285714,219,22.555999999999997,
2011-08-07,25.27,6.13,23.552857142857142,220,23.384999999999998,
2011-08-08,22.85,1.83,23.217142857142857,221,23.405666666666665,
2011-08-09,22.23,0.07,23.09714285714286,222,23.939,
2011-08-10,20.4,0.0,22.455714285714286,223,23.015666666666668,
2011-08-11,21.62,0.0,22.02,224,22.470000000000002,
2011-08-12,22.97,0.44,22.037142857142857,225,22.623333333333335,
2011-08-13,21.85,0.01,21.93,226,22.243999999999996,
2011-08-14,22.22,0.0,22.389999999999997,227,21.991,
2011-08-15,22.97,0.0,22.624285714285715,228,21.821,
2011-08-16,21.48,7.48,22.875714285714285,229,22.473666666666666,
2011-08-17,23.62,0.81,22.90285714285714,230,22.349666666666668,
2011-08-18,23.26,0.79,23.009999999999998,231,22.279,
2011-08-19,24.73,3.57,23.23428571428571,232,21.826,
2011-08-20,22.04,0.07,23.944285714285712,233,21.703333333333333,
2011-08-21,22.97,0.0,24.141428571428573,234,22.387999999999998,
2011-08-22,24.54,2.53,24.02,235,22.672666666666665,
2011-08-23,26.45,1.0,23.96142857142857,236,22.886000000000003,
2011-08-24,25.0,0.0,24.095714285714287,237,23.147333333333332,
2011-08-25,22.41,0.0,23.69142857142857,238,22.886333333333333,
2011-08-26,24.32,0.35,23.145714285714284,239,23.105999999999998,
2011-08-27,22.98,0.25,22.195714285714285,240,23.144333333333336,
2011-08-28,20.14,0.9,22.10571428571429,241,22.774333333333335,
2011-08-29,20.72,0.0,22.888571428571428,242,22.189,
2011-08-30,19.8,20.06,23.21857142857143,243,21.733333333333334,
2011-08-31,24.37,0.03,23.02285714285714,244,21.302666666666667,
2011-09-01,27.89,0.01,22.47142857142857,245,21.451,
2011-09-02,26.63,9.77,21.622857142857146,246,22.022333333333332,
2011-09-03,21.61,14.13,20.937142857142856,247,21.276666666666664,
2011-09-04,16.28,0.0,19.785714285714285,248,21.00433333333333,
2011-09-05,14.78,0.0,18.49857142857143,249,21.005666666666666,
2011-09-06,15.0,0.0,17.68142857142857,250,21.192666666666664,
2011-09-07,16.31,0.0,17.527142857142856,251,20.137,
2011-09-08,18.88,0.0,18.398571428571426,252,19.12933333333333,
2011-09-09,20.91,0.0,19.697142857142858,253,19.55933333333333,
2011-09-10,20.53,0.0,20.145714285714284,254,19.197,
2011-09-11,22.38,0.02,19.64142857142857,255,19.569333333333336,
2011-09-12,23.87,0.0,18.22,256,19.301,
2011-09-13,18.14,0.0,16.708571428571428,257,18.745333333333335,
2011-09-14,12.78,0.16,15.707142857142856,258,17.874333333333333,
2011-09-15,8.93,0.37,14.51142857142857,259,18.199666666666666,
2011-09-16,10.33,0.93,13.591428571428569,260,18.276999999999997,
2011-09-17,13.52,2.04,13.459999999999999,261,18.257,
2011-09-18,14.01,8.0,13.591428571428569,262,17.91466666666667,
2011-09-19,17.43,0.05,13.868571428571428,263,17.648333333333333,
2011-09-20,17.22,0.91,14.054285714285713,264,17.333666666666666,
2011-09-21,13.7,0.01,13.761428571428569,265,16.50766666666667,
2011-09-22,10.87,0.1,13.422857142857142,266,15.752999999999998,
2011-09-23,11.63,0.0,12.937142857142856,267,15.840666666666666,
2011-09-24,11.47,0.0,12.709999999999999,268,15.879666666666667,
2011-09-25,11.64,0.28,13.331428571428571,269,16.085666666666665,
2011-09-26,14.03,1.45,14.272857142857143,270,15.628000000000002,
2011-09-27,15.63,0.01,14.5,271,15.453666666666667,
2011-09-28,18.05,0.0,14.335714285714285,272,14.340333333333332,
2011-09-29,17.46,0.02,14.527142857142858,273,15.011,
2011-09-30,13.22,0.33,14.728571428571428,274,15.565,
2011-10-01,10.32,0.0,15.09142857142857,275,14.964666666666666,
2011-10-02,12.98,0.13,15.204285714285716,276,14.025,
2011-10-03,15.44,0.0,15.364285714285714,277,13.937999999999999,
2011-10-04,18.17,0.0,16.615714285714287,278,12.959333333333335,
2011-10-05,18.84,0.0,18.227142857142855,279,13.216666666666667,
2011-10-06,18.58,0.11,19.22714285714286,280,13.280666666666667,
2011-10-07,21.98,0.01,19.587142857142858,281,13.126,
2011-10-08,21.6,0.0,19.544285714285714,282,13.387,
2011-10-09,19.98,0.0,19.075714285714287,283,12.320333333333334,
2011-10-10,17.96,0.94,18.46142857142857,284,11.544666666666666,
2011-10-11,17.87,0.79,16.998571428571427,285,12.015333333333333,
2011-10-12,15.56,14.34,15.515714285714283,286,11.498666666666667,
2011-10-13,14.28,0.15,14.180000000000001,287,10.771666666666667,
2011-10-14,11.74,0.11,12.748571428571427,288,10.437000000000001,
2011-10-15,11.22,0.0,11.167142857142858,289,10.093333333333334,
2011-10-16,10.63,0.09,9.564285714285713,290,10.100999999999999,
2011-10-17,7.94,0.29,8.268571428571427,291,10.468,
2011-10-18,6.8,0.01,7.734285714285714,292,9.365,
2011-10-19,4.34,0.11,7.8357142857142845,293,9.306333333333333,
2011-10-20,5.21,0.0,8.36142857142857,294,9.620000000000001,
2011-10-21,8.0,0.0,9.175714285714283,295,9.548333333333334,
2011-10-22,11.93,0.01,10.344285714285714,296,9.428333333333335,
2011-10-23,14.31,0.06,10.895714285714286,297,9.361666666666668,
2011-10-24,13.64,0.0,11.205714285714285,298,8.323333333333332,
2011-10-25,14.98,0.0,10.938571428571427,299,8.220666666666666,
2011-10-26,8.2,0.0,10.198571428571427,300,7.387333333333333,
2011-10-27,7.38,0.11,9.287142857142856,301,6.560333333333333,
2011-10-28,6.13,0.0,8.151428571428571,302,7.194333333333334,
2011-10-29,6.75,0.0,7.577142857142856,303,7.574,
2011-10-30,7.93,0.28,7.164285714285714,304,6.771333333333333,
2011-10-31,5.69,0.0,6.73142857142857,305,5.3613333333333335,
2011-11-01,10.96,0.01,6.388571428571429,306,5.837000000000001,
2011-11-02,5.31,17.15,6.38,307,4.904,
2011-11-03,4.35,0.04,6.484285714285713,308,5.098666666666667,
2011-11-04,3.73,0.03,6.691428571428571,309,5.049,
2011-11-05,6.69,0.06,5.837142857142856,310,5.129666666666666,
2011-11-06,8.66,0.0,5.652857142857142,311,4.361666666666666,
2011-11-07,7.14,2.43,5.109999999999999,312,3.850333333333333,
2011-11-08,4.98,20.1,5.049999999999999,313,4.254666666666667,
2011-11-09,4.02,7.75,4.8028571428571425,314,4.613333333333333,
2011-11-10,0.55,0.0,4.6099999999999985,315,3.4196666666666666,
2011-11-11,3.31,0.0,4.697142857142857,316,1.9046666666666667,
2011-11-12,4.96,0.0,4.7557142857142845,317,1.7046666666666668,
2011-11-13,7.31,0.0,4.121428571428571,318,2.5083333333333333,
2011-11-14,7.75,0.0,3.924285714285713,319,2.8676666666666666,
2011-11-15,5.39,0.0,4.009999999999999,320,2.585,
2011-11-16,-0.42,0.01,3.7285714285714278,321,2.494,
2011-11-17,-0.83,0.0,2.358571428571427,322,2.942333333333333,
2011-11-18,3.91,0.0,1.3242857142857132,323,2.783666666666667,
2011-11-19,2.99,0.03,1.0214285714285705,324,2.183666666666667,
2011-11-20,-2.28,0.0,1.4757142857142846,325,1.4466666666666665,
2011-11-21,0.51,0.05,2.7999999999999994,326,1.0430000000000001,
2011-11-22,3.27,0.3,3.47142857142857,327,1.2656666666666667,
2011-11-23,2.76,0.01,3.8057142857142843,328,0.8053333333333333,
2011-11-24,8.44,0.01,4.042857142857142,329,0.4036666666666667,
2011-11-25,8.61,1.18,3.7514285714285704,330,0.2166666666666667,
2011-11-26,5.33,2.34,3.1242857142857132,331,-0.3006666666666667,
2011-11-27,-0.62,0.01,2.7657142857142847,332,-0.6473333333333334,
2011-11-28,-1.53,0.0,1.4199999999999988,333,0.04299999999999997,
2011-11-29,-1.12,0.0,-0.13428571428571529,334,-0.1753333333333333,
2011-11-30,0.25,0.0,-0.8014285714285724,335,-1.3270000000000002,
2011-12-01,-0.98,0.02,-1.3200000000000007,336,-1.3359999999999999,
2011-12-02,-2.27,0.75,-2.035714285714287,337,-0.9176666666666667,
2011-12-03,0.66,23.05,-3.211428571428572,338,-1.3096666666666665,
2011-12-04,-4.25,0.14,-4.311428571428572,339,-1.384,
2011-12-05,-6.54,0.11,-4.777142857142858,340,-2.7996666666666665,
2011-12-06,-9.35,0.03,-5.798571428571429,341,-3.5756666666666663,
2011-12-07,-7.45,0.0,-6.861428571428573,342,-3.7616666666666663,
2011-12-08,-4.24,0.45,-6.2542857142857144,343,-3.6540000000000004,
2011-12-09,-9.42,0.0,-5.030000000000001,344,-4.117666666666667,
2011-12-10,-6.78,0.18,-3.412857142857144,345,-3.7346666666666666,
2011-12-11,0.0,0.11,-1.8742857142857154,346,-3.7763333333333335,
2011-12-12,2.03,0.06,-1.530000000000001,347,-3.5260000000000002,
2011-12-13,1.97,5.94,-0.5628571428571439,348,-2.4756666666666667,
2011-12-14,3.32,8.95,0.20285714285714176,349,-3.1086666666666667,
2011-12-15,-1.83,0.02,0.35714285714285604,350,-3.9536666666666664,
2011-12-16,-2.65,0.0,0.08857142857142752,351,-4.115,
2011-12-17,-1.42,0.0,-0.36428571428571527,352,-4.723333333333333,
2011-12-18,1.08,0.01,-0.7985714285714296,353,-4.670333333333334,
2011-12-19,0.15,0.0,-0.9542857142857153,354,-5.029,
2011-12-20,-1.2,0.07,-1.1928571428571437,355,-4.147,
2011-12-21,0.28,0.14,-1.2200000000000009,356,-4.393,
2011-12-22,-2.92,0.12,-1.3657142857142868,357,-4.798,
2011-12-23,-4.32,0.0,-1.3757142857142868,358,-5.59,
2011-12-24,-1.61,0.0,-1.2357142857142869,359,-6.833333333333333,
2011-12-25,0.06,0.0,-1.2242857142857153,360,-5.871333333333333,
2011-12-26,0.08,0.02,-0.4485714285714297,361,-4.98,
2011-12-27,-0.22,0.0,0.4057142857142847,362,-4.514666666666667,
2011-12-28,0.36,0.07,1.0014285714285704,363,-4.012666666666666,
2011-12-29,2.51,5.53,0.8185714285714275,364,-5.275666666666667,
2011-12-30,1.66,1.62,-0.10857142857142968,365,-4.824666666666667,
2011-12-31,2.56,0.2,-0.6614285714285725,366,-6.896333333333333,
2012-01-01,-1.22,0.07,-0.692857142857144,1,-7.254666666666667,
2012-01-02,-6.41,0.0,-0.7371428571428579,2,-6.669333333333333,
2012-01-03,-4.09,0.05,-0.6514285714285722,3,-6.372,
2012-01-04,0.14,0.0,-0.9414285714285724,4,-7.632000000000001,
2012-01-05,2.2,0.0,-0.7328571428571439,5,-7.3629999999999995,
2012-01-06,2.26,0.0,0.35285714285714187,6,-7.612666666666667,
2012-01-07,0.53,0.0,1.2457142857142849,7,-7.635666666666666,
2012-01-08,0.24,0.0,1.067142857142856,8,-6.3966666666666665,
2012-01-09,1.19,0.0,-0.5942857142857153,9,-6.800666666666667,
2012-01-10,2.16,0.0,-2.2914285714285723,10,-6.191666666666666,
2012-01-11,-1.11,0.38,-3.0042857142857153,11,-5.321666666666667,
2012-01-12,-9.43,0.32,-3.011428571428572,12,-6.834333333333333,
2012-01-13,-9.62,0.05,-3.1285714285714294,13,-7.807,
2012-01-14,-4.46,0.12,-4.522857142857144,14,-7.033666666666666,
2012-01-15,0.19,0.0,-5.402857142857144,15,-8.241333333333333,
2012-01-16,0.37,0.0,-6.088571428571429,16,-7.281666666666666,
2012-01-17,-7.6,0.5,-6.548571428571429,17,-7.789,
2012-01-18,-7.27,0.0,-7.331428571428573,18,-8.385333333333334,
2012-01-19,-14.23,0.01,-7.734285714285714,19,-7.801,
2012-01-20,-12.84,2.61,-8.201428571428574,20,-7.862,
2012-01-21,-9.94,0.12,-7.860000000000001,21,-6.818,
2012-01-22,-2.63,2.2,-7.020000000000001,22,-5.656000000000001,
2012-01-23,-2.9,1.35,-4.910000000000001,23,-6.655666666666667,
2012-01-24,-5.21,0.01,-3.171428571428572,24,-7.19,
2012-01-25,-1.39,0.06,-1.9357142857142868,25,-6.602666666666667,
2012-01-26,0.54,0.05,-1.8985714285714297,26,-5.616333333333333,
2012-01-27,-0.67,0.24,-1.1142857142857154,27,-6.115666666666667,
2012-01-28,-1.29,0.0,0.17571428571428463,28,-5.8726666666666665,
2012-01-29,-2.37,0.0,0.8342857142857133,29,-7.1626666666666665,
2012-01-30,2.59,0.0,1.2728571428571418,30,-7.257000000000001,
2012-01-31,3.82,0.0,1.404285714285713,31,-5.312333333333333,
2012-02-01,3.22,0.09,1.5928571428571419,32,-5.570666666666667,
2012-02-02,3.61,0.01,1.6257142857142846,33,-5.598333333333333,
2012-02-03,0.25,0.36,1.1242857142857132,34,-5.522333333333333,
2012-02-04,0.03,3.96,0.40857142857142753,35,-6.5696666666666665,
2012-02-05,-2.14,0.0,-0.6614285714285725,36,-5.671666666666667,
2012-02-06,-0.92,0.0,-1.5857142857142867,37,-4.662999999999999,
2012-02-07,-1.19,0.13,-2.770000000000001,38,-5.294,
2012-02-08,-4.27,0.0,-4.467142857142858,39,-5.605333333333333,
2012-02-09,-2.86,0.17,-5.46857142857143,40,-5.402333333333333,
2012-02-10,-8.04,0.01,-5.782857142857144,41,-5.548666666666667,
2012-02-11,-11.85,0.0,-5.812857142857143,42,-5.828,
2012-02-12,-9.15,0.01,-5.074285714285715,43,-5.614,
2012-02-13,-3.12,2.37,-4.63857142857143,44,-4.276333333333333,
2012-02-14,-1.4,0.05,-3.395714285714287,45,-4.116666666666666,
2012-02-15,0.9,0.06,-1.9100000000000013,46,-5.044,
2012-02-16,0.19,0.08,-0.7000000000000011,47,-4.468,
2012-02-17,0.66,0.15,-0.150000000000001,48,-2.9069999999999996,
2012-02-18,-1.45,0.0,0.3314285714285704,49,-2.4276666666666666,
2012-02-19,-0.68,0.0,0.6099999999999989,50,-2.2693333333333334,
2012-02-20,0.73,6.34,0.7857142857142847,51,-1.5713333333333332,
2012-02-21,1.97,0.43,0.4685714285714275,52,-2.385,
2012-02-22,2.85,0.01,-0.03285714285714393,53,-1.8993333333333333,
2012-02-23,1.42,8.69,0.2971428571428561,54,-2.289,
2012-02-24,-1.56,1.12,-0.11428571428571534,55,-2.667333333333333,
2012-02-25,-4.96,0.01,-0.09142857142857252,56,-3.2760000000000002,
2012-02-26,1.63,0.05,-0.2828571428571439,57,-3.2516666666666665,
2012-02-27,-2.15,0.01,-0.4771428571428582,58,-3.3603333333333336,
2012-02-28,2.13,10.01,-0.16142857142857245,59,-2.131666666666667,
2012-02-29,1.51,2.71,0.27285714285714185,60,1.94125,
2012-03-01,0.06,0.02,-0.42857142857142955,61,-1.5816666666666666,
2012-03-02,0.65,0.17,-0.11571428571428667,62,-3.1626666666666665,
2012-03-03,-1.92,0.0,1.097142857142856,63,-2.8819999999999997,
2012-03-04,-3.28,1.4,2.175714285714285,64,-1.1363333333333332,
2012-03-05,0.04,0.0,2.367142857142856,65,-0.13566666666666655,
2012-03-06,10.62,0.06,2.4071428571428557,66,0.4623333333333332,
2012-03-07,9.06,0.38,3.8328571428571423,67,0.44066666666666665,
2012-03-08,1.4,0.0,5.434285714285713,68,0.748,
2012-03-09,0.93,0.01,6.815714285714285,69,-0.33833333333333326,
2012-03-10,8.06,0.0,7.022857142857142,70,0.44,
2012-03-11,7.93,7.65,8.05285714285714,71,0.871,
2012-03-12,9.71,0.5,10.04142857142857,72,1.326,
2012-03-13,12.07,0.0,12.594285714285714,73,2.741,
2012-03-14,16.27,0.0,14.174285714285713,74,2.949333333333333,
2012-03-15,15.32,0.0,15.928571428571429,75,2.875,
2012-03-16,18.8,0.0,17.218571428571426,76,3.725333333333333,
2012-03-17,19.12,0.0,17.74,77,3.746,
2012-03-18,20.21,0.1,17.830000000000002,78,3.3153333333333337,
2012-03-19,18.74,10.22,17.752857142857142,79,3.641,
2012-03-20,15.72,7.41,17.054285714285715,80,3.9993333333333334,
2012-03-21,16.9,1.1,16.625714285714285,81,3.7106666666666666,
2012-03-22,14.78,5.31,15.95,82,4.115666666666667,
2012-03-23,13.91,0.08,14.921428571428573,83,4.760000000000001,
2012-03-24,16.12,0.01,15.208571428571426,84,4.697,
2012-03-25,15.48,0.0,14.768571428571429,85,4.338333333333334,
2012-03-26,11.54,0.06,14.182857142857143,86,5.436999999999999,
2012-03-27,17.73,0.1,14.10142857142857,87,5.832666666666666,
2012-03-28,13.82,0.06,13.897142857142855,88,5.482,
2012-03-29,10.68,10.7,14.47142857142857,89,6.0793333333333335,
2012-03-30,13.34,0.67,15.83,90,7.23,
2012-03-31,14.69,0.01,15.477142857142855,91,6.647,
2012-04-01,19.5,0.0,15.33285714285714,92,6.444999999999999,
2012-04-02,21.05,0.0,15.354285714285712,93,7.316,
2012-04-03,15.26,0.0,14.747142857142856,94,6.646333333333333,
2012-04-04,12.81,0.01,14.067142857142857,95,5.5616666666666665,
2012-04-05,10.83,0.0,12.87,96,7.396,
2012-04-06,9.09,0.0,11.157142857142857,97,7.986666666666666,
2012-04-07,9.93,0.99,9.809999999999999,98,7.6353333333333335,
2012-04-08,11.12,0.0,8.607142857142856,99,7.1129999999999995,
2012-04-09,9.06,0.01,8.247142857142856,100,7.235333333333333,
2012-04-10,5.83,0.0,8.847142857142856,101,8.195333333333334,
2012-04-11,4.39,0.0,9.7,102,8.320666666666666,
2012-04-12,8.31,3.97,10.864285714285712,103,7.707,
2012-04-13,13.29,10.49,10.904285714285711,104,8.866999999999999,
2012-04-14,15.9,32.47,11.715714285714284,105,10.045666666666667,
2012-04-15,19.27,14.99,13.347142857142856,106,10.124,
2012-04-16,9.34,0.14,13.81857142857143,107,9.499666666666666,
2012-04-17,11.51,1.28,13.064285714285713,108,10.244666666666665,
2012-04-18,15.81,2.6,12.097142857142856,109,11.613333333333333,
2012-04-19,11.61,13.95,10.557142857142855,110,10.836666666666668,
2012-04-20,8.01,0.02,10.738571428571428,111,9.832666666666666,
2012-04-21,9.13,2.04,11.40142857142857,112,10.340333333333332,
2012-04-22,8.49,0.54,11.914285714285711,113,10.793333333333333,
2012-04-23,10.61,0.0,12.334285714285713,114,11.044,
2012-04-24,16.15,0.11,12.59,115,12.153666666666668,
2012-04-25,19.4,0.01,12.638571428571426,116,11.603666666666667,
2012-04-26,14.55,0.01,12.744285714285713,117,11.013333333333332,
2012-04-27,9.8,3.56,13.127142857142855,118,10.667666666666666,
2012-04-28,9.47,8.36,13.389999999999999,119,11.247333333333334,
2012-04-29,9.23,7.13,13.827142857142857,120,11.810666666666666,
2012-04-30,13.29,0.12,15.05285714285714,121,12.266666666666667,
2012-05-01,17.99,12.34,16.89428571428571,122,12.117666666666667,
2012-05-02,22.46,8.89,18.657142857142855,123,12.065333333333335,
2012-05-03,23.13,1.4,20.165714285714284,124,12.464333333333334,
2012-05-04,22.69,1.28,20.585714285714285,125,13.715666666666667,
2012-05-05,21.81,2.06,19.842857142857138,126,14.700666666666667,
2012-05-06,19.79,13.95,18.514285714285712,127,15.049333333333333,
2012-05-07,16.23,1.26,17.52285714285714,128,15.288,
2012-05-08,12.79,0.05,16.81714285714286,129,15.648,
2012-05-09,13.16,0.0,15.725714285714284,130,15.424000000000001,
2012-05-10,16.19,0.0,15.177142857142856,131,15.732666666666667,
2012-05-11,17.75,0.02,15.45,132,14.824666666666667,
2012-05-12,14.17,0.0,16.384285714285713,133,13.698666666666666,
2012-05-13,15.95,0.0,16.90142857142857,134,13.713333333333335,
2012-05-14,18.14,0.01,17.291428571428572,135,14.930666666666667,
2012-05-15,19.33,0.0,17.83142857142857,136,15.792666666666666,
2012-05-16,16.78,0.0,18.96142857142857,137,16.949,
2012-05-17,18.92,0.01,19.264285714285712,138,16.96,
2012-05-18,21.53,0.05,19.16,139,16.109666666666666,
2012-05-19,22.08,0.35,19.23142857142857,140,16.488666666666667,
2012-05-20,18.07,0.02,20.07428571428571,141,16.082666666666668,
2012-05-21,17.41,0.0,20.34,142,16.447666666666667,
2012-05-22,19.83,0.0,19.872857142857146,143,17.717666666666666,
2012-05-23,22.68,0.24,20.034285714285712,144,17.689,
2012-05-24,20.78,3.67,21.198571428571427,145,17.377,
2012-05-25,18.26,5.98,21.945714285714285,146,16.985,
2012-05-26,23.21,0.31,21.68857142857143,147,17.367,
2012-05-27,26.22,1.92,20.63,148,18.245,
2012-05-28,22.64,0.08,19.43285714285714,149,18.587,
2012-05-29,18.03,0.0,18.91142857142857,150,19.214,
2012-05-30,15.27,4.89,18.208571428571428,151,19.67366666666667,
2012-05-31,12.4,10.09,17.554285714285715,152,18.76966666666667,
2012-06-01,14.61,0.05,17.575714285714287,153,18.962666666666667,
2012-06-02,18.29,0.33,18.33857142857143,154,18.642999999999997,
2012-06-03,21.64,0.2,19.16,155,19.017333333333333,
2012-06-04,22.79,0.01,20.524285714285714,156,19.663999999999998,
2012-06-05,23.37,0.8,21.921428571428574,157,20.015,
2012-06-06,21.02,0.85,22.901428571428568,158,20.389666666666667,
2012-06-07,21.95,0.26,23.634285714285713,159,21.124666666666666,
2012-06-08,24.39,0.0,23.558571428571423,160,20.57633333333333,
2012-06-09,25.15,0.0,22.867142857142856,161,20.773333333333333,
2012-06-10,26.77,5.42,22.795714285714286,162,21.00133333333333,
2012-06-11,22.26,1.89,23.264285714285712,163,21.526666666666664,
2012-06-12,18.53,0.0,22.92142857142857,164,21.44333333333333,
2012-06-13,20.52,0.08,22.64285714285714,165,21.556333333333335,
2012-06-14,25.23,0.28,22.148571428571426,166,21.331666666666667,
2012-06-15,21.99,19.0,23.10571428571428,167,21.750999999999998,
2012-06-16,23.2,3.39,24.532857142857143,168,21.923000000000002,
2012-06-17,23.31,0.0,25.34714285714286,169,22.441666666666666,
2012-06-18,28.96,0.01,24.807142857142853,170,22.617,
2012-06-19,28.52,0.01,25.021428571428572,171,22.067666666666664,
2012-06-20,26.22,23.52,24.651428571428568,172,22.64333333333333,
2012-06-21,21.45,1.06,25.074285714285715,173,22.711666666666666,
2012-06-22,23.49,0.13,24.382857142857144,174,22.692333333333334,
2012-06-23,20.61,3.2,23.607142857142858,175,22.369333333333334,
2012-06-24,26.27,0.18,24.02857142857143,176,22.28666666666667,
2012-06-25,24.12,0.0,25.202857142857145,177,22.715333333333334,
2012-06-26,23.09,0.01,25.788571428571426,178,22.841,
2012-06-27,29.17,0.01,26.93285714285714,179,23.119333333333334,
2012-06-28,29.67,0.46,27.41857142857143,180,22.435333333333332,
2012-06-29,27.59,4.82,28.32428571428571,181,22.72233333333333,
2012-06-30,28.62,0.3,29.471428571428568,182,23.016000000000002,
2012-07-01,29.67,0.04,29.830000000000002,183,22.925666666666665,
2012-07-02,30.46,0.0,30.155714285714282,184,22.494666666666667,
2012-07-03,31.12,0.0,30.811428571428568,185,23.086000000000002,
2012-07-04,31.68,2.24,31.174285714285713,186,23.35,
2012-07-05,31.95,0.62,30.9,187,23.333666666666666,
2012-07-06,32.18,0.66,30.387142857142855,188,23.908,
2012-07-07,31.16,0.03,29.628571428571426,189,23.91033333333333,
2012-07-08,27.75,0.0,28.824285714285715,190,23.716333333333335,
2012-07-09,26.87,1.52,28.245714285714282,191,23.563666666666666,
2012-07-10,25.81,0.0,27.374285714285712,192,23.58566666666667,
2012-07-11,26.05,0.0,26.90714285714285,193,23.475666666666665,
2012-07-12,27.9,0.92,27.228571428571424,194,23.613999999999997,
2012-07-13,26.08,4.07,27.784285714285712,195,23.775,
2012-07-14,27.89,1.49,28.63714285714286,196,23.750333333333334,
2012-07-15,30.0,0.09,29.534285714285716,197,24.091,
2012-07-16,30.76,0.01,29.717142857142854,198,24.48933333333333,
2012-07-17,31.78,0.05,29.87714285714286,199,25.218666666666667,
2012-07-18,32.33,0.13,29.888571428571428,200,25.182000000000002,
2012-07-19,29.18,0.0,30.087142857142855,201,25.142666666666667,
2012-07-20,27.2,0.0,30.49857142857143,202,24.688333333333333,
2012-07-21,27.97,0.1,30.740000000000002,203,24.159,
2012-07-22,31.39,0.27,30.842857142857145,204,24.09733333333333,
2012-07-23,33.64,0.01,30.78,205,23.634999999999998,
2012-07-24,33.47,0.0,30.51285714285714,206,23.958333333333332,
2012-07-25,33.05,9.21,30.118571428571425,207,24.35666666666667,
2012-07-26,28.74,0.31,29.455714285714286,208,23.784333333333333,
2012-07-27,25.33,0.0,28.81857142857143,209,23.436333333333334,
2012-07-28,25.21,1.15,28.065714285714282,210,23.39466666666667,
2012-07-29,26.75,11.61,27.584285714285716,211,22.936333333333334,
2012-07-30,29.18,0.0,27.627142857142854,212,23.407333333333334,
2012-07-31,28.2,0.0,28.271428571428572,213,23.882,
2012-08-01,29.68,0.01,28.11285714285714,214,24.038,
2012-08-02,29.04,0.04,27.512857142857143,215,23.786,
2012-08-03,29.84,0.09,26.93857142857143,216,23.788333333333334,
2012-08-04,24.1,15.63,26.99857142857143,217,23.070333333333334,
2012-08-05,22.55,0.0,26.41142857142857,218,22.095000000000002,
2012-08-06,25.16,0.0,25.654285714285717,219,22.555999999999997,
2012-08-07,28.62,0.27,24.344285714285714,220,23.384999999999998,
2012-08-08,25.57,8.91,23.895714285714288,221,23.405666666666665,
2012-08-09,23.74,0.04,23.5,222,23.939,
2012-08-10,20.67,0.0,22.97,223,23.015666666666668,
2012-08-11,20.96,0.14,22.215714285714284,224,22.470000000000002,
2012-08-12,19.78,4.76,21.99285714285714,225,22.623333333333335,
2012-08-13,21.45,0.15,21.52,226,22.243999999999996,
2012-08-14,23.34,0.0,21.23857142857143,227,21.991,
2012-08-15,24.01,6.98,20.714285714285715,228,21.821,
2012-08-16,20.43,0.87,20.608571428571427,229,22.473666666666666,
2012-08-17,18.7,0.0,20.59714285714286,230,22.349666666666668,
2012-08-18,17.29,0.54,20.345714285714287,231,22.279,
2012-08-19,19.04,0.31,20.437142857142856,232,21.826,
2012-08-20,21.37,0.01,21.39142857142857,233,21.703333333333333,
2012-08-21,21.58,0.0,22.59,234,22.387999999999998,
2012-08-22,24.65,0.0,23.19857142857143,235,22.672666666666665,
2012-08-23,27.11,0.03,23.96142857142857,236,22.886000000000003,
2012-08-24,27.09,0.17,24.65142857142857,237,23.147333333333332,
2012-08-25,21.55,11.64,25.405714285714286,238,22.886333333333333,
2012-08-26,24.38,4.06,25.857142857142858,239,23.105999999999998,
2012-08-27,26.2,0.01,25.962857142857143,240,23.144333333333336,
2012-08-28,26.86,0.01,26.071428571428573,241,22.774333333333335,
2012-08-29,27.81,0.0,26.647142857142857,242,22.189,
2012-08-30,27.85,0.0,26.86428571428571,243,21.733333333333334,
2012-08-31,27.85,0.0,26.872857142857146,244,21.302666666666667,
2012-09-01,25.58,0.01,27.071428571428573,245,21.451,
2012-09-02,25.9,0.0,26.597142857142853,246,22.022333333333332,
2012-09-03,26.26,1.68,25.804285714285715,247,21.276666666666664,
2012-09-04,28.25,4.89,24.419999999999998,248,21.00433333333333,
2012-09-05,24.49,1.86,23.375714285714285,249,21.005666666666666,
2012-09-06,22.3,0.05,22.177142857142858,250,21.192666666666664,
2012-09-07,18.16,13.0,21.25857142857143,251,20.137,
2012-09-08,18.27,0.0,20.587142857142855,252,19.12933333333333,
2012-09-09,17.51,0.0,19.919999999999998,253,19.55933333333333,
2012-09-10,19.83,0.0,18.747142857142855,254,19.197,
2012-09-11,23.55,0.0,18.642857142857142,255,19.569333333333336,
2012-09-12,19.82,5.17,18.638571428571428,256,19.301,
2012-09-13,14.09,12.92,18.792857142857144,257,18.745333333333335,
2012-09-14,17.43,0.0,18.05142857142857,258,17.874333333333333,
2012-09-15,18.24,0.03,16.415714285714287,259,18.199666666666666,
2012-09-16,18.59,0.08,16.038571428571426,260,18.276999999999997,
2012-09-17,14.64,2.78,16.15285714285714,261,18.257,
2012-09-18,12.1,0.0,15.94,262,17.91466666666667,
2012-09-19,17.18,0.02,14.797142857142859,263,17.648333333333333,
2012-09-20,14.89,0.01,13.59,264,17.333666666666666,
2012-09-21,15.94,0.01,13.558571428571428,265,16.50766666666667,
2012-09-22,10.24,0.0,14.534285714285714,266,15.752999999999998,
2012-09-23,10.14,0.0,14.312857142857142,267,15.840666666666666,
2012-09-24,14.42,0.0,14.235714285714286,268,15.879666666666667,
2012-09-25,18.93,0.0,14.218571428571428,269,16.085666666666665,
2012-09-26,15.63,0.0,15.324285714285713,270,15.628000000000002,
2012-09-27,14.35,0.0,16.38,271,15.453666666666667,
2012-09-28,15.82,0.0,16.724285714285717,272,14.340333333333332,
2012-09-29,17.98,0.0,16.419999999999998,273,15.011,
2012-09-30,17.53,0.0,16.76571428571429,274,15.565,
2012-10-01,16.83,0.0,16.259999999999998,275,14.964666666666666,
2012-10-02,16.8,0.01,14.755714285714287,276,14.025,
2012-10-03,18.05,0.0,12.645714285714286,277,13.937999999999999,
2012-10-04,10.81,0.44,10.831428571428571,278,12.959333333333335,
2012-10-05,5.29,0.01,9.932857142857143,279,13.216666666666667,
2012-10-06,3.21,0.0,8.625714285714286,280,13.280666666666667,
2012-10-07,4.83,0.0,7.017142857142857,281,13.126,
2012-10-08,10.54,0.0,6.701428571428571,282,13.387,
2012-10-09,7.65,1.22,7.1,283,12.320333333333334,
2012-10-10,6.79,0.0,8.852857142857143,284,11.544666666666666,
2012-10-11,8.6,0.07,9.955714285714285,285,12.015333333333333,
2012-10-12,8.08,0.15,10.075714285714286,286,11.498666666666667,
2012-10-13,15.48,18.58,11.171428571428573,287,10.771666666666667,
2012-10-14,12.55,17.72,12.057142857142855,288,10.437000000000001,
2012-10-15,11.38,0.0,11.885714285714286,289,10.093333333333334,
2012-10-16,15.32,0.0,11.717142857142859,290,10.100999999999999,
2012-10-17,12.99,1.22,10.797142857142857,291,10.468,
2012-10-18,7.4,8.59,11.102857142857143,292,9.365,
2012-10-19,6.9,0.72,12.242857142857144,293,9.306333333333333,
2012-10-20,9.04,0.0,12.742857142857144,294,9.620000000000001,
2012-10-21,14.69,1.72,13.602857142857143,295,9.548333333333334,
2012-10-22,19.36,4.17,13.374285714285715,296,9.428333333333335,
2012-10-23,18.82,0.09,12.671428571428569,297,9.361666666666668,
2012-10-24,19.01,5.0,11.5,298,8.323333333333332,
2012-10-25,5.8,8.6,9.780000000000001,299,8.220666666666666,
2012-10-26,1.98,0.04,7.507142857142858,300,7.387333333333333,
2012-10-27,0.84,0.06,5.37,301,6.560333333333333,
2012-10-28,2.65,0.01,3.1957142857142857,302,7.194333333333334,
2012-10-29,3.45,0.13,3.2928571428571423,303,7.574,
2012-10-30,3.86,0.02,3.36,304,6.771333333333333,
2012-10-31,3.79,0.0,3.8771428571428572,305,5.3613333333333335,
2012-11-01,6.48,0.0,4.377142857142857,306,5.837000000000001,
2012-11-02,2.45,0.0,4.575714285714286,307,4.904,
2012-11-03,4.46,0.0,4.7942857142857145,308,5.098666666666667,
2012-11-04,6.15,2.9,4.867142857142857,309,5.049,
2012-11-05,4.84,2.26,4.8742857142857146,310,5.129666666666666,
2012-11-06,5.39,1.17,5.698571428571428,311,4.361666666666666,
2012-11-07,4.3,0.06,7.568571428571429,312,3.850333333333333,
2012-11-08,6.53,0.0,6.935714285714286,313,4.254666666666667,
2012-11-09,8.22,0.0,5.627142857142858,314,4.613333333333333,
2012-11-10,17.55,1.2,4.911428571428572,315,3.4196666666666666,
2012-11-11,1.72,12.75,5.027142857142857,316,1.9046666666666667,
2012-11-12,-4.32,0.08,4.974285714285714,317,1.7046666666666668,
2012-11-13,0.38,0.01,4.1571428571428575,318,2.5083333333333333,
2012-11-14,5.11,0.0,2.448571428571429,319,2.8676666666666666,
2012-11-15,6.16,0.0,3.2928571428571423,320,2.585,
2012-11-16,2.5,0.0,5.2700000000000005,321,2.494,
2012-11-17,5.59,0.02,6.277142857142857,322,2.942333333333333,
2012-11-18,7.63,0.14,7.077142857142857,323,2.783666666666667,
2012-11-19,9.52,0.64,7.604285714285715,324,2.183666666666667,
2012-11-20,7.43,0.01,6.807142857142857,325,1.4466666666666665,
2012-11-21,10.71,0.0,5.558571428571428,326,1.0430000000000001,
2012-11-22,9.85,0.2,4.470000000000001,327,1.2656666666666667,
2012-11-23,-3.08,0.0,2.592857142857143,328,0.8053333333333333,
2012-11-24,-3.15,0.0,1.1757142857142857,329,0.4036666666666667,
2012-11-25,0.01,0.0,-0.4085714285714287,330,0.2166666666666667,
2012-11-26,-3.62,0.0,-1.5542857142857145,331,-0.3006666666666667,
2012-11-27,-2.49,0.01,-0.6985714285714286,332,-0.6473333333333334,
2012-11-28,-0.38,0.0,0.5099999999999999,333,0.04299999999999997,
2012-11-29,1.83,0.0,1.3757142857142857,334,-0.1753333333333333,
2012-11-30,2.91,0.0,3.3285714285714287,335,-1.3270000000000002,
2012-12-01,5.31,0.06,4.277142857142857,336,-1.3359999999999999,
2012-12-02,6.07,0.01,4.438571428571429,337,-0.9176666666666667,
2012-12-03,10.05,0.02,4.892857142857143,338,-1.3096666666666665,
2012-12-04,4.15,0.0,4.607142857142857,339,-1.384,
2012-12-05,0.75,0.08,3.724285714285714,340,-2.7996666666666665,
2012-12-06,5.01,0.27,2.732857142857143,341,-3.5756666666666663,
2012-12-07,0.91,0.07,0.47000000000000003,342,-3.7616666666666663,
2012-12-08,-0.87,0.93,-0.42142857142857143,343,-3.6540000000000004,
2012-12-09,-0.87,2.02,-0.45285714285714285,344,-4.117666666666667,
2012-12-10,-5.79,0.12,-0.8614285714285714,345,-3.7346666666666666,
2012-12-11,-2.09,0.0,-0.6185714285714285,346,-3.7763333333333335,
2012-12-12,0.53,0.0,0.05999999999999993,347,-3.5260000000000002,
2012-12-13,2.15,0.0,-0.035714285714285775,348,-2.4756666666666667,
2012-12-14,2.61,0.55,0.42714285714285705,349,-3.1086666666666667,
2012-12-15,3.88,10.1,0.5771428571428572,350,-3.9536666666666664,
2012-12-16,-1.54,0.05,0.42,351,-4.115,
2012-12-17,-2.55,0.0,-0.6128571428571428,352,-4.723333333333333,
2012-12-18,-1.04,0.01,-2.3457142857142856,353,-4.670333333333334,
2012-12-19,-0.57,11.64,-4.001428571428571,354,-5.029,
2012-12-20,-5.08,6.46,-4.974285714285713,355,-4.147,
2012-12-21,-9.52,0.0,-5.824285714285714,356,-4.393,
2012-12-22,-7.71,0.46,-7.515714285714286,357,-4.798,
2012-12-23,-8.35,0.0,-8.918571428571429,358,-5.59,
2012-12-24,-8.5,0.0,-9.352857142857143,359,-6.833333333333333,
2012-12-25,-12.88,0.0,-8.94142857142857,360,-5.871333333333333,
2012-12-26,-10.39,0.0,-9.200000000000001,361,-4.98,
2012-12-27,-8.12,0.91,-8.632857142857144,362,-4.514666666666667,
2012-12-28,-6.64,0.73,-8.574285714285715,363,-4.012666666666666,
2012-12-29,-9.52,0.04,-8.794285714285715,364,-5.275666666666667,
2012-12-30,-4.38,0.01,-8.518571428571429,365,-4.824666666666667,
2012-12-31,-8.09,0.01,-8.745714285714287,366,-6.896333333333333,
2013-01-01,-14.42,0.0,-8.872857142857145,1,-7.254666666666667,
2013-01-02,-8.46,0.0,-8.245714285714286,2,-6.669333333333333,
2013-01-03,-9.71,0.0,-8.708571428571428,3,-6.372,
2013-01-04,-7.53,0.0,-8.012857142857143,4,-7.632000000000001,
2013-01-05,-5.13,0.02,-6.18,5,-7.3629999999999995,
2013-01-06,-7.62,0.0,-5.002857142857144,6,-7.612666666666667,
2013-01-07,-3.22,0.0,-3.5928571428571425,7,-7.635666666666666,
2013-01-08,-1.59,0.07,-2.0342857142857147,8,-6.3966666666666665,
2013-01-09,-0.22,0.0,-2.032857142857143,9,-6.800666666666667,
2013-01-10,0.16,1.48,-2.5485714285714285,10,-6.191666666666666,
2013-01-11,3.38,0.48,-3.5142857142857147,11,-5.321666666666667,
2013-01-12,-5.12,0.04,-4.251428571428571,12,-6.834333333333333,
2013-01-13,-11.23,0.0,-4.525714285714286,13,-7.807,
2013-01-14,-9.98,0.0,-5.127142857142857,14,-7.033666666666666,
2013-01-15,-6.75,0.0,-5.515714285714286,15,-8.241333333333333,
2013-01-16,-2.14,0.0,-4.682857142857143,16,-7.281666666666666,
2013-01-17,-4.05,0.0,-4.565714285714286,17,-7.789,
2013-01-18,0.66,0.0,-5.315714285714286,18,-8.385333333333334,
2013-01-19,0.71,0.0,-6.161428571428571,19,-7.801,
2013-01-20,-10.41,0.49,-7.238571428571428,20,-7.862,
2013-01-21,-15.23,0.0,-8.418571428571429,21,-6.818,
2013-01-22,-12.67,0.0,-9.355714285714285,22,-5.656000000000001,
2013-01-23,-9.68,0.04,-10.440000000000001,23,-6.655666666666667,
2013-01-24,-12.31,0.01,-9.017142857142856,24,-7.19,
2013-01-25,-5.9,0.0,-6.395714285714285,25,-6.602666666666667,
2013-01-26,-6.88,0.01,-4.35,26,-5.616333333333333,
2013-01-27,-0.45,4.86,-3.7385714285714284,27,-6.115666666666667,
2013-01-28,3.12,2.57,-4.018571428571429,28,-5.8726666666666665,
2013-01-29,1.65,2.83,-5.154285714285714,29,-7.1626666666666665,
2013-01-30,-5.4,3.08,-5.188571428571429,30,-7.257000000000001,
2013-01-31,-14.27,0.0,-5.807142857142858,31,-5.312333333333333,
2013-02-01,-13.85,0.0,-7.062857142857142,32,-5.570666666666667,
2013-02-02,-7.12,1.96,-7.642857142857143,33,-5.598333333333333,
2013-02-03,-4.78,0.0,-7.002857142857144,34,-5.522333333333333,
2013-02-04,-5.67,0.0,-4.9557142857142855,35,-6.5696666666666665,
2013-02-05,-2.41,0.0,-3.4414285714285713,36,-5.671666666666667,
2013-02-06,-0.92,0.1,-2.594285714285714,37,-4.662999999999999,
2013-02-07,0.06,2.98,-1.6928571428571426,38,-5.294,
2013-02-08,-3.25,0.0,-1.1299999999999997,39,-5.605333333333333,
2013-02-09,-1.19,0.55,-0.9328571428571425,40,-5.402333333333333,
2013-02-10,1.53,5.07,-0.6299999999999998,41,-5.548666666666667,
2013-02-11,-1.73,0.02,-0.5999999999999996,42,-5.828,
2013-02-12,-1.03,0.0,-0.9885714285714283,43,-5.614,
2013-02-13,1.2,0.0,-1.7671428571428567,44,-4.276333333333333,
2013-02-14,0.27,0.05,-2.3171428571428563,45,-4.116666666666666,
2013-02-15,-5.97,0.0,-2.2742857142857136,46,-5.044,
2013-02-16,-6.64,0.0,-3.632857142857142,47,-4.468,
2013-02-17,-2.32,0.0,-5.284285714285714,48,-2.9069999999999996,
2013-02-18,-1.43,0.15,-6.22,49,-2.4276666666666666,
2013-02-19,-10.54,0.0,-6.127142857142856,50,-2.2693333333333334,
2013-02-20,-10.36,0.0,-5.864285714285714,51,-1.5713333333333332,
2013-02-21,-6.28,9.11,-5.8028571428571425,52,-2.385,
2013-02-22,-5.32,1.12,-5.527142857142857,53,-1.8993333333333333,
2013-02-23,-4.8,0.04,-4.1414285714285715,54,-2.289,
2013-02-24,-1.89,0.04,-2.7699999999999996,55,-2.667333333333333,
2013-02-25,0.5,0.02,-2.0214285714285714,56,-3.2760000000000002,
2013-02-26,-0.84,6.11,-1.7157142857142855,57,-3.2516666666666665,
2013-02-27,-0.76,2.32,-1.6857142857142853,58,-3.3603333333333336,
2013-02-28,-1.04,0.14,-1.781428571428571,59,-2.131666666666667,
2013-03-01,-3.18,0.04,-1.8642857142857139,61,-1.5816666666666666,
2013-03-02,-4.59,0.01,-1.9514285714285713,62,-3.1626666666666665,
2013-03-03,-2.56,0.67,-2.2199999999999998,63,-2.8819999999999997,
2013-03-04,-0.08,1.77,-2.44,64,-1.1363333333333332,
2013-03-05,-1.45,0.88,-1.6999999999999997,65,-0.13566666666666655,
2013-03-06,-2.64,0.03,-0.5699999999999998,66,0.4623333333333332,
2013-03-07,-2.58,0.01,1.5860328923216522e-16,67,0.44066666666666665,
2013-03-08,2.0,3.86,-0.3128571428571427,68,0.748,
2013-03-09,3.32,14.76,-0.527142857142857,69,-0.33833333333333326,
2013-03-10,1.43,10.5,-0.537142857142857,70,0.44,
2013-03-11,-2.27,3.42,0.17428571428571438,71,0.871,
2013-03-12,-2.95,0.14,0.4971428571428572,72,1.326,
2013-03-13,-2.71,0.0,-0.017142857142857064,73,2.741,
2013-03-14,2.4,0.03,-0.3557142857142856,74,2.949333333333333,
2013-03-15,4.26,0.01,-0.28857142857142853,75,2.875,
2013-03-16,-0.28,0.0,-0.39571428571428563,76,3.725333333333333,
2013-03-17,-0.94,0.01,-0.9,77,3.746,
2013-03-18,-1.8,2.25,-2.0428571428571427,78,3.3153333333333337,
2013-03-19,-3.7,0.0,-3.0585714285714287,79,3.641,
2013-03-20,-6.24,0.02,-3.127142857142857,80,3.9993333333333334,
2013-03-21,-5.6,0.0,-3.1157142857142857,81,3.7106666666666666,
2013-03-22,-2.85,0.0,-2.9842857142857144,82,4.115666666666667,
2013-03-23,-0.76,0.3,-2.6557142857142857,83,4.760000000000001,
2013-03-24,-0.86,2.73,-1.6128571428571425,84,4.697,
2013-03-25,-0.88,0.24,-0.23142857142857107,85,4.338333333333334,
2013-03-26,-1.4,0.04,1.1614285714285717,86,5.436999999999999,
2013-03-27,1.06,0.02,2.3142857142857145,87,5.832666666666666,
2013-03-28,4.07,0.0,2.9785714285714286,88,5.482,
2013-03-29,6.9,0.0,2.8585714285714294,89,6.0793333333333335,
2013-03-30,7.31,1.79,3.1071428571428577,90,7.23,
2013-03-31,3.79,0.03,3.265714285714286,91,6.647,
2013-04-01,-1.72,0.0,3.5928571428571425,92,6.444999999999999,
2013-04-02,0.34,0.0,3.4728571428571433,93,7.316,
2013-04-03,2.17,0.0,4.014285714285714,94,6.646333333333333,
2013-04-04,6.36,0.03,4.698571428571428,95,5.5616666666666665,
2013-04-05,6.06,0.01,6.974285714285714,96,7.396,
2013-04-06,11.1,0.23,8.389999999999999,97,7.986666666666666,
2013-04-07,8.58,0.28,8.615714285714287,98,7.6353333333333335,
2013-04-08,14.21,1.87,8.045714285714286,99,7.1129999999999995,
2013-04-09,10.25,35.36,7.342857142857143,100,7.235333333333333,
2013-04-10,3.75,15.62,6.261428571428572,101,8.195333333333334,
2013-04-11,2.37,2.41,6.472857142857143,102,8.320666666666666,
2013-04-12,1.14,0.17,5.137142857142857,103,7.707,
2013-04-13,3.53,0.92,4.414285714285715,104,8.866999999999999,
2013-04-14,10.06,10.86,4.562857142857142,105,10.045666666666667,
2013-04-15,4.86,0.05,4.501428571428572,106,10.124,
2013-04-16,5.19,0.11,4.417142857142857,107,9.499666666666666,
2013-04-17,4.79,40.23,4.187142857142857,108,10.244666666666665,
2013-04-18,1.94,16.33,4.155714285714286,109,11.613333333333333,
2013-04-19,0.55,0.04,4.884285714285714,110,10.836666666666668,
2013-04-20,1.92,0.04,4.382857142857143,111,9.832666666666666,
2013-04-21,9.84,5.07,4.281428571428571,112,10.340333333333332,
2013-04-22,9.96,7.14,4.967142857142856,113,10.793333333333333,
2013-04-23,1.68,0.57,6.694285714285714,114,11.044,
2013-04-24,4.08,0.29,8.191428571428572,115,12.153666666666668,
2013-04-25,6.74,0.0,8.889999999999999,116,11.603666666666667,
2013-04-26,12.64,0.03,9.84142857142857,117,11.013333333333332,
2013-04-27,12.4,0.0,12.468571428571428,118,10.667666666666666,
2013-04-28,14.73,0.05,12.957142857142859,119,11.247333333333334,
2013-04-29,16.62,3.48,12.301428571428572,120,11.810666666666666,
2013-04-30,20.07,1.32,10.66,121,12.266666666666667,
2013-05-01,7.5,9.14,9.672857142857143,122,12.117666666666667,
2013-05-02,2.15,21.8,9.028571428571428,123,12.065333333333335,
2013-05-03,1.15,4.87,8.744285714285715,124,12.464333333333334,
2013-05-04,5.49,8.97,8.425714285714287,125,13.715666666666667,
2013-05-05,10.22,0.37,9.680000000000001,126,14.700666666666667,
2013-05-06,14.63,0.06,11.49,127,15.049333333333333,
2013-05-07,17.84,0.0,13.14,128,15.288,
2013-05-08,16.28,10.79,13.661428571428571,129,15.648,
2013-05-09,14.82,13.98,13.411428571428571,130,15.424000000000001,
2013-05-10,12.7,0.09,13.34142857142857,131,15.732666666666667,
2013-05-11,9.14,0.0,13.892857142857142,132,14.824666666666667,
2013-05-12,8.47,0.0,14.271428571428572,133,13.698666666666666,
2013-05-13,14.14,0.01,14.921428571428573,134,13.713333333333335,
2013-05-14,21.7,0.01,16.085714285714285,135,14.930666666666667,
2013-05-15,18.93,0.05,17.83857142857143,136,15.792666666666666,
2013-05-16,19.37,2.79,19.810000000000002,137,16.949,
2013-05-17,20.85,1.06,20.631428571428575,138,16.96,
2013-05-18,21.41,1.75,19.807142857142857,139,16.109666666666666,
2013-05-19,22.27,22.57,19.08857142857143,140,16.488666666666667,
2013-05-20,19.89,7.67,18.361428571428572,141,16.082666666666668,
2013-05-21,15.93,0.05,17.407142857142855,142,16.447666666666667,
2013-05-22,13.9,1.1,16.35857142857143,143,17.717666666666666,
2013-05-23,14.28,0.03,15.508571428571429,144,17.689,
2013-05-24,14.17,2.58,15.375714285714285,145,17.377,
2013-05-25,14.07,24.54,16.19,146,16.985,
2013-05-26,16.32,43.82,17.352857142857143,147,17.367,
2013-05-27,18.96,11.2,18.224285714285713,148,18.245,
2013-05-28,21.63,6.85,18.919999999999998,149,18.587,
2013-05-29,22.04,22.7,19.238571428571426,150,19.214,
2013-05-30,20.38,3.12,18.875714285714285,151,19.67366666666667,
2013-05-31,19.04,0.26,18.297142857142855,152,18.76966666666667,
2013-06-01,16.3,2.01,17.367142857142856,153,18.962666666666667,
2013-06-02,13.78,0.37,16.71,154,18.642999999999997,
2013-06-03,14.91,0.0,16.03857142857143,155,19.017333333333333,
2013-06-04,15.12,11.4,15.505714285714287,156,19.663999999999998,
2013-06-05,17.44,1.43,15.570000000000002,157,20.015,
2013-06-06,15.68,0.01,16.222857142857144,158,20.389666666666667,
2013-06-07,15.31,0.0,16.91,159,21.124666666666666,
2013-06-08,16.75,6.06,17.978571428571428,160,20.57633333333333,
2013-06-09,18.35,5.5,18.892857142857142,161,20.773333333333333,
2013-06-10,19.72,0.09,19.609999999999996,162,21.00133333333333,
2013-06-11,22.6,3.46,20.408571428571427,163,21.526666666666664,
2013-06-12,23.84,0.75,21.21142857142857,164,21.44333333333333,
2013-06-13,20.7,0.0,21.814285714285713,165,21.556333333333335,
2013-06-14,20.9,7.15,22.141428571428573,166,21.331666666666667,
2013-06-15,22.37,17.02,21.905714285714286,167,21.750999999999998,
2013-06-16,22.57,0.13,21.59,168,21.923000000000002,
2013-06-17,22.01,0.0,22.03857142857143,169,22.441666666666666,
2013-06-18,20.95,0.03,22.705714285714286,170,22.617,
2013-06-19,21.63,0.01,23.12714285714286,171,22.067666666666664,
2013-06-20,23.84,0.01,23.25857142857143,172,22.64333333333333,
2013-06-21,25.57,0.57,23.481428571428573,173,22.711666666666666,
2013-06-22,25.32,1.28,24.124285714285715,174,22.692333333333334,
2013-06-23,23.49,10.29,24.674285714285713,175,22.369333333333334,
2013-06-24,23.57,22.5,24.591428571428573,176,22.28666666666667,
2013-06-25,25.45,2.3,24.11714285714286,177,22.715333333333334,
2013-06-26,25.48,0.86,23.275714285714283,178,22.841,
2013-06-27,23.26,0.14,22.481428571428573,179,23.119333333333334,
2013-06-28,22.25,0.0,21.97714285714286,180,22.435333333333332,
2013-06-29,19.43,1.0,21.34714285714286,181,22.72233333333333,
2013-06-30,17.93,0.0,20.528571428571432,182,23.016000000000002,
2013-07-01,20.04,0.01,20.23428571428571,183,22.925666666666665,
2013-07-02,21.04,0.46,20.282857142857143,184,22.494666666666667,
2013-07-03,19.75,0.23,20.93857142857143,185,23.086000000000002,
2013-07-04,21.2,0.0,21.95285714285714,186,23.35,
2013-07-05,22.59,0.0,22.687142857142856,187,23.333666666666666,
2013-07-06,24.02,0.0,23.481428571428573,188,23.908,
2013-07-07,25.03,0.04,23.892857142857142,189,23.91033333333333,
2013-07-08,25.18,2.15,23.921428571428574,190,23.716333333333335,
2013-07-09,26.6,1.55,23.888571428571428,191,23.563666666666666,
2013-07-10,22.63,0.01,23.52285714285714,192,23.58566666666667,
2013-07-11,21.4,0.0,23.255714285714284,193,23.475666666666665,
2013-07-12,22.36,0.05,23.22714285714286,194,23.613999999999997,
2013-07-13,21.46,0.18,23.275714285714287,195,23.775,
2013-07-14,23.16,0.0,23.99857142857143,196,23.750333333333334,
2013-07-15,24.98,0.1,24.905714285714286,197,24.091,
2013-07-16,26.94,0.01,25.60571428571429,198,24.48933333333333,
2013-07-17,27.69,0.03,26.101428571428574,199,25.218666666666667,
2013-07-18,27.75,0.09,26.12857142857143,200,25.182000000000002,
2013-07-19,27.26,0.66,26.157142857142855,201,25.142666666666667,
2013-07-20,24.93,0.0,25.118571428571425,202,24.688333333333333,
2013-07-21,23.35,2.47,24.03,203,24.159,
2013-07-22,25.18,13.83,23.27857142857143,204,24.09733333333333,
2013-07-23,19.67,0.06,22.31857142857143,205,23.634999999999998,
2013-07-24,20.07,0.02,20.997142857142855,206,23.958333333333332,
2013-07-25,22.49,5.75,20.05,207,24.35666666666667,
2013-07-26,20.54,0.53,19.075714285714287,208,23.784333333333333,
2013-07-27,15.68,0.0,19.262857142857143,209,23.436333333333334,
2013-07-28,16.72,0.0,19.63714285714286,210,23.39466666666667,
2013-07-29,18.36,0.16,19.765714285714285,211,22.936333333333334,
2013-07-30,20.98,2.21,19.900000000000002,212,23.407333333333334,
2013-07-31,22.69,0.0,20.568571428571428,213,23.882,
2013-08-01,23.39,0.15,21.238571428571426,214,24.038,
2013-08-02,21.48,1.0,21.927142857142858,215,23.786,
2013-08-03,20.36,0.0,22.51142857142857,216,23.788333333333334,
2013-08-04,21.41,0.0,22.624285714285715,217,23.070333333333334,
2013-08-05,23.18,0.33,22.284285714285716,218,22.095000000000002,
2013-08-06,25.07,2.31,22.40142857142857,219,22.555999999999997,
2013-08-07,23.48,0.68,22.711428571428574,220,23.384999999999998,
2013-08-08,21.01,0.01,23.087142857142858,221,23.405666666666665,
2013-08-09,22.3,0.01,22.934285714285718,222,23.939,
2013-08-10,22.53,0.36,22.12857142857143,223,23.015666666666668,
2013-08-11,24.04,2.91,21.46857142857143,224,22.470000000000002,
2013-08-12,22.11,7.4,21.09714285714286,225,22.623333333333335,
2013-08-13,19.43,0.0,20.798571428571428,226,22.243999999999996,
2013-08-14,18.86,0.0,20.56142857142857,227,21.991,
2013-08-15,18.41,1.14,20.18285714285714,228,21.821,
2013-08-16,20.21,0.01,20.28857142857143,229,22.473666666666666,
2013-08-17,20.87,0.01,21.359999999999996,230,22.349666666666668,
2013-08-18,21.39,0.0,22.56142857142857,231,22.279,
2013-08-19,22.85,0.0,23.574285714285715,232,21.826,
2013-08-20,26.93,0.0,24.358571428571427,233,21.703333333333333,
2013-08-21,27.27,0.74,25.25142857142857,234,22.387999999999998,
2013-08-22,25.5,0.3,26.364285714285717,235,22.672666666666665,
2013-08-23,25.7,0.0,27.377142857142854,236,22.886000000000003,
2013-08-24,27.12,0.26,27.925714285714285,237,23.147333333333332,
2013-08-25,29.18,0.0,28.447142857142858,238,22.886333333333333,
2013-08-26,29.94,0.0,29.102857142857143,239,23.105999999999998,
2013-08-27,30.77,0.0,29.83428571428571,240,23.144333333333336,
2013-08-28,30.92,0.0,29.79714285714286,241,22.774333333333335,
2013-08-29,30.09,0.0,29.075714285714287,242,22.189,
2013-08-30,30.82,0.06,27.622857142857146,243,21.733333333333334,
2013-08-31,26.86,2.58,26.102857142857143,244,21.302666666666667,
2013-09-01,24.13,1.82,25.08142857142857,245,21.451,
2013-09-02,19.77,0.0,24.505714285714284,246,22.022333333333332,
2013-09-03,20.13,0.02,23.909999999999997,247,21.276666666666664,
2013-09-04,23.77,0.01,23.85571428571429,248,21.00433333333333,
2013-09-05,26.06,0.1,24.201428571428572,249,21.005666666666666,
2013-09-06,26.65,0.0,25.571428571428573,250,21.192666666666664,
2013-09-07,26.48,0.0,26.68857142857143,251,20.137,
2013-09-08,26.55,0.0,26.874285714285715,252,19.12933333333333,
2013-09-09,29.36,0.0,26.19857142857143,253,19.55933333333333,
2013-09-10,27.95,2.51,24.804285714285715,254,19.197,
2013-09-11,25.07,0.46,23.505714285714284,255,19.569333333333336,
2013-09-12,21.33,0.01,22.367142857142856,256,19.301,
2013-09-13,16.89,0.0,20.442857142857143,257,18.745333333333335,
2013-09-14,17.39,0.78,18.835714285714285,258,17.874333333333333,
2013-09-15,18.58,1.47,18.73857142857143,259,18.199666666666666,
2013-09-16,15.89,0.1,19.06,260,18.276999999999997,
2013-09-17,16.7,14.4,18.972857142857144,261,18.257,
2013-09-18,24.39,2.47,18.608571428571427,262,17.91466666666667,
2013-09-19,23.58,17.06,18.434285714285718,263,17.648333333333333,
2013-09-20,16.28,0.13,18.632857142857144,264,17.333666666666666,
2013-09-21,14.84,0.0,18.641428571428573,265,16.50766666666667,
2013-09-22,17.36,0.0,17.795714285714286,266,15.752999999999998,
2013-09-23,17.28,0.0,17.47714285714286,267,15.840666666666666,
2013-09-24,16.76,0.47,18.53142857142857,268,15.879666666666667,
2013-09-25,18.47,0.0,18.858571428571427,269,16.085666666666665,
2013-09-26,21.35,0.0,18.69,270,15.628000000000002,
2013-09-27,23.66,0.06,18.74857142857143,271,15.453666666666667,
2013-09-28,17.13,3.16,19.165714285714284,272,14.340333333333332,
2013-09-29,16.18,0.0,19.535714285714285,273,15.011,
2013-09-30,17.69,0.0,19.454285714285714,274,15.565,
2013-10-01,19.68,0.0,19.145714285714288,275,14.964666666666666,
2013-10-02,21.06,0.54,18.37857142857143,276,14.025,
2013-10-03,20.78,15.48,17.19,277,13.937999999999999,
2013-10-04,21.5,11.9,16.48428571428571,278,12.959333333333335,
2013-10-05,11.76,0.59,15.978571428571428,279,13.216666666666667,
2013-10-06,7.86,2.72,15.282857142857143,280,13.280666666666667,
2013-10-07,12.75,0.0,14.67,281,13.126,
2013-10-08,16.14,0.0,14.107142857142858,282,13.387,
2013-10-09,16.19,0.0,14.251428571428573,283,12.320333333333334,
2013-10-10,16.49,0.0,14.624285714285715,284,11.544666666666666,
2013-10-11,17.56,0.38,14.49,285,12.015333333333333,
2013-10-12,12.77,0.0,13.62,286,11.498666666666667,
2013-10-13,10.47,0.0,12.554285714285713,287,10.771666666666667,
2013-10-14,11.81,8.04,11.45857142857143,288,10.437000000000001,
2013-10-15,10.05,2.92,9.831428571428571,289,10.093333333333334,
2013-10-16,8.73,0.11,8.97,290,10.100999999999999,
2013-10-17,8.82,0.0,8.562857142857144,291,10.468,
2013-10-18,6.17,0.03,7.442857142857143,292,9.365,
2013-10-19,6.74,0.08,6.4399999999999995,293,9.306333333333333,
2013-10-20,7.62,0.01,5.425714285714286,294,9.620000000000001,
2013-10-21,3.97,0.01,4.4714285714285715,295,9.548333333333334,
2013-10-22,3.03,3.18,4.308571428571429,296,9.428333333333335,
2013-10-23,1.63,0.75,4.07,297,9.361666666666668,
2013-10-24,2.14,0.01,3.86,298,8.323333333333332,
2013-10-25,5.03,0.27,4.101428571428571,299,8.220666666666666,
2013-10-26,5.07,0.0,4.862857142857143,300,7.387333333333333,
2013-10-27,6.15,0.0,6.3999999999999995,301,6.560333333333333,
2013-10-28,5.66,0.01,6.905714285714287,302,7.194333333333334,
2013-10-29,8.36,0.11,7.225714285714285,303,7.574,
2013-10-30,12.39,13.55,7.364285714285715,304,6.771333333333333,
2013-10-31,5.68,0.23,7.491428571428572,305,5.3613333333333335,
2013-11-01,7.27,0.1,7.848571428571428,306,5.837000000000001,
2013-11-02,6.04,0.11,7.55,307,4.904,
2013-11-03,7.04,0.03,6.061428571428571,308,5.098666666666667,
2013-11-04,8.16,1.59,5.359999999999999,309,5.049,
2013-11-05,6.27,21.5,4.994285714285715,310,5.129666666666666,
2013-11-06,1.97,0.19,5.088571428571429,311,4.361666666666666,
2013-11-07,0.77,0.0,4.475714285714286,312,3.850333333333333,
2013-11-08,4.71,0.0,3.152857142857143,313,4.254666666666667,
2013-11-09,6.7,0.0,1.5057142857142858,314,4.613333333333333,
2013-11-10,2.75,0.0,1.2585714285714287,315,3.4196666666666666,
2013-11-11,-1.1,0.19,1.3942857142857146,316,1.9046666666666667,
2013-11-12,-5.26,0.0,1.3599999999999999,317,1.7046666666666668,
2013-11-13,0.24,0.0,1.8942857142857146,318,2.5083333333333333,
2013-11-14,1.72,0.0,2.4414285714285717,319,2.8676666666666666,
2013-11-15,4.47,0.0,2.8828571428571435,320,2.585,
2013-11-16,10.44,1.37,4.14,321,2.494,
2013-11-17,6.58,6.0,4.607142857142857,322,2.942333333333333,
2013-11-18,1.99,0.0,4.412857142857143,323,2.783666666666667,
2013-11-19,3.54,0.04,3.117142857142857,324,2.183666666666667,
2013-11-20,3.51,0.94,0.4114285714285718,325,1.4466666666666665,
2013-11-21,0.36,3.28,-1.578571428571428,326,1.0430000000000001,
2013-11-22,-4.6,0.43,-2.1385714285714283,327,1.2656666666666667,
2013-11-23,-8.5,0.01,-3.4128571428571424,328,0.8053333333333333,
2013-11-24,-7.35,0.04,-4.9885714285714275,329,0.4036666666666667,
2013-11-25,-1.93,0.76,-5.808571428571428,330,0.2166666666666667,
2013-11-26,-5.38,0.02,-5.748571428571429,331,-0.3006666666666667,
2013-11-27,-7.52,0.0,-4.481428571428571,332,-0.6473333333333334,
2013-11-28,-5.38,0.0,-3.3785714285714277,333,0.04299999999999997,
2013-11-29,-4.18,0.0,-2.8128571428571427,334,-0.1753333333333333,
2013-11-30,0.37,0.0,-1.7285714285714282,335,-1.3270000000000002,
2013-12-01,0.37,0.0,-0.8414285714285713,336,-1.3359999999999999,
2013-12-02,2.03,0.02,-1.3871428571428568,337,-0.9176666666666667,
2013-12-03,2.21,0.03,-2.701428571428571,338,-1.3096666666666665,
2013-12-04,-1.31,0.58,-4.715714285714285,339,-1.384,
2013-12-05,-9.2,0.0,-6.144285714285714,340,-2.7996666666666665,
2013-12-06,-13.38,0.0,-8.40857142857143,341,-3.5756666666666663,
2013-12-07,-13.73,0.02,-10.025714285714287,342,-3.7616666666666663,
2013-12-08,-9.63,2.86,-11.787142857142856,343,-3.6540000000000004,
2013-12-09,-13.82,0.02,-11.892857142857142,344,-4.117666666666667,
2013-12-10,-9.11,2.44,-10.775714285714285,345,-3.7346666666666666,
2013-12-11,-13.64,0.33,-9.924285714285714,346,-3.7763333333333335,
2013-12-12,-9.94,0.0,-10.114285714285714,347,-3.5260000000000002,
2013-12-13,-5.56,0.0,-9.237142857142857,348,-2.4756666666666667,
2013-12-14,-7.77,0.0,-8.347142857142858,349,-3.1086666666666667,
2013-12-15,-10.96,0.26,-6.51,350,-3.9536666666666664,
2013-12-16,-7.68,0.0,-5.242857142857142,351,-4.115,
2013-12-17,-2.88,0.0,-5.0928571428571425,352,-4.723333333333333,
2013-12-18,-0.78,0.0,-4.7942857142857145,353,-4.670333333333334,
2013-12-19,-1.07,0.15,-4.347142857142857,354,-5.029,
2013-12-20,-4.51,0.04,-5.7057142857142855,355,-4.147,
2013-12-21,-5.68,1.76,-7.549999999999999,356,-4.393,
2013-12-22,-7.83,4.17,-8.348571428571429,357,-4.798,
2013-12-23,-17.19,0.0,-8.772857142857143,358,-5.59,
2013-12-24,-15.79,0.1,-8.242857142857142,359,-6.833333333333333,
2013-12-25,-6.37,0.24,-7.264285714285714,360,-5.871333333333333,
2013-12-26,-4.04,0.01,-7.978571428571429,361,-4.98,
2013-12-27,-0.8,0.19,-7.474285714285713,362,-4.514666666666667,
2013-12-28,1.17,0.02,-7.018571428571429,363,-4.012666666666666,
2013-12-29,-12.83,0.01,-8.157142857142857,364,-5.275666666666667,
2013-12-30,-13.66,1.58,-9.858571428571429,365,-4.824666666666667,
2013-12-31,-12.6,0.31,-11.15,366,-6.896333333333333,
2014-01-01,-14.34,1.2,-12.267142857142858,1,-7.254666666666667,
2014-01-02,-15.95,0.0,-12.865714285714285,2,-6.669333333333333,
2014-01-03,-9.84,0.0,-14.225714285714286,3,-6.372,
2014-01-04,-6.65,0.01,-14.684285714285716,4,-7.632000000000001,
2014-01-05,-17.02,0.0,-14.572857142857142,5,-7.3629999999999995,
2014-01-06,-23.18,0.0,-13.889999999999999,6,-7.612666666666667,
2014-01-07,-15.81,0.0,-13.150000000000002,7,-7.635666666666666,
2014-01-08,-13.56,0.0,-12.81857142857143,8,-6.3966666666666665,
2014-01-09,-11.17,0.0,-10.321428571428571,9,-6.800666666666667,
2014-01-10,-4.66,0.5,-7.027142857142857,10,-6.191666666666666,
2014-01-11,-4.33,0.01,-5.277142857142858,11,-5.321666666666667,
2014-01-12,0.46,0.04,-4.45,12,-6.834333333333333,
2014-01-13,-0.12,0.03,-3.4085714285714284,13,-7.807,
2014-01-14,-3.56,0.38,-4.32,14,-7.033666666666666,
2014-01-15,-7.77,0.03,-4.511428571428572,15,-8.241333333333333,
2014-01-16,-3.88,0.54,-4.714285714285714,16,-7.281666666666666,
2014-01-17,-11.04,0.05,-5.014285714285714,17,-7.789,
2014-01-18,-5.67,0.74,-6.708571428571429,18,-8.385333333333334,
2014-01-19,-0.96,0.0,-7.488571428571428,19,-7.801,
2014-01-20,-2.22,0.84,-9.650000000000002,20,-7.862,
2014-01-21,-15.42,0.04,-8.94,21,-6.818,
2014-01-22,-13.23,0.12,-9.094285714285714,22,-5.656000000000001,
2014-01-23,-19.01,0.01,-9.405714285714286,23,-6.655666666666667,
2014-01-24,-6.07,0.13,-11.612857142857143,24,-7.19,
2014-01-25,-6.75,0.07,-11.77,25,-6.602666666666667,
2014-01-26,-3.14,0.12,-11.085714285714285,26,-5.616333333333333,
2014-01-27,-17.67,0.0,-8.968571428571428,27,-6.115666666666667,
2014-01-28,-16.52,0.0,-9.778571428571428,28,-5.8726666666666665,
2014-01-29,-8.44,0.0,-10.030000000000001,29,-7.1626666666666665,
2014-01-30,-4.19,0.31,-11.320000000000002,30,-7.257000000000001,
2014-01-31,-11.74,0.31,-10.004285714285714,31,-5.312333333333333,
2014-02-01,-8.51,2.13,-8.887142857142859,32,-5.570666666666667,
2014-02-02,-12.17,0.0,-9.925714285714287,33,-5.598333333333333,
2014-02-03,-8.46,0.17,-11.894285714285715,34,-5.522333333333333,
2014-02-04,-8.7,4.44,-12.281428571428572,35,-6.5696666666666665,
2014-02-05,-15.71,0.74,-12.461428571428572,36,-5.671666666666667,
2014-02-06,-17.97,0.0,-12.747142857142858,37,-4.662999999999999,
2014-02-07,-14.45,0.03,-13.922857142857143,38,-5.294,
2014-02-08,-9.77,1.24,-14.692857142857145,39,-5.605333333333333,
2014-02-09,-14.17,0.0,-13.555714285714286,40,-5.402333333333333,
2014-02-10,-16.69,0.0,-11.517142857142858,41,-5.548666666666667,
2014-02-11,-14.09,0.02,-10.87857142857143,42,-5.828,
2014-02-12,-7.75,0.81,-10.467142857142857,43,-5.614,
2014-02-13,-3.7,0.24,-9.33,44,-4.276333333333333,
2014-02-14,-9.98,2.63,-7.222857142857143,45,-4.116666666666666,
2014-02-15,-6.89,2.27,-4.93,46,-5.044,
2014-02-16,-6.21,0.02,-3.5599999999999996,47,-4.468,
2014-02-17,-1.94,6.34,-3.0214285714285714,48,-2.9069999999999996,
2014-02-18,1.96,0.03,-2.2285714285714286,49,-2.4276666666666666,
2014-02-19,1.84,0.25,-1.8571428571428572,50,-2.2693333333333334,
2014-02-20,0.07,15.63,-2.032857142857143,51,-1.5713333333333332,
2014-02-21,-4.43,0.01,-3.0171428571428573,52,-2.385,
2014-02-22,-4.29,0.03,-5.117142857142857,53,-1.8993333333333333,
2014-02-23,-7.44,0.0,-7.192857142857142,54,-2.289,
2014-02-24,-8.83,2.11,-9.572857142857142,55,-2.667333333333333,
2014-02-25,-12.74,0.02,-10.200000000000001,56,-3.2760000000000002,
2014-02-26,-12.69,0.0,-11.66,57,-3.2516666666666665,
2014-02-27,-16.59,0.01,-13.297142857142855,58,-3.3603333333333336,
2014-02-28,-8.82,2.36,-14.17,59,-2.131666666666667,
2014-03-01,-14.51,3.72,-13.51,61,-1.5816666666666666,
2014-03-02,-18.9,0.0,-12.627142857142857,62,-3.1626666666666665,
2014-03-03,-14.94,0.17,-10.912857142857144,63,-2.8819999999999997,
2014-03-04,-8.12,0.06,-9.74142857142857,64,-1.1363333333333332,
2014-03-05,-6.51,0.2,-8.108571428571429,65,-0.13566666666666655,
2014-03-06,-4.59,0.28,-5.081428571428572,66,0.4623333333333332,
2014-03-07,-0.62,0.88,-1.5642857142857145,67,0.44066666666666665,
2014-03-08,-3.08,0.03,0.16571428571428573,68,0.748,
2014-03-09,2.29,0.0,0.9414285714285714,69,-0.33833333333333326,
2014-03-10,9.68,0.0,2.4628571428571426,70,0.44,
2014-03-11,3.99,0.09,3.3871428571428575,71,0.871,
2014-03-12,-1.08,0.0,3.9757142857142855,72,1.326,
2014-03-13,6.06,0.0,3.314285714285714,73,2.741,
2014-03-14,5.85,0.0,2.0628571428571427,74,2.949333333333333,
2014-03-15,1.04,0.92,1.9757142857142855,75,2.875,
2014-03-16,-2.34,0.11,2.4257142857142857,76,3.725333333333333,
2014-03-17,0.92,0.15,2.162857142857143,77,3.746,
2014-03-18,3.38,1.13,1.9171428571428568,78,3.3153333333333337,
2014-03-19,2.07,0.08,1.2214285714285715,79,3.641,
2014-03-20,4.22,0.0,1.0914285714285714,80,3.9993333333333334,
2014-03-21,4.13,0.0,0.7614285714285715,81,3.7106666666666666,
2014-03-22,-3.83,0.0,-0.1628571428571428,82,4.115666666666667,
2014-03-23,-3.25,0.01,-0.0985714285714285,83,4.760000000000001,
2014-03-24,-1.39,0.35,0.1142857142857144,84,4.697,
2014-03-25,-3.09,0.04,-0.24857142857142844,85,4.338333333333334,
2014-03-26,2.52,0.07,0.762857142857143,86,5.436999999999999,
2014-03-27,5.71,8.83,2.6571428571428575,87,5.832666666666666,
2014-03-28,1.59,0.01,4.488571428571428,88,5.482,
2014-03-29,3.25,0.0,4.970000000000001,89,6.0793333333333335,
2014-03-30,10.01,0.04,5.227142857142858,90,7.23,
2014-03-31,11.43,1.76,5.1899999999999995,91,6.647,
2014-04-01,0.28,0.05,5.258571428571428,92,6.444999999999999,
2014-04-02,4.32,0.41,5.490000000000001,93,7.316,
2014-04-03,5.45,4.52,5.308571428571428,94,6.646333333333333,
2014-04-04,2.07,1.0,4.945714285714286,95,5.5616666666666665,
2014-04-05,4.87,0.0,5.95,96,7.396,
2014-04-06,8.74,0.19,7.031428571428571,97,7.986666666666666,
2014-04-07,8.89,0.67,7.982857142857143,98,7.6353333333333335,
2014-04-08,7.31,0.0,9.682857142857143,99,7.1129999999999995,
2014-04-09,11.89,0.03,11.457142857142856,100,7.235333333333333,
2014-04-10,12.11,0.02,11.209999999999999,101,8.195333333333334,
2014-04-11,13.97,0.03,9.874285714285715,102,8.320666666666666,
2014-04-12,17.29,11.51,8.797142857142857,103,7.707,
2014-04-13,7.01,37.9,8.032857142857143,104,8.866999999999999,
2014-04-14,-0.46,0.96,6.9885714285714275,105,10.045666666666667,
2014-04-15,-0.23,0.0,6.104285714285714,106,10.124,
2014-04-16,6.54,0.17,5.685714285714285,107,9.499666666666666,
2014-04-17,4.8,0.01,7.307142857142857,108,10.244666666666665,
2014-04-18,7.78,0.0,9.684285714285712,109,11.613333333333333,
2014-04-19,14.36,0.32,11.274285714285714,110,10.836666666666668,
2014-04-20,18.36,3.41,11.585714285714285,111,9.832666666666666,
2014-04-21,16.18,1.46,12.45857142857143,112,10.340333333333332,
2014-04-22,10.9,0.0,13.388571428571428,113,10.793333333333333,
2014-04-23,8.72,7.21,13.417142857142858,114,11.044,
2014-04-24,10.91,4.14,12.752857142857142,115,12.153666666666668,
2014-04-25,14.29,0.0,12.64,116,11.603666666666667,
2014-04-26,14.56,0.15,12.035714285714286,117,11.013333333333332,
2014-04-27,13.71,28.12,11.48,118,10.667666666666666,
2014-04-28,15.39,13.31,10.86,119,11.247333333333334,
2014-04-29,6.67,3.78,10.351428571428572,120,11.810666666666666,
2014-04-30,4.83,8.5,9.99,121,12.266666666666667,
2014-05-01,6.57,0.41,9.607142857142858,122,12.117666666666667,
2014-05-02,10.73,0.0,9.239999999999998,123,12.065333333333335,
2014-05-03,12.03,0.5,10.405714285714286,124,12.464333333333334,
2014-05-04,11.03,0.22,12.844285714285714,125,13.715666666666667,
2014-05-05,12.82,0.0,14.881428571428572,126,14.700666666666667,
2014-05-06,14.83,0.02,15.268571428571429,127,15.049333333333333,
2014-05-07,21.9,0.91,15.892857142857142,128,15.288,
2014-05-08,20.83,4.71,16.988571428571426,129,15.648,
2014-05-09,13.44,0.02,17.737142857142857,130,15.424000000000001,
2014-05-10,16.4,1.14,17.125714285714285,131,15.732666666666667,
2014-05-11,18.7,35.52,15.542857142857143,132,14.824666666666667,
2014-05-12,18.06,9.11,13.58,133,13.698666666666666,
2014-05-13,10.55,0.07,12.77142857142857,134,13.713333333333335,
2014-05-14,10.82,0.82,12.014285714285716,135,14.930666666666667,
2014-05-15,7.09,1.43,11.278571428571428,136,15.792666666666666,
2014-05-16,7.78,0.0,11.09142857142857,137,16.949,
2014-05-17,11.1,0.0,12.645714285714288,138,16.96,
2014-05-18,13.55,0.05,13.87142857142857,139,16.109666666666666,
2014-05-19,16.75,1.23,15.168571428571427,140,16.488666666666667,
2014-05-20,21.43,8.84,16.592857142857145,141,16.082666666666668,
2014-05-21,19.4,0.26,17.585714285714285,142,16.447666666666667,
2014-05-22,16.17,0.42,18.524285714285718,143,17.717666666666666,
2014-05-23,17.75,0.0,19.177142857142858,144,17.689,
2014-05-24,18.05,0.05,19.154285714285713,145,17.377,
2014-05-25,20.12,4.53,19.382857142857144,146,16.985,
2014-05-26,21.32,9.56,20.231428571428573,147,17.367,
2014-05-27,21.27,1.08,20.99285714285714,148,18.245,
2014-05-28,21.0,0.01,21.752857142857142,149,18.587,
2014-05-29,22.11,0.0,22.287142857142857,150,19.214,
2014-05-30,23.08,0.62,22.417142857142856,151,19.67366666666667,
2014-05-31,23.37,2.58,22.322857142857146,152,18.76966666666667,
2014-06-01,23.86,7.43,22.212857142857143,153,18.962666666666667,
2014-06-02,22.23,1.66,21.728571428571428,154,18.642999999999997,
2014-06-03,20.61,4.96,21.632857142857144,155,19.017333333333333,
2014-06-04,20.23,17.52,20.922857142857143,156,19.663999999999998,
2014-06-05,18.72,0.12,19.944285714285712,157,20.015,
2014-06-06,22.41,0.01,19.38714285714286,158,20.389666666666667,
2014-06-07,18.4,11.34,19.06714285714286,159,21.124666666666666,
2014-06-08,17.01,0.0,19.127142857142854,160,20.57633333333333,
2014-06-09,18.33,0.0,19.101428571428574,161,20.773333333333333,
2014-06-10,18.37,0.1,18.412857142857142,162,21.00133333333333,
2014-06-11,20.65,0.0,18.66,163,21.526666666666664,
2014-06-12,18.54,0.0,19.414285714285715,164,21.44333333333333,
2014-06-13,17.59,0.0,20.025714285714283,165,21.556333333333335,
2014-06-14,20.13,1.21,21.03857142857143,166,21.331666666666667,
2014-06-15,22.29,0.54,21.722857142857144,167,21.750999999999998,
2014-06-16,22.61,37.98,22.537142857142857,168,21.923000000000002,
2014-06-17,25.46,5.15,23.43,169,22.441666666666666,
2014-06-18,25.44,1.76,24.005714285714284,170,22.617,
2014-06-19,24.24,22.76,24.03142857142857,171,22.067666666666664,
2014-06-20,23.84,0.87,23.882857142857144,172,22.64333333333333,
2014-06-21,24.16,1.57,23.39428571428571,173,22.711666666666666,
2014-06-22,22.47,11.89,23.07428571428571,174,22.692333333333334,
2014-06-23,21.57,0.32,22.882857142857144,175,22.369333333333334,
2014-06-24,22.04,0.0,22.79,176,22.28666666666667,
2014-06-25,23.2,2.77,22.704285714285714,177,22.715333333333334,
2014-06-26,22.9,32.61,22.934285714285718,178,22.841,
2014-06-27,23.19,15.17,23.05142857142857,179,23.119333333333334,
2014-06-28,23.56,16.77,22.571428571428573,180,22.435333333333332,
2014-06-29,24.08,10.97,21.405714285714286,181,22.72233333333333,
2014-06-30,22.39,40.53,20.707142857142856,182,23.016000000000002,
2014-07-01,18.68,0.27,20.194285714285716,183,22.925666666666665,
2014-07-02,15.04,0.09,19.731428571428573,184,22.494666666666667,
2014-07-03,18.01,0.0,19.79714285714286,185,23.086000000000002,
2014-07-04,19.6,0.13,19.974285714285713,186,23.35,
2014-07-05,20.32,21.32,20.24857142857143,187,23.333666666666666,
2014-07-06,24.54,1.97,21.004285714285714,188,23.908,
2014-07-07,23.63,0.62,21.458571428571428,189,23.91033333333333,
2014-07-08,20.6,0.03,21.757142857142856,190,23.716333333333335,
2014-07-09,20.33,0.13,22.31714285714286,191,23.563666666666666,
2014-07-10,21.19,0.06,22.08142857142857,192,23.58566666666667,
2014-07-11,21.69,6.09,21.25714285714286,193,23.475666666666665,
2014-07-12,24.24,8.86,20.61142857142857,194,23.613999999999997,
2014-07-13,22.89,0.28,20.382857142857144,195,23.775,
2014-07-14,17.86,0.64,20.13,196,23.750333333333334,
2014-07-15,16.08,0.04,19.825714285714287,197,24.091,
2014-07-16,18.73,0.01,19.345714285714283,198,24.48933333333333,
2014-07-17,19.42,0.0,19.25,199,25.218666666666667,
2014-07-18,19.56,0.01,20.312857142857144,200,25.182000000000002,
2014-07-19,20.88,0.0,21.744285714285716,201,25.142666666666667,
2014-07-20,22.22,0.0,22.12,202,24.688333333333333,
2014-07-21,25.3,0.15,22.381428571428568,203,24.159,
2014-07-22,26.1,0.11,22.847142857142853,204,24.09733333333333,
2014-07-23,21.36,0.0,23.45285714285714,205,23.634999999999998,
2014-07-24,21.25,0.0,23.321428571428573,206,23.958333333333332,
2014-07-25,22.82,12.58,22.42428571428572,207,24.35666666666667,
2014-07-26,25.12,0.19,21.471428571428568,208,23.784333333333333,
2014-07-27,21.3,0.0,21.368571428571432,209,23.436333333333334,
2014-07-28,19.02,0.17,21.415714285714284,210,23.39466666666667,
2014-07-29,19.43,0.0,21.321428571428573,211,22.936333333333334,
2014-07-30,20.64,0.0,20.98428571428571,212,23.407333333333334,
2014-07-31,21.58,0.01,21.292857142857144,213,23.882,
2014-08-01,22.16,0.03,21.991428571428575,214,24.038,
2014-08-02,22.76,0.12,22.397142857142857,215,23.786,
2014-08-03,23.46,0.17,22.288571428571426,216,23.788333333333334,
2014-08-04,23.91,1.14,22.042857142857144,217,23.070333333333334,
2014-08-05,22.27,1.72,21.81142857142857,218,22.095000000000002,
2014-08-06,19.88,29.86,21.674285714285713,219,22.555999999999997,
2014-08-07,19.86,7.53,21.295714285714286,220,23.384999999999998,
2014-08-08,20.54,0.17,20.84714285714286,221,23.405666666666665,
2014-08-09,21.8,0.02,20.342857142857138,222,23.939,
2014-08-10,20.81,0.2,20.367142857142856,223,23.015666666666668,
2014-08-11,20.77,0.1,20.580000000000002,224,22.470000000000002,
2014-08-12,18.74,0.0,20.591428571428573,225,22.623333333333335,
2014-08-13,20.05,0.0,20.631428571428568,226,22.243999999999996,
2014-08-14,21.35,0.31,21.032857142857146,227,21.991,
2014-08-15,20.62,4.76,21.56142857142857,228,21.821,
2014-08-16,22.08,4.97,22.247142857142858,229,22.473666666666666,
2014-08-17,23.62,0.02,22.678571428571427,230,22.349666666666668,
2014-08-18,24.47,0.23,23.304285714285715,231,22.279,
2014-08-19,23.54,3.82,24.080000000000002,232,21.826,
2014-08-20,23.07,8.87,24.564285714285713,233,21.703333333333333,
2014-08-21,25.73,4.76,24.901428571428568,234,22.387999999999998,
2014-08-22,26.05,17.93,24.939999999999998,235,22.672666666666665,
2014-08-23,25.47,6.95,24.378571428571426,236,22.886000000000003,
2014-08-24,25.98,2.05,23.948571428571427,237,23.147333333333332,
2014-08-25,24.74,9.86,23.28714285714286,238,22.886333333333333,
2014-08-26,19.61,1.08,22.747142857142855,239,23.105999999999998,
2014-08-27,20.06,2.71,22.204285714285714,240,23.144333333333336,
2014-08-28,21.1,34.71,21.76,241,22.774333333333335,
2014-08-29,22.27,7.88,21.240000000000002,242,22.189,
2014-08-30,21.67,0.26,21.217142857142854,243,21.733333333333334,
2014-08-31,22.87,28.05,21.525714285714287,244,21.302666666666667,
2014-09-01,21.1,9.12,22.165714285714284,245,21.451,
2014-09-02,19.45,0.76,21.324285714285715,246,22.022333333333332,
2014-09-03,22.22,0.94,20.46857142857143,247,21.276666666666664,
2014-09-04,25.58,5.81,19.564285714285713,248,21.00433333333333,
2014-09-05,16.38,2.68,19.118571428571425,249,21.005666666666666,
2014-09-06,15.68,0.0,19.487142857142857,250,21.192666666666664,
2014-09-07,16.54,0.06,18.744285714285716,251,20.137,
2014-09-08,17.98,2.02,16.75428571428571,252,19.12933333333333,
2014-09-09,22.03,34.32,15.641428571428571,253,19.55933333333333,
2014-09-10,17.02,4.28,14.715714285714286,254,19.197,
2014-09-11,11.65,0.2,14.182857142857143,255,19.569333333333336,
2014-09-12,8.59,6.83,13.485714285714286,256,19.301,
2014-09-13,9.2,0.0,12.152857142857144,257,18.745333333333335,
2014-09-14,12.81,0.0,11.987142857142857,258,17.874333333333333,
2014-09-15,13.1,0.95,12.58,259,18.199666666666666,
2014-09-16,12.7,0.0,13.962857142857144,260,18.276999999999997,
2014-09-17,15.86,0.01,15.712857142857143,261,18.257,
2014-09-18,15.8,0.0,15.955714285714285,262,17.91466666666667,
2014-09-19,18.27,0.16,16.165714285714284,263,17.648333333333333,
2014-09-20,21.45,9.32,16.58857142857143,264,17.333666666666666,
2014-09-21,14.51,0.06,16.565714285714286,265,16.50766666666667,
2014-09-22,14.57,0.0,16.912857142857142,266,15.752999999999998,
2014-09-23,15.66,3.87,17.03142857142857,267,15.840666666666666,
2014-09-24,15.7,8.35,16.771428571428572,268,15.879666666666667,
2014-09-25,18.23,0.23,17.48,269,16.085666666666665,
2014-09-26,19.1,1.42,18.155714285714286,270,15.628000000000002,
2014-09-27,19.63,0.47,18.248571428571427,271,15.453666666666667,
2014-09-28,19.47,0.0,18.599999999999998,272,14.340333333333332,
2014-09-29,19.3,0.07,18.298571428571428,273,15.011,
2014-09-30,16.31,0.6,16.7,274,15.565,
2014-10-01,18.16,27.86,14.634285714285713,275,14.964666666666666,
2014-10-02,16.12,4.56,13.212857142857143,276,14.025,
2014-10-03,7.91,0.0,11.997142857142858,277,13.937999999999999,
2014-10-04,5.17,0.0,11.421428571428569,278,12.959333333333335,
2014-10-05,9.52,0.02,10.521428571428572,279,13.216666666666667,
2014-10-06,10.79,0.04,9.784285714285714,280,13.280666666666667,
2014-10-07,12.28,0.01,9.637142857142857,281,13.126,
2014-10-08,11.86,1.04,9.947142857142856,282,13.387,
2014-10-09,10.96,6.47,9.952857142857143,283,12.320333333333334,
2014-10-10,6.88,0.0,9.97857142857143,284,11.544666666666666,
2014-10-11,7.34,0.0,9.852857142857143,285,12.015333333333333,
2014-10-12,9.56,0.04,9.73857142857143,286,11.498666666666667,
2014-10-13,10.97,28.98,9.945714285714287,287,10.771666666666667,
2014-10-14,11.4,6.59,10.497142857142858,288,10.437000000000001,
2014-10-15,11.06,0.0,10.587142857142856,289,10.093333333333334,
2014-10-16,12.41,0.0,10.682857142857143,290,10.100999999999999,
2014-10-17,10.74,0.04,10.844285714285714,291,10.468,
2014-10-18,7.97,0.0,10.665714285714285,292,9.365,
2014-10-19,10.23,0.0,10.592857142857143,293,9.306333333333333,
2014-10-20,12.1,0.0,10.86,294,9.620000000000001,
2014-10-21,10.15,0.0,11.338571428571429,295,9.548333333333334,
2014-10-22,10.55,1.0,12.012857142857143,296,9.428333333333335,
2014-10-23,14.28,9.67,12.290000000000001,297,9.361666666666668,
2014-10-24,14.09,0.03,12.694285714285714,298,8.323333333333332,
2014-10-25,12.69,0.0,12.34142857142857,299,8.220666666666666,
2014-10-26,12.17,0.08,11.562857142857142,300,7.387333333333333,
2014-10-27,14.93,0.0,10.614285714285714,301,6.560333333333333,
2014-10-28,7.68,0.0,8.559999999999999,302,7.194333333333334,
2014-10-29,5.1,0.0,6.7871428571428565,303,7.574,
2014-10-30,7.64,0.02,6.031428571428571,304,6.771333333333333,
2014-10-31,-0.29,0.0,5.435714285714285,305,5.3613333333333335,
2014-11-01,0.28,0.0,5.364285714285714,306,5.837000000000001,
2014-11-02,6.88,0.0,5.585714285714286,307,4.904,
2014-11-03,10.76,0.69,5.05,308,5.098666666666667,
2014-11-04,7.18,0.0,5.8357142857142845,309,5.049,
2014-11-05,6.65,0.4,6.254285714285714,310,5.129666666666666,
2014-11-06,3.89,0.03,5.968571428571429,311,4.361666666666666,
2014-11-07,5.21,0.0,5.177142857142857,312,3.850333333333333,
2014-11-08,3.21,0.0,3.65,313,4.254666666666667,
2014-11-09,4.88,0.0,1.944285714285714,314,4.613333333333333,
2014-11-10,5.22,0.37,0.6285714285714283,315,3.4196666666666666,
2014-11-11,-3.51,0.23,-1.1500000000000001,316,1.9046666666666667,
2014-11-12,-5.29,0.01,-2.405714285714286,317,1.7046666666666668,
2014-11-13,-5.32,0.0,-4.0685714285714285,318,2.5083333333333333,
2014-11-14,-7.24,0.0,-6.177142857142857,319,2.8676666666666666,
2014-11-15,-5.58,2.94,-6.865714285714285,320,2.585,
2014-11-16,-6.76,0.47,-6.8757142857142854,321,2.494,
2014-11-17,-9.54,0.05,-7.185714285714285,322,2.942333333333333,
2014-11-18,-8.33,0.06,-6.747142857142857,323,2.783666666666667,
2014-11-19,-5.36,0.01,-5.301428571428572,324,2.183666666666667,
2014-11-20,-7.49,0.0,-3.5485714285714285,325,1.4466666666666665,
2014-11-21,-4.17,0.07,-2.6314285714285717,326,1.0430000000000001,
2014-11-22,4.54,0.24,-1.9542857142857142,327,1.2656666666666667,
2014-11-23,5.51,4.41,-1.5457142857142858,328,0.8053333333333333,
2014-11-24,-3.12,0.17,-1.9657142857142855,329,0.4036666666666667,
2014-11-25,-3.59,0.45,-1.7714285714285711,330,0.2166666666666667,
2014-11-26,-2.5,5.27,-2.061428571428571,331,-0.3006666666666667,
2014-11-27,-10.43,0.0,-3.785714285714285,332,-0.6473333333333334,
2014-11-28,-2.81,0.0,-5.002857142857143,333,0.04299999999999997,
2014-11-29,2.51,0.0,-5.46,334,-0.1753333333333333,
2014-11-30,-6.56,0.0,-5.8185714285714285,335,-1.3270000000000002,
2014-12-01,-11.64,0.01,-4.727142857142858,336,-1.3359999999999999,
2014-12-02,-6.79,0.0,-4.322857142857143,337,-0.9176666666666667,
2014-12-03,-5.01,0.0,-4.764285714285713,338,-1.3096666666666665,
2014-12-04,-2.79,0.0,-3.91,339,-1.384,
2014-12-05,0.02,0.0,-2.1714285714285713,340,-2.7996666666666665,
2014-12-06,-0.58,0.0,-1.6799999999999997,341,-3.5756666666666663,
2014-12-07,-0.58,0.46,-1.1828571428571426,342,-3.7616666666666663,
2014-12-08,0.53,0.14,-1.0257142857142854,343,-3.6540000000000004,
2014-12-09,-3.35,0.0,-0.8428571428571425,344,-4.117666666666667,
2014-12-10,-1.53,0.0,-0.15714285714285697,345,-3.7346666666666666,
2014-12-11,-1.69,0.0,1.1414285714285717,346,-3.7763333333333335,
2014-12-12,1.3,0.0,2.025714285714286,347,-3.5260000000000002,
2014-12-13,4.22,0.0,1.9000000000000001,348,-2.4756666666666667,
2014-12-14,8.51,0.3,1.1814285714285717,349,-3.1086666666666667,
2014-12-15,6.72,8.9,0.7000000000000002,350,-3.9536666666666664,
2014-12-16,-4.23,0.05,0.2114285714285716,351,-4.115,
2014-12-17,-6.56,0.0,-0.464285714285714,352,-4.723333333333333,
2014-12-18,-5.06,0.05,-1.4514285714285713,353,-4.670333333333334,
2014-12-19,-2.12,0.0,-2.1957142857142857,354,-5.029,
2014-12-20,-0.51,0.02,-1.5242857142857138,355,-4.147,
2014-12-21,1.6,0.19,-0.6999999999999996,356,-4.393,
2014-12-22,1.51,8.22,-0.021428571428571186,357,-4.798,
2014-12-23,0.47,5.78,0.19571428571428598,358,-5.59,
2014-12-24,-0.79,1.62,-0.3371428571428569,359,-6.833333333333333,
2014-12-25,-0.31,0.06,-1.4185714285714284,360,-5.871333333333333,
2014-12-26,-0.6,0.46,-2.817142857142857,361,-4.98,
2014-12-27,-4.24,0.61,-5.252857142857143,362,-4.514666666666667,
2014-12-28,-5.97,0.0,-7.159999999999999,363,-4.012666666666666,
2014-12-29,-8.28,0.0,-8.19,364,-5.275666666666667,
2014-12-30,-16.58,0.0,-8.878571428571428,365,-4.824666666666667,
2014-12-31,-14.14,0.0,-8.73,366,-6.896333333333333,
2015-01-01,-7.52,0.02,-9.941428571428572,1,-7.254666666666667,
2015-01-02,-5.42,0.01,-10.981428571428571,2,-6.669333333333333,
2015-01-03,-3.2,0.43,-10.595714285714285,3,-6.372,
2015-01-04,-14.45,0.87,-11.494285714285715,4,-7.632000000000001,
2015-01-05,-15.56,7.94,-12.245714285714286,5,-7.3629999999999995,
2015-01-06,-13.88,0.41,-13.821428571428571,6,-7.612666666666667,
2015-01-07,-20.43,0.0,-14.944285714285714,7,-7.635666666666666,
2015-01-08,-12.78,0.25,-14.044285714285715,8,-6.3966666666666665,
2015-01-09,-16.45,0.13,-13.934285714285712,9,-6.800666666666667,
2015-01-10,-11.06,0.0,-14.018571428571429,10,-6.191666666666666,
2015-01-11,-8.15,0.0,-12.312857142857142,11,-5.321666666666667,
2015-01-12,-14.79,0.0,-11.03857142857143,12,-6.834333333333333,
2015-01-13,-14.47,0.0,-8.632857142857143,13,-7.807,
2015-01-14,-8.49,0.0,-6.727142857142857,14,-7.033666666666666,
2015-01-15,-3.86,0.0,-5.352857142857142,15,-8.241333333333333,
2015-01-16,0.39,0.0,-3.14,16,-7.281666666666666,
2015-01-17,2.28,0.02,-0.9457142857142857,17,-7.789,
2015-01-18,1.47,0.0,0.1285714285714286,18,-8.385333333333334,
2015-01-19,0.7,0.23,0.3671428571428571,19,-7.801,
2015-01-20,0.89,0.13,0.12142857142857137,20,-7.862,
2015-01-21,-0.97,0.02,0.004285714285714258,21,-6.818,
2015-01-22,-2.19,0.0,-0.21571428571428575,22,-5.656000000000001,
2015-01-23,-1.33,0.0,-0.06999999999999999,23,-6.655666666666667,
2015-01-24,1.46,0.37,-0.1871428571428572,24,-7.19,
2015-01-25,-0.07,2.13,0.05999999999999998,25,-6.602666666666667,
2015-01-26,1.72,0.16,0.28285714285714286,26,-5.616333333333333,
2015-01-27,0.07,0.02,-0.07428571428571429,27,-6.115666666666667,
2015-01-28,0.76,0.0,-0.2857142857142857,28,-5.8726666666666665,
2015-01-29,-0.63,0.01,-1.2614285714285713,29,-7.1626666666666665,
2015-01-30,-3.83,0.0,-3.552857142857143,30,-7.257000000000001,
2015-01-31,-0.02,10.74,-4.921428571428572,31,-5.312333333333333,
2015-02-01,-6.9,9.4,-6.642857142857143,32,-5.570666666666667,
2015-02-02,-14.32,0.02,-8.612857142857143,33,-5.598333333333333,
2015-02-03,-9.51,0.25,-8.88142857142857,34,-5.522333333333333,
2015-02-04,-11.29,0.4,-8.84,35,-6.5696666666666665,
2015-02-05,-14.42,0.0,-7.6814285714285715,36,-5.671666666666667,
2015-02-06,-5.71,0.0,-5.955714285714286,37,-4.662999999999999,
2015-02-07,0.27,0.08,-4.7457142857142856,38,-5.294,
2015-02-08,1.21,0.06,-3.7271428571428564,39,-5.605333333333333,
2015-02-09,-2.24,0.0,-3.4014285714285717,40,-5.402333333333333,
2015-02-10,-1.04,0.01,-3.2771428571428567,41,-5.548666666666667,
2015-02-11,-4.16,0.0,-4.88,42,-5.828,
2015-02-12,-12.14,0.0,-6.99,43,-5.614,
2015-02-13,-4.84,0.0,-7.841428571428572,44,-4.276333333333333,
2015-02-14,-10.95,0.01,-9.161428571428571,45,-4.116666666666666,
2015-02-15,-13.56,0.0,-10.751428571428573,46,-5.044,
2015-02-16,-8.2,0.01,-11.120000000000001,47,-4.468,
2015-02-17,-10.28,0.0,-11.264285714285714,48,-2.9069999999999996,
2015-02-18,-15.29,0.0,-10.297142857142857,49,-2.4276666666666666,
2015-02-19,-14.72,0.0,-10.372857142857143,50,-2.2693333333333334,
2015-02-20,-5.85,0.01,-11.257142857142856,51,-1.5713333333333332,
2015-02-21,-4.18,0.0,-10.572857142857142,52,-2.385,
2015-02-22,-14.09,0.0,-9.535714285714286,53,-1.8993333333333333,
2015-02-23,-14.39,0.0,-9.464285714285714,54,-2.289,
2015-02-24,-5.49,0.0,-10.81,55,-2.667333333333333,
2015-02-25,-8.03,4.04,-11.79142857142857,56,-3.2760000000000002,
2015-02-26,-14.22,0.0,-10.625714285714286,57,-3.2516666666666665,
2015-02-27,-15.27,0.0,-9.352857142857143,58,-3.3603333333333336,
2015-02-28,-11.05,0.03,-9.008571428571429,59,-2.131666666666667,
2015-03-01,-5.93,0.04,-9.205714285714285,61,-1.5816666666666666,
2015-03-02,-5.48,0.0,-8.977142857142857,62,-3.1626666666666665,
2015-03-03,-3.08,0.21,-6.964285714285714,63,-2.8819999999999997,
2015-03-04,-9.41,0.02,-4.837142857142857,64,-1.1363333333333332,
2015-03-05,-12.62,0.0,-3.36,65,-0.13566666666666655,
2015-03-06,-1.18,0.0,-1.9214285714285713,66,0.4623333333333332,
2015-03-07,3.84,0.0,-0.30285714285714277,67,0.44066666666666665,
2015-03-08,4.41,0.02,2.001428571428572,68,0.748,
2015-03-09,4.59,0.0,5.078571428571428,69,-0.33833333333333326,
2015-03-10,8.25,0.0,6.648571428571429,70,0.44,
2015-03-11,6.72,0.0,7.224285714285714,71,0.871,
2015-03-12,8.92,0.0,7.991428571428571,72,1.326,
2015-03-13,9.81,0.0,9.352857142857143,73,2.741,
2015-03-14,7.87,0.0,8.772857142857143,74,2.949333333333333,
2015-03-15,9.78,0.0,8.397142857142857,75,2.875,
2015-03-16,14.12,0.0,7.602857142857142,76,3.725333333333333,
2015-03-17,4.19,0.0,7.194285714285714,77,3.746,
2015-03-18,4.09,0.0,6.865714285714285,78,3.3153333333333337,
2015-03-19,3.36,0.0,6.244285714285715,79,3.641,
2015-03-20,6.95,0.0,4.499999999999999,80,3.9993333333333334,
2015-03-21,5.57,0.0,3.8528571428571428,81,3.7106666666666666,
2015-03-22,5.43,0.03,3.551428571428571,82,4.115666666666667,
2015-03-23,1.91,0.33,3.15,83,4.760000000000001,
2015-03-24,-0.34,7.96,2.0342857142857143,84,4.697,
2015-03-25,1.98,0.77,1.5685714285714287,85,4.338333333333334,
2015-03-26,0.55,0.0,1.8414285714285714,86,5.436999999999999,
2015-03-27,-0.86,0.0,3.1371428571428575,87,5.832666666666666,
2015-03-28,2.31,0.0,5.04,88,5.482,
2015-03-29,7.34,0.5,7.091428571428572,89,6.0793333333333335,
2015-03-30,10.98,0.0,8.848571428571429,90,7.23,
2015-03-31,12.98,0.0,9.528571428571428,91,6.647,
2015-04-01,16.34,1.34,10.277142857142858,92,6.444999999999999,
2015-04-02,12.85,11.16,10.854285714285714,93,7.316,
2015-04-03,3.9,0.27,10.837142857142856,94,6.646333333333333,
2015-04-04,7.55,0.0,10.28,95,5.5616666666666665,
2015-04-05,11.38,0.03,9.178571428571429,96,7.396,
2015-04-06,10.86,0.28,8.365714285714287,97,7.986666666666666,
2015-04-07,9.08,2.74,8.784285714285714,98,7.6353333333333335,
2015-04-08,8.63,2.84,9.268571428571429,99,7.1129999999999995,
2015-04-09,7.16,9.13,9.680000000000001,100,7.235333333333333,
2015-04-10,6.83,0.0,9.758571428571429,101,8.195333333333334,
2015-04-11,10.94,0.03,10.20142857142857,102,8.320666666666666,
2015-04-12,14.26,2.12,10.657142857142858,103,7.707,
2015-04-13,11.41,2.42,11.854285714285712,104,8.866999999999999,
2015-04-14,12.18,0.0,13.585714285714285,105,10.045666666666667,
2015-04-15,11.82,0.02,14.355714285714285,106,10.124,
2015-04-16,15.54,0.0,14.162857142857144,107,9.499666666666666,
2015-04-17,18.95,1.44,13.59,108,10.244666666666665,
2015-04-18,16.33,10.83,12.631428571428572,109,11.613333333333333,
2015-04-19,12.91,19.97,11.63142857142857,110,10.836666666666668,
2015-04-20,7.4,0.09,10.527142857142858,111,9.832666666666666,
2015-04-21,5.47,0.03,9.48857142857143,112,10.340333333333332,
2015-04-22,4.82,0.0,8.428571428571429,113,10.793333333333333,
2015-04-23,7.81,0.0,7.905714285714287,114,11.044,
2015-04-24,11.68,3.47,8.452857142857143,115,12.153666666666668,
2015-04-25,8.91,10.99,9.712857142857143,116,11.603666666666667,
2015-04-26,9.25,0.0,10.965714285714284,117,11.013333333333332,
2015-04-27,11.23,0.0,11.745714285714286,118,10.667666666666666,
2015-04-28,14.29,0.0,11.981428571428571,119,11.247333333333334,
2015-04-29,13.59,0.01,13.090000000000002,120,11.810666666666666,
2015-04-30,13.27,0.0,14.648571428571428,121,12.266666666666667,
2015-05-01,13.33,0.29,15.282857142857143,122,12.117666666666667,
2015-05-02,16.67,3.01,15.824285714285713,123,12.065333333333335,
2015-05-03,20.16,1.79,16.681428571428572,124,12.464333333333334,
2015-05-04,15.67,8.88,17.642857142857142,125,13.715666666666667,
2015-05-05,18.08,4.75,18.002857142857142,126,14.700666666666667,
2015-05-06,19.59,0.77,17.892857142857142,127,15.049333333333333,
2015-05-07,20.0,2.03,17.485714285714288,128,15.288,
2015-05-08,15.85,0.03,16.714285714285715,129,15.648,
2015-05-09,15.9,0.01,15.745714285714286,130,15.424000000000001,
2015-05-10,17.31,6.98,14.967142857142857,131,15.732666666666667,
2015-05-11,10.27,0.01,14.151428571428571,132,14.824666666666667,
2015-05-12,11.3,0.0,14.51142857142857,133,13.698666666666666,
2015-05-13,14.14,0.53,15.221428571428572,134,13.713333333333335,
2015-05-14,14.29,16.86,15.675714285714287,135,14.930666666666667,
2015-05-15,18.37,0.97,15.622857142857143,136,15.792666666666666,
2015-05-16,20.87,5.17,15.231428571428571,137,16.949,
2015-05-17,20.49,7.04,14.567142857142857,138,16.96,
2015-05-18,9.9,0.01,14.51857142857143,139,16.109666666666666,
2015-05-19,8.56,0.02,14.297142857142859,140,16.488666666666667,
2015-05-20,9.49,2.9,13.81857142857143,141,16.082666666666668,
2015-05-21,13.95,0.01,13.372857142857145,142,16.447666666666667,
2015-05-22,16.82,0.15,14.838571428571429,143,17.717666666666666,
2015-05-23,17.52,0.96,16.158571428571427,144,17.689,
2015-05-24,17.37,15.71,17.612857142857145,145,17.377,
2015-05-25,20.16,13.62,18.47142857142857,146,16.985,
2015-05-26,17.8,15.15,18.95,147,17.367,
2015-05-27,19.67,0.35,18.63714285714286,148,18.245,
2015-05-28,19.96,0.46,18.148571428571426,149,18.587,
2015-05-29,20.17,3.6,17.478571428571428,150,19.214,
2015-05-30,15.33,0.25,17.47142857142857,151,19.67366666666667,
2015-05-31,13.95,0.0,17.425714285714285,152,18.76966666666667,
2015-06-01,15.47,0.0,17.717142857142857,153,18.962666666666667,
2015-06-02,17.75,0.08,18.06142857142857,154,18.642999999999997,
2015-06-03,19.35,3.82,18.802857142857142,155,19.017333333333333,
2015-06-04,22.0,0.28,20.115714285714287,156,19.663999999999998,
2015-06-05,22.58,0.18,21.051428571428573,157,20.015,
2015-06-06,20.52,3.41,22.08142857142857,158,20.389666666666667,
2015-06-07,23.14,14.84,22.795714285714286,159,21.124666666666666,
2015-06-08,22.02,0.0,22.645714285714284,160,20.57633333333333,
2015-06-09,24.96,0.0,22.087142857142858,161,20.773333333333333,
2015-06-10,24.35,2.26,22.09714285714286,162,21.00133333333333,
2015-06-11,20.95,32.68,22.07,163,21.526666666666664,
2015-06-12,18.67,2.94,21.988571428571426,164,21.44333333333333,
2015-06-13,20.59,0.28,21.277142857142856,165,21.556333333333335,
2015-06-14,22.95,4.09,21.05857142857143,166,21.331666666666667,
2015-06-15,21.45,20.7,20.914285714285715,167,21.750999999999998,
2015-06-16,19.98,0.05,21.24857142857143,168,21.923000000000002,
2015-06-17,22.82,2.59,21.607142857142858,169,22.441666666666666,
2015-06-18,19.94,0.0,21.642857142857142,170,22.617,
2015-06-19,21.01,0.01,22.095714285714283,171,22.067666666666664,
2015-06-20,23.1,5.54,22.237142857142857,172,22.64333333333333,
2015-06-21,23.2,0.24,22.03714285714286,173,22.711666666666666,
2015-06-22,24.62,7.65,22.358571428571427,174,22.692333333333334,
2015-06-23,20.97,0.28,22.277142857142856,175,22.369333333333334,
2015-06-24,21.42,38.83,21.992857142857144,176,22.28666666666667,
2015-06-25,22.19,17.41,21.797142857142855,177,22.715333333333334,
2015-06-26,20.44,1.81,21.425714285714285,178,22.841,
2015-06-27,21.11,2.53,21.462857142857143,179,23.119333333333334,
2015-06-28,21.83,6.83,21.264285714285716,180,22.435333333333332,
2015-06-29,22.02,0.15,20.58142857142857,181,22.72233333333333,
2015-06-30,21.23,0.1,20.41857142857143,182,23.016000000000002,
2015-07-01,20.03,0.21,20.341428571428573,183,22.925666666666665,
2015-07-02,17.41,0.0,20.527142857142856,184,22.494666666666667,
2015-07-03,19.3,0.0,20.578571428571426,185,23.086000000000002,
2015-07-04,20.57,0.0,19.97,186,23.35,
2015-07-05,23.13,3.66,19.615714285714287,187,23.333666666666666,
2015-07-06,22.38,25.57,19.975714285714286,188,23.908,
2015-07-07,16.97,0.0,20.322857142857142,189,23.91033333333333,
2015-07-08,17.55,0.02,20.849999999999998,190,23.716333333333335,
2015-07-09,19.93,0.02,21.43857142857143,191,23.563666666666666,
2015-07-10,21.73,0.29,22.142857142857142,192,23.58566666666667,
2015-07-11,24.26,10.95,23.33142857142857,193,23.475666666666665,
2015-07-12,27.25,1.46,24.158571428571427,194,23.613999999999997,
2015-07-13,27.31,0.02,24.75857142857143,195,23.775,
2015-07-14,25.29,0.0,25.55285714285714,196,23.750333333333334,
2015-07-15,23.34,16.75,25.89428571428571,197,24.091,
2015-07-16,24.13,7.47,25.384285714285713,198,24.48933333333333,
2015-07-17,27.29,0.21,24.767142857142858,199,25.218666666666667,
2015-07-18,26.65,0.06,24.13,200,25.182000000000002,
2015-07-19,23.68,0.0,23.837142857142855,201,25.142666666666667,
2015-07-20,22.99,2.13,23.675714285714285,202,24.688333333333333,
2015-07-21,20.83,0.0,23.495714285714286,203,24.159,
2015-07-22,21.29,0.0,23.361428571428572,204,24.09733333333333,
2015-07-23,23.0,0.0,23.609999999999996,205,23.634999999999998,
2015-07-24,26.03,10.65,23.80142857142857,206,23.958333333333332,
2015-07-25,25.71,1.29,24.462857142857143,207,24.35666666666667,
2015-07-26,25.42,12.7,24.484285714285715,208,23.784333333333333,
2015-07-27,24.33,15.1,24.388571428571428,209,23.436333333333334,
2015-07-28,25.46,42.57,24.087142857142858,210,23.39466666666667,
2015-07-29,21.44,0.05,23.777142857142856,211,22.936333333333334,
2015-07-30,22.33,0.01,23.76142857142857,212,23.407333333333334,
2015-07-31,23.92,0.01,23.32,213,23.882,
2015-08-01,23.54,0.06,22.77857142857143,214,24.038,
2015-08-02,25.31,0.84,22.735714285714288,215,23.786,
2015-08-03,21.24,0.0,22.778571428571432,216,23.788333333333334,
2015-08-04,21.67,0.1,22.994285714285713,217,23.070333333333334,
2015-08-05,21.14,0.26,22.87142857142857,218,22.095000000000002,
2015-08-06,22.63,0.0,22.58142857142857,219,22.555999999999997,
2015-08-07,25.43,0.01,22.725714285714282,220,23.384999999999998,
2015-08-08,22.68,29.01,22.762857142857143,221,23.405666666666665,
2015-08-09,23.28,17.69,22.96142857142857,222,23.939,
2015-08-10,22.25,0.32,23.034285714285716,223,23.015666666666668,
2015-08-11,21.93,0.0,22.925714285714285,224,22.470000000000002,
2015-08-12,22.53,0.0,23.148571428571433,225,22.623333333333335,
2015-08-13,23.14,0.0,23.315714285714286,226,22.243999999999996,
2015-08-14,24.67,0.0,23.310000000000002,227,21.991,
2015-08-15,24.24,0.0,23.05,228,21.821,
2015-08-16,24.45,0.19,21.982857142857142,229,22.473666666666666,
2015-08-17,22.21,10.27,21.208571428571428,230,22.349666666666668,
2015-08-18,20.11,40.83,20.599999999999998,231,22.279,
2015-08-19,15.06,0.59,20.244285714285716,232,21.826,
2015-08-20,17.72,0.01,19.03857142857143,233,21.703333333333333,
2015-08-21,20.41,0.01,18.02,234,22.387999999999998,
2015-08-22,21.75,15.4,17.43,235,22.672666666666665,
2015-08-23,16.01,2.88,17.751428571428573,236,22.886000000000003,
2015-08-24,15.08,0.0,17.572857142857142,237,23.147333333333332,
2015-08-25,15.98,0.19,17.417142857142856,238,22.886333333333333,
2015-08-26,17.31,0.0,17.174285714285713,239,23.105999999999998,
2015-08-27,16.47,1.29,17.674285714285713,240,23.144333333333336,
2015-08-28,19.32,50.1,18.759999999999998,241,22.774333333333335,
2015-08-29,20.05,1.46,19.942857142857143,242,22.189,
2015-08-30,19.51,0.01,20.962857142857143,243,21.733333333333334,
2015-08-31,22.68,0.01,22.23,244,21.302666666666667,
2015-09-01,24.26,0.5,23.020000000000003,245,21.451,
2015-09-02,24.45,8.6,23.825714285714287,246,22.022333333333332,
2015-09-03,25.34,0.48,24.814285714285717,247,21.276666666666664,
2015-09-04,24.85,0.0,25.091428571428573,248,21.00433333333333,
2015-09-05,25.69,0.0,24.72714285714286,249,21.005666666666666,
2015-09-06,26.43,5.48,23.985714285714288,250,21.192666666666664,
2015-09-07,24.62,21.26,23.19142857142857,251,20.137,
2015-09-08,21.71,3.79,21.607142857142858,252,19.12933333333333,
2015-09-09,19.26,0.0,19.872857142857146,253,19.55933333333333,
2015-09-10,19.78,0.93,18.307142857142857,254,19.197,
2015-09-11,13.76,0.01,17.591428571428573,255,19.569333333333336,
2015-09-12,13.55,0.0,17.548571428571428,256,19.301,
2015-09-13,15.47,0.0,18.062857142857144,257,18.745333333333335,
2015-09-14,19.61,0.0,18.65,258,17.874333333333333,
2015-09-15,21.41,0.0,18.964285714285715,259,18.199666666666666,
2015-09-16,22.86,1.92,19.020000000000003,260,18.276999999999997,
2015-09-17,23.89,13.19,18.952857142857145,261,18.257,
2015-09-18,15.96,17.55,18.599999999999998,262,17.91466666666667,
2015-09-19,13.94,0.02,18.43857142857143,263,17.648333333333333,
2015-09-20,15.0,0.34,18.087142857142858,264,17.333666666666666,
2015-09-21,17.14,0.06,17.444285714285716,265,16.50766666666667,
2015-09-22,20.28,1.86,17.872857142857146,266,15.752999999999998,
2015-09-23,20.4,5.35,18.54714285714286,267,15.840666666666666,
2015-09-24,19.39,0.12,19.114285714285717,268,15.879666666666667,
2015-09-25,18.96,0.01,19.604285714285712,269,16.085666666666665,
2015-09-26,18.66,0.0,18.915714285714284,270,15.628000000000002,
2015-09-27,18.97,0.0,17.537142857142857,271,15.453666666666667,
2015-09-28,20.57,7.99,16.257142857142856,272,14.340333333333332,
2015-09-29,15.46,13.33,14.934285714285716,273,15.011,
2015-09-30,10.75,0.0,13.654285714285715,274,15.565,
2015-10-01,10.43,0.0,12.295714285714284,275,14.964666666666666,
2015-10-02,9.7,0.01,11.264285714285716,276,14.025,
2015-10-03,9.7,0.0,11.411428571428571,277,13.937999999999999,
2015-10-04,9.46,0.0,12.152857142857142,278,12.959333333333335,
2015-10-05,13.35,0.0,13.142857142857142,279,13.216666666666667,
2015-10-06,16.49,0.0,13.525714285714285,280,13.280666666666667,
2015-10-07,15.94,0.0,13.992857142857142,281,13.126,
2015-10-08,17.36,0.0,15.214285714285714,282,13.387,
2015-10-09,12.38,0.0,15.464285714285714,283,12.320333333333334,
2015-10-10,12.97,0.0,14.822857142857144,284,11.544666666666666,
2015-10-11,18.01,0.0,14.234285714285715,285,12.015333333333333,
2015-10-12,15.1,0.0,13.40857142857143,286,11.498666666666667,
2015-10-13,12.0,0.0,12.485714285714286,287,10.771666666666667,
2015-10-14,11.82,0.0,11.475714285714288,288,10.437000000000001,
2015-10-15,11.58,0.0,10.202857142857143,289,10.093333333333334,
2015-10-16,5.92,0.0,10.192857142857141,290,10.100999999999999,
2015-10-17,5.9,0.0,10.725714285714286,291,10.468,
2015-10-18,9.1,0.0,11.15857142857143,292,9.365,
2015-10-19,15.03,0.0,11.211428571428572,293,9.306333333333333,
2015-10-20,15.73,0.26,12.4,294,9.620000000000001,
2015-10-21,14.85,2.38,13.085714285714285,295,9.548333333333334,
2015-10-22,11.95,1.99,13.028571428571428,296,9.428333333333335,
2015-10-23,14.24,7.55,12.182857142857143,297,9.361666666666668,
2015-10-24,10.7,0.95,11.12142857142857,298,8.323333333333332,
2015-10-25,8.7,0.0,9.904285714285715,299,8.220666666666666,
2015-10-26,9.11,0.05,8.887142857142857,300,7.387333333333333,
2015-10-27,8.3,16.72,7.632857142857143,301,6.560333333333333,
2015-10-28,6.33,0.38,7.318571428571429,302,7.194333333333334,
2015-10-29,4.83,0.05,7.641428571428571,303,7.574,
2015-10-30,5.46,1.11,8.178571428571429,304,6.771333333333333,
2015-10-31,8.5,5.36,8.855714285714287,305,5.3613333333333335,
2015-11-01,10.96,0.0,10.057142857142859,306,5.837000000000001,
2015-11-02,12.87,0.0,11.351428571428572,307,4.904,
2015-11-03,13.04,0.0,11.494285714285713,308,5.098666666666667,
2015-11-04,14.74,0.0,10.94,309,5.049,
2015-11-05,13.89,2.39,10.172857142857143,310,5.129666666666666,
2015-11-06,6.46,0.0,9.105714285714285,311,4.361666666666666,
2015-11-07,4.62,0.0,8.392857142857142,312,3.850333333333333,
2015-11-08,5.59,0.0,7.835714285714287,313,4.254666666666667,
2015-11-09,5.4,0.0,6.630000000000001,314,4.613333333333333,
2015-11-10,8.05,0.01,6.161428571428572,315,3.4196666666666666,
2015-11-11,10.84,13.68,6.438571428571429,316,1.9046666666666667,
2015-11-12,5.45,0.39,6.967142857142858,317,1.7046666666666668,
2015-11-13,3.18,0.01,7.597142857142858,318,2.5083333333333333,
2015-11-14,6.56,0.0,8.248571428571427,319,2.8676666666666666,
2015-11-15,9.29,0.01,7.757142857142857,320,2.585,
2015-11-16,9.81,4.87,7.1899999999999995,321,2.494,
2015-11-17,12.61,10.88,6.557142857142857,322,2.942333333333333,
2015-11-18,7.4,2.63,4.874285714285714,323,2.783666666666667,
2015-11-19,1.48,0.0,3.2028571428571424,324,2.183666666666667,
2015-11-20,-1.25,10.19,1.8657142857142854,325,1.4466666666666665,
2015-11-21,-5.22,0.34,0.33714285714285713,326,1.0430000000000001,
2015-11-22,-2.41,0.01,0.43,327,1.2656666666666667,
2015-11-23,0.45,0.01,0.5728571428571428,328,0.8053333333333333,
2015-11-24,1.91,0.02,0.21857142857142856,329,0.4036666666666667,
2015-11-25,8.05,0.65,0.3814285714285714,330,0.2166666666666667,
2015-11-26,2.48,18.43,0.5728571428571427,331,-0.3006666666666667,
2015-11-27,-3.73,2.8,0.43714285714285694,332,-0.6473333333333334,
2015-11-28,-4.08,0.0,-0.43857142857142867,333,0.04299999999999997,
2015-11-29,-1.07,4.09,-2.04,334,-0.1753333333333333,
2015-11-30,-0.5,8.81,-2.968571428571429,335,-1.3270000000000002,
2015-12-01,-4.22,0.43,-2.63,336,-1.3359999999999999,
2015-12-02,-3.16,0.29,-1.7971428571428572,337,-0.9176666666666667,
2015-12-03,-4.02,0.12,-1.3514285714285716,338,-1.3096666666666665,
2015-12-04,-1.36,0.0,-1.0642857142857145,339,-1.384,
2015-12-05,1.75,0.0,-0.035714285714285844,340,-2.7996666666666665,
2015-12-06,2.05,0.02,1.0885714285714285,341,-3.5756666666666663,
2015-12-07,1.51,0.02,2.775714285714286,342,-3.7616666666666663,
2015-12-08,2.98,0.0,3.59,343,-3.6540000000000004,
2015-12-09,4.71,0.0,4.119999999999999,344,-4.117666666666667,
2015-12-10,7.79,0.08,4.8100000000000005,345,-3.7346666666666666,
2015-12-11,4.34,0.14,4.882857142857142,346,-3.7763333333333335,
2015-12-12,5.46,7.07,4.767142857142857,347,-3.5260000000000002,
2015-12-13,6.88,44.44,4.138571428571429,348,-2.4756666666666667,
2015-12-14,2.02,36.2,2.5414285714285714,349,-3.1086666666666667,
2015-12-15,2.17,1.28,1.191428571428571,350,-3.9536666666666664,
2015-12-16,0.31,0.04,-0.3100000000000002,351,-4.115,
2015-12-17,-3.39,0.0,-0.89,352,-4.723333333333333,
2015-12-18,-5.11,0.0,-1.255714285714286,353,-4.670333333333334,
2015-12-19,-5.05,0.0,-1.6671428571428575,354,-5.029,
2015-12-20,2.82,0.54,-1.5028571428571431,355,-4.147,
2015-12-21,-0.54,0.49,-1.382857142857143,356,-4.393,
2015-12-22,-0.71,0.05,-1.0028571428571431,357,-4.798,
2015-12-23,1.46,17.96,-0.3400000000000002,358,-5.59,
2015-12-24,-2.55,4.41,-1.3871428571428572,359,-6.833333333333333,
2015-12-25,-2.45,0.08,-2.1128571428571434,360,-5.871333333333333,
2015-12-26,-0.41,2.51,-2.98,361,-4.98,
2015-12-27,-4.51,0.25,-4.144285714285714,362,-4.514666666666667,
2015-12-28,-5.62,13.85,-5.202857142857143,363,-4.012666666666666,
2015-12-29,-6.78,0.54,-5.824285714285714,364,-5.275666666666667,
2015-12-30,-6.69,0.98,-6.9142857142857155,365,-4.824666666666667,
2015-12-31,-9.96,0.0,-7.710000000000001,366,-6.896333333333333,
2016-01-01,-6.8,0.0,-8.395714285714286,1,-7.254666666666667,
2016-01-02,-8.04,0.01,-8.17142857142857,2,-6.669333333333333,
2016-01-03,-10.08,0.0,-7.464285714285714,3,-6.372,
2016-01-04,-10.42,0.0,-6.12,4,-7.632000000000001,
2016-01-05,-5.21,0.0,-5.24,5,-7.3629999999999995,
2016-01-06,-1.74,1.52,-6.3428571428571425,6,-7.612666666666667,
2016-01-07,-0.55,8.65,-7.888571428571429,7,-7.635666666666666,
2016-01-08,-0.64,4.57,-7.8357142857142845,8,-6.3966666666666665,
2016-01-09,-15.76,0.01,-9.62857142857143,9,-6.800666666666667,
2016-01-10,-20.9,0.0,-10.370000000000001,10,-6.191666666666666,
2016-01-11,-10.05,0.16,-10.458571428571428,11,-5.321666666666667,
2016-01-12,-17.76,0.02,-11.56857142857143,12,-6.834333333333333,
2016-01-13,-6.93,0.0,-11.58,13,-7.807,
2016-01-14,-1.17,0.0,-11.572857142857144,14,-7.033666666666666,
2016-01-15,-8.41,0.03,-12.572857142857144,15,-8.241333333333333,
2016-01-16,-15.84,0.02,-11.950000000000001,16,-7.281666666666666,
2016-01-17,-20.85,0.0,-12.35,17,-7.789,
2016-01-18,-17.05,0.0,-13.164285714285715,18,-8.385333333333334,
2016-01-19,-13.4,1.01,-13.097142857142858,19,-7.801,
2016-01-20,-9.73,0.02,-11.962857142857144,20,-7.862,
2016-01-21,-6.87,0.4,-9.498571428571429,21,-6.818,
2016-01-22,-7.94,0.18,-7.451428571428572,22,-5.656000000000001,
2016-01-23,-7.9,0.0,-6.262857142857143,23,-6.655666666666667,
2016-01-24,-3.6,0.0,-5.517142857142858,24,-7.19,
2016-01-25,-2.72,2.89,-4.838571428571429,25,-6.602666666666667,
2016-01-26,-5.08,0.01,-3.924285714285714,26,-5.616333333333333,
2016-01-27,-4.51,0.02,-2.5814285714285714,27,-6.115666666666667,
2016-01-28,-2.12,0.0,-1.8542857142857143,28,-5.8726666666666665,
2016-01-29,-1.54,0.0,-1.3800000000000001,29,-7.1626666666666665,
2016-01-30,1.5,0.0,-0.6471428571428571,30,-7.257000000000001,
2016-01-31,1.49,0.06,-0.9457142857142857,31,-5.312333333333333,
2016-02-01,0.6,0.04,-1.5400000000000003,32,-5.570666666666667,
2016-02-02,0.05,13.24,-2.2614285714285716,33,-5.598333333333333,
2016-02-03,-6.6,1.42,-2.7285714285714286,34,-5.522333333333333,
2016-02-04,-6.28,0.02,-2.89,35,-6.5696666666666665,
2016-02-05,-6.59,0.04,-4.104285714285714,36,-5.671666666666667,
2016-02-06,-1.77,0.0,-5.682857142857143,37,-4.662999999999999,
2016-02-07,0.36,0.24,-6.231428571428571,38,-5.294,
2016-02-08,-7.9,0.41,-6.824285714285714,39,-5.605333333333333,
2016-02-09,-11.0,0.01,-7.347142857142857,40,-5.402333333333333,
2016-02-10,-10.44,0.57,-8.891428571428571,41,-5.548666666666667,
2016-02-11,-10.43,0.56,-9.998571428571427,42,-5.828,
2016-02-12,-10.25,0.1,-9.058571428571428,43,-5.614,
2016-02-13,-12.58,0.48,-7.467142857142856,44,-4.276333333333333,
2016-02-14,-7.39,2.13,-6.075714285714286,45,-4.116666666666666,
2016-02-15,-1.32,0.03,-4.0042857142857144,46,-5.044,
2016-02-16,0.14,3.1,-1.2785714285714287,47,-4.468,
2016-02-17,-0.7,0.07,1.1457142857142857,48,-2.9069999999999996,
2016-02-18,4.07,0.0,2.3842857142857143,49,-2.4276666666666666,
2016-02-19,8.83,0.0,2.725714285714286,50,-2.2693333333333334,
2016-02-20,4.39,0.0,3.001428571428572,51,-1.5713333333333332,
2016-02-21,1.28,0.26,3.087142857142857,52,-2.385,
2016-02-22,1.07,0.39,2.3085714285714287,53,-1.8993333333333333,
2016-02-23,2.07,0.08,1.1314285714285715,54,-2.289,
2016-02-24,-0.1,0.0,1.432857142857143,55,-2.667333333333333,
2016-02-25,-1.38,0.01,1.9742857142857144,56,-3.2760000000000002,
2016-02-26,0.59,0.0,1.922857142857143,57,-3.2516666666666665,
2016-02-27,6.5,0.0,0.9928571428571429,58,-3.3603333333333336,
2016-02-28,5.07,0.0,0.6285714285714287,59,-2.131666666666667,
2016-02-29,0.71,1.72,0.7285714285714286,60,1.94125,
2016-03-01,-4.44,0.74,0.71,61,-1.5816666666666666,
2016-03-02,-2.65,0.3,-0.06714285714285714,62,-3.1626666666666665,
2016-03-03,-0.68,0.28,0.23999999999999996,63,-2.8819999999999997,
2016-03-04,0.46,0.1,2.167142857142857,64,-1.1363333333333332,
2016-03-05,1.06,0.0,4.931428571428571,65,-0.13566666666666655,
2016-03-06,7.22,0.04,6.272857142857142,66,0.4623333333333332,
2016-03-07,14.2,0.16,7.281428571428571,67,0.44066666666666665,
2016-03-08,14.91,0.7,8.494285714285713,68,0.748,
2016-03-09,6.74,0.35,9.414285714285715,69,-0.33833333333333326,
2016-03-10,6.38,0.0,9.698571428571428,70,0.44,
2016-03-11,8.95,0.0,9.510000000000002,71,0.871,
2016-03-12,7.5,5.23,9.028571428571428,72,1.326,
2016-03-13,9.21,0.84,8.985714285714286,73,2.741,
2016-03-14,12.88,0.93,8.722857142857142,74,2.949333333333333,
2016-03-15,11.54,11.74,7.535714285714286,75,2.875,
2016-03-16,6.44,0.01,6.454285714285715,76,3.725333333333333,
2016-03-17,4.54,0.01,5.347142857142857,77,3.746,
2016-03-18,0.64,0.02,4.338571428571429,78,3.3153333333333337,
2016-03-19,-0.07,1.2,4.172857142857143,79,3.641,
2016-03-20,1.46,0.06,3.7485714285714287,80,3.9993333333333334,
2016-03-21,5.82,0.0,3.1200000000000006,81,3.7106666666666666,
2016-03-22,10.38,0.04,3.4671428571428575,82,4.115666666666667,
2016-03-23,3.47,12.32,4.257142857142858,83,4.760000000000001,
2016-03-24,0.14,0.9,4.594285714285715,84,4.697,
2016-03-25,3.07,0.03,4.634285714285715,85,4.338333333333334,
2016-03-26,5.46,2.39,4.458571428571429,86,5.436999999999999,
2016-03-27,3.82,0.04,5.722857142857143,87,5.832666666666666,
2016-03-28,6.1,0.0,6.792857142857144,88,5.482,
2016-03-29,9.15,0.38,6.917142857142857,89,6.0793333333333335,
2016-03-30,12.32,7.26,6.382857142857143,90,7.23,
2016-03-31,7.63,4.64,7.43,91,6.647,
2016-04-01,3.94,3.42,7.154285714285714,92,6.444999999999999,
2016-04-02,1.72,0.0,6.571428571428571,93,7.316,
2016-04-03,11.15,0.32,5.792857142857143,94,6.646333333333333,
2016-04-04,4.17,0.0,5.29,95,5.5616666666666665,
2016-04-05,5.07,4.89,4.937142857142858,96,7.396,
2016-04-06,6.87,0.26,4.888571428571429,97,7.986666666666666,
2016-04-07,4.11,1.23,4.728571428571429,98,7.6353333333333335,
2016-04-08,1.47,0.19,4.618571428571428,99,7.1129999999999995,
2016-04-09,1.38,0.0,4.63,100,7.235333333333333,
2016-04-10,10.03,0.31,5.181428571428571,101,8.195333333333334,
2016-04-11,3.4,0.0,6.445714285714287,102,8.320666666666666,
2016-04-12,5.15,0.0,8.427142857142858,103,7.707,
2016-04-13,10.73,0.0,10.721428571428572,104,8.866999999999999,
2016-04-14,12.96,0.0,11.934285714285712,105,10.045666666666667,
2016-04-15,15.34,0.03,13.771428571428572,106,10.124,
2016-04-16,17.44,0.01,15.16,107,9.499666666666666,
2016-04-17,18.52,0.0,15.364285714285714,108,10.244666666666665,
2016-04-18,16.26,2.62,15.291428571428572,109,11.613333333333333,
2016-04-19,14.87,0.99,14.95142857142857,110,10.836666666666668,
2016-04-20,12.16,12.3,14.532857142857143,111,9.832666666666666,
2016-04-21,12.45,2.13,14.531428571428574,112,10.340333333333332,
2016-04-22,12.96,0.13,14.605714285714287,113,10.793333333333333,
2016-04-23,14.51,0.03,14.474285714285713,114,11.044,
2016-04-24,18.51,2.49,14.04857142857143,115,12.153666666666668,
2016-04-25,16.78,0.55,13.704285714285716,116,11.603666666666667,
2016-04-26,13.95,1.42,13.101428571428572,117,11.013333333333332,
2016-04-27,9.18,15.5,12.147142857142857,118,10.667666666666666,
2016-04-28,10.04,1.6,10.527142857142858,119,11.247333333333334,
2016-04-29,8.74,0.05,9.73,120,11.810666666666666,
2016-04-30,7.83,24.19,9.614285714285714,121,12.266666666666667,
2016-05-01,7.17,4.99,10.04857142857143,122,12.117666666666667,
2016-05-02,11.2,0.09,10.537142857142857,123,12.065333333333335,
2016-05-03,13.14,0.04,11.981428571428571,124,12.464333333333334,
2016-05-04,12.22,0.0,13.168571428571427,125,13.715666666666667,
2016-05-05,13.46,0.01,14.324285714285717,126,14.700666666666667,
2016-05-06,18.85,0.0,15.03857142857143,127,15.049333333333333,
2016-05-07,16.14,0.38,15.700000000000001,128,15.288,
2016-05-08,15.26,0.66,16.065714285714286,129,15.648,
2016-05-09,16.2,11.32,15.972857142857142,130,15.424000000000001,
2016-05-10,17.77,1.22,14.780000000000001,131,15.732666666666667,
2016-05-11,14.78,3.79,13.534285714285714,132,14.824666666666667,
2016-05-12,12.81,0.0,12.865714285714287,133,13.698666666666666,
2016-05-13,10.5,4.34,12.108571428571429,134,13.713333333333335,
2016-05-14,7.42,0.0,11.332857142857142,135,14.930666666666667,
2016-05-15,10.58,0.0,11.097142857142856,136,15.792666666666666,
2016-05-16,10.9,0.24,11.35,137,16.949,
2016-05-17,12.34,0.59,11.994285714285713,138,16.96,
2016-05-18,13.13,0.0,13.3,139,16.109666666666666,
2016-05-19,14.58,0.0,14.347142857142858,140,16.488666666666667,
2016-05-20,15.01,0.01,15.542857142857143,141,16.082666666666668,
2016-05-21,16.56,0.0,16.834285714285716,142,16.447666666666667,
2016-05-22,17.91,0.0,17.961428571428574,143,17.717666666666666,
2016-05-23,19.27,1.13,19.018571428571427,144,17.689,
2016-05-24,21.38,5.65,19.864285714285717,145,17.377,
2016-05-25,21.02,10.32,20.304285714285715,146,16.985,
2016-05-26,21.98,12.3,20.68,147,17.367,
2016-05-27,20.93,7.54,21.051428571428573,148,18.245,
2016-05-28,19.64,7.24,20.804285714285715,149,18.587,
2016-05-29,20.54,0.27,20.381428571428568,150,19.214,
2016-05-30,21.87,5.52,19.992857142857144,151,19.67366666666667,
2016-05-31,19.65,10.91,20.09,152,18.76966666666667,
2016-06-01,18.06,0.08,20.024285714285714,153,18.962666666666667,
2016-06-02,19.26,0.01,19.997142857142858,154,18.642999999999997,
2016-06-03,21.61,8.4,19.527142857142856,155,19.017333333333333,
2016-06-04,19.18,1.07,19.22714285714286,156,19.663999999999998,
2016-06-05,20.35,0.02,19.232857142857142,157,20.015,
2016-06-06,18.58,0.0,19.922857142857143,158,20.389666666666667,
2016-06-07,17.55,0.0,20.562857142857144,159,21.124666666666666,
2016-06-08,18.1,0.77,21.497142857142855,160,20.57633333333333,
2016-06-09,24.09,0.63,22.261428571428574,161,20.773333333333333,
2016-06-10,26.09,4.94,23.30857142857143,162,21.00133333333333,
2016-06-11,25.72,5.54,24.464285714285715,163,21.526666666666664,
2016-06-12,25.7,0.41,25.564285714285713,164,21.44333333333333,
2016-06-13,25.91,6.02,25.451428571428576,165,21.556333333333335,
2016-06-14,25.64,10.46,25.132857142857144,166,21.331666666666667,
2016-06-15,25.8,0.48,24.907142857142862,167,21.750999999999998,
2016-06-16,23.3,0.0,24.79,168,21.923000000000002,
2016-06-17,23.86,0.0,24.62142857142857,169,22.441666666666666,
2016-06-18,24.14,0.0,24.322857142857146,170,22.617,
2016-06-19,24.88,0.0,24.457142857142856,171,22.067666666666664,
2016-06-20,24.73,1.24,24.207142857142856,172,22.64333333333333,
2016-06-21,23.55,1.14,24.027142857142856,173,22.711666666666666,
2016-06-22,26.74,4.86,24.252857142857145,174,22.692333333333334,
2016-06-23,21.55,0.01,24.20285714285714,175,22.369333333333334,
2016-06-24,22.6,0.0,24.057142857142857,176,22.28666666666667,
2016-06-25,25.72,1.69,23.727142857142855,177,22.715333333333334,
2016-06-26,24.53,8.86,22.52285714285714,178,22.841,
2016-06-27,23.71,0.01,22.46142857142857,179,23.119333333333334,
2016-06-28,21.24,0.0,21.97142857142857,180,22.435333333333332,
2016-06-29,18.31,4.17,20.854285714285716,181,22.72233333333333,
2016-06-30,21.12,6.46,20.009999999999998,182,23.016000000000002,
2016-07-01,19.17,0.04,19.62,183,22.925666666666665,
2016-07-02,17.9,1.06,20.138571428571428,184,22.494666666666667,
2016-07-03,18.62,0.03,21.145714285714288,185,23.086000000000002,
2016-07-04,20.98,0.01,21.654285714285713,186,23.35,
2016-07-05,24.87,4.84,22.197142857142858,187,23.333666666666666,
2016-07-06,25.36,14.14,22.97714285714286,188,23.908,
2016-07-07,24.68,4.93,23.919999999999998,189,23.91033333333333,
2016-07-08,22.97,0.08,24.821428571428573,190,23.716333333333335,
2016-07-09,23.36,0.01,24.71,191,23.563666666666666,
2016-07-10,25.22,10.29,24.60285714285714,192,23.58566666666667,
2016-07-11,27.29,4.71,24.304285714285715,193,23.475666666666665,
2016-07-12,24.09,18.35,23.871428571428574,194,23.613999999999997,
2016-07-13,24.61,4.37,23.68142857142857,195,23.775,
2016-07-14,22.59,0.0,23.638571428571428,196,23.750333333333334,
2016-07-15,19.94,0.02,23.117142857142856,197,24.091,
2016-07-16,22.03,5.06,23.12857142857143,198,24.48933333333333,
2016-07-17,24.92,24.98,23.47857142857143,199,25.218666666666667,
2016-07-18,23.64,6.1,24.25857142857143,200,25.182000000000002,
2016-07-19,24.17,32.59,25.25714285714286,201,25.142666666666667,
2016-07-20,27.06,0.97,25.939999999999998,202,24.688333333333333,
2016-07-21,28.05,0.07,25.981428571428573,203,24.159,
2016-07-22,26.93,0.33,25.944285714285716,204,24.09733333333333,
2016-07-23,26.81,1.07,25.985714285714288,205,23.634999999999998,
2016-07-24,25.21,0.03,25.547142857142855,206,23.958333333333332,
2016-07-25,23.38,0.0,24.758571428571425,207,24.35666666666667,
2016-07-26,24.46,0.0,23.814285714285717,208,23.784333333333333,
2016-07-27,23.99,0.13,23.122857142857146,209,23.436333333333334,
2016-07-28,22.53,0.07,22.97714285714286,210,23.39466666666667,
2016-07-29,20.32,0.23,22.985714285714288,211,22.936333333333334,
2016-07-30,21.97,0.35,22.9,212,23.407333333333334,
2016-07-31,24.19,0.44,23.2,213,23.882,
2016-08-01,23.44,6.12,23.79714285714286,214,24.038,
2016-08-02,23.86,5.03,23.99285714285714,215,23.786,
2016-08-03,26.09,0.16,23.86285714285714,216,23.788333333333334,
2016-08-04,26.71,11.49,23.527142857142856,217,23.070333333333334,
2016-08-05,21.69,1.93,23.412857142857142,218,22.095000000000002,
2016-08-06,21.06,0.01,23.657142857142862,219,22.555999999999997,
2016-08-07,21.84,0.07,23.751428571428573,220,23.384999999999998,
2016-08-08,22.64,0.0,23.812857142857144,221,23.405666666666665,
2016-08-09,25.57,0.0,24.195714285714285,222,23.939,
2016-08-10,26.75,8.88,24.37857142857143,223,23.015666666666668,
2016-08-11,27.14,27.22,24.45,224,22.470000000000002,
2016-08-12,24.37,29.21,24.32714285714286,225,22.623333333333335,
2016-08-13,22.34,0.67,23.937142857142856,226,22.243999999999996,
2016-08-14,22.34,0.16,23.562857142857144,227,21.991,
2016-08-15,21.78,0.0,23.28857142857143,228,21.821,
2016-08-16,22.84,5.03,23.252857142857145,229,22.473666666666666,
2016-08-17,24.13,3.94,22.74857142857143,230,22.349666666666668,
2016-08-18,25.22,0.19,22.117142857142856,231,22.279,
2016-08-19,24.12,14.66,21.91,232,21.826,
2016-08-20,18.81,19.96,21.827142857142857,233,21.703333333333333,
2016-08-21,17.92,0.0,21.67142857142857,234,22.387999999999998,
2016-08-22,20.33,0.0,21.02285714285714,235,22.672666666666665,
2016-08-23,22.26,2.79,20.22714285714286,236,22.886000000000003,
2016-08-24,23.04,3.42,20.63,237,23.147333333333332,
2016-08-25,20.68,0.47,21.417142857142856,238,22.886333333333333,
2016-08-26,18.55,2.64,21.84142857142857,239,23.105999999999998,
2016-08-27,21.63,0.59,21.93857142857143,240,23.144333333333336,
2016-08-28,23.43,0.33,21.487142857142857,241,22.774333333333335,
2016-08-29,23.3,7.23,21.19142857142857,242,22.189,
2016-08-30,22.94,2.19,21.15142857142857,243,21.733333333333334,
2016-08-31,19.88,0.0,20.73,244,21.302666666666667,
2016-09-01,18.61,0.0,20.38714285714286,245,21.451,
2016-09-02,18.27,0.01,20.607142857142858,246,22.022333333333332,
2016-09-03,18.68,0.0,21.235714285714288,247,21.276666666666664,
2016-09-04,21.03,0.09,21.93285714285714,248,21.00433333333333,
2016-09-05,24.84,0.27,22.55142857142857,249,21.005666666666666,
2016-09-06,27.34,0.91,23.15142857142857,250,21.192666666666664,
2016-09-07,24.76,21.12,22.83142857142857,251,20.137,
2016-09-08,22.94,0.52,22.37714285714286,252,19.12933333333333,
2016-09-09,22.47,15.98,21.801428571428573,253,19.55933333333333,
2016-09-10,16.44,0.23,20.38714285714286,254,19.197,
2016-09-11,17.85,0.07,19.29,255,19.569333333333336,
2016-09-12,20.81,2.78,19.00142857142857,256,19.301,
2016-09-13,17.44,3.34,18.667142857142856,257,18.745333333333335,
2016-09-14,17.08,0.03,18.83142857142857,258,17.874333333333333,
2016-09-15,20.92,44.2,19.009999999999998,259,18.199666666666666,
2016-09-16,20.13,6.8,19.092857142857145,260,18.276999999999997,
2016-09-17,17.59,0.0,19.747142857142858,261,18.257,
2016-09-18,19.1,0.01,20.91142857142857,262,17.91466666666667,
2016-09-19,21.39,0.53,21.37,263,17.648333333333333,
2016-09-20,22.02,0.02,21.895714285714288,264,17.333666666666666,
2016-09-21,25.23,5.63,22.65857142857143,265,16.50766666666667,
2016-09-22,24.13,19.35,22.388571428571424,266,15.752999999999998,
2016-09-23,23.81,5.08,21.265714285714285,267,15.840666666666666,
2016-09-24,22.93,6.6,20.05,268,15.879666666666667,
2016-09-25,17.21,15.16,18.14428571428571,269,16.085666666666665,
2016-09-26,13.53,0.0,16.71,270,15.628000000000002,
2016-09-27,13.51,0.01,15.335714285714285,271,15.453666666666667,
2016-09-28,11.89,0.0,14.22285714285714,272,14.340333333333332,
2016-09-29,14.09,0.0,14.018571428571429,273,15.011,
2016-09-30,14.19,0.12,14.395714285714286,274,15.565,
2016-10-01,15.14,0.07,15.104285714285712,275,14.964666666666666,
2016-10-02,15.78,0.0,15.812857142857144,276,14.025,
2016-10-03,16.17,0.01,16.135714285714286,277,13.937999999999999,
2016-10-04,18.47,4.65,15.411428571428573,278,12.959333333333335,
2016-10-05,16.85,1.03,14.900000000000002,279,13.216666666666667,
2016-10-06,16.35,3.82,14.221428571428573,280,13.280666666666667,
2016-10-07,9.12,0.0,13.767142857142858,281,13.126,
2016-10-08,11.56,0.01,13.504285714285714,282,13.387,
2016-10-09,11.03,0.0,12.117142857142856,283,12.320333333333334,
2016-10-10,12.99,3.88,10.655714285714286,284,11.544666666666666,
2016-10-11,16.63,0.06,11.06,285,12.015333333333333,
2016-10-12,7.14,1.5,11.95,286,11.498666666666667,
2016-10-13,6.12,0.0,13.139999999999999,287,10.771666666666667,
2016-10-14,11.95,0.04,14.290000000000001,288,10.437000000000001,
2016-10-15,17.79,0.44,14.037142857142856,289,10.093333333333334,
2016-10-16,19.36,0.04,14.94,290,10.100999999999999,
2016-10-17,21.04,0.0,15.129999999999999,291,10.468,
2016-10-18,14.86,0.0,14.484285714285713,292,9.365,
2016-10-19,13.46,0.01,13.455714285714285,293,9.306333333333333,
2016-10-20,7.45,0.0,12.387142857142857,294,9.620000000000001,
2016-10-21,7.43,0.0,10.684285714285712,295,9.548333333333334,
2016-10-22,10.59,0.0,10.031428571428572,296,9.428333333333335,
2016-10-23,11.88,0.0,9.782857142857143,297,9.361666666666668,
2016-10-24,9.12,0.0,9.941428571428572,298,8.323333333333332,
2016-10-25,10.29,4.73,11.171428571428569,299,8.220666666666666,
2016-10-26,11.72,5.42,11.778571428571427,300,7.387333333333333,
2016-10-27,8.56,0.0,11.421428571428573,301,6.560333333333333,
2016-10-28,16.04,0.08,11.931428571428572,302,7.194333333333334,
2016-10-29,14.84,0.14,12.564285714285715,303,7.574,
2016-10-30,9.38,0.0,12.725714285714286,304,6.771333333333333,
2016-10-31,12.69,0.0,13.232857142857142,305,5.3613333333333335,
2016-11-01,14.72,1.45,12.622857142857145,306,5.837000000000001,
2016-11-02,12.85,3.44,12.305714285714286,307,4.904,
2016-11-03,12.11,0.0,12.56142857142857,308,5.098666666666667,
2016-11-04,11.77,0.0,12.107142857142858,309,5.049,
2016-11-05,12.62,0.0,11.282857142857141,310,5.129666666666666,
2016-11-06,11.17,0.0,10.404285714285715,311,4.361666666666666,
2016-11-07,9.51,0.0,9.987142857142857,312,3.850333333333333,
2016-11-08,8.95,0.0,9.112857142857143,313,4.254666666666667,
2016-11-09,6.7,0.0,7.931428571428571,314,4.613333333333333,
2016-11-10,9.19,0.0,7.339999999999999,315,3.4196666666666666,
2016-11-11,5.65,0.0,7.1257142857142854,316,1.9046666666666667,
2016-11-12,4.35,0.0,7.0128571428571425,317,1.7046666666666668,
2016-11-13,7.03,0.0,7.322857142857143,318,2.5083333333333333,
2016-11-14,8.01,0.0,7.944285714285713,319,2.8676666666666666,
2016-11-15,8.16,0.0,7.931428571428571,320,2.585,
2016-11-16,8.87,0.0,7.082857142857143,321,2.494,
2016-11-17,13.54,0.0,5.755714285714285,322,2.942333333333333,
2016-11-18,5.56,0.09,4.622857142857143,323,2.783666666666667,
2016-11-19,-1.59,0.0,3.7399999999999998,324,2.183666666666667,
2016-11-20,-2.26,0.0,2.778571428571429,325,1.4466666666666665,
2016-11-21,0.08,0.0,1.0757142857142858,326,1.0430000000000001,
2016-11-22,1.98,11.15,0.4671428571428572,327,1.2656666666666667,
2016-11-23,2.14,5.92,1.225714285714286,328,0.8053333333333333,
2016-11-24,1.62,0.02,2.225714285714286,329,0.4036666666666667,
2016-11-25,1.3,0.0,3.551428571428571,330,0.2166666666666667,
2016-11-26,3.72,0.0,3.585714285714286,331,-0.3006666666666667,
2016-11-27,4.74,11.35,3.327142857142857,332,-0.6473333333333334,
2016-11-28,9.36,0.78,3.1142857142857148,333,0.04299999999999997,
2016-11-29,2.22,0.01,2.9542857142857146,334,-0.1753333333333333,
2016-11-30,0.33,0.56,2.4057142857142857,335,-1.3270000000000002,
2016-12-01,0.13,0.02,1.7442857142857144,336,-1.3359999999999999,
2016-12-02,0.18,0.0,0.5485714285714288,337,-0.9176666666666667,
2016-12-03,-0.12,2.53,-0.2985714285714283,338,-1.3096666666666665,
2016-12-04,0.11,7.14,-1.3214285714285712,339,-1.384,
2016-12-05,0.99,0.44,-2.5742857142857143,340,-2.7996666666666665,
2016-12-06,-3.71,0.42,-3.914285714285714,341,-3.5756666666666663,
2016-12-07,-6.83,0.01,-4.768571428571428,342,-3.7616666666666663,
2016-12-08,-8.64,0.0,-5.327142857142857,343,-3.6540000000000004,
2016-12-09,-9.2,0.0,-6.752857142857143,344,-4.117666666666667,
2016-12-10,-6.1,1.43,-7.838571428571428,345,-3.7346666666666666,
2016-12-11,-3.8,0.29,-8.304285714285715,346,-3.7763333333333335,
2016-12-12,-8.99,0.0,-9.162857142857144,347,-3.5260000000000002,
2016-12-13,-11.31,0.0,-9.184285714285712,348,-2.4756666666666667,
2016-12-14,-10.09,0.0,-10.181428571428572,349,-3.1086666666666667,
2016-12-15,-14.65,0.0,-12.545714285714286,350,-3.9536666666666664,
2016-12-16,-9.35,1.1,-13.040000000000001,351,-4.115,
2016-12-17,-13.08,0.62,-12.044285714285715,352,-4.723333333333333,
2016-12-18,-20.35,0.0,-10.664285714285715,353,-4.670333333333334,
2016-12-19,-12.45,0.19,-8.812857142857142,354,-5.029,
2016-12-20,-4.34,0.07,-7.49,355,-4.147,
2016-12-21,-0.43,0.02,-5.797142857142857,356,-4.393,
2016-12-22,-1.69,0.0,-2.5385714285714287,357,-4.798,
2016-12-23,-0.09,5.97,-0.9799999999999999,358,-5.59,
2016-12-24,-1.23,0.08,-0.6828571428571427,359,-6.833333333333333,
2016-12-25,2.46,13.5,-0.6371428571428571,360,-5.871333333333333,
2016-12-26,-1.54,0.0,-0.4657142857142857,361,-4.98,
2016-12-27,-2.26,0.0,-0.5942857142857143,362,-4.514666666666667,
2016-12-28,-0.11,0.01,-0.8071428571428572,363,-4.012666666666666,
2016-12-29,-0.49,0.0,-1.7599999999999998,364,-5.275666666666667,
2016-12-30,-0.99,0.01,-1.6685714285714286,365,-4.824666666666667,
2016-12-31,-2.72,0.0,-2.2742857142857145,366,-6.896333333333333,
2017-01-01,-4.21,0.0,-4.251428571428571,1,-7.254666666666667,
2017-01-02,-0.9,2.56,-6.258571428571428,2,-6.669333333333333,
2017-01-03,-6.5,0.0,-8.225714285714286,3,-6.372,
2017-01-04,-13.95,0.02,-9.605714285714285,4,-7.632000000000001,
2017-01-05,-14.54,0.0,-10.820000000000002,5,-7.3629999999999995,
2017-01-06,-14.76,0.0,-11.537142857142856,6,-7.612666666666667,
2017-01-07,-12.38,0.0,-10.981428571428571,7,-7.635666666666666,
2017-01-08,-12.71,0.0,-9.858571428571429,8,-6.3966666666666665,
2017-01-09,-5.92,0.04,-9.141428571428571,9,-6.800666666666667,
2017-01-10,-2.61,10.65,-8.537142857142857,10,-6.191666666666666,
2017-01-11,-6.09,0.06,-7.452857142857143,11,-5.321666666666667,
2017-01-12,-9.52,0.17,-6.08,12,-6.834333333333333,
2017-01-13,-10.53,0.02,-5.348571428571428,13,-7.807,
2017-01-14,-4.79,0.0,-5.297142857142857,14,-7.033666666666666,
2017-01-15,-3.1,1.07,-4.71,15,-8.241333333333333,
2017-01-16,-0.8,15.73,-3.281428571428571,16,-7.281666666666666,
2017-01-17,-2.25,0.3,-1.57,17,-7.789,
2017-01-18,-1.98,0.19,-0.5571428571428572,18,-8.385333333333334,
2017-01-19,0.48,0.56,-0.05571428571428576,19,-7.801,
2017-01-20,1.45,1.98,-0.10142857142857149,20,-7.862,
2017-01-21,2.3,2.01,0.07142857142857137,21,-6.818,
2017-01-22,0.41,0.18,0.18428571428571422,22,-5.656000000000001,
2017-01-23,-1.12,0.1,-0.35571428571428576,23,-6.655666666666667,
2017-01-24,-1.04,4.4,-1.2285714285714289,24,-7.19,
2017-01-25,-1.19,2.76,-2.0100000000000002,25,-6.602666666666667,
2017-01-26,-3.3,0.05,-2.3771428571428572,26,-5.616333333333333,
2017-01-27,-4.66,0.02,-2.084285714285714,27,-6.115666666666667,
2017-01-28,-3.17,0.01,-1.8285714285714285,28,-5.8726666666666665,
2017-01-29,-2.16,0.01,-2.0885714285714285,29,-7.1626666666666665,
2017-01-30,0.93,0.02,-2.9185714285714286,30,-7.257000000000001,
2017-01-31,0.75,0.0,-3.37,31,-5.312333333333333,
2017-02-01,-3.01,0.0,-3.2714285714285714,32,-5.570666666666667,
2017-02-02,-9.11,0.0,-3.347142857142857,33,-5.598333333333333,
2017-02-03,-7.82,0.0,-3.222857142857143,34,-5.522333333333333,
2017-02-04,-2.48,0.0,-3.451428571428571,35,-6.5696666666666665,
2017-02-05,-2.69,0.01,-4.231428571428571,36,-5.671666666666667,
2017-02-06,1.8,0.02,-4.274285714285715,37,-4.662999999999999,
2017-02-07,-0.85,0.18,-3.0485714285714285,38,-5.294,
2017-02-08,-8.47,1.6,-2.132857142857143,39,-5.605333333333333,
2017-02-09,-9.41,0.0,-1.5214285714285716,40,-5.402333333333333,
2017-02-10,0.76,0.01,-1.5271428571428574,41,-5.548666666666667,
2017-02-11,3.93,0.25,-1.1985714285714286,42,-5.828,
2017-02-12,1.59,0.35,-0.12714285714285709,43,-5.614,
2017-02-13,1.76,0.13,1.8285714285714287,44,-4.276333333333333,
2017-02-14,1.45,0.0,2.792857142857143,45,-4.116666666666666,
2017-02-15,-0.97,0.0,3.255714285714286,46,-5.044,
2017-02-16,4.28,0.0,4.434285714285714,47,-4.468,
2017-02-17,7.51,0.06,5.7700000000000005,48,-2.9069999999999996,
2017-02-18,7.17,0.0,6.635714285714285,49,-2.4276666666666666,
2017-02-19,9.84,0.03,8.19,50,-2.2693333333333334,
2017-02-20,11.11,13.2,8.067142857142857,51,-1.5713333333333332,
2017-02-21,7.51,0.28,6.6985714285714275,52,-2.385,
2017-02-22,9.91,0.02,4.9399999999999995,53,-1.8993333333333333,
2017-02-23,3.42,6.91,3.478571428571428,54,-2.289,
2017-02-24,-2.07,6.19,2.2128571428571426,55,-2.667333333333333,
2017-02-25,-5.14,0.13,2.012857142857143,56,-3.2760000000000002,
2017-02-26,-0.39,0.05,0.7485714285714286,57,-3.2516666666666665,
2017-02-27,2.25,0.39,-0.16142857142857148,58,-3.3603333333333336,
2017-02-28,6.11,1.07,-0.1885714285714286,59,-2.131666666666667,
2017-03-01,1.06,0.08,1.0657142857142856,61,-1.5816666666666666,
2017-03-02,-2.95,0.05,2.584285714285714,62,-3.1626666666666665,
2017-03-03,-2.26,0.01,4.371428571428571,63,-2.8819999999999997,
2017-03-04,3.64,0.0,4.197142857142857,64,-1.1363333333333332,
2017-03-05,10.24,0.03,4.4399999999999995,65,-0.13566666666666655,
2017-03-06,14.76,8.55,4.865714285714285,66,0.4623333333333332,
2017-03-07,4.89,0.0,4.482857142857143,67,0.44066666666666665,
2017-03-08,2.76,0.0,3.344285714285714,68,0.748,
2017-03-09,0.03,0.0,1.341428571428571,69,-0.33833333333333326,
2017-03-10,-4.94,0.22,-1.2942857142857147,70,0.44,
2017-03-11,-4.33,0.07,-2.905714285714286,71,0.871,
2017-03-12,-3.78,5.18,-3.962857142857143,72,1.326,
2017-03-13,-3.69,1.14,-3.6957142857142857,73,2.741,
2017-03-14,-6.39,0.24,-2.025714285714286,74,2.949333333333333,
2017-03-15,-4.64,0.02,-1.0714285714285716,75,2.875,
2017-03-16,1.9,0.0,0.7028571428571428,76,3.725333333333333,
2017-03-17,6.75,0.01,2.6999999999999997,77,3.746,
2017-03-18,2.35,0.0,4.06,78,3.3153333333333337,
2017-03-19,8.64,0.0,4.8185714285714285,79,3.641,
2017-03-20,10.29,0.01,5.675714285714285,80,3.9993333333333334,
2017-03-21,3.13,0.85,6.168571428571427,81,3.7106666666666666,
2017-03-22,0.67,0.01,6.447142857142857,82,4.115666666666667,
2017-03-23,7.9,0.14,6.019999999999999,83,4.760000000000001,
2017-03-24,10.2,6.23,5.627142857142857,84,4.697,
2017-03-25,4.3,12.94,6.362857142857142,85,4.338333333333334,
2017-03-26,5.65,0.42,7.017142857142858,86,5.436999999999999,
2017-03-27,7.54,0.07,6.6,87,5.832666666666666,
2017-03-28,8.28,0.01,5.895714285714285,88,5.482,
2017-03-29,5.25,28.69,6.432857142857143,89,6.0793333333333335,
2017-03-30,4.98,0.12,6.83142857142857,90,7.23,
2017-03-31,5.27,0.01,7.018571428571428,91,6.647,
2017-04-01,8.06,0.05,7.2057142857142855,92,6.444999999999999,
2017-04-02,8.44,1.23,7.462857142857142,93,7.316,
2017-04-03,8.85,14.13,7.591428571428572,94,6.646333333333333,
2017-04-04,9.59,1.26,7.9142857142857155,95,5.5616666666666665,
2017-04-05,7.05,3.72,8.788571428571428,96,7.396,
2017-04-06,5.88,0.0,10.14857142857143,97,7.986666666666666,
2017-04-07,7.53,0.01,10.427142857142858,98,7.6353333333333335,
2017-04-08,14.18,0.0,10.281428571428572,99,7.1129999999999995,
2017-04-09,17.96,0.21,10.93142857142857,100,7.235333333333333,
2017-04-10,10.8,0.18,12.311428571428573,101,8.195333333333334,
2017-04-11,8.57,0.0,13.67,102,8.320666666666666,
2017-04-12,11.6,1.19,14.315714285714284,103,7.707,
2017-04-13,15.54,1.02,13.83,104,8.866999999999999,
2017-04-14,17.04,9.83,14.362857142857141,105,10.045666666666667,
2017-04-15,18.7,14.71,15.42,106,10.124,
2017-04-16,14.56,0.01,15.93857142857143,107,9.499666666666666,
2017-04-17,14.53,0.02,15.214285714285714,108,10.244666666666665,
2017-04-18,15.97,0.88,14.055714285714288,109,11.613333333333333,
2017-04-19,15.23,9.9,13.054285714285715,110,10.836666666666668,
2017-04-20,10.47,0.03,12.9,111,9.832666666666666,
2017-04-21,8.93,0.07,12.892857142857142,112,10.340333333333332,
2017-04-22,11.69,0.0,12.84142857142857,113,10.793333333333333,
2017-04-23,13.48,0.0,11.65,114,11.044,
2017-04-24,14.48,0.0,10.94,115,12.153666666666668,
2017-04-25,15.61,0.79,10.395714285714288,116,11.603666666666667,
2017-04-26,6.89,0.56,9.5,117,11.013333333333332,
2017-04-27,5.5,0.03,8.394285714285713,118,10.667666666666666,
2017-04-28,5.12,8.26,7.054285714285714,119,11.247333333333334,
2017-04-29,5.42,7.32,6.117142857142857,120,11.810666666666666,
2017-04-30,5.74,20.77,6.541428571428571,121,12.266666666666667,
2017-05-01,5.1,5.51,7.484285714285714,122,12.117666666666667,
2017-05-02,9.05,0.0,8.879999999999999,123,12.065333333333335,
2017-05-03,9.86,0.03,10.20142857142857,124,12.464333333333334,
2017-05-04,12.1,0.0,11.597142857142856,125,13.715666666666667,
2017-05-05,14.89,0.0,13.582857142857142,126,14.700666666666667,
2017-05-06,14.67,0.0,15.14857142857143,127,15.049333333333333,
2017-05-07,15.51,0.01,16.02285714285714,128,15.288,
2017-05-08,19.0,1.8,16.445714285714285,129,15.648,
2017-05-09,20.01,4.02,16.529999999999998,130,15.424000000000001,
2017-05-10,15.98,17.77,17.072857142857142,131,15.732666666666667,
2017-05-11,15.06,0.0,17.77285714285714,132,14.824666666666667,
2017-05-12,15.48,0.0,18.268571428571427,133,13.698666666666666,
2017-05-13,18.47,0.0,18.765714285714285,134,13.713333333333335,
2017-05-14,20.41,0.0,19.33857142857143,135,14.930666666666667,
2017-05-15,22.47,0.92,19.375714285714285,136,15.792666666666666,
2017-05-16,23.49,11.03,18.58857142857143,137,16.949,
2017-05-17,19.99,13.86,17.787142857142857,138,16.96,
2017-05-18,15.32,0.13,16.332857142857144,139,16.109666666666666,
2017-05-19,9.97,23.15,15.187142857142858,140,16.488666666666667,
2017-05-20,12.86,4.98,13.618571428571427,141,16.082666666666668,
2017-05-21,10.23,0.08,12.631428571428572,142,16.447666666666667,
2017-05-22,14.45,1.28,12.644285714285715,143,17.717666666666666,
2017-05-23,12.51,4.49,13.892857142857142,144,17.689,
2017-05-24,13.08,0.4,14.610000000000001,145,17.377,
2017-05-25,15.41,0.0,15.665714285714285,146,16.985,
2017-05-26,18.71,0.63,15.91,147,17.367,
2017-05-27,17.88,8.5,16.38857142857143,148,18.245,
2017-05-28,17.62,0.05,16.924285714285713,149,18.587,
2017-05-29,16.16,0.24,17.552857142857142,150,19.214,
2017-05-30,15.86,0.01,18.09285714285714,151,19.67366666666667,
2017-05-31,16.83,0.0,19.025714285714287,152,18.76966666666667,
2017-06-01,19.81,0.02,20.035714285714285,153,18.962666666666667,
2017-06-02,22.49,0.14,20.897142857142857,154,18.642999999999997,
2017-06-03,24.41,0.04,21.57714285714286,155,19.017333333333333,
2017-06-04,24.69,0.08,22.085714285714285,156,19.663999999999998,
2017-06-05,22.19,0.0,22.359999999999996,157,20.015,
2017-06-06,20.62,0.0,22.435714285714287,158,20.389666666666667,
2017-06-07,20.39,0.0,22.617142857142856,159,21.124666666666666,
2017-06-08,21.73,1.02,23.047142857142855,160,20.57633333333333,
2017-06-09,23.02,0.12,23.818571428571428,161,20.773333333333333,
2017-06-10,25.68,0.0,24.83857142857143,162,21.00133333333333,
2017-06-11,27.7,0.01,25.428571428571427,163,21.526666666666664,
2017-06-12,27.59,0.85,25.97,164,21.44333333333333,
2017-06-13,27.76,3.79,26.177142857142858,165,21.556333333333335,
2017-06-14,24.52,15.25,25.557142857142857,166,21.331666666666667,
2017-06-15,25.52,0.7,24.400000000000002,167,21.750999999999998,
2017-06-16,24.47,9.64,23.361428571428572,168,21.923000000000002,
2017-06-17,21.34,1.44,22.618571428571425,169,22.441666666666666,
2017-06-18,19.6,0.8,22.474285714285713,170,22.617,
2017-06-19,20.32,0.39,22.568571428571428,171,22.067666666666664,
2017-06-20,22.56,0.58,21.91857142857143,172,22.64333333333333,
2017-06-21,23.51,3.9,21.448571428571427,173,22.711666666666666,
2017-06-22,26.18,6.7,21.017142857142858,174,22.692333333333334,
2017-06-23,19.92,2.64,20.517142857142858,175,22.369333333333334,
2017-06-24,18.05,0.01,20.05857142857143,176,22.28666666666667,
2017-06-25,16.58,0.05,20.162857142857142,177,22.715333333333334,
2017-06-26,16.82,2.05,19.65285714285714,178,22.841,
2017-06-27,19.35,0.0,19.900000000000002,179,23.119333333333334,
2017-06-28,24.24,13.18,20.274285714285714,180,22.435333333333332,
2017-06-29,22.61,2.18,21.28,181,22.72233333333333,
2017-06-30,21.65,4.78,22.418571428571425,182,23.016000000000002,
2017-07-01,20.67,1.18,23.22714285714286,183,22.925666666666665,
2017-07-02,23.62,0.4,23.390000000000004,184,22.494666666666667,
2017-07-03,24.79,0.92,24.07,185,23.086000000000002,
2017-07-04,25.01,1.48,24.515714285714285,186,23.35,
2017-07-05,25.38,0.2,25.072857142857142,187,23.333666666666666,
2017-07-06,27.37,0.04,25.571428571428573,188,23.908,
2017-07-07,24.77,0.01,25.995714285714286,189,23.91033333333333,
2017-07-08,24.57,0.0,26.389999999999997,190,23.716333333333335,
2017-07-09,27.11,1.23,26.75857142857143,191,23.563666666666666,
2017-07-10,27.76,2.2,26.291428571428572,192,23.58566666666667,
2017-07-11,27.77,3.04,25.98857142857143,193,23.475666666666665,
2017-07-12,27.96,5.18,26.315714285714286,194,23.613999999999997,
2017-07-13,24.1,1.35,26.34142857142857,195,23.775,
2017-07-14,22.65,0.0,26.34857142857143,196,23.750333333333334,
2017-07-15,26.86,0.0,26.45,197,24.091,
2017-07-16,27.29,0.0,26.677142857142854,198,24.48933333333333,
2017-07-17,27.81,0.12,27.417142857142856,199,25.218666666666667,
2017-07-18,28.48,0.77,28.328571428571426,200,25.182000000000002,
2017-07-19,29.55,0.62,28.49857142857143,201,25.142666666666667,
2017-07-20,29.28,11.01,28.25,202,24.688333333333333,
2017-07-21,29.03,10.05,27.63571428571429,203,24.159,
2017-07-22,28.05,0.12,27.455714285714286,204,24.09733333333333,
2017-07-23,25.55,0.0,26.865714285714287,205,23.634999999999998,
2017-07-24,23.51,0.0,26.292857142857144,206,23.958333333333332,
2017-07-25,27.22,0.01,25.63714285714286,207,24.35666666666667,
2017-07-26,25.42,3.93,24.982857142857142,208,23.784333333333333,
2017-07-27,25.27,0.02,24.67142857142857,209,23.436333333333334,
2017-07-28,24.44,0.0,24.635714285714283,210,23.39466666666667,
2017-07-29,23.47,0.0,24.361428571428572,211,22.936333333333334,
2017-07-30,23.37,0.0,24.305714285714288,212,23.407333333333334,
2017-07-31,23.26,0.0,23.65285714285714,213,23.882,
2017-08-01,25.3,2.36,22.970000000000002,214,24.038,
2017-08-02,25.03,1.17,22.572857142857146,215,23.786,
2017-08-03,20.7,7.9,22.271428571428572,216,23.788333333333334,
2017-08-04,19.66,0.0,22.017142857142858,217,23.070333333333334,
2017-08-05,20.69,0.08,21.58857142857143,218,22.095000000000002,
2017-08-06,21.26,0.58,21.245714285714286,219,22.555999999999997,
2017-08-07,21.48,0.3,21.724285714285713,220,23.384999999999998,
2017-08-08,22.3,0.0,21.965714285714284,221,23.405666666666665,
2017-08-09,22.63,0.4,22.174285714285713,222,23.939,
2017-08-10,24.05,0.45,22.224285714285713,223,23.015666666666668,
2017-08-11,21.35,0.18,22.36142857142857,224,22.470000000000002,
2017-08-12,22.15,0.0,22.445714285714285,225,22.623333333333335,
2017-08-13,21.61,0.3,22.534285714285716,226,22.243999999999996,
2017-08-14,22.44,13.3,22.29,227,21.991,
2017-08-15,22.89,4.91,22.40857142857143,228,21.821,
2017-08-16,23.25,4.56,22.580000000000002,229,22.473666666666666,
2017-08-17,22.34,0.22,22.87857142857143,230,22.349666666666668,
2017-08-18,22.18,2.67,23.19571428571428,231,22.279,
2017-08-19,23.35,0.41,22.717142857142857,232,21.826,
2017-08-20,23.7,16.04,22.204285714285714,233,21.703333333333333,
2017-08-21,24.66,16.44,21.99285714285714,234,22.387999999999998,
2017-08-22,19.54,7.22,21.794285714285714,235,22.672666666666665,
2017-08-23,19.66,0.28,21.677142857142858,236,22.886000000000003,
2017-08-24,20.86,0.71,21.451428571428572,237,23.147333333333332,
2017-08-25,20.79,0.72,20.715714285714284,238,22.886333333333333,
2017-08-26,22.53,0.34,20.844285714285714,239,23.105999999999998,
2017-08-27,22.12,1.06,21.212857142857143,240,23.144333333333336,
2017-08-28,19.51,0.03,21.32,241,22.774333333333335,
2017-08-29,20.44,0.0,21.054285714285715,242,22.189,
2017-08-30,22.24,0.02,20.877142857142854,243,21.733333333333334,
2017-08-31,21.61,0.03,21.018571428571427,244,21.302666666666667,
2017-09-01,18.93,0.01,21.22142857142857,245,21.451,
2017-09-02,21.29,0.01,20.55,246,22.022333333333332,
2017-09-03,23.11,0.0,19.55142857142857,247,21.276666666666664,
2017-09-04,20.93,0.0,18.90142857142857,248,21.00433333333333,
2017-09-05,15.74,0.01,19.15285714285714,249,21.005666666666666,
2017-09-06,15.25,0.01,19.297142857142855,250,21.192666666666664,
2017-09-07,17.06,0.0,19.132857142857144,251,20.137,
2017-09-08,20.69,0.0,19.27142857142857,252,19.12933333333333,
2017-09-09,22.3,0.08,20.285714285714285,253,19.55933333333333,
2017-09-10,21.96,0.29,21.48428571428571,254,19.197,
2017-09-11,21.9,0.01,22.555714285714284,255,19.569333333333336,
2017-09-12,22.84,0.0,23.37,256,19.301,
2017-09-13,23.64,0.01,23.66,257,18.745333333333335,
2017-09-14,24.56,0.0,22.931428571428572,258,17.874333333333333,
2017-09-15,26.39,0.51,22.244285714285716,259,18.199666666666666,
2017-09-16,24.33,9.15,22.215714285714284,260,18.276999999999997,
2017-09-17,16.86,14.62,22.284285714285716,261,18.257,
2017-09-18,17.09,3.74,22.220000000000002,262,17.91466666666667,
2017-09-19,22.64,0.23,22.27142857142857,263,17.648333333333333,
2017-09-20,24.12,1.22,22.59857142857143,264,17.333666666666666,
2017-09-21,24.11,0.18,23.89428571428571,265,16.50766666666667,
2017-09-22,26.75,0.04,24.72,266,15.752999999999998,
2017-09-23,26.62,0.0,23.94142857142857,267,15.840666666666666,
2017-09-24,25.93,0.22,22.73,268,15.879666666666667,
2017-09-25,22.87,20.06,21.77285714285714,269,16.085666666666665,
2017-09-26,17.19,5.68,20.24857142857143,270,15.628000000000002,
2017-09-27,15.64,0.0,18.689999999999998,271,15.453666666666667,
2017-09-28,17.41,0.0,17.461428571428574,272,14.340333333333332,
2017-09-29,16.08,0.02,17.31142857142857,273,15.011,
2017-09-30,15.71,0.0,17.78,274,15.565,
2017-10-01,17.33,1.85,17.759999999999998,275,14.964666666666666,
2017-10-02,21.82,7.0,17.611428571428572,276,14.025,
2017-10-03,20.47,7.32,18.01285714285714,277,13.937999999999999,
2017-10-04,15.5,1.98,18.052857142857142,278,12.959333333333335,
2017-10-05,16.37,6.89,17.937142857142856,279,13.216666666666667,
2017-10-06,18.89,34.44,16.57857142857143,280,13.280666666666667,
2017-10-07,15.99,19.41,14.75857142857143,281,13.126,
2017-10-08,16.52,0.0,14.014285714285714,282,13.387,
2017-10-09,12.31,0.06,13.441428571428572,283,12.320333333333334,
2017-10-10,7.73,16.08,12.454285714285716,284,11.544666666666666,
2017-10-11,10.29,0.03,12.175714285714283,285,12.015333333333333,
2017-10-12,12.36,0.07,11.012857142857143,286,11.498666666666667,
2017-10-13,11.98,3.03,10.742857142857144,287,10.771666666666667,
2017-10-14,14.04,16.98,11.487142857142857,288,10.437000000000001,
2017-10-15,8.38,0.02,11.991428571428571,289,10.093333333333334,
2017-10-16,10.42,0.03,12.164285714285715,290,10.100999999999999,
2017-10-17,12.94,0.0,12.755714285714285,291,10.468,
2017-10-18,13.82,0.0,13.212857142857144,292,9.365,
2017-10-19,13.57,0.0,13.692857142857141,293,9.306333333333333,
2017-10-20,16.12,0.03,13.598571428571429,294,9.620000000000001,
2017-10-21,17.24,14.67,12.538571428571428,295,9.548333333333334,
2017-10-22,11.74,0.09,11.874285714285715,296,9.428333333333335,
2017-10-23,9.76,0.17,11.068571428571428,297,9.361666666666668,
2017-10-24,5.52,0.0,8.858571428571429,298,8.323333333333332,
2017-10-25,9.17,0.03,6.477142857142857,299,8.220666666666666,
2017-10-26,7.93,0.0,5.26,300,7.387333333333333,
2017-10-27,0.65,0.06,4.211428571428572,301,6.560333333333333,
2017-10-28,0.57,0.0,3.1114285714285717,302,7.194333333333334,
2017-10-29,3.22,1.19,2.1157142857142857,303,7.574,
2017-10-30,2.42,0.02,1.747142857142857,304,6.771333333333333,
2017-10-31,-2.18,0.0,2.051428571428571,305,5.3613333333333335,
2017-11-01,2.2,0.01,2.9414285714285713,306,5.837000000000001,
2017-11-02,5.35,0.0,3.067142857142857,307,4.904,
2017-11-03,2.78,0.05,2.5985714285714283,308,5.098666666666667,
2017-11-04,6.8,0.23,2.9857142857142853,309,5.049,
2017-11-05,4.1,0.01,2.9099999999999997,310,5.129666666666666,
2017-11-06,-0.86,0.0,1.7385714285714287,311,4.361666666666666,
2017-11-07,0.53,0.0,0.8200000000000001,312,3.850333333333333,
2017-11-08,1.67,0.0,0.07428571428571422,313,4.254666666666667,
2017-11-09,-2.85,0.0,-0.2057142857142857,314,4.613333333333333,
2017-11-10,-3.65,0.03,0.11714285714285713,315,3.4196666666666666,
2017-11-11,1.58,1.3,1.0814285714285714,316,1.9046666666666667,
2017-11-12,2.14,1.07,1.4600000000000002,317,1.7046666666666668,
2017-11-13,1.4,0.01,1.6428571428571428,318,2.5083333333333333,
2017-11-14,7.28,0.41,2.837142857142857,319,2.8676666666666666,
2017-11-15,4.32,0.08,2.768571428571429,320,2.585,
2017-11-16,-1.57,0.0,2.415714285714286,321,2.494,
2017-11-17,4.71,0.74,2.9199999999999995,322,2.942333333333333,
2017-11-18,1.1,3.36,1.7771428571428571,323,2.783666666666667,
2017-11-19,-0.33,0.0,0.7699999999999999,324,2.183666666666667,
2017-11-20,4.93,0.0,1.3542857142857143,325,1.4466666666666665,
2017-11-21,-0.72,0.04,2.067142857142857,326,1.0430000000000001,
2017-11-22,-2.73,0.0,2.5085714285714285,327,1.2656666666666667,
2017-11-23,2.52,0.0,3.0457142857142854,328,0.8053333333333333,
2017-11-24,9.7,0.08,3.4385714285714286,329,0.4036666666666667,
2017-11-25,4.19,0.0,4.525714285714286,330,0.2166666666666667,
2017-11-26,3.43,0.01,5.164285714285714,331,-0.3006666666666667,
2017-11-27,7.68,0.0,5.284285714285715,332,-0.6473333333333334,
2017-11-28,6.89,0.01,4.395714285714286,333,0.04299999999999997,
2017-11-29,1.74,0.0,4.39,334,-0.1753333333333333,
2017-11-30,3.36,0.0,4.814285714285715,335,-1.3270000000000002,
2017-12-01,3.48,0.0,5.21,336,-1.3359999999999999,
2017-12-02,4.15,0.0,3.8814285714285717,337,-0.9176666666666667,
2017-12-03,6.4,0.0,3.274285714285714,338,-1.3096666666666665,
2017-12-04,10.45,0.18,1.9385714285714284,339,-1.384,
2017-12-05,-2.41,0.02,1.0071428571428571,340,-2.7996666666666665,
2017-12-06,-2.51,0.0,-0.22285714285714292,341,-3.5756666666666663,
2017-12-07,-5.99,0.0,-1.2285714285714289,342,-3.7616666666666663,
2017-12-08,-3.04,0.0,-2.6285714285714286,343,-3.6540000000000004,
2017-12-09,-4.46,0.0,-3.008571428571429,344,-4.117666666666667,
2017-12-10,-0.64,0.0,-2.6128571428571434,345,-3.7346666666666666,
2017-12-11,0.65,0.09,-2.182857142857143,346,-3.7763333333333335,
2017-12-12,-5.07,0.0,-1.8285714285714287,347,-3.5260000000000002,
2017-12-13,0.26,0.26,-1.1142857142857143,348,-2.4756666666666667,
2017-12-14,-2.98,0.0,-1.0814285714285714,349,-3.1086666666666667,
2017-12-15,-0.56,0.04,-1.0271428571428574,350,-3.9536666666666664,
2017-12-16,0.54,0.0,-0.0971428571428571,351,-4.115,
2017-12-17,-0.41,0.1,-0.28428571428571425,352,-4.723333333333333,
2017-12-18,1.03,0.0,0.040000000000000036,353,-4.670333333333334,
2017-12-19,1.44,0.0,-0.5271428571428571,354,-5.029,
2017-12-20,-1.05,0.0,-1.682857142857143,355,-4.147,
2017-12-21,-0.71,0.47,-2.62,356,-4.393,
2017-12-22,-4.53,0.06,-4.601428571428571,357,-4.798,
2017-12-23,-7.55,0.3,-7.134285714285714,358,-5.59,
2017-12-24,-6.97,3.1,-9.398571428571428,359,-6.833333333333333,
2017-12-25,-12.84,0.0,-10.964285714285712,360,-5.871333333333333,
2017-12-26,-16.29,0.0,-11.967142857142859,361,-4.98,
2017-12-27,-16.9,0.5,-13.341428571428569,362,-4.514666666666667,
2017-12-28,-11.67,0.35,-15.254285714285714,363,-4.012666666666666,
2017-12-29,-11.55,2.33,-16.572857142857142,364,-5.275666666666667,
2017-12-30,-17.17,0.64,-16.48,365,-4.824666666666667,
2017-12-31,-20.36,0.12,-16.051428571428573,366,-6.896333333333333,
2018-01-01,-22.07,0.08,-16.615714285714287,1,-7.254666666666667,
2018-01-02,-15.64,0.51,-16.982857142857142,2,-6.669333333333333,
2018-01-03,-13.9,0.03,-16.505714285714287,3,-6.372,
2018-01-04,-15.62,0.08,-14.182857142857143,4,-7.632000000000001,
2018-01-05,-14.12,0.0,-11.267142857142858,5,-7.3629999999999995,
2018-01-06,-13.83,0.0,-9.004285714285714,6,-7.612666666666667,
2018-01-07,-4.1,0.12,-6.798571428571429,7,-7.635666666666666,
2018-01-08,-1.66,0.09,-5.7542857142857144,8,-6.3966666666666665,
2018-01-09,0.2,0.0,-6.051428571428572,9,-6.800666666666667,
2018-01-10,1.54,0.12,-6.235714285714286,10,-6.191666666666666,
2018-01-11,-8.31,3.33,-7.152857142857142,11,-5.321666666666667,
2018-01-12,-16.2,0.0,-9.324285714285713,12,-6.834333333333333,
2018-01-13,-15.12,0.0,-11.77,13,-7.807,
2018-01-14,-10.52,2.21,-13.594285714285714,14,-7.033666666666666,
2018-01-15,-16.86,0.06,-13.232857142857142,15,-8.241333333333333,
2018-01-16,-16.92,0.04,-10.991428571428571,16,-7.281666666666666,
2018-01-17,-11.23,0.01,-8.66,17,-7.789,
2018-01-18,-5.78,0.0,-6.914285714285713,18,-8.385333333333334,
2018-01-19,-0.51,0.0,-4.328571428571428,19,-7.801,
2018-01-20,1.2,0.01,-2.499999999999999,20,-7.862,
2018-01-21,1.7,9.57,-1.4199999999999993,21,-6.818,
2018-01-22,1.24,14.01,-0.6557142857142847,22,-5.656000000000001,
2018-01-23,-4.12,0.06,-0.012857142857141885,23,-6.655666666666667,
2018-01-24,-3.67,0.0,-0.10285714285714186,24,-7.19,
2018-01-25,-0.43,0.0,-0.939999999999999,25,-6.602666666666667,
2018-01-26,3.99,0.03,-2.384285714285713,26,-5.616333333333333,
2018-01-27,0.57,0.0,-2.35142857142857,27,-6.115666666666667,
2018-01-28,-4.16,0.0,-1.7814285714285705,28,-5.8726666666666665,
2018-01-29,-8.87,0.0,-3.3214285714285703,29,-7.1626666666666665,
2018-01-30,-3.89,0.0,-5.357142857142856,30,-7.257000000000001,
2018-01-31,0.32,0.0,-5.751428571428571,31,-5.312333333333333,
2018-02-01,-11.21,0.0,-6.929999999999999,32,-5.570666666666667,
2018-02-02,-10.26,0.01,-7.707142857142856,33,-5.598333333333333,
2018-02-03,-2.19,0.39,-9.254285714285714,34,-5.522333333333333,
2018-02-04,-12.41,0.02,-11.072857142857144,35,-6.5696666666666665,
2018-02-05,-14.31,8.96,-10.751428571428571,36,-5.671666666666667,
2018-02-06,-14.72,1.35,-10.834285714285713,37,-4.662999999999999,
2018-02-07,-12.41,0.66,-12.39285714285714,38,-5.294,
2018-02-08,-8.96,4.36,-12.404285714285715,39,-5.605333333333333,
2018-02-09,-10.84,1.94,-12.219999999999999,40,-5.402333333333333,
2018-02-10,-13.1,1.37,-10.921428571428569,41,-5.548666666666667,
2018-02-11,-12.49,0.42,-9.144285714285713,42,-5.828,
2018-02-12,-13.02,0.01,-7.769999999999998,43,-5.614,
2018-02-13,-5.63,0.0,-7.449999999999998,44,-4.276333333333333,
2018-02-14,0.03,0.17,-6.025714285714285,45,-4.116666666666666,
2018-02-15,0.66,0.18,-3.9857142857142844,46,-5.044,
2018-02-16,-8.6,0.0,-2.0199999999999987,47,-4.468,
2018-02-17,-3.13,0.44,-1.9185714285714273,48,-2.9069999999999996,
2018-02-18,1.79,0.0,-3.135714285714285,49,-2.4276666666666666,
2018-02-19,0.74,1.24,-3.682857142857142,50,-2.2693333333333334,
2018-02-20,-4.92,5.14,-2.9071428571428557,51,-1.5713333333333332,
2018-02-21,-8.49,0.0,-3.0157142857142847,52,-2.385,
2018-02-22,-3.17,6.6,-3.6628571428571415,53,-1.8993333333333333,
2018-02-23,-3.17,0.13,-3.712857142857142,54,-2.289,
2018-02-24,-3.89,2.29,-2.3357142857142845,55,-2.667333333333333,
2018-02-25,-2.74,0.0,-0.6499999999999991,56,-3.2760000000000002,
2018-02-26,0.39,0.0,-0.004285714285713306,57,-3.2516666666666665,
2018-02-27,4.72,0.38,0.6171428571428581,58,-3.3603333333333336,
2018-02-28,3.31,0.4,1.837142857142858,59,-2.131666666666667,
2018-03-01,1.35,0.07,3.2485714285714296,61,-1.5816666666666666,
2018-03-02,1.18,0.0,3.4428571428571435,62,-3.1626666666666665,
2018-03-03,4.65,0.05,2.554285714285715,63,-2.8819999999999997,
2018-03-04,7.14,0.11,1.5357142857142867,64,-1.1363333333333332,
2018-03-05,1.75,7.19,0.7957142857142868,65,-0.13566666666666655,
2018-03-06,-1.5,1.8,0.35000000000000103,66,0.4623333333333332,
2018-03-07,-3.82,0.04,-0.3985714285714276,67,0.44066666666666665,
2018-03-08,-3.83,0.0,-1.2842857142857134,68,0.748,
2018-03-09,-1.94,0.06,-1.4557142857142846,69,-0.33833333333333326,
2018-03-10,-0.59,0.15,-1.3414285714285705,70,0.44,
2018-03-11,0.94,0.51,-0.26857142857142746,71,0.871,
2018-03-12,0.55,0.02,0.7414285714285725,72,1.326,
2018-03-13,-0.7,0.0,0.9900000000000011,73,2.741,
2018-03-14,3.69,0.0,1.2371428571428582,74,2.949333333333333,
2018-03-15,3.24,0.02,1.3400000000000012,75,2.875,
2018-03-16,-0.2,9.58,1.8971428571428581,76,3.725333333333333,
2018-03-17,1.14,4.79,1.9357142857142868,77,3.746,
2018-03-18,1.66,0.1,1.5128571428571438,78,3.3153333333333337,
2018-03-19,4.45,0.0,1.5357142857142867,79,3.641,
2018-03-20,-0.43,0.17,1.9600000000000009,80,3.9993333333333334,
2018-03-21,0.73,0.06,1.575714285714287,81,3.7106666666666666,
2018-03-22,3.4,0.22,1.212857142857144,82,4.115666666666667,
2018-03-23,2.77,9.12,0.7057142857142867,83,4.760000000000001,
2018-03-24,-1.55,13.91,1.2385714285714295,84,4.697,
2018-03-25,-0.88,0.01,1.825714285714287,85,4.338333333333334,
2018-03-26,0.9,7.48,1.6557142857142868,86,5.436999999999999,
2018-03-27,3.3,0.05,1.815714285714287,87,5.832666666666666,
2018-03-28,4.84,0.02,2.2757142857142867,88,5.482,
2018-03-29,2.21,0.01,1.8457142857142865,89,6.0793333333333335,
2018-03-30,3.89,1.33,1.630000000000001,90,7.23,
2018-03-31,1.67,1.25,1.010000000000001,91,6.647,
2018-04-01,-3.89,0.02,-0.11999999999999897,92,6.444999999999999,
2018-04-02,-0.61,0.06,-0.11285714285714185,93,7.316,
2018-04-03,-1.04,2.17,-1.1714285714285704,94,6.646333333333333,
2018-04-04,-3.07,0.0,-1.767142857142856,95,5.5616666666666665,
2018-04-05,2.26,0.04,-1.3971428571428564,96,7.396,
2018-04-06,-3.52,0.0,-1.3542857142857134,97,7.986666666666666,
2018-04-07,-2.5,0.0,-0.7157142857142846,98,7.6353333333333335,
2018-04-08,-1.3,2.7,0.8814285714285724,99,7.1129999999999995,
2018-04-09,-0.31,0.47,2.094285714285715,100,7.235333333333333,
2018-04-10,3.43,0.02,3.912857142857144,101,8.195333333333334,
2018-04-11,8.11,0.05,4.482857142857144,102,8.320666666666666,
2018-04-12,10.75,0.03,4.222857142857144,103,7.707,
2018-04-13,9.21,10.41,3.9071428571428584,104,8.866999999999999,
2018-04-14,1.49,14.78,3.542857142857144,105,10.045666666666667,
2018-04-15,-3.12,2.34,2.382857142857144,106,10.124,
2018-04-16,-2.52,0.29,1.2842857142857156,107,9.499666666666666,
2018-04-17,0.88,0.0,0.7842857142857154,108,10.244666666666665,
2018-04-18,-0.01,5.31,1.787142857142858,109,11.613333333333333,
2018-04-19,3.06,0.01,3.7371428571428575,110,10.836666666666668,
2018-04-20,5.71,0.04,5.7857142857142865,111,9.832666666666666,
2018-04-21,8.51,0.03,7.58857142857143,112,10.340333333333332,
2018-04-22,10.53,0.0,9.101428571428572,113,10.793333333333333,
2018-04-23,11.82,0.0,10.294285714285715,114,11.044,
2018-04-24,13.5,0.0,11.088571428571429,115,12.153666666666668,
2018-04-25,10.58,0.02,11.012857142857143,116,11.603666666666667,
2018-04-26,11.41,0.0,11.134285714285715,117,11.013333333333332,
2018-04-27,11.27,0.0,12.002857142857144,118,10.667666666666666,
2018-04-28,7.98,0.01,12.820000000000002,119,11.247333333333334,
2018-04-29,11.38,0.06,13.632857142857143,120,11.810666666666666,
2018-04-30,17.9,0.19,14.31857142857143,121,12.266666666666667,
2018-05-01,19.22,15.79,15.151428571428571,122,12.117666666666667,
2018-05-02,16.27,14.33,16.487142857142857,123,12.065333333333335,
2018-05-03,16.21,21.97,17.411428571428573,124,12.464333333333334,
2018-05-04,17.1,0.18,17.452857142857145,125,13.715666666666667,
2018-05-05,17.33,0.04,17.51,126,14.700666666666667,
2018-05-06,17.85,0.09,17.90714285714286,127,15.049333333333333,
2018-05-07,18.19,0.0,17.91714285714286,128,15.288,
2018-05-08,19.62,0.57,17.345714285714287,129,15.648,
2018-05-09,19.05,0.9,16.46857142857143,130,15.424000000000001,
2018-05-10,16.28,0.41,16.110000000000003,131,15.732666666666667,
2018-05-11,13.1,7.72,16.217142857142857,132,14.824666666666667,
2018-05-12,11.19,3.23,16.215714285714288,133,13.698666666666666,
2018-05-13,15.34,2.51,16.482857142857142,134,13.713333333333335,
2018-05-14,18.94,4.77,17.254285714285714,135,14.930666666666667,
2018-05-15,19.61,0.1,18.312857142857144,136,15.792666666666666,
2018-05-16,20.92,0.01,19.555714285714288,137,16.949,
2018-05-17,21.68,0.0,19.66142857142857,138,16.96,
2018-05-18,20.51,0.01,19.52285714285714,139,16.109666666666666,
2018-05-19,19.89,5.1,19.657142857142862,140,16.488666666666667,
2018-05-20,16.08,3.81,19.931428571428572,141,16.082666666666668,
2018-05-21,17.97,3.33,20.330000000000002,142,16.447666666666667,
2018-05-22,20.55,2.26,20.912857142857145,143,17.717666666666666,
2018-05-23,22.84,1.9,21.990000000000002,144,17.689,
2018-05-24,24.47,0.49,23.79,145,17.377,
2018-05-25,24.59,2.48,25.21857142857143,146,16.985,
2018-05-26,27.43,0.01,26.034285714285716,147,17.367,
2018-05-27,28.68,0.0,26.112857142857145,148,18.245,
2018-05-28,27.97,0.53,26.205714285714286,149,18.587,
2018-05-29,26.26,5.23,26.495714285714286,150,19.214,
2018-05-30,23.39,4.34,25.625714285714285,151,19.67366666666667,
2018-05-31,25.12,0.0,24.24285714285714,152,18.76966666666667,
2018-06-01,26.62,0.03,23.23,153,18.962666666666667,
2018-06-02,21.34,12.85,22.888571428571428,154,18.642999999999997,
2018-06-03,19.0,0.0,23.044285714285717,155,19.017333333333333,
2018-06-04,20.88,0.0,22.884285714285717,156,19.663999999999998,
2018-06-05,23.87,0.07,22.60571428571429,157,20.015,
2018-06-06,24.48,7.31,23.21857142857143,158,20.389666666666667,
2018-06-07,24.0,8.82,23.822857142857146,159,21.124666666666666,
2018-06-08,24.67,0.59,23.911428571428576,160,20.57633333333333,
2018-06-09,25.63,2.54,24.032857142857146,161,20.773333333333333,
2018-06-10,23.23,9.84,23.645714285714288,162,21.00133333333333,
2018-06-11,21.5,8.69,23.365714285714287,163,21.526666666666664,
2018-06-12,24.72,1.96,23.69,164,21.44333333333333,
2018-06-13,21.77,0.06,23.958571428571428,165,21.556333333333335,
2018-06-14,22.04,45.67,24.61714285714286,166,21.331666666666667,
2018-06-15,26.94,0.14,25.51571428571429,167,21.750999999999998,
2018-06-16,27.51,0.0,25.49857142857143,168,21.923000000000002,
2018-06-17,27.84,1.0,25.51571428571429,169,22.441666666666666,
2018-06-18,27.79,9.1,25.152857142857147,170,22.617,
2018-06-19,24.6,28.99,24.171428571428574,171,22.067666666666664,
2018-06-20,21.89,18.91,23.24142857142857,172,22.64333333333333,
2018-06-21,19.5,5.04,22.275714285714287,173,22.711666666666666,
2018-06-22,20.07,0.22,21.40285714285714,174,22.692333333333334,
2018-06-23,21.0,0.55,20.965714285714288,175,22.369333333333334,
2018-06-24,21.08,7.76,21.23857142857143,176,22.28666666666667,
2018-06-25,21.68,21.75,22.02285714285714,177,22.715333333333334,
2018-06-26,21.54,2.79,23.161428571428576,178,22.841,
2018-06-27,23.8,0.01,24.031428571428574,179,23.119333333333334,
2018-06-28,24.99,1.33,24.327142857142857,180,22.435333333333332,
2018-06-29,28.04,0.21,24.49142857142857,181,22.72233333333333,
2018-06-30,27.09,38.38,24.948571428571427,182,23.016000000000002,
2018-07-01,23.15,10.93,25.389999999999997,183,22.925666666666665,
2018-07-02,22.83,0.0,25.38,184,22.494666666666667,
2018-07-03,24.74,0.03,24.525714285714287,185,23.086000000000002,
2018-07-04,26.89,11.41,23.655714285714286,186,23.35,
2018-07-05,24.92,5.8,23.41714285714286,187,23.333666666666666,
2018-07-06,22.06,0.0,23.62428571428572,188,23.908,
2018-07-07,21.0,0.0,23.79,189,23.91033333333333,
2018-07-08,21.48,0.0,23.698571428571427,190,23.716333333333335,
2018-07-09,24.28,0.0,24.075714285714287,191,23.563666666666666,
2018-07-10,25.9,0.0,24.759999999999998,192,23.58566666666667,
2018-07-11,26.25,0.0,25.42571428571429,193,23.475666666666665,
2018-07-12,27.56,0.01,26.091428571428573,194,23.613999999999997,
2018-07-13,26.85,5.93,25.94714285714286,195,23.775,
2018-07-14,25.66,3.64,25.754285714285714,196,23.750333333333334,
2018-07-15,26.14,0.26,25.464285714285715,197,24.091,
2018-07-16,23.27,0.06,24.95714285714286,198,24.48933333333333,
2018-07-17,24.55,0.01,24.361428571428576,199,25.218666666666667,
2018-07-18,24.22,1.12,23.944285714285716,200,25.182000000000002,
2018-07-19,24.01,6.83,23.42142857142857,201,25.142666666666667,
2018-07-20,22.68,0.21,23.534285714285716,202,24.688333333333333,
2018-07-21,22.74,0.0,23.298571428571428,203,24.159,
2018-07-22,22.48,0.0,23.224285714285713,204,24.09733333333333,
2018-07-23,24.06,0.15,22.74857142857143,205,23.634999999999998,
2018-07-24,22.9,0.0,22.270000000000003,206,23.958333333333332,
2018-07-25,23.7,4.58,22.07857142857143,207,24.35666666666667,
2018-07-26,20.68,0.25,21.945714285714285,208,23.784333333333333,
2018-07-27,19.33,0.17,21.55,209,23.436333333333334,
2018-07-28,21.4,0.33,21.601428571428574,210,23.39466666666667,
2018-07-29,21.55,0.48,21.607142857142858,211,22.936333333333334,
2018-07-30,21.29,0.18,21.722857142857144,212,23.407333333333334,
2018-07-31,23.26,0.01,22.67571428571429,213,23.882,
2018-08-01,23.74,1.2,23.29714285714286,214,24.038,
2018-08-02,21.49,0.31,24.025714285714287,215,23.786,
2018-08-03,26.0,0.0,24.404285714285717,216,23.788333333333334,
2018-08-04,25.75,2.41,24.31714285714286,217,23.070333333333334,
2018-08-05,26.65,22.15,24.28714285714286,218,22.095000000000002,
2018-08-06,23.94,10.71,24.83285714285714,219,22.555999999999997,
2018-08-07,22.65,13.2,24.51571428571429,220,23.384999999999998,
2018-08-08,23.53,0.06,24.31,221,23.405666666666665,
2018-08-09,25.31,0.0,24.087142857142855,222,23.939,
2018-08-10,23.78,0.0,24.4,223,23.015666666666668,
2018-08-11,24.31,0.0,24.64714285714286,224,22.470000000000002,
2018-08-12,25.09,0.0,24.740000000000002,225,22.623333333333335,
2018-08-13,26.13,0.0,24.41714285714286,226,22.243999999999996,
2018-08-14,24.38,2.93,24.43285714285714,227,21.991,
2018-08-15,24.18,5.77,24.312857142857144,228,21.821,
2018-08-16,23.05,7.98,24.080000000000002,229,22.473666666666666,
2018-08-17,23.89,1.4,23.28142857142857,230,22.349666666666668,
2018-08-18,23.47,0.0,22.41714285714286,231,22.279,
2018-08-19,23.46,6.15,21.625714285714285,232,21.826,
2018-08-20,20.54,35.12,21.2,233,21.703333333333333,
2018-08-21,18.33,0.28,20.987142857142857,234,22.387999999999998,
2018-08-22,18.64,0.0,21.110000000000003,235,22.672666666666665,
2018-08-23,20.07,0.97,21.367142857142856,236,22.886000000000003,
2018-08-24,22.4,2.22,22.398571428571433,237,23.147333333333332,
2018-08-25,24.33,0.03,23.167142857142856,238,22.886333333333333,
2018-08-26,25.26,6.87,22.972857142857144,239,23.105999999999998,
2018-08-27,27.76,1.76,23.017142857142858,240,23.144333333333336,
2018-08-28,23.71,18.62,23.115714285714287,241,22.774333333333335,
2018-08-29,17.28,0.06,23.17142857142857,242,22.189,
2018-08-30,20.38,1.95,22.914285714285715,243,21.733333333333334,
2018-08-31,23.09,5.4,22.154285714285717,244,21.302666666666667,
2018-09-01,24.72,33.48,22.235714285714288,245,21.451,
2018-09-02,23.46,13.18,22.69142857142857,246,22.022333333333332,
2018-09-03,22.44,24.47,22.391428571428573,247,21.276666666666664,
2018-09-04,24.28,8.91,21.407142857142862,248,21.00433333333333,
2018-09-05,20.47,27.89,20.12714285714286,249,21.005666666666666,
2018-09-06,18.28,0.29,19.062857142857144,250,21.192666666666664,
2018-09-07,16.2,2.54,18.300000000000004,251,20.137,
2018-09-08,15.76,0.29,17.55,252,19.12933333333333,
2018-09-09,16.01,0.01,17.548571428571428,253,19.55933333333333,
2018-09-10,17.1,0.0,18.00857142857143,254,19.197,
2018-09-11,19.03,0.01,19.104285714285716,255,19.569333333333336,
2018-09-12,20.46,0.1,20.380000000000003,256,19.301,
2018-09-13,21.5,0.05,21.494285714285716,257,18.745333333333335,
2018-09-14,23.87,0.0,22.57714285714286,258,17.874333333333333,
2018-09-15,24.69,0.0,23.185714285714287,259,18.199666666666666,
2018-09-16,23.81,0.07,23.662857142857145,260,18.276999999999997,
2018-09-17,24.68,0.06,24.18285714285714,261,18.257,
2018-09-18,23.29,8.9,22.75,262,17.91466666666667,
2018-09-19,23.8,17.15,20.94857142857143,263,17.648333333333333,
2018-09-20,25.14,16.54,19.73,264,17.333666666666666,
2018-09-21,13.84,0.86,18.69857142857143,265,16.50766666666667,
2018-09-22,12.08,0.01,17.364285714285717,266,15.752999999999998,
2018-09-23,15.28,0.0,15.661428571428573,267,15.840666666666666,
2018-09-24,17.46,0.02,13.965714285714286,268,15.879666666666667,
2018-09-25,13.95,17.75,13.312857142857142,269,16.085666666666665,
2018-09-26,11.88,0.0,12.725714285714286,270,15.628000000000002,
2018-09-27,13.27,0.09,11.93857142857143,271,15.453666666666667,
2018-09-28,9.27,0.79,11.145714285714288,272,14.340333333333332,
2018-09-29,7.97,3.08,11.224285714285715,273,15.011,
2018-09-30,9.77,6.77,12.622857142857145,274,15.565,
2018-10-01,11.91,16.34,11.835714285714287,275,14.964666666666666,
2018-10-02,14.5,0.42,12.174285714285716,276,14.025,
2018-10-03,21.67,2.25,12.325714285714286,277,13.937999999999999,
2018-10-04,7.76,0.64,12.390000000000002,278,12.959333333333335,
2018-10-05,11.64,3.72,12.83857142857143,279,13.216666666666667,
2018-10-06,9.03,9.12,13.287142857142857,280,13.280666666666667,
2018-10-07,10.22,14.76,11.667142857142858,281,13.126,
2018-10-08,15.05,28.87,11.071428571428573,282,13.387,
2018-10-09,17.64,9.27,9.881428571428573,283,12.320333333333334,
2018-10-10,10.33,2.84,9.555714285714288,284,11.544666666666666,
2018-10-11,3.59,0.0,8.541428571428574,285,12.015333333333333,
2018-10-12,3.31,0.28,6.618571428571429,286,11.498666666666667,
2018-10-13,6.75,0.05,4.982857142857144,287,10.771666666666667,
2018-10-14,3.12,1.95,4.291428571428573,288,10.437000000000001,
2018-10-15,1.59,0.0,5.057142857142858,289,10.093333333333334,
2018-10-16,6.19,0.0,6.25857142857143,290,10.100999999999999,
2018-10-17,5.49,0.05,5.8985714285714295,291,10.468,
2018-10-18,8.95,0.0,6.164285714285716,292,9.365,
2018-10-19,11.72,1.59,7.197142857142858,293,9.306333333333333,
2018-10-20,4.23,0.0,6.995714285714287,294,9.620000000000001,
2018-10-21,4.98,0.0,7.044285714285715,295,9.548333333333334,
2018-10-22,8.82,0.19,6.690000000000002,296,9.428333333333335,
2018-10-23,4.78,0.0,6.112857142857144,297,9.361666666666668,
2018-10-24,5.83,0.0,7.040000000000001,298,8.323333333333332,
2018-10-25,6.47,0.41,7.572857142857144,299,8.220666666666666,
2018-10-26,7.68,0.03,7.474285714285715,300,7.387333333333333,
2018-10-27,10.72,1.1,8.041428571428572,301,6.560333333333333,
2018-10-28,8.71,0.01,8.402857142857144,302,7.194333333333334,
2018-10-29,8.13,0.04,8.55,303,7.574,
2018-10-30,8.75,0.21,8.475714285714288,304,6.771333333333333,
2018-10-31,8.36,0.0,7.677142857142859,305,5.3613333333333335,
2018-11-01,7.5,0.01,6.980000000000001,306,5.837000000000001,
2018-11-02,7.16,0.35,6.452857142857144,307,4.904,
2018-11-03,5.13,16.24,5.541428571428573,308,5.098666666666667,
2018-11-04,3.83,9.0,4.085714285714287,309,5.049,
2018-11-05,4.44,6.08,2.800000000000001,310,5.129666666666666,
2018-11-06,2.37,0.16,1.107142857142858,311,4.361666666666666,
2018-11-07,-1.83,0.06,-0.39428571428571324,312,3.850333333333333,
2018-11-08,-1.5,0.19,-1.199999999999999,313,4.254666666666667,
2018-11-09,-4.69,0.11,-2.6514285714285704,314,4.613333333333333,
2018-11-10,-5.38,0.0,-3.9857142857142844,315,3.4196666666666666,
2018-11-11,-1.81,0.0,-4.062857142857142,316,1.9046666666666667,
2018-11-12,-5.72,0.0,-3.8557142857142845,317,1.7046666666666668,
2018-11-13,-6.97,0.0,-3.052857142857142,318,2.5083333333333333,
2018-11-14,-2.37,0.0,-2.6199999999999988,319,2.8676666666666666,
2018-11-15,-0.05,0.0,-3.3085714285714274,320,2.585,
2018-11-16,0.93,1.04,-2.9628571428571417,321,2.494,
2018-11-17,-2.35,3.53,-2.569999999999999,322,2.942333333333333,
2018-11-18,-6.63,0.05,-2.3085714285714274,323,2.783666666666667,
2018-11-19,-3.3,0.03,-2.054285714285713,324,2.183666666666667,
2018-11-20,-4.22,0.0,-1.7671428571428562,325,1.4466666666666665,
2018-11-21,-0.54,0.0,-1.157142857142856,326,1.0430000000000001,
2018-11-22,1.73,0.01,-0.5728571428571418,327,1.2656666666666667,
2018-11-23,2.94,3.59,-1.1485714285714275,328,0.8053333333333333,
2018-11-24,1.92,0.14,-1.7071428571428566,329,0.4036666666666667,
2018-11-25,-2.54,0.88,-2.349999999999999,330,0.2166666666666667,
2018-11-26,-7.33,0.0,-2.964285714285714,331,-0.3006666666666667,
2018-11-27,-8.13,0.0,-3.472857142857142,332,-0.6473333333333334,
2018-11-28,-5.04,0.02,-3.701428571428571,333,0.04299999999999997,
2018-11-29,-2.57,0.07,-3.461428571428571,334,-0.1753333333333333,
2018-11-30,-0.62,0.24,-3.0428571428571423,335,-1.3270000000000002,
2018-12-01,0.32,19.29,-2.8771428571428563,336,-1.3359999999999999,
2018-12-02,-0.86,3.18,-2.9685714285714275,337,-0.9176666666666667,
2018-12-03,-4.4,0.1,-3.6685714285714277,338,-1.3096666666666665,
2018-12-04,-6.97,0.02,-4.802857142857142,339,-1.384,
2018-12-05,-5.68,0.0,-5.949999999999998,340,-2.7996666666666665,
2018-12-06,-7.47,0.0,-6.82142857142857,341,-3.5756666666666663,
2018-12-07,-8.56,0.0,-7.167142857142856,342,-3.7616666666666663,
2018-12-08,-7.71,0.0,-6.619999999999999,343,-3.6540000000000004,
2018-12-09,-6.96,0.04,-6.24,344,-4.117666666666667,
2018-12-10,-6.82,0.06,-5.3757142857142854,345,-3.7346666666666666,
2018-12-11,-3.14,0.0,-4.627142857142856,346,-3.7763333333333335,
2018-12-12,-3.02,0.0,-3.7485714285714278,347,-3.5260000000000002,
2018-12-13,-1.42,0.01,-2.888571428571428,348,-2.4756666666666667,
2018-12-14,-3.32,0.0,-2.052857142857142,349,-3.1086666666666667,
2018-12-15,-1.56,0.0,-1.4485714285714277,350,-3.9536666666666664,
2018-12-16,-0.94,0.0,-0.5599999999999992,351,-4.115,
2018-12-17,-0.97,0.0,-0.3657142857142849,352,-4.723333333333333,
2018-12-18,1.09,0.0,-0.3128571428571421,353,-4.670333333333334,
2018-12-19,3.2,0.08,-0.37999999999999917,354,-5.029,
2018-12-20,-0.06,0.02,-0.6414285714285707,355,-4.147,
2018-12-21,-2.95,0.02,-0.9242857142857136,356,-4.393,
2018-12-22,-2.03,0.02,-0.9771428571428563,357,-4.798,
2018-12-23,-2.77,0.0,-1.385714285714285,358,-5.59,
2018-12-24,-2.95,0.02,-1.0071428571428565,359,-6.833333333333333,
2018-12-25,0.72,0.02,-1.5699999999999992,360,-5.871333333333333,
2018-12-26,0.34,13.44,-2.837142857142856,361,-4.98,
2018-12-27,2.59,17.59,-3.0714285714285703,362,-4.514666666666667,
2018-12-28,-6.89,1.25,-2.941428571428571,363,-4.012666666666666,
2018-12-29,-10.9,0.0,-4.588571428571427,364,-5.275666666666667,
2018-12-30,-4.41,0.0,-5.774285714285712,365,-4.824666666666667,
2018-12-31,-2.04,1.32,-6.4157142857142855,366,-6.896333333333333,
2019-01-01,-10.81,0.1,-5.395714285714285,1,-7.254666666666667,
2019-01-02,-7.96,0.03,-3.6071428571428563,2,-6.669333333333333,
2019-01-03,-1.9,0.0,-2.705714285714285,3,-6.372,
2019-01-04,0.25,0.01,-1.6185714285714279,4,-7.632000000000001,
2019-01-05,1.62,0.05,0.09714285714285821,5,-7.3629999999999995,
2019-01-06,1.9,0.75,0.3085714285714296,6,-7.612666666666667,
2019-01-07,5.57,1.39,-0.1728571428571417,7,-7.635666666666666,
2019-01-08,1.2,0.0,-0.48714285714285605,8,-6.3966666666666665,
2019-01-09,-6.48,0.0,-1.077142857142856,9,-6.800666666666667,
2019-01-10,-5.27,0.0,-1.9314285714285704,10,-6.191666666666666,
2019-01-11,-1.95,0.82,-3.3314285714285705,11,-5.321666666666667,
2019-01-12,-2.51,4.72,-3.747142857142856,12,-6.834333333333333,
2019-01-13,-4.08,0.0,-3.655714285714285,13,-7.807,
2019-01-14,-4.23,0.06,-3.4385714285714277,14,-7.033666666666666,
2019-01-15,-1.71,0.08,-4.115714285714285,15,-8.241333333333333,
2019-01-16,-5.84,0.02,-5.465714285714285,16,-7.281666666666666,
2019-01-17,-3.75,0.11,-7.0542857142857125,17,-7.789,
2019-01-18,-6.69,4.18,-8.064285714285713,18,-8.385333333333334,
2019-01-19,-11.96,0.28,-8.59,19,-7.801,
2019-01-20,-15.2,0.47,-8.915714285714285,20,-7.862,
2019-01-21,-11.3,0.03,-10.077142857142857,21,-6.818,
2019-01-22,-5.39,4.63,-11.492857142857142,22,-5.656000000000001,
2019-01-23,-8.12,1.74,-11.535714285714286,23,-6.655666666666667,
2019-01-24,-11.88,0.28,-11.382857142857144,24,-7.19,
2019-01-25,-16.6,0.03,-11.415714285714285,25,-6.602666666666667,
2019-01-26,-12.26,0.59,-13.33,26,-5.616333333333333,
2019-01-27,-14.13,3.29,-15.937142857142858,27,-6.115666666666667,
2019-01-28,-11.53,0.44,-17.07,28,-5.8726666666666665,
2019-01-29,-18.79,0.0,-16.43285714285714,29,-7.1626666666666665,
2019-01-30,-26.37,0.0,-14.452857142857141,30,-7.257000000000001,
2019-01-31,-19.81,1.38,-11.564285714285713,31,-5.312333333333333,
2019-02-01,-12.14,0.02,-10.66285714285714,32,-5.570666666666667,
2019-02-02,1.6,0.29,-9.484285714285713,33,-5.598333333333333,
2019-02-03,6.09,0.15,-6.825714285714284,34,-5.522333333333333,
2019-02-04,-5.22,0.03,-5.8757142857142854,35,-6.5696666666666665,
2019-02-05,-10.54,0.35,-6.442857142857142,36,-5.671666666666667,
2019-02-06,-7.76,0.61,-8.338571428571429,37,-4.662999999999999,
2019-02-07,-13.16,2.98,-10.138571428571428,38,-5.294,
2019-02-08,-16.11,0.0,-10.11142857142857,39,-5.605333333333333,
2019-02-09,-11.67,0.0,-9.65142857142857,40,-5.402333333333333,
2019-02-10,-6.51,6.13,-9.87142857142857,41,-5.548666666666667,
2019-02-11,-5.03,6.68,-8.832857142857142,42,-5.828,
2019-02-12,-7.32,1.4,-8.665714285714285,43,-5.614,
2019-02-13,-9.3,0.05,-8.52142857142857,44,-4.276333333333333,
2019-02-14,-5.89,0.0,-8.53142857142857,45,-4.116666666666666,
2019-02-15,-14.94,0.0,-9.30142857142857,46,-5.044,
2019-02-16,-10.66,4.22,-10.039999999999997,47,-4.468,
2019-02-17,-6.58,7.96,-9.432857142857143,48,-2.9069999999999996,
2019-02-18,-10.42,0.13,-9.938571428571427,49,-2.4276666666666666,
2019-02-19,-12.49,1.33,-8.685714285714285,50,-2.2693333333333334,
2019-02-20,-5.05,5.99,-7.327142857142856,51,-1.5713333333333332,
2019-02-21,-9.43,0.01,-7.871428571428571,52,-2.385,
2019-02-22,-6.17,0.72,-8.708571428571428,53,-1.8993333333333333,
2019-02-23,-1.15,15.06,-8.79142857142857,54,-2.289,
2019-02-24,-10.39,0.23,-9.992857142857142,55,-2.667333333333333,
2019-02-25,-16.28,0.0,-10.197142857142856,56,-3.2760000000000002,
2019-02-26,-13.07,0.0,-10.56142857142857,57,-3.2516666666666665,
2019-02-27,-13.46,0.0,-12.098571428571429,58,-3.3603333333333336,
2019-02-28,-10.86,0.28,-13.228571428571428,59,-2.131666666666667,
2019-03-01,-8.72,0.19,-13.385714285714284,61,-1.5816666666666666,
2019-03-02,-11.91,0.02,-13.209999999999999,62,-3.1626666666666665,
2019-03-03,-18.3,0.0,-12.817142857142855,63,-2.8819999999999997,
2019-03-04,-17.38,0.0,-12.484285714285713,64,-1.1363333333333332,
2019-03-05,-11.84,0.0,-11.769999999999998,65,-0.13566666666666655,
2019-03-06,-10.71,0.0,-10.107142857142856,66,0.4623333333333332,
2019-03-07,-8.53,0.84,-8.125714285714285,67,0.44066666666666665,
2019-03-08,-3.72,0.24,-6.197142857142857,68,0.748,
2019-03-09,-0.27,15.08,-4.458571428571427,69,-0.33833333333333326,
2019-03-10,-4.43,0.0,-1.8728571428571417,70,0.44,
2019-03-11,-3.88,0.02,-0.009999999999999025,71,0.871,
2019-03-12,0.33,7.21,0.6228571428571438,72,1.326,
2019-03-13,7.39,6.71,0.8142857142857152,73,2.741,
2019-03-14,4.51,1.5,1.5828571428571436,74,2.949333333333333,
2019-03-15,0.71,0.01,2.3528571428571436,75,2.875,
2019-03-16,1.07,0.11,2.7057142857142864,76,3.725333333333333,
2019-03-17,0.95,0.02,2.272857142857144,77,3.746,
2019-03-18,1.51,0.0,2.2285714285714295,78,3.3153333333333337,
2019-03-19,2.8,0.43,2.712857142857144,79,3.641,
2019-03-20,4.36,0.1,3.382857142857144,80,3.9993333333333334,
2019-03-21,4.2,0.0,4.1800000000000015,81,3.7106666666666666,
2019-03-22,4.1,0.0,4.541428571428573,82,4.115666666666667,
2019-03-23,5.76,0.15,4.995714285714286,83,4.760000000000001,
2019-03-24,6.53,3.04,5.990000000000001,84,4.697,
2019-03-25,4.04,0.02,6.457142857142857,85,4.338333333333334,
2019-03-26,5.98,0.02,6.327142857142858,86,5.436999999999999,
2019-03-27,11.32,0.0,5.630000000000001,87,5.832666666666666,
2019-03-28,7.47,0.01,4.715714285714287,88,5.482,
2019-03-29,3.19,2.62,4.942857142857144,89,6.0793333333333335,
2019-03-30,0.88,0.05,4.762857142857143,90,7.23,
2019-03-31,0.13,0.0,3.997142857142858,91,6.647,
2019-04-01,5.63,0.11,3.9957142857142864,92,6.444999999999999,
2019-04-02,4.72,1.58,5.031428571428572,93,7.316,
2019-04-03,5.96,4.14,6.791428571428573,94,6.646333333333333,
2019-04-04,7.46,2.29,8.744285714285715,95,5.5616666666666665,
2019-04-05,10.44,0.1,9.987142857142858,96,7.396,
2019-04-06,13.2,0.13,10.927142857142858,97,7.986666666666666,
2019-04-07,13.8,5.07,10.717142857142859,98,7.6353333333333335,
2019-04-08,14.33,0.0,10.481428571428571,99,7.1129999999999995,
2019-04-09,11.3,6.58,9.171428571428573,100,7.235333333333333,
2019-04-10,4.49,1.35,7.750000000000001,101,8.195333333333334,
2019-04-11,5.81,2.64,6.2528571428571444,102,8.320666666666666,
2019-04-12,1.27,0.02,5.6642857142857155,103,7.707,
2019-04-13,3.25,0.0,6.085714285714287,104,8.866999999999999,
2019-04-14,3.32,0.0,7.627142857142858,105,10.045666666666667,
2019-04-15,10.21,0.04,8.051428571428572,106,10.124,
2019-04-16,14.25,0.02,9.168571428571429,107,9.499666666666666,
2019-04-17,15.28,2.6,10.610000000000001,108,10.244666666666665,
2019-04-18,8.78,0.05,12.610000000000001,109,11.613333333333333,
2019-04-19,9.09,0.0,13.441428571428572,110,10.836666666666668,
2019-04-20,13.34,0.0,12.982857142857142,111,9.832666666666666,
2019-04-21,17.32,0.01,12.698571428571428,112,10.340333333333332,
2019-04-22,16.03,3.45,13.215714285714288,113,10.793333333333333,
2019-04-23,11.04,0.0,13.38,114,11.044,
2019-04-24,13.29,0.05,12.05,115,12.153666666666668,
2019-04-25,12.4,1.54,10.442857142857141,116,11.603666666666667,
2019-04-26,10.24,0.1,9.672857142857143,117,11.013333333333332,
2019-04-27,4.03,12.26,9.371428571428572,118,10.667666666666666,
2019-04-28,6.07,2.18,8.790000000000001,119,11.247333333333334,
2019-04-29,10.64,4.03,8.467142857142859,120,11.810666666666666,
2019-04-30,8.93,6.82,8.417142857142858,121,12.266666666666667,
2019-05-01,9.22,0.47,9.654285714285717,122,12.117666666666667,
2019-05-02,10.14,0.02,11.107142857142858,123,12.065333333333335,
2019-05-03,9.89,0.04,11.357142857142858,124,12.464333333333334,
2019-05-04,12.69,0.23,11.754285714285714,125,13.715666666666667,
2019-05-05,16.24,5.01,12.06857142857143,126,14.700666666666667,
2019-05-06,12.39,4.51,11.644285714285715,127,15.049333333333333,
2019-05-07,11.71,1.63,11.767142857142858,128,15.288,
2019-05-08,11.42,17.12,11.437142857142858,129,15.648,
2019-05-09,7.17,0.03,10.285714285714288,130,15.424000000000001,
2019-05-10,10.75,0.0,10.13,131,15.732666666666667,
2019-05-11,10.38,0.75,10.418571428571429,132,14.824666666666667,
2019-05-12,8.18,2.05,11.25,133,13.698666666666666,
2019-05-13,11.3,0.01,13.411428571428573,134,13.713333333333335,
2019-05-14,13.73,8.96,14.608571428571429,135,14.930666666666667,
2019-05-15,17.24,0.41,16.042857142857144,136,15.792666666666666,
2019-05-16,22.3,3.21,16.53,137,16.949,
2019-05-17,19.13,21.65,16.13714285714286,138,16.96,
2019-05-18,20.42,14.74,15.544285714285715,139,16.109666666666666,
2019-05-19,11.59,4.24,15.28857142857143,140,16.488666666666667,
2019-05-20,8.55,1.13,14.260000000000002,141,16.082666666666668,
2019-05-21,9.58,20.77,14.245714285714286,142,16.447666666666667,
2019-05-22,15.45,0.05,14.05714285714286,143,17.717666666666666,
2019-05-23,15.1,1.63,15.044285714285717,144,17.689,
2019-05-24,19.03,40.56,16.642857142857146,145,17.377,
2019-05-25,19.1,3.57,17.337142857142858,146,16.985,
2019-05-26,18.5,0.01,17.734285714285715,147,17.367,
2019-05-27,19.74,7.09,18.10857142857143,148,18.245,
2019-05-28,14.44,22.77,18.208571428571428,149,18.587,
2019-05-29,18.23,1.97,18.20714285714286,150,19.214,
2019-05-30,17.72,0.22,18.07,151,19.67366666666667,
2019-05-31,19.73,0.24,17.785714285714285,152,18.76966666666667,
2019-06-01,19.09,0.38,18.827142857142857,153,18.962666666666667,
2019-06-02,17.54,0.01,19.73,154,18.642999999999997,
2019-06-03,17.75,0.31,20.562857142857148,155,19.017333333333333,
2019-06-04,21.73,3.3,21.112857142857145,156,19.663999999999998,
2019-06-05,24.55,1.28,21.50714285714286,157,20.015,
2019-06-06,23.55,0.01,21.62714285714286,158,20.389666666666667,
2019-06-07,23.58,0.0,21.63571428571429,159,21.124666666666666,
2019-06-08,21.85,0.0,21.12285714285714,160,20.57633333333333,
2019-06-09,18.38,0.0,19.94714285714286,161,20.773333333333333,
2019-06-10,17.81,0.0,18.84857142857143,162,21.00133333333333,
2019-06-11,18.14,2.24,18.03,163,21.526666666666664,
2019-06-12,16.32,0.84,18.06142857142857,164,21.44333333333333,
2019-06-13,15.86,0.0,18.431428571428572,165,21.556333333333335,
2019-06-14,17.85,0.73,18.78,166,21.331666666666667,
2019-06-15,22.07,17.76,18.895714285714288,167,21.750999999999998,
2019-06-16,20.97,0.63,19.268571428571427,168,21.923000000000002,
2019-06-17,20.25,1.88,19.825714285714287,169,22.441666666666666,
2019-06-18,18.95,21.79,20.07857142857143,170,22.617,
2019-06-19,18.93,2.76,19.837142857142858,171,22.067666666666664,
2019-06-20,19.76,1.53,19.937142857142856,172,22.64333333333333,
2019-06-21,19.62,17.46,19.85571428571429,173,22.711666666666666,
2019-06-22,20.38,9.53,20.308571428571433,174,22.692333333333334,
2019-06-23,21.67,11.9,20.94142857142857,175,22.369333333333334,
2019-06-24,19.68,1.43,21.532857142857146,176,22.28666666666667,
2019-06-25,22.12,0.71,22.447142857142858,177,22.715333333333334,
2019-06-26,23.36,0.54,23.385714285714283,178,22.841,
2019-06-27,23.9,0.15,24.172857142857143,179,23.119333333333334,
2019-06-28,26.02,3.69,25.13,180,22.435333333333332,
2019-06-29,26.95,0.65,25.672857142857143,181,22.72233333333333,
2019-06-30,27.18,0.09,25.881428571428575,182,23.016000000000002,
2019-07-01,26.38,0.02,26.032857142857146,183,22.925666666666665,
2019-07-02,25.92,8.2,25.92142857142857,184,22.494666666666667,
2019-07-03,24.82,13.38,25.452857142857145,185,23.086000000000002,
2019-07-04,24.96,7.65,24.812857142857144,186,23.35,
2019-07-05,25.24,0.58,24.285714285714285,187,23.333666666666666,
2019-07-06,23.67,0.01,24.124285714285715,188,23.908,
2019-07-07,22.7,0.03,23.84857142857143,189,23.91033333333333,
2019-07-08,22.69,0.01,23.495714285714286,190,23.716333333333335,
2019-07-09,24.79,2.09,23.298571428571428,191,23.563666666666666,
2019-07-10,22.89,0.06,23.465714285714284,192,23.58566666666667,
2019-07-11,22.49,0.02,23.84,193,23.475666666666665,
2019-07-12,23.86,0.0,24.22714285714286,194,23.613999999999997,
2019-07-13,24.84,0.37,24.21428571428572,195,23.775,
2019-07-14,25.32,0.03,24.575714285714287,196,23.750333333333334,
2019-07-15,25.4,0.84,25.428571428571427,197,24.091,
2019-07-16,24.7,2.76,26.072857142857146,198,24.48933333333333,
2019-07-17,25.42,9.5,26.48,199,25.218666666666667,
2019-07-18,28.46,9.61,26.041428571428575,200,25.182000000000002,
2019-07-19,28.37,0.35,25.29714285714286,201,25.142666666666667,
2019-07-20,27.69,5.87,24.601428571428578,202,24.688333333333333,
2019-07-21,22.25,4.39,24.06142857142857,203,24.159,
2019-07-22,20.19,0.01,23.037142857142857,204,24.09733333333333,
2019-07-23,19.83,0.0,22.389999999999997,205,23.634999999999998,
2019-07-24,21.64,0.13,21.990000000000002,206,23.958333333333332,
2019-07-25,21.29,1.53,22.312857142857144,207,24.35666666666667,
2019-07-26,23.84,0.07,22.639999999999997,208,23.784333333333333,
2019-07-27,24.89,0.39,22.587142857142858,209,23.436333333333334,
2019-07-28,24.51,4.59,22.40285714285714,210,23.39466666666667,
2019-07-29,22.48,1.98,22.481428571428573,211,22.936333333333334,
2019-07-30,19.46,0.0,22.21857142857143,212,23.407333333333334,
2019-07-31,20.35,2.01,21.892857142857146,213,23.882,
2019-08-01,21.84,0.01,21.849999999999998,214,24.038,
2019-08-02,22.0,0.01,22.084285714285716,215,23.786,
2019-08-03,22.61,0.14,22.69,216,23.788333333333334,
2019-08-04,24.21,0.47,23.174285714285713,217,23.070333333333334,
2019-08-05,24.12,5.23,23.05857142857143,218,22.095000000000002,
2019-08-06,23.7,1.18,22.898571428571433,219,22.555999999999997,
2019-08-07,23.74,0.0,23.072857142857142,220,23.384999999999998,
2019-08-08,21.03,0.44,23.092857142857145,221,23.405666666666665,
2019-08-09,20.88,0.0,22.898571428571433,222,23.939,
2019-08-10,23.83,0.73,22.85714285714286,223,23.015666666666668,
2019-08-11,24.35,3.91,22.341428571428573,224,22.470000000000002,
2019-08-12,22.76,6.69,22.35,225,22.623333333333335,
2019-08-13,23.41,0.22,22.470000000000002,226,22.243999999999996,
2019-08-14,20.13,0.25,22.22714285714286,227,21.991,
2019-08-15,21.09,0.06,21.995714285714286,228,21.821,
2019-08-16,21.72,0.15,21.837142857142858,229,22.473666666666666,
2019-08-17,22.13,8.9,21.948571428571427,230,22.349666666666668,
2019-08-18,22.73,14.54,21.937142857142856,231,22.279,
2019-08-19,21.65,1.11,21.67571428571429,232,21.826,
2019-08-20,24.19,31.12,21.412857142857142,233,21.703333333333333,
2019-08-21,20.05,3.4,20.970000000000002,234,22.387999999999998,
2019-08-22,19.26,0.0,20.380000000000003,235,22.672666666666665,
2019-08-23,19.88,0.0,20.118571428571432,236,22.886000000000003,
2019-08-24,19.03,0.04,19.345714285714287,237,23.147333333333332,
2019-08-25,18.6,0.31,19.13714285714286,238,22.886333333333333,
2019-08-26,19.82,0.18,19.444285714285716,239,23.105999999999998,
2019-08-27,18.78,0.01,19.178571428571427,240,23.144333333333336,
2019-08-28,18.59,0.1,19.024285714285718,241,22.774333333333335,
2019-08-29,21.41,3.93,19.255714285714287,242,22.189,
2019-08-30,18.02,0.03,19.624285714285715,243,21.733333333333334,
2019-08-31,17.95,0.15,20.312857142857144,244,21.302666666666667,
2019-09-01,20.22,0.11,20.202857142857145,245,21.451,
2019-09-02,22.4,0.14,20.245714285714286,246,22.022333333333332,
2019-09-03,23.6,0.2,20.621428571428574,247,21.276666666666664,
2019-09-04,17.82,0.0,20.919999999999998,248,21.00433333333333,
2019-09-05,21.71,0.0,20.65142857142857,249,21.005666666666666,
2019-09-06,20.65,0.0,20.62,250,21.192666666666664,
2019-09-07,20.04,7.0,20.63714285714286,251,20.137,
2019-09-08,18.34,5.13,21.621428571428574,252,19.12933333333333,
2019-09-09,22.18,9.6,21.805714285714288,253,19.55933333333333,
2019-09-10,23.72,14.02,21.26142857142857,254,19.197,
2019-09-11,24.71,7.85,21.34,255,19.569333333333336,
2019-09-12,23.0,7.98,22.134285714285713,256,19.301,
2019-09-13,16.84,0.08,22.37,257,18.745333333333335,
2019-09-14,20.59,4.58,22.54,258,17.874333333333333,
2019-09-15,23.9,1.35,22.604285714285716,259,18.199666666666666,
2019-09-16,23.83,0.01,22.812857142857148,260,18.276999999999997,
2019-09-17,24.91,0.02,23.928571428571427,261,18.257,
2019-09-18,25.16,7.23,24.344285714285714,262,17.91466666666667,
2019-09-19,24.46,7.58,23.565714285714286,263,17.648333333333333,
2019-09-20,24.65,2.74,22.764285714285716,264,17.333666666666666,
2019-09-21,23.5,9.99,22.282857142857143,265,16.50766666666667,
2019-09-22,18.45,19.83,21.207142857142856,266,15.752999999999998,
2019-09-23,18.22,0.1,19.957142857142856,267,15.840666666666666,
2019-09-24,21.54,4.28,19.005714285714287,268,15.879666666666667,
2019-09-25,17.63,0.21,17.70714285714286,269,16.085666666666665,
2019-09-26,15.71,0.01,17.68285714285714,270,15.628000000000002,
2019-09-27,17.99,2.56,18.60571428571429,271,15.453666666666667,
2019-09-28,14.41,1.88,18.430000000000003,272,14.340333333333332,
2019-09-29,18.28,8.13,17.952857142857145,273,15.011,
2019-09-30,24.68,0.75,17.208571428571428,274,15.565,
2019-10-01,20.31,40.02,15.962857142857143,275,14.964666666666666,
2019-10-02,14.29,12.06,15.725714285714286,276,14.025,
2019-10-03,10.5,0.1,14.758571428571429,277,13.937999999999999,
2019-10-04,9.27,0.27,12.965714285714286,278,12.959333333333335,
2019-10-05,12.75,19.42,11.912857142857144,279,13.216666666666667,
2019-10-06,11.51,0.0,11.672857142857142,280,13.280666666666667,
2019-10-07,12.13,0.01,12.021428571428572,281,13.126,
2019-10-08,12.94,0.0,11.081428571428573,282,13.387,
2019-10-09,12.61,9.87,9.772857142857143,283,12.320333333333334,
2019-10-10,12.94,18.81,8.754285714285714,284,11.544666666666666,
2019-10-11,2.69,1.41,8.03857142857143,285,12.015333333333333,
2019-10-12,3.59,0.12,7.408571428571428,286,11.498666666666667,
2019-10-13,4.38,0.04,6.510000000000001,287,10.771666666666667,
2019-10-14,7.12,0.0,5.815714285714287,288,10.437000000000001,
2019-10-15,8.53,0.02,7.150000000000001,289,10.093333333333334,
2019-10-16,6.32,0.0,8.412857142857144,290,10.100999999999999,
2019-10-17,8.08,0.0,9.324285714285717,291,10.468,
2019-10-18,12.03,0.05,9.64,292,9.365,
2019-10-19,12.43,4.05,9.374285714285715,293,9.306333333333333,
2019-10-20,10.76,2.85,9.247142857142858,294,9.620000000000001,
2019-10-21,9.33,24.11,8.61857142857143,295,9.548333333333334,
2019-10-22,6.67,0.5,7.474285714285715,296,9.428333333333335,
2019-10-23,5.43,3.04,6.255714285714285,297,9.361666666666668,
2019-10-24,3.68,0.0,5.364285714285715,298,8.323333333333332,
2019-10-25,4.02,0.04,4.141428571428572,299,8.220666666666666,
2019-10-26,3.9,0.01,3.215714285714287,300,7.387333333333333,
2019-10-27,4.52,0.0,2.2000000000000006,301,6.560333333333333,
2019-10-28,0.77,1.81,1.4971428571428582,302,7.194333333333334,
2019-10-29,0.19,0.07,1.1242857142857152,303,7.574,
2019-10-30,-1.68,0.32,0.7828571428571439,304,6.771333333333333,
2019-10-31,-1.24,0.09,0.4985714285714296,305,5.3613333333333335,
2019-11-01,1.41,0.83,0.8171428571428583,306,5.837000000000001,
2019-11-02,1.51,0.12,0.7714285714285724,307,4.904,
2019-11-03,2.53,0.72,1.132857142857144,308,5.098666666666667,
2019-11-04,3.0,0.01,0.5985714285714295,309,5.049,
2019-11-05,-0.13,0.0,0.18571428571428678,310,5.129666666666666,
2019-11-06,0.85,0.72,0.4628571428571439,311,4.361666666666666,
2019-11-07,-4.98,0.0,0.18714285714285822,312,3.850333333333333,
2019-11-08,-1.48,0.0,-1.2914285714285703,313,4.254666666666667,
2019-11-09,3.45,0.0,-2.738571428571427,314,4.613333333333333,
2019-11-10,0.6,1.83,-3.367142857142856,315,3.4196666666666666,
2019-11-11,-7.35,1.71,-3.279999999999999,316,1.9046666666666667,
2019-11-12,-10.26,0.0,-3.1399999999999983,317,1.7046666666666668,
2019-11-13,-3.55,0.92,-3.3985714285714272,318,2.5083333333333333,
2019-11-14,-4.37,0.01,-3.284285714285713,319,2.8676666666666666,
2019-11-15,-0.5,0.0,-2.0085714285714276,320,2.585,
2019-11-16,1.64,0.05,-0.051428571428570456,321,2.494,
2019-11-17,1.4,2.05,1.4157142857142868,322,2.942333333333333,
2019-11-18,1.58,2.38,2.6114285714285725,323,2.783666666666667,
2019-11-19,3.44,0.18,2.1942857142857153,324,2.183666666666667,
2019-11-20,6.72,7.55,2.0185714285714296,325,1.4466666666666665,
2019-11-21,4.0,2.86,2.0585714285714296,326,1.0430000000000001,
2019-11-22,-3.42,0.0,2.3557142857142863,327,1.2656666666666667,
2019-11-23,0.41,0.0,2.0485714285714294,328,0.8053333333333333,
2019-11-24,1.68,0.0,0.9457142857142867,329,0.4036666666666667,
2019-11-25,3.66,0.01,-0.06857142857142755,330,0.2166666666666667,
2019-11-26,1.29,6.97,0.3514285714285724,331,-0.3006666666666667,
2019-11-27,-1.0,0.41,0.44857142857142956,332,-0.6473333333333334,
2019-11-28,-3.1,0.23,0.008571428571429627,333,0.04299999999999997,
2019-11-29,-0.48,2.55,-1.1228571428571417,334,-0.1753333333333333,
2019-11-30,1.09,4.39,-1.1614285714285704,335,-1.3270000000000002,
2019-12-01,-1.4,4.01,-0.8728571428571418,336,-1.3359999999999999,
2019-12-02,-4.26,0.0,-0.13857142857142746,337,-0.9176666666666667,
2019-12-03,1.02,0.0,-0.4599999999999989,338,-1.3096666666666665,
2019-12-04,1.02,0.0,-0.6071428571428561,339,-1.384,
2019-12-05,2.04,0.3,-0.16428571428571317,340,-2.7996666666666665,
2019-12-06,-2.73,0.0,-0.06428571428571324,341,-3.5756666666666663,
2019-12-07,0.06,0.0,-1.4542857142857133,342,-3.7616666666666663,
2019-12-08,1.7,0.0,-2.6899999999999986,343,-3.6540000000000004,
2019-12-09,-3.56,0.64,-3.127142857142856,344,-4.117666666666667,
2019-12-10,-8.71,0.31,-3.1299999999999986,345,-3.7346666666666666,
2019-12-11,-7.63,0.4,-4.134285714285713,346,-3.7763333333333335,
2019-12-12,-1.02,0.03,-5.6585714285714275,347,-3.5260000000000002,
2019-12-13,-2.75,0.02,-6.079999999999998,348,-2.4756666666666667,
2019-12-14,-6.97,0.0,-5.478571428571428,349,-3.1086666666666667,
2019-12-15,-8.97,0.32,-5.419999999999999,350,-3.9536666666666664,
2019-12-16,-6.51,0.0,-5.527142857142856,351,-4.115,
2019-12-17,-4.5,0.0,-5.125714285714284,352,-4.723333333333333,
2019-12-18,-7.22,0.0,-4.0699999999999985,353,-4.670333333333334,
2019-12-19,-1.77,0.0,-2.5042857142857136,354,-5.029,
2019-12-20,0.06,0.0,-1.3314285714285705,355,-4.147,
2019-12-21,0.42,0.0,-0.23428571428571324,356,-4.393,
2019-12-22,1.99,0.0,1.6414285714285726,357,-4.798,
2019-12-23,1.7,0.01,1.9185714285714295,358,-5.59,
2019-12-24,3.18,0.0,1.7614285714285727,359,-6.833333333333333,
2019-12-25,5.91,0.0,2.1428571428571437,360,-5.871333333333333,
2019-12-26,0.17,0.0,2.135714285714287,361,-4.98,
2019-12-27,-1.04,0.0,1.300000000000001,362,-4.514666666666667,
2019-12-28,3.09,19.01,0.3528571428571438,363,-4.012666666666666,
2019-12-29,1.94,1.2,-0.6585714285714276,364,-5.275666666666667,
2019-12-30,-4.15,0.52,-0.6385714285714277,365,-4.824666666666667,
2019-12-31,-3.45,2.21,-0.6657142857142847,366,-6.896333333333333,
2020-01-01,-1.17,0.42,-1.619999999999999,1,-7.254666666666667,
2020-01-02,0.31,5.07,-1.8671428571428559,2,-6.669333333333333,
2020-01-03,-1.23,2.3,-1.4699999999999989,3,-6.372,
2020-01-04,-3.59,0.05,-1.3885714285714275,4,-7.632000000000001,
2020-01-05,0.21,0.01,-2.2928571428571414,5,-7.3629999999999995,
2020-01-06,-1.37,0.26,-1.9728571428571418,6,-7.612666666666667,
2020-01-07,-2.88,0.0,-2.409999999999999,7,-7.635666666666666,
2020-01-08,-7.5,0.0,-3.381428571428571,8,-6.3966666666666665,
2020-01-09,2.55,0.05,-4.3599999999999985,9,-6.800666666666667,
2020-01-10,-4.29,2.83,-4.619999999999998,10,-6.191666666666666,
2020-01-11,-10.39,0.06,-4.682857142857142,11,-5.321666666666667,
2020-01-12,-6.64,2.88,-4.542857142857142,12,-6.834333333333333,
2020-01-13,-3.19,1.14,-7.109999999999999,13,-7.807,
2020-01-14,-3.32,0.04,-7.622857142857142,14,-7.033666666666666,
2020-01-15,-6.52,0.22,-7.744285714285712,15,-8.241333333333333,
2020-01-16,-15.42,0.0,-9.235714285714284,16,-7.281666666666666,
2020-01-17,-7.88,12.39,-10.884285714285712,17,-7.789,
2020-01-18,-11.24,1.08,-12.254285714285714,18,-8.385333333333334,
2020-01-19,-17.08,0.03,-11.637142857142853,19,-7.801,
2020-01-20,-14.73,0.01,-9.732857142857142,20,-7.862,
2020-01-21,-12.91,0.02,-9.015714285714283,21,-6.818,
2020-01-22,-2.2,5.07,-8.264285714285714,22,-5.656000000000001,
2020-01-23,-2.09,0.88,-6.4557142857142855,23,-6.655666666666667,
2020-01-24,-2.86,1.97,-4.864285714285713,24,-7.19,
2020-01-25,-5.98,0.0,-3.86142857142857,25,-6.602666666666667,
2020-01-26,-4.42,0.01,-4.2557142857142845,26,-5.616333333333333,
2020-01-27,-3.59,0.01,-4.624285714285713,27,-6.115666666666667,
2020-01-28,-5.89,0.25,-4.618571428571427,28,-5.8726666666666665,
2020-01-29,-4.96,0.78,-3.875714285714284,29,-7.1626666666666665,
2020-01-30,-4.67,0.21,-2.888571428571427,30,-7.257000000000001,
2020-01-31,-2.82,1.09,-2.4314285714285697,31,-5.312333333333333,
2020-02-01,-0.78,0.08,-2.2514285714285696,32,-5.570666666666667,
2020-02-02,2.49,0.0,-2.3842857142857126,33,-5.598333333333333,
2020-02-03,-0.39,0.01,-2.3899999999999983,34,-5.522333333333333,
2020-02-04,-4.63,0.0,-2.6299999999999986,35,-6.5696666666666665,
2020-02-05,-5.89,0.04,-3.4057142857142835,36,-5.671666666666667,
2020-02-06,-4.71,0.01,-4.088571428571427,37,-4.662999999999999,
2020-02-07,-4.5,1.06,-4.695714285714284,38,-5.294,
2020-02-08,-6.21,0.04,-4.48142857142857,39,-5.605333333333333,
2020-02-09,-2.29,0.24,-4.095714285714284,40,-5.402333333333333,
2020-02-10,-4.64,0.01,-5.884285714285712,41,-5.548666666666667,
2020-02-11,-3.13,0.0,-7.0628571428571405,42,-5.828,
2020-02-12,-3.19,1.29,-6.45142857142857,43,-5.614,
2020-02-13,-17.23,0.0,-6.008571428571427,44,-4.276333333333333,
2020-02-14,-12.75,0.0,-5.278571428571427,45,-4.116666666666666,
2020-02-15,-1.93,0.06,-5.245714285714285,46,-5.044,
2020-02-16,0.81,0.06,-6.137142857142855,47,-4.468,
2020-02-17,0.47,6.85,-5.237142857142856,48,-2.9069999999999996,
2020-02-18,-2.9,0.0,-3.8357142857142845,49,-2.4276666666666666,
2020-02-19,-9.43,0.12,-3.375714285714284,50,-2.2693333333333334,
2020-02-20,-10.93,0.0,-2.9142857142857124,51,-1.5713333333333332,
2020-02-21,-2.94,0.0,-2.8814285714285703,52,-2.385,
2020-02-22,1.29,0.06,-2.3999999999999986,53,-1.8993333333333333,
2020-02-23,4.04,0.18,-1.315714285714284,54,-2.289,
2020-02-24,0.7,0.0,-0.015714285714284144,55,-2.667333333333333,
2020-02-25,0.47,0.0,0.21285714285714438,56,-3.2760000000000002,
2020-02-26,-1.84,0.0,0.20428571428571587,57,-3.2516666666666665,
2020-02-27,-1.83,0.0,0.25285714285714445,58,-3.3603333333333336,
2020-02-28,-1.34,0.0,0.29000000000000153,59,-2.131666666666667,
2020-02-29,1.23,0.0,0.8571428571428588,60,1.94125,
2020-03-01,4.38,0.0,1.7471428571428587,61,-1.5816666666666666,
2020-03-02,0.96,0.0,2.4771428571428586,62,-3.1626666666666665,
2020-03-03,4.44,0.36,2.751428571428573,63,-2.8819999999999997,
2020-03-04,4.39,0.02,3.605714285714287,64,-1.1363333333333332,
2020-03-05,3.28,0.04,4.634285714285716,65,-0.13566666666666655,
2020-03-06,0.58,0.0,5.117142857142858,66,0.4623333333333332,
2020-03-07,7.21,0.0,4.8000000000000025,67,0.44066666666666665,
2020-03-08,11.58,0.02,4.9457142857142875,68,0.748,
2020-03-09,4.34,8.32,5.624285714285716,69,-0.33833333333333326,
2020-03-10,2.22,1.17,5.882857142857145,70,0.44,
2020-03-11,5.41,0.02,4.790000000000002,71,0.871,
2020-03-12,8.03,0.16,3.202857142857145,72,1.326,
2020-03-13,2.39,0.02,2.9442857142857157,73,2.741,
2020-03-14,-0.44,2.71,3.0371428571428587,74,2.949333333333333,
2020-03-15,0.47,0.16,3.1285714285714303,75,2.875,
2020-03-16,2.53,0.12,3.171428571428573,76,3.725333333333333,
2020-03-17,2.87,0.12,2.3328571428571445,77,3.746,
2020-03-18,6.05,21.28,2.197142857142859,78,3.3153333333333337,
2020-03-19,8.33,25.17,2.1057142857142876,79,3.641,
2020-03-20,-3.48,0.73,2.350000000000002,80,3.9993333333333334,
2020-03-21,-1.39,0.01,2.7228571428571446,81,3.7106666666666666,
2020-03-22,-0.17,0.77,2.957142857142859,82,4.115666666666667,
2020-03-23,4.24,0.13,2.840000000000002,83,4.760000000000001,
2020-03-24,5.48,0.03,4.341428571428573,84,4.697,
2020-03-25,7.69,0.18,5.981428571428574,85,4.338333333333334,
2020-03-26,7.51,0.01,7.024285714285717,86,5.436999999999999,
2020-03-27,7.03,2.27,7.474285714285716,87,5.832666666666666,
2020-03-28,10.09,3.84,7.717142857142859,88,5.482,
2020-03-29,7.13,0.7,7.904285714285716,89,6.0793333333333335,
2020-03-30,7.39,0.0,8.442857142857145,90,7.23,
2020-03-31,7.18,0.0,7.461428571428573,91,6.647,
2020-04-01,9.0,1.0,6.094285714285717,92,6.444999999999999,
2020-04-02,11.28,0.85,5.882857142857145,93,7.316,
2020-04-03,0.16,4.54,6.407142857142859,94,6.646333333333333,
2020-04-04,0.52,0.01,7.757142857142859,95,5.5616666666666665,
2020-04-05,5.65,0.12,8.09857142857143,96,7.396,
2020-04-06,11.06,0.13,6.844285714285716,97,7.986666666666666,
2020-04-07,16.63,0.21,7.351428571428573,98,7.6353333333333335,
2020-04-08,11.39,0.06,8.432857142857145,99,7.1129999999999995,
2020-04-09,2.5,0.0,8.120000000000001,100,7.235333333333333,
2020-04-10,3.71,0.0,6.355714285714287,101,8.195333333333334,
2020-04-11,8.09,1.35,3.837142857142859,102,8.320666666666666,
2020-04-12,3.46,19.94,2.188571428571431,103,7.707,
2020-04-13,-1.29,0.07,1.940000000000002,104,8.866999999999999,
2020-04-14,-1.0,0.45,1.8700000000000023,105,10.045666666666667,
2020-04-15,-0.15,0.16,1.9514285714285737,106,10.124,
2020-04-16,0.76,3.97,2.662857142857145,107,9.499666666666666,
2020-04-17,3.22,0.58,4.347142857142859,108,10.244666666666665,
2020-04-18,8.66,0.0,5.708571428571431,109,11.613333333333333,
2020-04-19,8.44,0.0,7.975714285714288,110,10.836666666666668,
2020-04-20,10.5,0.35,10.052857142857146,111,9.832666666666666,
2020-04-21,8.53,0.0,11.311428571428575,112,10.340333333333332,
2020-04-22,15.72,0.77,11.841428571428574,113,10.793333333333333,
2020-04-23,15.3,4.45,12.58857142857143,114,11.044,
2020-04-24,12.03,2.56,13.450000000000001,115,12.153666666666668,
2020-04-25,12.37,0.04,14.388571428571433,116,11.603666666666667,
2020-04-26,13.67,0.2,13.820000000000004,117,11.013333333333332,
2020-04-27,16.53,0.03,13.595714285714289,118,10.667666666666666,
2020-04-28,15.1,1.78,14.334285714285715,119,11.247333333333334,
2020-04-29,11.74,0.12,15.018571428571432,120,11.810666666666666,
2020-04-30,13.73,0.0,15.474285714285717,121,12.266666666666667,
2020-05-01,17.2,0.23,14.530000000000003,122,12.117666666666667,
2020-05-02,17.16,0.12,13.532857142857145,123,12.065333333333335,
2020-05-03,16.86,0.0,13.345714285714289,124,12.464333333333334,
2020-05-04,9.92,4.18,12.93714285714286,125,13.715666666666667,
2020-05-05,8.12,5.09,11.547142857142859,126,14.700666666666667,
2020-05-06,10.43,0.56,10.467142857142859,127,15.049333333333333,
2020-05-07,10.87,0.74,8.954285714285716,128,15.288,
2020-05-08,7.47,0.0,8.592857142857145,129,15.648,
2020-05-09,9.6,0.25,8.807142857142859,130,15.424000000000001,
2020-05-10,6.27,0.29,8.920000000000002,131,15.732666666666667,
2020-05-11,7.39,0.06,9.744285714285715,132,14.824666666666667,
2020-05-12,9.62,0.0,10.881428571428573,133,13.698666666666666,
2020-05-13,11.22,3.48,11.865714285714288,134,13.713333333333335,
2020-05-14,16.64,11.84,12.97,135,14.930666666666667,
2020-05-15,15.43,0.0,13.725714285714288,136,15.792666666666666,
2020-05-16,16.49,16.9,14.42857142857143,137,16.949,
2020-05-17,14.0,8.48,15.105714285714289,138,16.96,
2020-05-18,12.68,0.42,14.921428571428574,139,16.109666666666666,
2020-05-19,14.54,0.03,15.211428571428574,140,16.488666666666667,
2020-05-20,15.96,0.02,15.65714285714286,141,16.082666666666668,
2020-05-21,15.35,0.01,16.682857142857145,142,16.447666666666667,
2020-05-22,17.46,4.04,17.897142857142857,143,17.717666666666666,
2020-05-23,19.61,6.8,18.94714285714286,144,17.689,
2020-05-24,21.18,11.35,19.815714285714286,145,17.377,
2020-05-25,21.18,19.12,20.37714285714286,146,16.985,
2020-05-26,21.89,7.95,20.169999999999998,147,17.367,
2020-05-27,22.04,4.1,19.75714285714286,148,18.245,
2020-05-28,19.28,8.57,19.180000000000003,149,18.587,
2020-05-29,16.01,0.0,19.41,150,19.214,
2020-05-30,16.72,0.02,19.872857142857146,151,19.67366666666667,
2020-05-31,17.14,0.02,20.300000000000004,152,18.76966666666667,
2020-06-01,22.79,0.19,21.110000000000003,153,18.962666666666667,
2020-06-02,25.13,0.55,22.25714285714286,154,18.642999999999997,
2020-06-03,25.03,0.77,23.201428571428576,155,19.017333333333333,
2020-06-04,24.95,4.15,24.332857142857144,156,19.663999999999998,
2020-06-05,24.04,6.98,24.742857142857144,157,20.015,
2020-06-06,23.33,0.02,24.365714285714287,158,20.389666666666667,
2020-06-07,25.06,0.0,23.351428571428574,159,21.124666666666666,
2020-06-08,25.66,0.06,22.62142857142857,160,20.57633333333333,
2020-06-09,22.49,18.02,22.47142857142857,161,20.773333333333333,
2020-06-10,17.93,8.56,22.01,162,21.00133333333333,
2020-06-11,19.84,0.0,21.16,163,21.526666666666664,
2020-06-12,22.99,0.0,20.617142857142856,164,21.44333333333333,
2020-06-13,20.1,0.0,20.611428571428572,165,21.556333333333335,
2020-06-14,19.11,0.09,21.304285714285715,166,21.331666666666667,
2020-06-15,21.86,0.0,21.931428571428572,167,21.750999999999998,
2020-06-16,22.45,0.0,21.670000000000005,168,21.923000000000002,
2020-06-17,22.78,0.0,21.872857142857146,169,22.441666666666666,
2020-06-18,24.23,7.89,22.48,170,22.617,
2020-06-19,21.16,12.75,22.240000000000002,171,22.067666666666664,
2020-06-20,21.52,1.12,21.734285714285715,172,22.64333333333333,
2020-06-21,23.36,2.26,21.397142857142857,173,22.711666666666666,
2020-06-22,20.18,25.19,21.191428571428577,174,22.692333333333334,
2020-06-23,18.91,1.68,21.794285714285714,175,22.369333333333334,
2020-06-24,20.42,0.22,22.29571428571429,176,22.28666666666667,
2020-06-25,22.79,0.13,22.43285714285715,177,22.715333333333334,
2020-06-26,25.38,3.12,23.278571428571432,178,22.841,
2020-06-27,25.03,2.15,24.08571428571429,179,23.119333333333334,
2020-06-28,24.32,0.42,24.61571428571429,180,22.435333333333332,
2020-06-29,26.1,0.16,24.99142857142857,181,22.72233333333333,
2020-06-30,24.56,1.22,25.044285714285714,182,23.016000000000002,
2020-07-01,24.13,0.69,25.234285714285715,183,22.925666666666665,
2020-07-02,25.42,0.07,25.551428571428573,184,22.494666666666667,
2020-07-03,25.75,0.0,25.684285714285718,185,23.086000000000002,
2020-07-04,26.36,0.0,26.13571428571429,186,23.35,
2020-07-05,26.54,0.03,26.731428571428577,187,23.333666666666666,
2020-07-06,27.03,0.01,26.8,188,23.908,
2020-07-07,27.72,0.01,26.84714285714286,189,23.91033333333333,
2020-07-08,28.3,0.0,26.671428571428574,190,23.716333333333335,
2020-07-09,25.9,1.47,26.25714285714286,191,23.563666666666666,
2020-07-10,26.08,0.26,26.018571428571427,192,23.58566666666667,
2020-07-11,25.13,4.61,25.657142857142862,193,23.475666666666665,
2020-07-12,23.64,0.06,24.402857142857147,194,23.613999999999997,
2020-07-13,25.36,0.0,23.95714285714286,195,23.775,
2020-07-14,25.19,16.38,23.887142857142862,196,23.750333333333334,
2020-07-15,19.52,2.6,24.407142857142862,197,24.091,
2020-07-16,22.78,0.0,24.81142857142857,198,24.48933333333333,
2020-07-17,25.59,0.28,24.52285714285714,199,25.218666666666667,
2020-07-18,28.77,0.29,24.268571428571427,200,25.182000000000002,
2020-07-19,26.47,0.09,24.70571428571429,201,25.142666666666667,
2020-07-20,23.34,0.81,24.802857142857142,202,24.688333333333333,
2020-07-21,23.41,4.84,25.00857142857143,203,24.159,
2020-07-22,22.58,0.08,25.052857142857142,204,24.09733333333333,
2020-07-23,23.46,0.2,25.192857142857143,205,23.634999999999998,
2020-07-24,27.03,0.01,25.44142857142857,206,23.958333333333332,
2020-07-25,29.08,0.0,25.815714285714286,207,24.35666666666667,
2020-07-26,27.45,7.73,26.35857142857143,208,23.784333333333333,
2020-07-27,25.08,0.15,26.431428571428572,209,23.436333333333334,
2020-07-28,26.03,0.0,25.884285714285713,210,23.39466666666667,
2020-07-29,26.38,4.16,25.101428571428578,211,22.936333333333334,
2020-07-30,23.97,0.3,24.29714285714286,212,23.407333333333334,
2020-07-31,23.2,0.03,23.35,213,23.882,
2020-08-01,23.6,0.05,22.37428571428572,214,24.038,
2020-08-02,21.82,0.35,21.482857142857142,215,23.786,
2020-08-03,18.45,0.01,21.13857142857143,216,23.788333333333334,
2020-08-04,19.2,0.0,21.312857142857144,217,23.070333333333334,
2020-08-05,20.14,0.12,21.864285714285717,218,22.095000000000002,
2020-08-06,21.56,5.44,22.812857142857148,219,22.555999999999997,
2020-08-07,24.42,0.26,23.50714285714286,220,23.384999999999998,
2020-08-08,27.46,1.85,23.974285714285717,221,23.405666666666665,
2020-08-09,28.46,1.35,24.548571428571428,222,23.939,
2020-08-10,23.31,18.52,25.231428571428577,223,23.015666666666668,
2020-08-11,22.47,0.0,25.40857142857143,224,22.470000000000002,
2020-08-12,24.16,0.01,24.55857142857143,225,22.623333333333335,
2020-08-13,26.34,0.03,23.988571428571426,226,22.243999999999996,
2020-08-14,25.66,4.16,23.878571428571433,227,21.991,
2020-08-15,21.51,1.28,23.634285714285717,228,21.821,
2020-08-16,24.47,0.02,23.37428571428572,229,22.473666666666666,
2020-08-17,22.54,0.18,22.92571428571429,230,22.349666666666668,
2020-08-18,20.76,0.0,22.75857142857143,231,22.279,
2020-08-19,22.34,0.0,23.321428571428573,232,21.826,
2020-08-20,23.2,0.0,23.792857142857144,233,21.703333333333333,
2020-08-21,24.49,0.04,24.73714285714286,234,22.387999999999998,
2020-08-22,25.45,3.76,25.882857142857148,235,22.672666666666665,
2020-08-23,27.77,0.18,26.840000000000003,236,22.886000000000003,
2020-08-24,29.15,0.07,27.71,237,23.147333333333332,
2020-08-25,28.78,0.23,28.24428571428572,238,22.886333333333333,
2020-08-26,29.04,0.01,27.720000000000002,239,23.105999999999998,
2020-08-27,29.29,0.0,26.778571428571432,240,23.144333333333336,
2020-08-28,28.23,1.99,25.51,241,22.774333333333335,
2020-08-29,21.78,0.0,24.08428571428572,242,22.189,
2020-08-30,21.18,0.02,23.23857142857143,243,21.733333333333334,
2020-08-31,20.27,1.42,22.021428571428572,244,21.302666666666667,
2020-09-01,18.8,0.72,20.968571428571433,245,21.451,
2020-09-02,23.12,0.44,21.292857142857144,246,22.022333333333332,
2020-09-03,20.77,0.01,22.09714285714286,247,21.276666666666664,
2020-09-04,20.86,0.0,21.781428571428574,248,21.00433333333333,
2020-09-05,24.05,0.31,20.45714285714286,249,21.005666666666666,
2020-09-06,26.81,2.6,18.392857142857142,250,21.192666666666664,
2020-09-07,18.06,5.82,16.842857142857145,251,20.137,
2020-09-08,9.53,28.78,15.724285714285715,252,19.12933333333333,
2020-09-09,8.67,14.15,14.554285714285715,253,19.55933333333333,
2020-09-10,9.92,14.6,13.120000000000001,254,19.197,
2020-09-11,13.03,12.26,13.248571428571429,255,19.569333333333336,
2020-09-12,15.86,1.79,14.758571428571429,256,19.301,
2020-09-13,16.77,0.03,16.172857142857147,257,18.745333333333335,
2020-09-14,18.96,0.0,16.80714285714286,258,17.874333333333333,
2020-09-15,20.1,0.0,16.854285714285716,259,18.199666666666666,
2020-09-16,18.57,0.0,16.652857142857147,260,18.276999999999997,
2020-09-17,14.36,0.0,16.505714285714287,261,18.257,
2020-09-18,13.36,0.04,16.300000000000004,262,17.91466666666667,
2020-09-19,14.45,0.0,16.124285714285715,263,17.648333333333333,
2020-09-20,15.74,0.0,16.258571428571432,264,17.333666666666666,
2020-09-21,17.52,0.0,17.174285714285716,265,16.50766666666667,
2020-09-22,18.87,0.0,18.42571428571429,266,15.752999999999998,
2020-09-23,19.51,0.0,19.64714285714286,267,15.840666666666666,
2020-09-24,20.77,0.0,19.694285714285716,268,15.879666666666667,
2020-09-25,22.12,0.0,18.94,269,16.085666666666665,
2020-09-26,23.0,0.02,18.201428571428576,270,15.628000000000002,
2020-09-27,16.07,3.96,17.528571428571432,271,15.453666666666667,
2020-09-28,12.24,1.57,16.095714285714287,272,14.340333333333332,
2020-09-29,13.7,0.04,14.145714285714288,273,15.011,
2020-09-30,14.8,0.15,12.05714285714286,274,15.565,
2020-10-01,10.74,0.03,11.031428571428574,275,14.964666666666666,
2020-10-02,8.47,0.11,11.234285714285717,276,14.025,
2020-10-03,8.38,1.46,11.862857142857147,277,13.937999999999999,
2020-10-04,8.89,0.05,12.314285714285717,278,12.959333333333335,
2020-10-05,13.66,0.02,13.098571428571432,279,13.216666666666667,
2020-10-06,18.1,0.0,14.842857142857145,280,13.280666666666667,
2020-10-07,17.96,0.0,16.09714285714286,281,13.126,
2020-10-08,16.23,0.0,17.56714285714286,282,13.387,
2020-10-09,20.68,0.0,17.614285714285717,283,12.320333333333334,
2020-10-10,17.16,0.0,16.93571428571429,284,11.544666666666666,
2020-10-11,19.18,1.08,16.42857142857143,285,12.015333333333333,
2020-10-12,13.99,0.69,15.081428571428573,286,11.498666666666667,
2020-10-13,13.35,0.0,13.03857142857143,287,10.771666666666667,
2020-10-14,14.41,0.0,12.265714285714287,288,10.437000000000001,
2020-10-15,6.8,0.01,10.044285714285717,289,10.093333333333334,
2020-10-16,6.38,0.15,8.191428571428572,290,10.100999999999999,
2020-10-17,11.75,0.61,6.52857142857143,291,10.468,
2020-10-18,3.63,1.25,5.304285714285716,292,9.365,
2020-10-19,1.02,1.79,5.315714285714288,293,9.306333333333333,
2020-10-20,1.71,1.03,4.690000000000002,294,9.620000000000001,
2020-10-21,5.84,2.16,2.870000000000002,295,9.548333333333334,
2020-10-22,6.88,30.36,2.2614285714285733,296,9.428333333333335,
2020-10-23,2.0,0.17,1.7571428571428591,297,9.361666666666668,
2020-10-24,-0.99,0.0,1.2685714285714305,298,8.323333333333332,
2020-10-25,-0.63,0.8,0.8957142857142877,299,8.220666666666666,
2020-10-26,-2.51,0.54,0.08285714285714489,300,7.387333333333333,
2020-10-27,-1.71,0.02,0.14000000000000204,301,6.560333333333333,
2020-10-28,3.23,0.0,1.435714285714288,302,7.194333333333334,
2020-10-29,1.19,0.0,1.672857142857145,303,7.574,
2020-10-30,2.4,0.0,2.732857142857145,304,6.771333333333333,
2020-10-31,8.08,0.0,4.617142857142859,305,5.3613333333333335,
2020-11-01,1.03,0.0,5.864285714285716,306,5.837000000000001,
2020-11-02,4.91,0.0,7.621428571428574,307,4.904,
2020-11-03,11.48,0.0,9.230000000000002,308,5.098666666666667,
2020-11-04,11.96,0.08,10.270000000000001,309,5.049,
2020-11-05,13.49,0.19,12.60714285714286,310,5.129666666666666,
2020-11-06,13.66,0.1,14.145714285714288,311,4.361666666666666,
2020-11-07,15.36,0.01,12.858571428571432,312,3.850333333333333,
2020-11-08,17.39,0.0,11.295714285714288,313,4.254666666666667,
2020-11-09,15.68,9.1,9.41,314,4.613333333333333,
2020-11-10,2.47,18.67,7.212857142857145,315,3.4196666666666666,
2020-11-11,1.02,0.0,5.654285714285716,316,1.9046666666666667,
2020-11-12,0.29,0.01,3.5842857142857163,317,1.7046666666666668,
2020-11-13,-1.72,0.0,1.7514285714285738,318,2.5083333333333333,
2020-11-14,4.45,0.45,1.4428571428571448,319,2.8676666666666666,
2020-11-15,2.9,0.17,2.4614285714285735,320,2.585,
2020-11-16,2.85,0.01,4.200000000000002,321,2.494,
2020-11-17,0.31,0.0,5.270000000000002,322,2.942333333333333,
2020-11-18,8.15,0.0,4.825714285714288,323,2.783666666666667,
2020-11-19,12.46,0.16,4.820000000000002,324,2.183666666666667,
2020-11-20,5.77,0.0,4.355714285714288,325,1.4466666666666665,
2020-11-21,1.34,0.0,4.517142857142859,326,1.0430000000000001,
2020-11-22,2.86,0.17,3.5800000000000023,327,1.2656666666666667,
2020-11-23,-0.4,4.38,1.7471428571428593,328,0.8053333333333333,
2020-11-24,1.44,8.18,0.9057142857142877,329,0.4036666666666667,
2020-11-25,1.59,3.24,1.1471428571428592,330,0.2166666666666667,
2020-11-26,-0.37,0.02,0.7385714285714305,331,-0.3006666666666667,
2020-11-27,-0.12,0.07,0.23142857142857348,332,-0.6473333333333334,
2020-11-28,3.03,0.0,-0.26285714285714085,333,0.04299999999999997,
2020-11-29,0.0,0.02,-0.6314285714285696,334,-0.1753333333333333,
2020-11-30,-3.95,0.0,-0.6671428571428553,335,-1.3270000000000002,
2020-12-01,-2.02,0.0,-0.4685714285714266,336,-1.3359999999999999,
2020-12-02,-0.99,0.0,-0.7799999999999981,337,-0.9176666666666667,
2020-12-03,-0.62,0.0,-0.8399999999999981,338,-1.3096666666666665,
2020-12-04,1.27,0.0,-0.40142857142856936,339,-1.384,
2020-12-05,0.85,0.0,0.09142857142857348,340,-2.7996666666666665,
2020-12-06,-0.42,0.01,0.7414285714285735,341,-3.5756666666666663,
2020-12-07,-0.88,0.0,1.3214285714285734,342,-3.7616666666666663,
2020-12-08,1.43,0.0,1.2471428571428593,343,-3.6540000000000004,
2020-12-09,3.56,0.0,0.8171428571428592,344,-4.117666666666667,
2020-12-10,3.44,0.0,0.16714285714285917,345,-3.7346666666666666,
2020-12-11,0.75,8.79,-0.8485714285714266,346,-3.7763333333333335,
2020-12-12,-2.16,5.83,-1.8842857142857123,347,-3.5260000000000002,
2020-12-13,-4.97,0.05,-3.251428571428569,348,-2.4756666666666667,
2020-12-14,-7.99,0.0,-4.582857142857141,349,-3.1086666666666667,
2020-12-15,-5.82,0.01,-4.81142857142857,350,-3.9536666666666664,
2020-12-16,-6.01,0.03,-5.172857142857141,351,-4.115,
2020-12-17,-5.88,0.0,-4.77142857142857,352,-4.723333333333333,
2020-12-18,-0.85,0.34,-3.4385714285714264,353,-4.670333333333334,
2020-12-19,-4.69,0.0,-2.3528571428571405,354,-5.029,
2020-12-20,-2.16,0.03,-1.6157142857142837,355,-4.147,
2020-12-21,1.34,0.02,-2.6314285714285695,356,-4.393,
2020-12-22,1.78,0.01,-3.837142857142855,357,-4.798,
2020-12-23,-0.85,1.37,-3.6285714285714263,358,-5.59,
2020-12-24,-12.99,0.01,-3.739999999999998,359,-6.833333333333333,
2020-12-25,-9.29,0.41,-4.847142857142855,360,-5.871333333333333,
2020-12-26,-3.23,0.0,-5.799999999999998,361,-4.98,
2020-12-27,-2.94,0.11,-6.64142857142857,362,-4.514666666666667,
2020-12-28,-6.41,0.0,-5.932857142857141,363,-4.012666666666666,
2020-12-29,-4.89,11.91,-5.671428571428569,364,-5.275666666666667,
2020-12-30,-6.74,0.08,-6.265714285714283,365,-4.824666666666667,
2020-12-31,-8.03,0.03,-6.58142857142857,366,-6.896333333333333,
2021-01-01,-7.46,0.03,-5.995714285714284,1,-7.254666666666667,
2021-01-02,-7.39,0.01,-5.685714285714283,2,-6.669333333333333,
2021-01-03,-5.15,0.0,-4.978571428571426,3,-6.372,
2021-01-04,-2.31,0.02,-4.155714285714284,4,-7.632000000000001,
2021-01-05,-2.72,0.04,-3.5399999999999983,5,-7.3629999999999995,
2021-01-06,-1.79,0.13,-3.305714285714284,6,-7.612666666666667,
2021-01-07,-2.27,0.01,-3.357142857142855,7,-7.635666666666666,
2021-01-08,-3.15,0.0,-3.378571428571427,8,-6.3966666666666665,
2021-01-09,-5.75,0.0,-3.0914285714285694,9,-6.800666666666667,
2021-01-10,-5.51,0.0,-2.707142857142855,10,-6.191666666666666,
2021-01-11,-2.46,0.01,-2.2014285714285693,11,-5.321666666666667,
2021-01-12,-0.71,0.0,-1.7457142857142838,12,-6.834333333333333,
2021-01-13,0.9,0.0,-1.3771428571428552,13,-7.807,
2021-01-14,1.27,3.41,-0.999999999999998,14,-7.033666666666666,
2021-01-15,0.04,4.5,-1.2742857142857122,15,-8.241333333333333,
2021-01-16,-3.17,0.15,-1.8242857142857123,16,-7.281666666666666,
2021-01-17,-2.87,0.31,-2.381428571428569,17,-7.789,
2021-01-18,-4.38,0.0,-2.6628571428571406,18,-8.385333333333334,
2021-01-19,-4.56,0.13,-3.971428571428569,19,-7.801,
2021-01-20,-3.0,0.03,-4.754285714285713,20,-7.862,
2021-01-21,-0.7,0.0,-4.915714285714283,21,-6.818,
2021-01-22,-9.12,0.0,-5.162857142857141,22,-5.656000000000001,
2021-01-23,-8.65,1.21,-5.5542857142857125,23,-6.655666666666667,
2021-01-24,-4.0,0.14,-6.344285714285712,24,-7.19,
2021-01-25,-6.11,8.27,-7.3857142857142835,25,-6.602666666666667,
2021-01-26,-7.3,2.15,-6.605714285714284,26,-5.616333333333333,
2021-01-27,-8.53,0.04,-5.632857142857141,27,-6.115666666666667,
2021-01-28,-7.99,0.0,-5.3442857142857125,28,-5.8726666666666665,
2021-01-29,-3.66,0.0,-5.125714285714283,29,-7.1626666666666665,
2021-01-30,-1.84,2.57,-5.044285714285713,30,-7.257000000000001,
2021-01-31,-1.98,0.43,-4.182857142857141,31,-5.312333333333333,
2021-02-01,-4.58,0.02,-3.677142857142855,32,-5.570666666666667,
2021-02-02,-6.73,0.0,-4.807142857142855,33,-5.598333333333333,
2021-02-03,-2.5,0.0,-6.794285714285713,34,-5.522333333333333,
2021-02-04,-4.45,3.44,-9.22285714285714,35,-6.5696666666666665,
2021-02-05,-11.57,0.0,-10.80142857142857,36,-5.671666666666667,
2021-02-06,-15.75,1.19,-11.98142857142857,37,-4.662999999999999,
2021-02-07,-18.98,0.7,-13.418571428571427,38,-5.294,
2021-02-08,-15.63,0.33,-15.141428571428568,39,-5.605333333333333,
2021-02-09,-14.99,0.01,-16.16857142857143,40,-5.402333333333333,
2021-02-10,-12.56,0.12,-16.55,41,-5.548666666666667,
2021-02-11,-16.51,0.91,-16.821428571428573,42,-5.828,
2021-02-12,-18.76,0.47,-17.59,43,-5.614,
2021-02-13,-18.42,0.61,-18.209999999999997,44,-4.276333333333333,
2021-02-14,-20.88,0.03,-18.432857142857138,45,-4.116666666666666,
2021-02-15,-21.01,0.01,-17.705714285714286,46,-5.044,
2021-02-16,-19.33,0.0,-16.491428571428568,47,-4.468,
2021-02-17,-14.12,0.21,-14.932857142857141,48,-2.9069999999999996,
2021-02-18,-11.42,0.11,-12.588571428571425,49,-2.4276666666666666,
2021-02-19,-10.26,0.01,-9.842857142857142,50,-2.2693333333333334,
2021-02-20,-7.51,0.19,-6.674285714285712,51,-1.5713333333333332,
2021-02-21,-4.47,6.46,-4.4899999999999975,52,-2.385,
2021-02-22,-1.79,0.23,-2.7828571428571407,53,-1.8993333333333333,
2021-02-23,2.85,0.0,-1.0757142857142836,54,-2.289,
2021-02-24,1.17,0.01,0.5771428571428592,55,-2.667333333333333,
2021-02-25,0.53,0.0,1.4971428571428593,56,-3.2760000000000002,
2021-02-26,1.69,0.11,1.4785714285714306,57,-3.2516666666666665,
2021-02-27,4.06,0.1,1.4842857142857164,58,-3.3603333333333336,
2021-02-28,1.97,0.0,2.1857142857142877,59,-2.131666666666667,
2021-03-01,-1.92,0.0,2.675714285714288,61,-1.5816666666666666,
2021-03-02,2.89,0.0,2.7028571428571446,62,-3.1626666666666665,
2021-03-03,6.08,0.0,2.824285714285716,63,-2.8819999999999997,
2021-03-04,3.96,0.0,3.921428571428574,64,-1.1363333333333332,
2021-03-05,1.88,0.0,5.615714285714288,65,-0.13566666666666655,
2021-03-06,4.91,0.0,7.2842857142857165,66,0.4623333333333332,
2021-03-07,9.65,0.0,8.45857142857143,67,0.44066666666666665,
2021-03-08,9.94,0.0,8.53714285714286,68,0.748,
2021-03-09,14.57,0.24,8.782857142857145,69,-0.33833333333333326,
2021-03-10,14.3,3.39,8.865714285714288,70,0.44,
2021-03-11,4.51,0.0,8.232857142857144,71,0.871,
2021-03-12,3.6,0.0,6.8000000000000025,72,1.326,
2021-03-13,5.49,0.02,4.914285714285716,73,2.741,
2021-03-14,5.22,9.62,3.245714285714288,74,2.949333333333333,
2021-03-15,-0.09,11.05,3.0928571428571447,75,2.875,
2021-03-16,1.37,0.2,2.9857142857142875,76,3.725333333333333,
2021-03-17,2.62,0.38,3.0185714285714305,77,3.746,
2021-03-18,3.44,0.0,3.815714285714288,78,3.3153333333333337,
2021-03-19,2.85,0.0,5.135714285714288,79,3.641,
2021-03-20,5.72,0.0,6.250000000000002,80,3.9993333333333334,
2021-03-21,10.8,0.0,6.675714285714287,81,3.7106666666666666,
2021-03-22,9.15,1.98,6.955714285714287,82,4.115666666666667,
2021-03-23,9.17,21.0,7.418571428571431,83,4.760000000000001,
2021-03-24,5.6,1.65,7.594285714285717,84,4.697,
2021-03-25,5.4,2.42,6.635714285714287,85,4.338333333333334,
2021-03-26,6.09,0.57,7.061428571428573,86,5.436999999999999,
2021-03-27,6.95,3.46,6.5900000000000025,87,5.832666666666666,
2021-03-28,4.09,0.06,5.667142857142859,88,5.482,
2021-03-29,12.13,0.03,4.924285714285716,89,6.0793333333333335,
2021-03-30,5.87,0.0,5.132857142857145,90,7.23,
2021-03-31,-0.86,0.0,6.112857142857146,91,6.647,
2021-04-01,0.2,0.0,7.922857142857145,92,6.444999999999999,
2021-04-02,7.55,0.0,8.940000000000001,93,7.316,
2021-04-03,13.81,0.0,10.785714285714288,94,6.646333333333333,
2021-04-04,16.76,0.03,13.442857142857145,95,5.5616666666666665,
2021-04-05,19.25,0.06,15.142857142857144,96,7.396,
2021-04-06,18.79,0.1,15.507142857142858,97,7.986666666666666,
2021-04-07,17.74,11.28,14.601428571428572,98,7.6353333333333335,
2021-04-08,12.1,1.79,13.570000000000002,99,7.1129999999999995,
2021-04-09,10.1,0.69,11.995714285714287,100,7.235333333333333,
2021-04-10,7.47,1.0,10.060000000000002,101,8.195333333333334,
2021-04-11,9.54,0.02,8.090000000000002,102,8.320666666666666,
2021-04-12,8.23,0.0,7.121428571428574,103,7.707,
2021-04-13,5.24,0.02,6.870000000000003,104,8.866999999999999,
2021-04-14,3.95,0.01,7.290000000000002,105,10.045666666666667,
2021-04-15,5.32,0.0,7.418571428571431,106,10.124,
2021-04-16,8.34,0.22,6.7342857142857175,107,9.499666666666666,
2021-04-17,10.41,0.12,6.3814285714285734,108,10.244666666666665,
2021-04-18,10.44,0.0,6.274285714285717,109,11.613333333333333,
2021-04-19,3.44,0.36,6.63714285714286,110,10.836666666666668,
2021-04-20,2.77,0.01,6.705714285714288,111,9.832666666666666,
2021-04-21,3.2,0.0,6.474285714285716,112,10.340333333333332,
2021-04-22,7.86,0.0,6.162857142857145,113,10.793333333333333,
2021-04-23,8.82,0.03,8.43857142857143,114,11.044,
2021-04-24,8.79,0.0,10.960000000000004,115,12.153666666666668,
2021-04-25,8.26,0.48,12.518571428571432,116,11.603666666666667,
2021-04-26,19.37,0.08,13.590000000000003,117,11.013333333333332,
2021-04-27,20.42,0.01,14.544285714285719,118,10.667666666666666,
2021-04-28,14.11,0.36,16.30714285714286,119,11.247333333333334,
2021-04-29,15.36,0.08,18.201428571428572,120,11.810666666666666,
2021-04-30,15.5,0.0,17.842857142857145,121,12.266666666666667,
2021-05-01,21.13,0.0,16.56857142857143,122,12.117666666666667,
2021-05-02,21.52,3.71,16.325714285714287,123,12.065333333333335,
2021-05-03,16.86,3.28,15.780000000000003,124,12.464333333333334,
2021-05-04,11.5,0.0,15.375714285714286,125,13.715666666666667,
2021-05-05,12.41,0.05,13.402857142857144,126,14.700666666666667,
2021-05-06,11.54,0.04,11.604285714285718,127,15.049333333333333,
2021-05-07,12.67,0.06,10.738571428571431,128,15.288,
2021-05-08,7.32,13.57,10.48571428571429,129,15.648,
2021-05-09,8.93,7.67,10.425714285714289,130,15.424000000000001,
2021-05-10,10.8,0.03,10.730000000000002,131,15.732666666666667,
2021-05-11,9.73,0.0,10.872857142857145,132,14.824666666666667,
2021-05-12,11.99,0.0,12.282857142857145,133,13.698666666666666,
2021-05-13,13.67,0.0,13.160000000000002,134,13.713333333333335,
2021-05-14,13.67,1.37,14.020000000000001,135,14.930666666666667,
2021-05-15,17.19,5.66,15.202857142857145,136,15.792666666666666,
2021-05-16,15.07,4.34,16.458571428571428,137,16.949,
2021-05-17,16.82,1.22,17.51571428571429,138,16.96,
2021-05-18,18.01,2.58,18.711428571428574,139,16.109666666666666,
2021-05-19,20.78,4.73,19.500000000000004,140,16.488666666666667,
2021-05-20,21.07,8.98,20.640000000000004,141,16.082666666666668,
2021-05-21,22.04,8.67,21.51,142,16.447666666666667,
2021-05-22,22.71,1.45,22.15142857142857,143,17.717666666666666,
2021-05-23,23.05,0.5,22.16142857142857,144,17.689,
2021-05-24,22.91,0.1,21.291428571428575,145,17.377,
2021-05-25,22.5,1.38,19.322857142857146,146,16.985,
2021-05-26,20.85,0.0,17.751428571428573,147,17.367,
2021-05-27,14.98,14.95,16.411428571428576,148,18.245,
2021-05-28,8.26,0.51,15.552857142857146,149,18.587,
2021-05-29,11.71,0.0,15.044285714285717,150,19.214,
2021-05-30,13.67,0.15,15.024285714285716,151,19.67366666666667,
2021-05-31,16.9,0.06,16.164285714285718,152,18.76966666666667,
2021-06-01,18.94,0.03,18.58571428571429,153,18.962666666666667,
2021-06-02,20.71,0.03,20.72142857142857,154,18.642999999999997,
2021-06-03,22.96,0.0,22.384285714285717,155,19.017333333333333,
2021-06-04,25.21,0.02,23.684285714285718,156,19.663999999999998,
2021-06-05,26.66,0.07,24.76571428571429,157,20.015,
2021-06-06,25.31,0.0,25.754285714285714,158,20.389666666666667,
2021-06-07,26.0,0.01,26.62857142857143,159,21.124666666666666,
2021-06-08,26.51,0.11,27.120000000000005,160,20.57633333333333,
2021-06-09,27.63,0.02,26.955714285714286,161,20.773333333333333,
2021-06-10,29.08,0.0,27.181428571428576,162,21.00133333333333,
2021-06-11,28.65,2.53,27.20714285714286,163,21.526666666666664,
2021-06-12,25.51,0.0,27.162857142857145,164,21.44333333333333,
2021-06-13,26.89,0.0,26.972857142857144,165,21.556333333333335,
2021-06-14,26.18,0.01,27.220000000000002,166,21.331666666666667,
2021-06-15,26.2,0.0,27.114285714285717,167,21.750999999999998,
2021-06-16,26.3,0.95,27.22857142857143,168,21.923000000000002,
2021-06-17,30.81,0.65,26.717142857142857,169,22.441666666666666,
2021-06-18,27.91,2.68,25.592857142857145,170,22.617,
2021-06-19,26.31,0.85,24.66,171,22.067666666666664,
2021-06-20,23.31,15.58,24.534285714285716,172,22.64333333333333,
2021-06-21,18.31,0.0,23.864285714285717,173,22.711666666666666,
2021-06-22,19.67,9.91,23.321428571428573,174,22.692333333333334,
2021-06-23,25.42,1.57,22.71857142857143,175,22.369333333333334,
2021-06-24,26.12,4.84,22.74428571428572,176,22.28666666666667,
2021-06-25,24.11,4.09,23.588571428571434,177,22.715333333333334,
2021-06-26,22.09,5.14,24.28,178,22.841,
2021-06-27,23.49,1.0,24.215714285714288,179,23.119333333333334,
2021-06-28,24.22,0.55,24.20714285714286,180,22.435333333333332,
2021-06-29,24.51,2.9,24.50857142857143,181,22.72233333333333,
2021-06-30,24.97,0.33,25.07,182,23.016000000000002,
2021-07-01,26.06,0.0,25.688571428571432,183,22.925666666666665,
2021-07-02,26.22,0.0,26.441428571428577,184,22.494666666666667,
2021-07-03,26.02,0.0,27.127142857142854,185,23.086000000000002,
2021-07-04,27.82,0.05,26.888571428571428,186,23.35,
2021-07-05,29.49,0.04,26.195714285714292,187,23.333666666666666,
2021-07-06,29.31,0.93,25.820000000000004,188,23.908,
2021-07-07,23.3,3.49,24.92428571428572,189,23.91033333333333,
2021-07-08,21.21,0.05,23.945714285714292,190,23.716333333333335,
2021-07-09,23.59,20.99,22.815714285714286,191,23.563666666666666,
2021-07-10,19.75,16.92,21.992857142857144,192,23.58566666666667,
2021-07-11,20.97,0.45,22.22857142857143,193,23.475666666666665,
2021-07-12,21.58,0.09,22.321428571428577,194,23.613999999999997,
2021-07-13,23.55,0.01,22.195714285714285,195,23.775,
2021-07-14,24.95,17.97,22.734285714285715,196,23.750333333333334,
2021-07-15,21.86,1.8,23.131428571428575,197,24.091,
2021-07-16,22.71,0.0,23.577142857142857,198,24.48933333333333,
2021-07-17,23.52,0.0,23.98571428571429,199,25.218666666666667,
2021-07-18,23.75,0.0,24.114285714285717,200,25.182000000000002,
2021-07-19,24.7,0.0,24.688571428571432,201,25.142666666666667,
2021-07-20,26.41,0.0,25.49857142857143,202,24.688333333333333,
2021-07-21,25.85,0.0,26.27714285714286,203,24.159,
2021-07-22,25.88,0.0,26.724285714285713,204,24.09733333333333,
2021-07-23,28.38,0.0,27.13714285714286,205,23.634999999999998,
2021-07-24,28.97,0.04,27.47857142857143,206,23.958333333333332,
2021-07-25,26.88,0.0,27.962857142857143,207,24.35666666666667,
2021-07-26,27.59,0.12,28.528571428571432,208,23.784333333333333,
2021-07-27,28.8,0.0,27.93142857142857,209,23.436333333333334,
2021-07-28,29.24,0.01,27.141428571428577,210,23.39466666666667,
2021-07-29,29.84,0.08,26.494285714285716,211,22.936333333333334,
2021-07-30,24.2,6.5,25.641428571428573,212,23.407333333333334,
2021-07-31,23.44,15.74,24.79857142857143,213,23.882,
2021-08-01,22.35,0.0,23.914285714285715,214,24.038,
2021-08-02,21.62,0.0,22.872857142857146,215,23.786,
2021-08-03,22.9,0.0,23.080000000000002,216,23.788333333333334,
2021-08-04,23.05,0.13,23.382857142857144,217,23.070333333333334,
2021-08-05,22.55,6.59,23.708571428571435,218,22.095000000000002,
2021-08-06,25.65,0.47,24.34714285714286,219,22.555999999999997,
2021-08-07,25.56,4.08,25.178571428571427,220,23.384999999999998,
2021-08-08,24.63,10.84,25.939999999999998,221,23.405666666666665,
2021-08-09,26.09,0.37,26.521428571428572,222,23.939,
2021-08-10,28.72,0.49,26.240000000000002,223,23.015666666666668,
2021-08-11,28.38,0.35,25.778571428571432,224,22.470000000000002,
2021-08-12,26.62,0.19,25.517142857142858,225,22.623333333333335,
2021-08-13,23.68,0.05,25.084285714285716,226,22.243999999999996,
2021-08-14,22.33,0.09,24.640000000000004,227,21.991,
2021-08-15,22.8,0.01,24.42571428571429,228,21.821,
2021-08-16,23.06,0.0,24.541428571428575,229,22.473666666666666,
2021-08-17,25.61,0.0,25.018571428571427,230,22.349666666666668,
2021-08-18,26.88,0.0,25.001428571428573,231,22.279,
2021-08-19,27.43,0.0,24.837142857142858,232,21.826,
2021-08-20,27.02,2.52,25.47142857142857,233,21.703333333333333,
2021-08-21,22.21,21.69,25.97857142857143,234,22.387999999999998,
2021-08-22,21.65,0.47,26.12714285714286,235,22.672666666666665,
2021-08-23,27.5,3.48,25.958571428571428,236,22.886000000000003,
2021-08-24,29.16,3.91,26.091428571428573,237,23.147333333333332,
2021-08-25,27.92,2.7,26.87428571428572,238,22.886333333333333,
2021-08-26,26.25,10.35,27.23,239,23.105999999999998,
2021-08-27,27.95,5.37,26.522857142857145,240,23.144333333333336,
2021-08-28,27.69,5.19,25.241428571428575,241,22.774333333333335,
2021-08-29,24.14,0.9,24.211428571428574,242,22.189,
2021-08-30,22.55,15.08,23.235714285714288,243,21.733333333333334,
2021-08-31,20.19,3.28,22.31571428571429,244,21.302666666666667,
2021-09-01,20.71,0.0,21.280000000000005,245,21.451,
2021-09-02,19.42,1.41,20.94142857142857,246,22.022333333333332,
2021-09-03,21.51,10.05,21.07571428571429,247,21.276666666666664,
2021-09-04,20.44,0.22,21.44714285714286,248,21.00433333333333,
2021-09-05,21.77,0.0,21.25857142857143,249,21.005666666666666,
2021-09-06,23.49,0.0,21.234285714285715,250,21.192666666666664,
2021-09-07,22.79,0.0,21.252857142857145,251,20.137,
2021-09-08,19.39,0.0,21.945714285714285,252,19.12933333333333,
2021-09-09,19.25,0.01,21.964285714285715,253,19.55933333333333,
2021-09-10,21.64,0.0,21.988571428571426,254,19.197,
2021-09-11,25.29,0.0,21.669999999999998,255,19.569333333333336,
2021-09-12,21.9,0.65,21.83571428571429,256,19.301,
2021-09-13,23.66,0.67,22.39428571428572,257,18.745333333333335,
2021-09-14,20.56,0.16,22.267142857142858,258,17.874333333333333,
2021-09-15,20.55,0.0,21.72857142857143,259,18.199666666666666,
2021-09-16,23.16,0.0,22.245714285714286,260,18.276999999999997,
2021-09-17,20.75,0.92,21.91,261,18.257,
2021-09-18,21.52,0.0,21.294285714285714,262,17.91466666666667,
2021-09-19,25.52,0.03,20.44,263,17.648333333333333,
2021-09-20,21.31,8.14,19.461428571428574,264,17.333666666666666,
2021-09-21,16.25,0.08,18.595714285714287,265,16.50766666666667,
2021-09-22,14.57,0.0,17.720000000000002,266,15.752999999999998,
2021-09-23,16.31,0.0,17.034285714285716,267,15.840666666666666,
2021-09-24,14.69,0.7,17.148571428571433,268,15.879666666666667,
2021-09-25,15.39,0.0,17.992857142857144,269,16.085666666666665,
2021-09-26,20.72,0.0,19.107142857142858,270,15.628000000000002,
2021-09-27,22.11,0.0,19.95714285714286,271,15.453666666666667,
2021-09-28,22.16,0.0,20.89428571428572,272,14.340333333333332,
2021-09-29,22.37,1.55,21.53571428571429,273,15.011,
2021-09-30,22.26,16.81,21.22142857142857,274,15.565,
2021-10-01,21.25,2.52,20.415714285714284,275,14.964666666666666,
2021-10-02,19.88,0.4,19.782857142857146,276,14.025,
2021-10-03,18.52,0.12,19.28857142857143,277,13.937999999999999,
2021-10-04,16.47,0.05,18.89428571428572,278,12.959333333333335,
2021-10-05,17.73,0.04,18.88571428571429,279,13.216666666666667,
2021-10-06,18.91,1.71,19.02714285714286,280,13.280666666666667,
2021-10-07,19.5,0.92,19.002857142857145,281,13.126,
2021-10-08,21.19,0.54,18.544285714285714,282,13.387,
2021-10-09,20.87,0.01,18.191428571428577,283,12.320333333333334,
2021-10-10,18.35,0.86,17.801428571428573,284,11.544666666666666,
2021-10-11,13.26,4.9,16.73,285,12.015333333333333,
2021-10-12,15.26,0.2,15.174285714285716,286,11.498666666666667,
2021-10-13,16.18,16.54,13.557142857142859,287,10.771666666666667,
2021-10-14,12.0,0.0,12.74714285714286,288,10.437000000000001,
2021-10-15,10.3,0.18,12.955714285714288,289,10.093333333333334,
2021-10-16,9.55,0.0,13.155714285714286,290,10.100999999999999,
2021-10-17,12.68,0.0,12.764285714285718,291,10.468,
2021-10-18,14.72,0.0,12.11857142857143,292,9.365,
2021-10-19,16.66,0.0,11.398571428571431,293,9.306333333333333,
2021-10-20,13.44,1.32,10.991428571428573,294,9.620000000000001,
2021-10-21,7.48,0.12,10.035714285714288,295,9.548333333333334,
2021-10-22,5.26,0.83,8.744285714285716,296,9.428333333333335,
2021-10-23,6.7,0.02,7.525714285714288,297,9.361666666666668,
2021-10-24,5.99,55.35,7.108571428571431,298,8.323333333333332,
2021-10-25,5.68,1.08,7.1471428571428595,299,8.220666666666666,
2021-10-26,8.13,0.05,7.645714285714287,300,7.387333333333333,
2021-10-27,10.52,14.4,7.82857142857143,301,6.560333333333333,
2021-10-28,7.75,23.82,7.725714285714288,302,7.194333333333334,
2021-10-29,8.75,0.13,7.280000000000002,303,7.574,
2021-10-30,7.98,0.0,6.297142857142859,304,6.771333333333333,
2021-10-31,5.27,0.0,5.1942857142857175,305,5.3613333333333335,
2021-11-01,2.56,0.0,4.794285714285716,306,5.837000000000001,
2021-11-02,1.25,0.0,4.4614285714285735,307,4.904,
2021-11-03,2.8,0.0,4.560000000000002,308,5.098666666666667,
2021-11-04,4.95,0.0,5.490000000000002,309,5.049,
2021-11-05,6.42,0.0,6.65857142857143,310,5.129666666666666,
2021-11-06,8.67,0.01,7.734285714285717,311,4.361666666666666,
2021-11-07,11.78,0.0,8.52714285714286,312,3.850333333333333,
2021-11-08,10.74,0.05,8.662857142857145,313,4.254666666666667,
2021-11-09,8.78,0.0,7.822857142857145,314,4.613333333333333,
2021-11-10,8.35,27.72,6.665714285714288,315,3.4196666666666666,
2021-11-11,5.9,0.61,5.06857142857143,316,1.9046666666666667,
2021-11-12,0.54,0.87,3.8000000000000016,317,1.7046666666666668,
2021-11-13,0.57,0.25,3.5400000000000023,318,2.5083333333333333,
2021-11-14,0.6,0.01,3.000000000000002,319,2.8676666666666666,
2021-11-15,1.86,0.03,1.8800000000000021,320,2.585,
2021-11-16,6.96,0.01,1.8714285714285737,321,2.494,
2021-11-17,4.57,0.0,2.3600000000000025,322,2.942333333333333,
2021-11-18,-1.94,0.0,2.425714285714288,323,2.783666666666667,
2021-11-19,0.48,0.03,1.9100000000000021,324,2.183666666666667,
2021-11-20,3.99,0.04,1.4471428571428593,325,1.4466666666666665,
2021-11-21,1.06,0.0,1.8542857142857163,326,1.0430000000000001,
2021-11-22,-1.75,0.04,1.4642857142857164,327,1.2656666666666667,
2021-11-23,3.72,0.0,1.2557142857142876,328,0.8053333333333333,
2021-11-24,7.42,0.0,1.2657142857142876,329,0.4036666666666667,
2021-11-25,-4.67,0.0,1.117142857142859,330,0.2166666666666667,
2021-11-26,-0.98,0.05,2.0885714285714307,331,-0.3006666666666667,
2021-11-27,4.06,0.02,2.3385714285714303,332,-0.6473333333333334,
2021-11-28,0.02,0.0,2.350000000000002,333,0.04299999999999997,
2021-11-29,5.05,0.0,4.3485714285714305,334,-0.1753333333333333,
2021-11-30,5.47,0.06,5.301428571428573,335,-1.3270000000000002,
2021-12-01,7.5,0.39,4.955714285714287,336,-1.3359999999999999,
2021-12-02,9.32,0.4,5.402857142857145,337,-0.9176666666666667,
2021-12-03,5.69,0.0,3.9314285714285737,338,-1.3096666666666665,
2021-12-04,1.64,0.0,2.7542857142857167,339,-1.384,
2021-12-05,3.15,0.0,1.1800000000000022,340,-2.7996666666666665,
2021-12-06,-5.25,0.0,0.15857142857143064,341,-3.5756666666666663,
2021-12-07,-2.77,0.0,-0.6771428571428552,342,-3.7616666666666663,
2021-12-08,-3.52,0.0,-0.9942857142857122,343,-3.6540000000000004,
2021-12-09,2.17,0.14,-1.229999999999998,344,-4.117666666666667,
2021-12-10,-0.16,1.69,-0.34285714285714086,345,-3.7346666666666666,
2021-12-11,-0.58,0.22,0.6671428571428591,346,-3.7763333333333335,
2021-12-12,1.5,0.0,3.2557142857142876,347,-3.5260000000000002,
2021-12-13,0.96,0.19,2.7442857142857164,348,-2.4756666666666667,
2021-12-14,4.3,0.05,2.515714285714288,349,-3.1086666666666667,
2021-12-15,14.6,8.57,2.027142857142859,350,-3.9536666666666664,
2021-12-16,-1.41,0.0,1.3214285714285732,351,-4.115,
2021-12-17,-1.76,0.0,0.627142857142859,352,-4.723333333333333,
2021-12-18,-4.0,0.0,-0.7385714285714268,353,-4.670333333333334,
2021-12-19,-3.44,0.03,-3.268571428571427,354,-5.029,
2021-12-20,-3.9,0.0,-2.878571428571427,355,-4.147,
2021-12-21,-5.26,0.0,-2.312857142857141,356,-4.393,
2021-12-22,-3.11,0.0,-1.6071428571428554,357,-4.798,
2021-12-23,1.32,0.0,-1.0642857142857125,358,-5.59,
2021-12-24,2.2,0.01,-0.5914285714285696,359,-6.833333333333333,
2021-12-25,0.94,0.0,-0.16857142857142676,360,-5.871333333333333,
2021-12-26,0.36,0.66,-1.1171428571428554,361,-4.98,
2021-12-27,-0.59,0.03,-2.078571428571427,362,-4.514666666666667,
2021-12-28,-2.3,3.32,-3.037142857142856,363,-4.012666666666666,
2021-12-29,-9.75,0.47,-5.3128571428571405,364,-5.275666666666667,
2021-12-30,-5.41,0.01,-7.694285714285712,365,-4.824666666666667,
2021-12-31,-4.51,0.04,-8.685714285714285,366,-6.896333333333333,
2022-01-01,-14.99,1.5,-8.81285714285714,1,-7.254666666666667,
2022-01-02,-16.31,0.0,-9.174285714285713,2,-6.669333333333333,
2022-01-03,-7.53,0.05,-10.988571428571428,3,-6.372,
2022-01-04,-3.19,0.07,-12.568571428571428,4,-7.632000000000001,
2022-01-05,-12.28,0.14,-11.492857142857142,5,-7.3629999999999995,
2022-01-06,-18.11,0.01,-10.639999999999999,6,-7.612666666666667,
2022-01-07,-15.57,0.0,-10.998571428571426,7,-7.635666666666666,
2022-01-08,-7.46,0.0,-11.122857142857141,8,-6.3966666666666665,
2022-01-09,-10.34,0.01,-9.089999999999998,9,-6.800666666666667,
2022-01-10,-10.04,0.01,-6.345714285714285,10,-6.191666666666666,
2022-01-11,-4.06,0.01,-4.339999999999998,11,-5.321666666666667,
2022-01-12,1.95,0.0,-4.8599999999999985,12,-6.834333333333333,
2022-01-13,1.1,0.02,-4.587142857142855,13,-7.807,
2022-01-14,-1.53,15.33,-3.868571428571427,14,-7.033666666666666,
2022-01-15,-11.1,1.46,-3.525714285714284,15,-8.241333333333333,
2022-01-16,-8.43,0.11,-5.729999999999998,16,-7.281666666666666,
2022-01-17,-5.01,0.0,-8.605714285714285,17,-7.789,
2022-01-18,-1.66,0.07,-10.459999999999997,18,-8.385333333333334,
2022-01-19,-13.48,0.0,-9.588571428571427,19,-7.801,
2022-01-20,-19.03,0.0,-9.735714285714284,20,-7.862,
2022-01-21,-14.51,0.25,-10.152857142857142,21,-6.818,
2022-01-22,-5.0,0.19,-12.377142857142855,22,-5.656000000000001,
2022-01-23,-9.46,0.04,-12.115714285714285,23,-6.655666666666667,
2022-01-24,-7.93,0.02,-10.094285714285713,24,-7.19,
2022-01-25,-17.23,0.0,-9.822857142857142,25,-6.602666666666667,
2022-01-26,-11.65,0.0,-9.812857142857142,26,-5.616333333333333,
2022-01-27,-4.88,0.02,-9.432857142857141,27,-6.115666666666667,
2022-01-28,-12.61,0.0,-8.629999999999999,28,-5.8726666666666665,
2022-01-29,-4.93,0.0,-6.548571428571427,29,-7.1626666666666665,
2022-01-30,-6.8,0.0,-6.645714285714284,30,-7.257000000000001,
2022-01-31,-2.31,0.0,-8.11142857142857,31,-5.312333333333333,
2022-02-01,-2.66,0.0,-8.329999999999998,32,-5.570666666666667,
2022-02-02,-12.33,0.0,-8.677142857142856,33,-5.598333333333333,
2022-02-03,-15.14,0.0,-8.309999999999999,34,-5.522333333333333,
2022-02-04,-14.14,0.01,-8.921428571428569,35,-6.5696666666666665,
2022-02-05,-7.36,0.0,-8.545714285714284,36,-5.671666666666667,
2022-02-06,-4.23,0.05,-6.652857142857141,37,-4.662999999999999,
2022-02-07,-6.59,0.0,-4.6514285714285695,38,-5.294,
2022-02-08,-0.03,0.0,-2.9157142857142837,39,-5.605333333333333,
2022-02-09,0.92,0.16,-3.575714285714284,40,-5.402333333333333,
2022-02-10,-1.13,1.44,-4.555714285714283,41,-5.548666666666667,
2022-02-11,-1.99,1.08,-4.581428571428569,42,-5.828,
2022-02-12,-11.98,0.22,-4.631428571428569,43,-5.614,
2022-02-13,-11.09,0.13,-4.617142857142855,44,-4.276333333333333,
2022-02-14,-6.77,0.01,-5.824285714285712,45,-4.116666666666666,
2022-02-15,-0.38,0.06,-5.951428571428569,46,-5.044,
2022-02-16,1.02,0.06,-5.348571428571426,47,-4.468,
2022-02-17,-9.58,0.0,-3.3328571428571405,48,-2.9069999999999996,
2022-02-18,-2.88,0.03,-1.9957142857142838,49,-2.4276666666666666,
2022-02-19,-7.76,0.0,-3.107142857142855,50,-2.2693333333333334,
2022-02-20,3.02,0.0,-5.187142857142854,51,-1.5713333333333332,
2022-02-21,2.59,0.02,-5.229999999999998,52,-2.385,
2022-02-22,-8.16,0.23,-6.209999999999998,53,-1.8993333333333333,
2022-02-23,-13.54,0.01,-5.768571428571426,54,-2.289,
2022-02-24,-9.88,1.96,-6.334285714285713,55,-2.667333333333333,
2022-02-25,-9.74,0.22,-6.177142857142854,56,-3.2760000000000002,
2022-02-26,-4.67,0.0,-4.121428571428569,57,-3.2516666666666665,
2022-02-27,-0.94,0.01,-1.1942857142857122,58,-3.3603333333333336,
2022-02-28,3.69,0.0,0.1957142857142878,59,-2.131666666666667,
2022-03-01,6.23,0.0,2.017142857142859,61,-1.5816666666666666,
2022-03-02,6.95,0.0,4.117142857142859,62,-3.1626666666666665,
2022-03-03,-0.15,0.01,4.172857142857145,63,-2.8819999999999997,
2022-03-04,3.01,2.99,3.2628571428571456,64,-1.1363333333333332,
2022-03-05,10.03,13.98,2.177142857142859,65,-0.13566666666666655,
2022-03-06,-0.55,3.43,0.5785714285714303,66,0.4623333333333332,
2022-03-07,-2.68,3.02,-0.3185714285714266,67,0.44066666666666665,
2022-03-08,-1.37,0.0,-1.9214285714285695,68,0.748,
2022-03-09,-4.24,0.01,-4.4171428571428555,69,-0.33833333333333326,
2022-03-10,-6.43,0.09,-3.8214285714285694,70,0.44,
2022-03-11,-8.21,0.0,-2.6557142857142835,71,0.871,
2022-03-12,-7.44,0.0,-1.697142857142855,72,1.326,
2022-03-13,3.62,0.0,0.3014285714285735,73,2.741,
2022-03-14,5.48,0.0,2.121428571428573,74,2.949333333333333,
2022-03-15,5.34,0.05,3.6257142857142877,75,2.875,
2022-03-16,9.75,0.0,5.40857142857143,76,3.725333333333333,
2022-03-17,6.31,5.54,6.384285714285716,77,3.746,
2022-03-18,2.32,13.81,7.475714285714288,78,3.3153333333333337,
2022-03-19,5.04,0.01,7.79857142857143,79,3.641,
2022-03-20,10.45,0.0,6.762857142857145,80,3.9993333333333334,
2022-03-21,13.12,0.95,6.250000000000002,81,3.7106666666666666,
2022-03-22,7.6,15.24,6.554285714285716,82,4.115666666666667,
2022-03-23,2.5,0.97,5.657142857142859,83,4.760000000000001,
2022-03-24,2.72,0.44,3.8385714285714303,84,4.697,
2022-03-25,4.45,0.01,1.9142857142857164,85,4.338333333333334,
2022-03-26,-1.24,0.03,1.4285714285714306,86,5.436999999999999,
2022-03-27,-2.28,0.0,1.7914285714285736,87,5.832666666666666,
2022-03-28,-0.35,0.0,1.520000000000002,88,5.482,
2022-03-29,4.2,2.69,1.232857142857145,89,6.0793333333333335,
2022-03-30,5.04,2.98,2.135714285714288,90,7.23,
2022-03-31,0.82,1.6,3.1857142857142877,91,6.647,
2022-04-01,2.44,0.35,4.031428571428574,92,6.444999999999999,
2022-04-02,5.08,8.61,4.350000000000002,93,7.316,
2022-04-03,5.07,1.14,4.40857142857143,94,6.646333333333333,
2022-04-04,5.57,0.04,4.712857142857145,95,5.5616666666666665,
2022-04-05,6.43,0.62,4.764285714285717,96,7.396,
2022-04-06,5.45,0.12,4.714285714285716,97,7.986666666666666,
2022-04-07,2.95,1.09,5.485714285714288,98,7.6353333333333335,
2022-04-08,2.8,0.13,5.970000000000003,99,7.1129999999999995,
2022-04-09,4.73,0.0,7.110000000000002,100,7.235333333333333,
2022-04-10,10.47,0.0,7.104285714285717,101,8.195333333333334,
2022-04-11,8.96,0.0,7.011428571428574,102,8.320666666666666,
2022-04-12,14.41,9.44,6.850000000000002,103,7.707,
2022-04-13,5.41,0.22,6.420000000000003,104,8.866999999999999,
2022-04-14,2.3,0.01,5.080000000000001,105,10.045666666666667,
2022-04-15,1.67,0.07,3.9714285714285738,106,10.124,
2022-04-16,1.72,0.0,2.3114285714285736,107,9.499666666666666,
2022-04-17,1.09,2.68,2.632857142857145,108,10.244666666666665,
2022-04-18,1.2,0.02,3.9671428571428593,109,11.613333333333333,
2022-04-19,2.79,0.0,6.248571428571431,110,10.836666666666668,
2022-04-20,7.66,7.27,8.775714285714288,111,9.832666666666666,
2022-04-21,11.64,1.13,9.957142857142859,112,10.340333333333332,
2022-04-22,17.64,27.08,10.361428571428574,113,10.793333333333333,
2022-04-23,19.41,7.64,10.755714285714289,114,11.044,
2022-04-24,9.36,0.04,11.095714285714289,115,12.153666666666668,
2022-04-25,4.03,0.13,11.185714285714287,116,11.603666666666667,
2022-04-26,5.55,0.0,10.782857142857145,117,11.013333333333332,
2022-04-27,10.04,0.54,9.86857142857143,118,10.667666666666666,
2022-04-28,12.27,1.57,9.73571428571429,119,11.247333333333334,
2022-04-29,14.82,5.34,10.065714285714288,120,11.810666666666666,
2022-04-30,13.01,4.51,10.480000000000002,121,12.266666666666667,
2022-05-01,8.43,0.11,10.525714285714287,122,12.117666666666667,
2022-05-02,6.34,10.86,10.375714285714286,123,12.065333333333335,
2022-05-03,8.45,8.18,10.071428571428573,124,12.464333333333334,
2022-05-04,10.36,0.01,10.264285714285716,125,13.715666666666667,
2022-05-05,11.22,0.59,11.331428571428575,126,14.700666666666667,
2022-05-06,12.69,0.01,13.70857142857143,127,15.049333333333333,
2022-05-07,14.36,0.14,15.742857142857146,128,15.288,
2022-05-08,15.9,14.76,17.880000000000003,129,15.648,
2022-05-09,22.98,1.97,19.91571428571429,130,15.424000000000001,
2022-05-10,22.69,0.47,21.06142857142857,131,15.732666666666667,
2022-05-11,25.32,0.11,22.082857142857144,132,14.824666666666667,
2022-05-12,25.47,0.02,22.28714285714286,133,13.698666666666666,
2022-05-13,20.71,0.13,21.612857142857145,134,13.713333333333335,
2022-05-14,21.51,0.1,20.944285714285716,135,14.930666666666667,
2022-05-15,17.33,0.99,20.255714285714287,136,15.792666666666666,
2022-05-16,18.26,0.0,19.80428571428572,137,16.949,
2022-05-17,18.01,2.75,19.13857142857143,138,16.96,
2022-05-18,20.5,2.84,17.71714285714286,139,16.109666666666666,
2022-05-19,22.31,1.02,16.891428571428573,140,16.488666666666667,
2022-05-20,16.05,0.45,15.960000000000004,141,16.082666666666668,
2022-05-21,11.56,0.0,15.222857142857146,142,16.447666666666667,
2022-05-22,11.55,0.0,14.112857142857147,143,17.717666666666666,
2022-05-23,11.74,0.0,12.658571428571431,144,17.689,
2022-05-24,12.85,15.28,12.697142857142861,145,17.377,
2022-05-25,12.73,19.15,14.071428571428573,146,16.985,
2022-05-26,12.13,0.62,15.820000000000002,147,17.367,
2022-05-27,16.32,0.0,17.708571428571428,148,18.245,
2022-05-28,21.18,0.09,18.842857142857145,149,18.587,
2022-05-29,23.79,0.24,19.40857142857143,150,19.214,
2022-05-30,24.96,4.13,20.22714285714286,151,19.67366666666667,
2022-05-31,20.79,1.1,20.610000000000003,152,18.76966666666667,
2022-06-01,16.69,0.01,20.330000000000002,153,18.962666666666667,
2022-06-02,17.86,0.0,19.831428571428575,154,18.642999999999997,
2022-06-03,19.0,0.01,19.10571428571429,155,19.017333333333333,
2022-06-04,19.22,0.42,19.012857142857147,156,19.663999999999998,
2022-06-05,20.3,33.06,19.421428571428574,157,20.015,
2022-06-06,19.88,10.93,19.692857142857147,158,20.389666666666667,
2022-06-07,20.14,2.67,19.731428571428573,159,21.124666666666666,
2022-06-08,19.55,3.78,19.89428571428572,160,20.57633333333333,
2022-06-09,19.76,1.28,20.491428571428575,161,20.773333333333333,
2022-06-10,19.27,3.93,21.598571428571432,162,21.00133333333333,
2022-06-11,20.36,3.77,22.762857142857143,163,21.526666666666664,
2022-06-12,24.48,0.43,23.40571428571429,164,21.44333333333333,
2022-06-13,27.63,0.93,23.818571428571428,165,21.556333333333335,
2022-06-14,28.29,20.13,24.344285714285718,166,21.331666666666667,
2022-06-15,24.05,14.66,24.764285714285712,167,21.750999999999998,
2022-06-16,22.65,0.0,24.85571428571429,168,21.923000000000002,
2022-06-17,22.95,0.09,24.770000000000003,169,22.441666666666666,
2022-06-18,23.3,0.04,24.53428571428572,170,22.617,
2022-06-19,25.12,0.09,24.611428571428576,171,22.067666666666664,
2022-06-20,27.03,0.0,24.992857142857144,172,22.64333333333333,
2022-06-21,26.64,0.2,25.055714285714288,173,22.711666666666666,
2022-06-22,24.59,0.0,25.081428571428575,174,22.692333333333334,
2022-06-23,25.32,0.05,24.272857142857145,175,22.369333333333334,
2022-06-24,23.39,11.75,23.37857142857143,176,22.28666666666667,
2022-06-25,23.48,4.24,22.817142857142862,177,22.715333333333334,
2022-06-26,19.46,0.0,22.97857142857143,178,22.841,
2022-06-27,20.77,0.0,23.201428571428576,179,23.119333333333334,
2022-06-28,22.71,0.24,23.33857142857143,180,22.435333333333332,
2022-06-29,25.72,0.06,23.422857142857147,181,22.72233333333333,
2022-06-30,26.88,0.11,24.211428571428574,182,23.016000000000002,
2022-07-01,24.35,0.58,24.98,183,22.925666666666665,
2022-07-02,24.07,0.0,25.837142857142858,184,22.494666666666667,
2022-07-03,24.98,1.2,25.750000000000004,185,23.086000000000002,
2022-07-04,26.15,23.88,25.374285714285715,186,23.35,
2022-07-05,28.71,6.12,25.44857142857143,187,23.333666666666666,
2022-07-06,25.11,3.28,25.37857142857143,188,23.908,
2022-07-07,24.25,7.48,25.524285714285718,189,23.91033333333333,
2022-07-08,24.87,4.95,25.262857142857147,190,23.716333333333335,
2022-07-09,23.58,0.03,24.490000000000002,191,23.563666666666666,
2022-07-10,26.0,2.09,24.41714285714286,192,23.58566666666667,
2022-07-11,24.32,7.06,24.851428571428578,193,23.475666666666665,
2022-07-12,23.3,0.0,25.234285714285715,194,23.613999999999997,
2022-07-13,24.6,0.01,25.42571428571429,195,23.775,
2022-07-14,27.29,0.44,25.322857142857146,196,23.750333333333334,
2022-07-15,27.55,2.35,25.70714285714286,197,24.091,
2022-07-16,24.92,0.1,26.28,198,24.48933333333333,
2022-07-17,25.28,0.01,26.57,199,25.218666666666667,
2022-07-18,27.01,0.0,26.534285714285716,200,25.182000000000002,
2022-07-19,27.31,0.04,26.604285714285716,201,25.142666666666667,
2022-07-20,26.63,0.0,27.41857142857143,202,24.688333333333333,
2022-07-21,27.04,0.09,27.38857142857143,203,24.159,
2022-07-22,28.04,1.21,26.648571428571426,204,24.09733333333333,
2022-07-23,30.62,6.4,26.181428571428576,205,23.634999999999998,
2022-07-24,25.07,0.85,26.095714285714287,206,23.958333333333332,
2022-07-25,21.83,0.01,25.44857142857143,207,24.35666666666667,
2022-07-26,24.04,0.02,24.642857142857146,208,23.784333333333333,
2022-07-27,26.03,1.49,23.652857142857147,209,23.436333333333334,
2022-07-28,22.51,4.63,23.751428571428573,210,23.39466666666667,
2022-07-29,22.4,0.0,24.525714285714287,211,22.936333333333334,
2022-07-30,23.69,0.0,25.43285714285715,212,23.407333333333334,
2022-07-31,25.76,0.18,25.934285714285718,213,23.882,
2022-08-01,27.25,0.04,26.26857142857143,214,24.038,
2022-08-02,30.39,2.59,26.912857142857145,215,23.786,
2022-08-03,29.54,0.48,27.928571428571434,216,23.788333333333334,
2022-08-04,24.85,0.0,28.575714285714287,217,23.070333333333334,
2022-08-05,26.91,0.0,27.984285714285715,218,22.095000000000002,
2022-08-06,30.8,2.22,27.03714285714286,219,22.555999999999997,
2022-08-07,30.29,2.63,26.498571428571434,220,23.384999999999998,
2022-08-08,23.11,1.03,26.73857142857143,221,23.405666666666665,
2022-08-09,23.76,0.0,26.534285714285716,222,23.939,
2022-08-10,25.77,0.01,25.844285714285718,223,23.015666666666668,
2022-08-11,26.53,0.3,24.664285714285715,224,22.470000000000002,
2022-08-12,25.48,1.59,24.150000000000002,225,22.623333333333335,
2022-08-13,25.97,0.17,23.965714285714288,226,22.243999999999996,
2022-08-14,22.03,0.0,23.648571428571433,227,21.991,
2022-08-15,19.51,7.4,23.370000000000005,228,21.821,
2022-08-16,22.47,0.14,23.03857142857143,229,22.473666666666666,
2022-08-17,23.55,0.0,22.33857142857143,230,22.349666666666668,
2022-08-18,24.58,3.38,22.392857142857146,231,22.279,
2022-08-19,23.16,8.12,22.888571428571428,232,21.826,
2022-08-20,21.07,4.45,23.152857142857147,233,21.703333333333333,
2022-08-21,22.41,0.13,23.532857142857146,234,22.387999999999998,
2022-08-22,22.98,0.0,23.611428571428576,235,22.672666666666665,
2022-08-23,24.32,0.01,23.791428571428575,236,22.886000000000003,
2022-08-24,26.21,0.25,24.331428571428575,237,23.147333333333332,
2022-08-25,25.13,0.02,24.670000000000005,238,22.886333333333333,
2022-08-26,24.42,0.0,24.72142857142857,239,23.105999999999998,
2022-08-27,24.85,42.35,24.31142857142857,240,23.144333333333336,
2022-08-28,24.78,7.29,23.944285714285716,241,22.774333333333335,
2022-08-29,23.34,1.06,23.90857142857143,242,22.189,
2022-08-30,21.45,0.0,24.06142857142857,243,21.733333333333334,
2022-08-31,23.64,0.0,23.674285714285713,244,21.302666666666667,
2022-09-01,24.88,1.88,23.13,245,21.451,
2022-09-02,25.49,0.34,22.845714285714287,246,22.022333333333332,
2022-09-03,22.14,0.01,23.01,247,21.276666666666664,
2022-09-04,20.97,0.0,22.995714285714286,248,21.00433333333333,
2022-09-05,21.35,0.04,22.884285714285713,249,21.005666666666666,
2022-09-06,22.6,0.01,22.482857142857146,250,21.192666666666664,
2022-09-07,23.54,0.0,21.557142857142857,251,20.137,
2022-09-08,24.1,0.0,20.995714285714286,252,19.12933333333333,
2022-09-09,22.68,0.16,20.405714285714286,253,19.55933333333333,
2022-09-10,15.66,17.94,19.82714285714286,254,19.197,
2022-09-11,17.04,0.02,19.57571428571429,255,19.569333333333336,
2022-09-12,17.22,0.0,19.410000000000004,256,19.301,
2022-09-13,18.55,0.01,19.34714285714286,257,18.745333333333335,
2022-09-14,21.78,0.0,20.170000000000005,258,17.874333333333333,
2022-09-15,22.94,0.02,21.064285714285717,259,18.199666666666666,
2022-09-16,22.24,3.01,21.89428571428572,260,18.276999999999997,
2022-09-17,21.42,13.58,23.264285714285716,261,18.257,
2022-09-18,23.3,0.72,23.03142857142857,262,17.91466666666667,
2022-09-19,23.03,0.01,21.794285714285714,263,17.648333333333333,
2022-09-20,28.14,0.33,20.58571428571429,264,17.333666666666666,
2022-09-21,20.15,0.01,20.057142857142857,265,16.50766666666667,
2022-09-22,14.28,0.0,19.195714285714285,266,15.752999999999998,
2022-09-23,13.78,3.49,17.95,267,15.840666666666666,
2022-09-24,17.72,0.33,15.881428571428572,268,15.879666666666667,
2022-09-25,17.27,0.0,14.441428571428574,269,16.085666666666665,
2022-09-26,14.31,0.01,14.190000000000001,270,15.628000000000002,
2022-09-27,13.66,0.04,14.351428571428572,271,15.453666666666667,
2022-09-28,10.07,0.0,14.062857142857144,272,14.340333333333332,
2022-09-29,12.52,0.0,13.965714285714288,273,15.011,
2022-09-30,14.91,0.0,14.350000000000003,274,15.565,
2022-10-01,15.7,0.0,14.92714285714286,275,14.964666666666666,
2022-10-02,16.59,0.0,15.745714285714287,276,14.025,
2022-10-03,17.0,0.05,15.915714285714289,277,13.937999999999999,
2022-10-04,17.7,0.04,14.904285714285718,278,12.959333333333335,
2022-10-05,15.8,1.45,13.958571428571432,279,13.216666666666667,
2022-10-06,13.71,0.01,13.59857142857143,280,13.280666666666667,
2022-10-07,7.83,0.01,13.408571428571431,281,13.126,
2022-10-08,9.08,0.0,13.650000000000002,282,13.387,
2022-10-09,14.07,0.04,13.257142857142858,283,12.320333333333334,
2022-10-10,15.67,0.0,12.331428571428573,284,11.544666666666666,
2022-10-11,19.39,0.91,12.094285714285716,285,12.015333333333333,
2022-10-12,13.05,1.69,11.967142857142859,286,11.498666666666667,
2022-10-13,7.23,0.0,10.914285714285716,287,10.771666666666667,
2022-10-14,6.17,0.0,8.784285714285717,288,10.437000000000001,
2022-10-15,8.19,0.21,5.88714285714286,289,10.093333333333334,
2022-10-16,6.7,0.0,4.201428571428574,290,10.100999999999999,
2022-10-17,0.76,0.0,4.40857142857143,291,10.468,
2022-10-18,-0.89,0.0,5.515714285714288,292,9.365,
2022-10-19,1.25,0.0,6.761428571428573,293,9.306333333333333,
2022-10-20,8.68,0.0,8.69857142857143,294,9.620000000000001,
2022-10-21,13.92,0.0,10.557142857142859,295,9.548333333333334,
2022-10-22,16.91,0.0,11.590000000000002,296,9.428333333333335,
2022-10-23,20.26,0.32,12.501428571428574,297,9.361666666666668,
2022-10-24,13.77,12.38,12.5,298,8.323333333333332,
2022-10-25,6.34,0.0,11.682857142857145,299,8.220666666666666,
2022-10-26,7.63,0.02,10.632857142857144,300,7.387333333333333,
2022-10-27,8.67,0.0,9.458571428571432,301,6.560333333333333,
2022-10-28,8.2,0.0,9.071428571428573,302,7.194333333333334,
2022-10-29,9.56,0.0,10.025714285714287,303,7.574,
2022-10-30,12.04,0.01,11.114285714285716,304,6.771333333333333,
2022-10-31,11.06,0.0,12.264285714285716,305,5.3613333333333335,
2022-11-01,13.02,0.0,11.900000000000002,306,5.837000000000001,
2022-11-02,15.25,0.0,11.247142857142858,307,4.904,
2022-11-03,16.72,1.15,10.761428571428572,308,5.098666666666667,
2022-11-04,5.65,23.18,9.624285714285717,309,5.049,
2022-11-05,4.99,11.58,8.854285714285718,310,5.129666666666666,
2022-11-06,8.64,0.05,9.132857142857146,311,4.361666666666666,
2022-11-07,3.1,0.0,8.395714285714288,312,3.850333333333333,
2022-11-08,7.63,0.03,7.1228571428571446,313,4.254666666666667,
2022-11-09,17.2,0.2,5.932857142857145,314,4.613333333333333,
2022-11-10,11.56,0.76,4.228571428571431,315,3.4196666666666666,
2022-11-11,-3.26,0.03,3.700000000000002,316,1.9046666666666667,
2022-11-12,-3.34,0.04,2.3914285714285737,317,1.7046666666666668,
2022-11-13,-3.29,0.0,-0.5942857142857122,318,2.5083333333333333,
2022-11-14,-0.6,0.53,-2.7357142857142835,319,2.8676666666666666,
2022-11-15,-1.53,4.35,-3.3728571428571406,320,2.585,
2022-11-16,-3.7,0.52,-3.8585714285714268,321,2.494,
2022-11-17,-3.43,0.07,-3.862857142857141,322,2.942333333333333,
2022-11-18,-7.72,0.02,-3.827142857142855,323,2.783666666666667,
2022-11-19,-6.74,0.21,-3.5057142857142836,324,2.183666666666667,
2022-11-20,-3.32,0.0,-2.585714285714284,325,1.4466666666666665,
2022-11-21,-0.35,0.0,-1.6357142857142837,326,1.0430000000000001,
2022-11-22,0.72,0.0,-0.27857142857142675,327,1.2656666666666667,
2022-11-23,2.74,0.01,1.2214285714285733,328,0.8053333333333333,
2022-11-24,3.22,0.03,1.9942857142857162,329,0.4036666666666667,
2022-11-25,1.78,0.0,2.237142857142859,330,0.2166666666666667,
2022-11-26,3.76,0.04,2.0257142857142876,331,-0.3006666666666667,
2022-11-27,2.09,0.24,0.8857142857142873,332,-0.6473333333333334,
2022-11-28,1.35,0.02,0.264285714285716,333,0.04299999999999997,
2022-11-29,-0.76,1.54,0.22857142857143029,334,-0.1753333333333333,
2022-11-30,-5.24,0.0,-1.2871428571428554,335,-1.3270000000000002,
2022-12-01,-1.13,0.06,-1.9814285714285695,336,-1.3359999999999999,
2022-12-02,1.53,0.46,-2.1471428571428555,337,-0.9176666666666667,
2022-12-03,-6.85,0.0,-1.9571428571428553,338,-1.3096666666666665,
2022-12-04,-2.77,0.0,-1.2999999999999983,339,-1.384,
2022-12-05,0.19,0.01,-1.3514285714285694,340,-2.7996666666666665,
2022-12-06,0.57,0.0,-1.5585714285714265,341,-3.5756666666666663,
2022-12-07,-0.64,0.0,-0.6742857142857126,342,-3.7616666666666663,
2022-12-08,-1.49,6.06,-0.6828571428571412,343,-3.6540000000000004,
2022-12-09,0.08,3.28,-0.9571428571428555,344,-4.117666666666667,
2022-12-10,-0.66,0.15,-0.9499999999999983,345,-3.7346666666666666,
2022-12-11,-2.83,0.0,-0.9071428571428555,346,-3.7763333333333335,
2022-12-12,-1.73,0.26,-1.2014285714285697,347,-3.5260000000000002,
2022-12-13,0.62,16.12,-2.0985714285714265,348,-2.4756666666666667,
2022-12-14,-0.34,0.3,-3.308571428571427,349,-3.1086666666666667,
2022-12-15,-3.55,2.71,-4.719999999999999,350,-3.9536666666666664,
2022-12-16,-6.2,0.57,-5.368571428571427,351,-4.115,
2022-12-17,-9.13,0.07,-7.467142857142855,352,-4.723333333333333,
2022-12-18,-12.71,0.02,-9.095714285714285,353,-4.670333333333334,
2022-12-19,-6.27,0.97,-11.761428571428569,354,-5.029,
2022-12-20,-14.07,0.0,-13.854285714285712,355,-4.147,
2022-12-21,-11.74,4.08,-15.219999999999999,356,-4.393,
2022-12-22,-22.21,1.98,-15.782857142857141,357,-4.798,
2022-12-23,-20.85,1.73,-16.925714285714285,358,-5.59,
2022-12-24,-18.69,0.07,-16.08857142857143,359,-6.833333333333333,
2022-12-25,-16.65,1.47,-14.319999999999999,360,-5.871333333333333,
2022-12-26,-14.27,0.77,-10.837142857142856,361,-4.98,
2022-12-27,-8.21,0.0,-8.219999999999999,362,-4.514666666666667,
2022-12-28,0.64,0.05,-5.5371428571428565,363,-4.012666666666666,
2022-12-29,2.17,0.04,-3.2542857142857136,364,-5.275666666666667,
2022-12-30,-2.53,0.0,-1.2699999999999991,365,-4.824666666666667,
2022-12-31,0.09,0.12,-0.1071428571428561,366,-6.896333333333333,
2023-01-01,-0.67,0.0,-0.7885714285714275,1,-7.254666666666667,6.584666666666667
2023-01-02,-0.38,15.03,-1.957142857142856,2,-6.669333333333333,6.289333333333333
2023-01-03,-0.07,3.84,-2.924285714285713,3,-6.372,6.302
2023-01-04,-4.13,1.53,-4.877142857142856,4,-7.632000000000001,3.5020000000000007
2023-01-05,-6.01,0.19,-5.967142857142856,5,-7.3629999999999995,1.3529999999999998
2023-01-06,-9.3,0.1,-6.288571428571428,6,-7.612666666666667,-1.687333333333334
2023-01-07,-13.58,0.23,-6.631428571428571,7,-7.635666666666666,-5.944333333333334
2023-01-08,-8.3,0.16,-6.2057142857142855,8,-6.3966666666666665,-1.9033333333333342
2023-01-09,-2.63,0.02,-6.064285714285714,9,-6.800666666666667,4.170666666666667
2023-01-10,-2.47,0.25,-5.905714285714284,10,-6.191666666666666,3.7216666666666662
2023-01-11,-1.15,0.05,-4.518571428571428,11,-5.321666666666667,4.171666666666667
2023-01-12,-5.02,0.01,-3.0685714285714276,12,-6.834333333333333,1.8143333333333338
2023-01-13,-8.19,0.11,-2.032857142857142,13,-7.807,-0.3829999999999991
2023-01-14,-3.87,0.1,-1.7142857142857133,14,-7.033666666666666,3.163666666666666
2023-01-15,1.85,0.33,-1.6614285714285704,15,-8.241333333333333,10.091333333333333
2023-01-16,4.62,4.45,-1.2814285714285703,16,-7.281666666666666,11.901666666666667
2023-01-17,-0.24,0.02,-0.8114285714285705,17,-7.789,7.5489999999999995
2023-01-18,-0.78,13.8,-0.7028571428571418,18,-8.385333333333334,7.605333333333333
2023-01-19,-2.36,2.55,-1.8399999999999992,19,-7.801,5.441000000000001
2023-01-20,-4.9,0.1,-3.2342857142857135,20,-7.862,2.9619999999999997
2023-01-21,-3.11,0.87,-3.5899999999999994,21,-6.818,3.7079999999999997
2023-01-22,-6.11,0.22,-4.184285714285713,22,-5.656000000000001,-0.45399999999999974
2023-01-23,-5.14,0.02,-5.362857142857142,23,-6.655666666666667,1.5156666666666672
2023-01-24,-2.73,0.11,-5.202857142857142,24,-7.19,4.460000000000001
2023-01-25,-4.94,0.5,-6.11142857142857,25,-6.602666666666667,1.6626666666666665
2023-01-26,-10.61,0.05,-7.461428571428571,26,-5.616333333333333,-4.993666666666666
2023-01-27,-3.78,0.38,-8.888571428571428,27,-6.115666666666667,2.335666666666667
2023-01-28,-9.47,5.55,-10.562857142857142,28,-5.8726666666666665,-3.597333333333334
2023-01-29,-15.56,0.09,-11.171428571428569,29,-7.1626666666666665,-8.397333333333334
2023-01-30,-15.13,0.02,-11.254285714285714,30,-7.257000000000001,-7.873
2023-01-31,-14.45,0.0,-13.094285714285714,31,-5.312333333333333,-9.137666666666666
2023-02-01,-9.2,0.01,-12.242857142857142,32,-5.570666666666667,-3.6293333333333324
2023-02-02,-11.19,0.25,-10.257142857142856,33,-5.598333333333333,-5.591666666666667
2023-02-03,-16.66,0.0,-7.834285714285714,34,-5.522333333333333,-11.137666666666668
2023-02-04,-3.51,0.06,-5.681428571428571,35,-6.5696666666666665,3.0596666666666668
2023-02-05,-1.66,0.03,-4.148571428571428,36,-5.671666666666667,4.011666666666667
2023-02-06,1.83,0.02,-2.5328571428571425,37,-4.662999999999999,6.492999999999999
2023-02-07,0.62,0.0,-0.6157142857142847,38,-5.294,5.914
2023-02-08,1.53,0.09,-0.07142857142857038,39,-5.605333333333333,7.1353333333333335
2023-02-09,0.12,1.7,0.3257142857142868,40,-5.402333333333333,5.522333333333333
2023-02-10,-3.24,0.0,0.4228571428571439,41,-5.548666666666667,2.3086666666666664
2023-02-11,0.3,0.22,0.9885714285714295,42,-5.828,6.128
2023-02-12,1.12,0.0,0.6057142857142868,43,-5.614,6.734
2023-02-13,2.51,0.06,-0.07285714285714169,44,-4.276333333333333,6.786333333333332
2023-02-14,4.58,13.13,-0.4399999999999988,45,-4.116666666666666,8.696666666666665
2023-02-15,-1.15,0.14,-0.49714285714285594,46,-5.044,3.8939999999999997
2023-02-16,-4.63,4.34,-0.48857142857142744,47,-4.468,-0.16199999999999992
2023-02-17,-5.81,0.03,-0.6528571428571416,48,-2.9069999999999996,-2.903
2023-02-18,-0.1,0.03,-1.7928571428571416,49,-2.4276666666666666,2.3276666666666666
2023-02-19,1.18,0.06,-1.9628571428571415,50,-2.2693333333333334,3.4493333333333336
2023-02-20,1.36,0.0,-2.338571428571427,51,-1.5713333333333332,2.9313333333333333
2023-02-21,-3.4,0.01,-2.9714285714285706,52,-2.385,-1.0150000000000001
2023-02-22,-2.34,3.23,-3.5528571428571416,53,-1.8993333333333333,-0.44066666666666654
2023-02-23,-7.26,0.06,-3.4085714285714275,54,-2.289,-4.971
2023-02-24,-10.24,0.0,-3.0057142857142845,55,-2.667333333333333,-7.572666666666667
2023-02-25,-4.17,0.27,-2.43142857142857,56,-3.2760000000000002,-0.8939999999999997
2023-02-26,2.19,3.91,-1.7714285714285705,57,-3.2516666666666665,5.441666666666666
2023-02-27,4.18,27.03,-0.8985714285714277,58,-3.3603333333333336,7.540333333333333
2023-02-28,0.62,0.06,0.9242857142857152,59,-2.131666666666667,2.751666666666667
2023-03-01,2.28,0.02,1.8857142857142866,61,-1.5816666666666666,3.8616666666666664
2023-03-02,-1.15,0.07,2.035714285714287,62,-3.1626666666666665,2.0126666666666666
2023-03-03,2.52,0.0,1.8314285714285725,63,-2.8819999999999997,5.401999999999999
2023-03-04,2.56,0.0,2.030000000000001,64,-1.1363333333333332,3.6963333333333335
2023-03-05,3.24,1.38,1.9485714285714297,65,-0.13566666666666655,3.3756666666666666
2023-03-06,2.75,0.01,2.140000000000001,66,0.4623333333333332,2.287666666666667
2023-03-07,2.01,0.0,1.7114285714285724,67,0.44066666666666665,1.5693333333333332
2023-03-08,1.71,1.3,1.1928571428571437,68,0.748,0.962
2023-03-09,0.19,6.6,0.41857142857142954,69,-0.33833333333333326,0.5283333333333333
2023-03-10,-0.48,0.36,-0.44857142857142757,70,0.44,-0.9199999999999999
2023-03-11,-1.07,10.24,-1.0128571428571418,71,0.871,-1.941
2023-03-12,-2.18,0.13,-0.6699999999999989,72,1.326,-3.5060000000000002
2023-03-13,-3.32,0.02,-0.2857142857142847,73,2.741,-6.061
2023-03-14,-1.94,0.06,-0.8714285714285703,74,2.949333333333333,-4.889333333333333
2023-03-15,4.11,0.03,-1.8199999999999987,75,2.875,1.2350000000000003
2023-03-16,2.88,6.98,-1.947142857142856,76,3.725333333333333,-0.845333333333333
2023-03-17,-4.58,0.16,-0.9828571428571417,77,3.746,-8.326
2023-03-18,-7.71,0.3,0.21571428571428683,78,3.3153333333333337,-11.025333333333334
2023-03-19,-3.07,0.0,0.44285714285714395,79,3.641,-6.711
2023-03-20,3.43,0.0,0.24285714285714396,80,3.9993333333333334,-0.5693333333333332
2023-03-21,6.45,0.04,1.312857142857144,81,3.7106666666666666,2.7393333333333336
2023-03-22,5.7,0.05,3.0685714285714303,82,4.115666666666667,1.5843333333333334
2023-03-23,1.48,1.77,3.6185714285714297,83,4.760000000000001,-3.2800000000000007
2023-03-24,2.91,0.01,3.3157142857142867,84,4.697,-1.787
2023-03-25,4.58,0.09,2.5600000000000014,85,4.338333333333334,0.24166666666666625
2023-03-26,0.78,3.02,1.642857142857144,86,5.436999999999999,-4.656999999999999
2023-03-27,1.31,0.0,2.5828571428571436,87,5.832666666666666,-4.522666666666666
2023-03-28,1.16,0.0,4.034285714285716,88,5.482,-4.322
2023-03-29,-0.72,0.0,3.9700000000000015,89,6.0793333333333335,-6.799333333333333
2023-03-30,8.06,1.68,5.095714285714287,90,7.23,0.8300000000000001
2023-03-31,13.07,2.26,5.967142857142859,91,6.647,6.423
2023-04-01,4.13,0.85,7.54857142857143,92,6.444999999999999,-2.3149999999999995
2023-04-02,8.66,0.0,8.045714285714286,93,7.316,1.3440000000000003
2023-04-03,7.41,0.01,7.332857142857144,94,6.646333333333333,0.7636666666666674
2023-04-04,12.23,3.9,6.635714285714286,95,5.5616666666666665,6.668333333333334
2023-04-05,2.76,3.09,7.607142857142859,96,7.396,-4.636
2023-04-06,3.07,0.0,8.185714285714287,97,7.986666666666666,-4.916666666666666
2023-04-07,8.19,0.0,9.17857142857143,98,7.6353333333333335,0.554666666666666
2023-04-08,10.93,0.0,9.80857142857143,99,7.1129999999999995,3.817
2023-04-09,12.71,0.0,12.127142857142857,100,7.235333333333333,5.474666666666668
2023-04-10,14.36,0.23,14.321428571428571,101,8.195333333333334,6.164666666666665
2023-04-11,16.64,0.02,15.920000000000002,102,8.320666666666666,8.319333333333335
2023-04-12,18.99,0.0,15.721428571428572,103,7.707,11.282999999999998
2023-04-13,18.43,0.01,14.244285714285715,104,8.866999999999999,9.563
2023-04-14,19.38,0.39,13.170000000000002,105,10.045666666666667,9.334333333333332
2023-04-15,9.54,6.08,12.08714285714286,106,10.124,-0.5840000000000014
2023-04-16,2.37,3.46,11.792857142857143,107,9.499666666666666,-7.129666666666666
2023-04-17,6.84,0.0,10.870000000000001,108,10.244666666666665,-3.4046666666666656
2023-04-18,9.06,0.3,8.741428571428573,109,11.613333333333333,-2.553333333333333
2023-04-19,16.93,5.91,7.762857142857143,110,10.836666666666668,6.093333333333332
2023-04-20,11.97,24.13,8.014285714285716,111,9.832666666666666,2.137333333333334
2023-04-21,4.48,0.09,8.152857142857144,112,10.340333333333332,-5.860333333333331
2023-04-22,2.69,0.01,7.944285714285715,113,10.793333333333333,-8.103333333333333
2023-04-23,4.13,0.0,6.8342857142857145,114,11.044,-6.914000000000001
2023-04-24,7.81,0.12,6.995714285714286,115,12.153666666666668,-4.343666666666668
2023-04-25,7.6,0.11,8.22,116,11.603666666666667,-4.003666666666668
2023-04-26,9.16,0.0,9.01857142857143,117,11.013333333333332,-1.8533333333333317
2023-04-27,13.1,0.01,9.64857142857143,118,10.667666666666666,2.432333333333334
2023-04-28,13.05,0.44,9.772857142857145,119,11.247333333333334,1.802666666666667
2023-04-29,8.28,2.14,10.012857142857143,120,11.810666666666666,-3.530666666666667
2023-04-30,8.54,1.17,10.391428571428573,121,12.266666666666667,-3.7266666666666683
2023-05-01,8.68,0.0,10.85,122,12.117666666666667,-3.437666666666667
2023-05-02,9.28,0.0,11.167142857142858,123,12.065333333333335,-2.7853333333333357
2023-05-03,11.81,0.0,12.652857142857142,124,12.464333333333334,-0.6543333333333337
2023-05-04,16.31,0.0,14.422857142857143,125,13.715666666666667,2.5943333333333314
2023-05-05,15.27,16.2,15.944285714285714,126,14.700666666666667,0.5693333333333328
2023-05-06,18.68,1.99,16.978571428571428,127,15.049333333333333,3.6306666666666665
2023-05-07,20.93,7.13,17.942857142857143,128,15.288,5.6419999999999995
2023-05-08,19.33,6.89,18.50714285714286,129,15.648,3.6819999999999986
2023-05-09,16.52,2.04,19.381428571428568,130,15.424000000000001,1.0959999999999983
2023-05-10,18.56,0.03,19.88571428571429,131,15.732666666666667,2.827333333333332
2023-05-11,20.26,5.74,19.135714285714283,132,14.824666666666667,5.435333333333334
2023-05-12,21.39,8.01,18.43285714285715,133,13.698666666666666,7.6913333333333345
2023-05-13,22.21,8.9,18.735714285714288,134,13.713333333333335,8.496666666666666
2023-05-14,15.68,0.76,18.715714285714284,135,14.930666666666667,0.7493333333333325
2023-05-15,14.41,0.46,18.761428571428574,136,15.792666666666666,-1.3826666666666654
2023-05-16,18.64,0.0,17.630000000000003,137,16.949,1.690999999999999
2023-05-17,18.42,0.01,16.574285714285715,138,16.96,1.4600000000000009
2023-05-18,20.58,0.73,16.881428571428575,139,16.109666666666666,4.470333333333333
2023-05-19,13.47,0.09,17.662857142857145,140,16.488666666666667,-3.0186666666666664
2023-05-20,14.82,0.0,17.922857142857143,141,16.082666666666668,-1.262666666666668
2023-05-21,17.83,0.0,18.49285714285714,142,16.447666666666667,1.3823333333333316
2023-05-22,19.88,0.0,18.232857142857146,143,17.717666666666666,2.1623333333333328
2023-05-23,20.46,0.0,18.759999999999998,144,17.689,2.771000000000001
2023-05-24,22.41,0.0,19.252857142857145,145,17.377,5.033000000000001
2023-05-25,18.76,0.05,19.58571428571429,146,16.985,1.7750000000000021
2023-05-26,17.16,0.0,19.904285714285717,147,17.367,-0.20700000000000074
2023-05-27,18.27,0.0,20.304285714285715,148,18.245,0.02499999999999858
2023-05-28,20.16,0.0,20.407142857142862,149,18.587,1.5730000000000004
2023-05-29,22.11,0.0,20.775714285714287,150,19.214,2.896000000000001
2023-05-30,23.26,5.36,21.717142857142857,151,19.67366666666667,3.5863333333333323
2023-05-31,23.13,7.56,22.63,152,18.76966666666667,4.36033333333333
2023-06-01,21.34,15.26,23.322857142857142,153,18.962666666666667,2.3773333333333326
2023-06-02,23.75,1.16,23.51,154,18.642999999999997,5.107000000000003
2023-06-03,24.66,0.42,23.73428571428571,155,19.017333333333333,5.642666666666667
2023-06-04,25.01,0.56,23.73428571428571,156,19.663999999999998,5.346000000000004
2023-06-05,23.42,0.37,23.595714285714283,157,20.015,3.405000000000001
2023-06-06,24.83,1.47,23.30857142857143,158,20.389666666666667,4.4403333333333315
2023-06-07,23.13,1.02,22.627142857142854,159,21.124666666666666,2.0053333333333327
2023-06-08,20.37,2.26,21.592857142857145,160,20.57633333333333,-0.2063333333333297
2023-06-09,21.74,0.01,20.83142857142857,161,20.773333333333333,0.966666666666665
2023-06-10,19.89,1.67,20.368571428571432,162,21.00133333333333,-1.1113333333333308
2023-06-11,17.77,0.64,20.57714285714286,163,21.526666666666664,-3.756666666666664
2023-06-12,18.09,0.0,21.322857142857146,164,21.44333333333333,-3.3533333333333317
2023-06-13,21.59,0.0,21.25142857142857,165,21.556333333333335,0.03366666666666518
2023-06-14,24.59,0.02,21.647142857142857,166,21.331666666666667,3.258333333333333
2023-06-15,25.59,0.0,22.291428571428572,167,21.750999999999998,3.839000000000002
2023-06-16,21.24,0.01,23.25142857142857,168,21.923000000000002,-0.6830000000000034
2023-06-17,22.66,24.15,23.662857142857142,169,22.441666666666666,0.2183333333333337
2023-06-18,22.28,3.28,23.69714285714286,170,22.617,-0.33699999999999974
2023-06-19,24.81,0.12,23.807142857142857,171,22.067666666666664,2.7423333333333346
2023-06-20,24.47,0.0,24.72142857142857,172,22.64333333333333,1.826666666666668
2023-06-21,24.83,0.11,25.16142857142857,173,22.711666666666666,2.1183333333333323
2023-06-22,26.36,0.0,25.082857142857144,174,22.692333333333334,3.6676666666666655
2023-06-23,27.64,0.0,24.635714285714283,175,22.369333333333334,5.270666666666667
2023-06-24,25.74,19.51,24.458571428571428,176,22.28666666666667,3.4533333333333296
2023-06-25,21.73,0.61,24.32428571428571,177,22.715333333333334,-0.9853333333333332
2023-06-26,21.68,0.03,24.34857142857143,178,22.841,-1.1610000000000014
2023-06-27,23.23,0.01,23.902857142857147,179,23.119333333333334,0.11066666666666691
2023-06-28,23.89,2.41,23.42428571428572,180,22.435333333333332,1.454666666666668
2023-06-29,26.53,2.06,23.888571428571428,181,22.72233333333333,3.8076666666666696
2023-06-30,24.52,6.84,24.598571428571432,182,23.016000000000002,1.5039999999999978
2023-07-01,22.39,9.29,25.13,183,22.925666666666665,-0.5356666666666641
2023-07-02,24.98,0.77,24.938571428571432,184,22.494666666666667,2.485333333333333
2023-07-03,26.65,0.68,23.997142857142858,185,23.086000000000002,3.5639999999999965
2023-07-04,26.95,0.74,22.955714285714286,186,23.35,3.599999999999998
2023-07-05,22.55,0.61,22.602857142857147,187,23.333666666666666,-0.7836666666666652
2023-07-06,19.94,0.0,22.154285714285713,188,23.908,-3.968
2023-07-07,17.23,3.35,21.982857142857146,189,23.91033333333333,-6.68033333333333
2023-07-08,19.92,0.54,21.77857142857143,190,23.716333333333335,-3.796333333333333
2023-07-09,21.84,0.0,21.841428571428573,191,23.563666666666666,-1.7236666666666665
2023-07-10,25.45,0.71,22.41428571428571,192,23.58566666666667,1.864333333333331
2023-07-11,25.52,4.44,23.145714285714288,193,23.475666666666665,2.0443333333333342
2023-07-12,22.99,32.58,23.598571428571432,194,23.613999999999997,-0.6239999999999988
2023-07-13,23.95,3.01,23.630000000000003,195,23.775,0.1750000000000007
2023-07-14,22.35,0.43,22.947142857142858,196,23.750333333333334,-1.4003333333333323
2023-07-15,23.09,0.0,22.29571428571429,197,24.091,-1.0010000000000012
2023-07-16,22.06,0.38,22.34857142857143,198,24.48933333333333,-2.4293333333333322
2023-07-17,20.67,0.52,22.317142857142862,199,25.218666666666667,-4.548666666666666
2023-07-18,20.96,0.01,22.405714285714286,200,25.182000000000002,-4.222000000000001
2023-07-19,23.36,0.0,22.625714285714288,201,25.142666666666667,-1.7826666666666675
2023-07-20,23.73,0.0,23.06142857142857,202,24.688333333333333,-0.9583333333333321
2023-07-21,22.97,0.05,23.85571428571429,203,24.159,-1.189
2023-07-22,24.63,0.55,24.861428571428576,204,24.09733333333333,0.5326666666666675
2023-07-23,25.11,0.02,25.900000000000002,205,23.634999999999998,1.4750000000000014
2023-07-24,26.23,0.0,26.717142857142857,206,23.958333333333332,2.2716666666666683
2023-07-25,28.0,0.02,27.807142857142857,207,24.35666666666667,3.643333333333331
2023-07-26,30.63,0.04,28.185714285714283,208,23.784333333333333,6.845666666666666
2023-07-27,29.45,1.36,28.13571428571429,209,23.436333333333334,6.013666666666666
2023-07-28,30.6,2.02,28.1,210,23.39466666666667,7.205333333333332
2023-07-29,27.28,0.16,27.82857142857143,211,22.936333333333334,4.3436666666666675
2023-07-30,24.76,0.01,26.822857142857146,212,23.407333333333334,1.3526666666666678
2023-07-31,25.98,0.02,26.41714285714286,213,23.882,2.097999999999999
2023-08-01,26.1,0.27,25.98714285714286,214,24.038,2.062000000000001
2023-08-02,23.59,4.98,25.341428571428573,215,23.786,-0.1960000000000015
2023-08-03,26.61,0.01,24.93285714285714,216,23.788333333333334,2.8216666666666654
2023-08-04,27.59,0.29,24.35571428571429,217,23.070333333333334,4.519666666666666
2023-08-05,22.76,10.53,23.907142857142862,218,22.095000000000002,0.6649999999999991
2023-08-06,21.9,29.01,23.715714285714288,219,22.555999999999997,-0.6559999999999988
2023-08-07,21.94,0.61,23.352857142857147,220,23.384999999999998,-1.4449999999999967
2023-08-08,22.96,0.19,23.082857142857144,221,23.405666666666665,-0.4456666666666642
2023-08-09,22.25,7.12,23.40285714285714,222,23.939,-1.689
2023-08-10,24.07,0.91,23.490000000000006,223,23.015666666666668,1.0543333333333322
2023-08-11,25.7,15.22,23.247142857142855,224,22.470000000000002,3.229999999999997
2023-08-12,25.0,0.0,22.881428571428575,225,22.623333333333335,2.376666666666665
2023-08-13,22.51,1.83,23.017142857142858,226,22.243999999999996,0.26600000000000534
2023-08-14,20.24,1.21,22.724285714285713,227,21.991,-1.7510000000000012
2023-08-15,20.4,0.03,22.150000000000002,228,21.821,-1.421000000000003
2023-08-16,23.2,0.02,22.465714285714284,229,22.473666666666666,0.7263333333333328
2023-08-17,22.02,0.19,23.460000000000004,230,22.349666666666668,-0.3296666666666681
2023-08-18,21.68,0.0,24.774285714285718,231,22.279,-0.5990000000000002
2023-08-19,27.21,0.0,26.118571428571425,232,21.826,5.384
2023-08-20,29.47,0.12,27.29,233,21.703333333333333,7.766666666666666
2023-08-21,29.44,0.03,28.642857142857142,234,22.387999999999998,7.052000000000003
2023-08-22,29.81,0.0,29.575714285714287,235,22.672666666666665,7.137333333333334
2023-08-23,31.4,0.0,29.09714285714286,236,22.886000000000003,8.513999999999996
2023-08-24,31.49,1.22,27.965714285714288,237,23.147333333333332,8.342666666666666
2023-08-25,28.21,1.19,27.15857142857143,238,22.886333333333333,5.323666666666668
2023-08-26,23.86,0.02,26.33857142857143,239,23.105999999999998,0.7540000000000013
2023-08-27,21.55,0.0,25.13571428571429,240,23.144333333333336,-1.594333333333335
2023-08-28,23.79,0.0,23.731428571428573,241,22.774333333333335,1.0156666666666645
2023-08-29,24.07,0.0,22.991428571428575,242,22.189,1.8810000000000002
2023-08-30,22.98,0.0,23.305714285714288,243,21.733333333333334,1.2466666666666661
2023-08-31,21.66,0.0,24.07,244,21.302666666666667,0.35733333333333306
2023-09-01,23.03,0.0,24.63714285714286,245,21.451,1.5790000000000006
2023-09-02,26.06,0.0,25.232857142857142,246,22.022333333333332,4.0376666666666665
2023-09-03,26.9,0.0,24.95,247,21.276666666666664,5.623333333333335
2023-09-04,27.76,0.0,24.497142857142858,248,21.00433333333333,6.75566666666667
2023-09-05,28.24,0.03,24.072857142857142,249,21.005666666666666,7.234333333333332
2023-09-06,21.0,0.07,23.48857142857143,250,21.192666666666664,-0.1926666666666641
2023-09-07,18.49,0.0,22.54714285714286,251,20.137,-1.647000000000002
2023-09-08,20.06,0.0,21.258571428571425,252,19.12933333333333,0.9306666666666672
2023-09-09,21.97,0.0,19.851428571428574,253,19.55933333333333,2.4106666666666676
2023-09-10,20.31,7.87,19.457142857142856,254,19.197,1.1129999999999995
2023-09-11,18.74,1.56,19.568571428571428,255,19.569333333333336,-0.8293333333333379
2023-09-12,18.39,0.17,19.512857142857143,256,19.301,-0.9109999999999978
2023-09-13,18.24,0.0,19.142857142857142,257,18.745333333333335,-0.5053333333333363
2023-09-14,19.27,0.0,18.892857142857142,258,17.874333333333333,1.395666666666667
2023-09-15,19.67,0.66,19.06142857142857,259,18.199666666666666,1.4703333333333362
2023-09-16,19.38,0.37,19.504285714285714,260,18.276999999999997,1.1030000000000015
2023-09-17,18.56,0.01,19.90857142857143,261,18.257,0.30299999999999727
2023-09-18,19.92,0.07,20.101428571428574,262,17.91466666666667,2.0053333333333327
2023-09-19,21.49,16.01,20.080000000000002,263,17.648333333333333,3.841666666666665
2023-09-20,21.07,3.14,20.481428571428573,264,17.333666666666666,3.7363333333333344
2023-09-21,20.62,0.01,20.70714285714286,265,16.50766666666667,4.112333333333332
2023-09-22,19.52,4.03,20.72142857142857,266,15.752999999999998,3.7670000000000012
2023-09-23,22.19,4.74,20.25,267,15.840666666666666,6.349333333333336
2023-09-24,20.14,0.01,19.87714285714286,268,15.879666666666667,4.2603333333333335
2023-09-25,20.02,0.51,19.720000000000002,269,16.085666666666665,3.934333333333335
2023-09-26,18.19,0.65,20.349999999999998,270,15.628000000000002,2.5619999999999994
2023-09-27,18.46,0.08,20.94857142857143,271,15.453666666666667,3.006333333333334
2023-09-28,19.52,0.01,21.655714285714286,272,14.340333333333332,5.179666666666668
2023-09-29,23.93,0.02,22.259999999999998,273,15.011,8.919
2023-09-30,26.38,0.0,23.017142857142858,274,15.565,10.815
2023-10-01,25.09,0.01,23.057142857142857,275,14.964666666666666,10.125333333333334
2023-10-02,24.25,0.0,22.521428571428572,276,14.025,10.225
2023-10-03,23.49,0.81,20.599999999999998,277,13.937999999999999,9.552
2023-10-04,18.74,1.14,18.28142857142857,278,12.959333333333335,5.780666666666663
2023-10-05,15.77,0.0,16.562857142857144,279,13.216666666666667,2.553333333333333
2023-10-06,10.48,0.79,14.551428571428572,280,13.280666666666667,-2.8006666666666664
2023-10-07,10.15,0.0,12.652857142857144,281,13.126,-2.975999999999999
2023-10-08,13.06,0.0,11.724285714285715,282,13.387,-0.32699999999999996
2023-10-09,10.17,0.0,11.452857142857145,283,12.320333333333334,-2.150333333333334
2023-10-10,10.2,0.22,12.054285714285715,284,11.544666666666666,-1.344666666666667
2023-10-11,12.24,5.42,12.104285714285714,285,12.015333333333333,0.22466666666666768
2023-10-12,13.87,9.3,11.53714285714286,286,11.498666666666667,2.3713333333333324
2023-10-13,14.69,21.26,11.552857142857144,287,10.771666666666667,3.918333333333333
2023-10-14,10.5,0.5,11.812857142857144,288,10.437000000000001,0.06299999999999883
2023-10-15,9.09,0.29,12.00857142857143,289,10.093333333333334,-1.0033333333333339
2023-10-16,10.28,0.01,11.745714285714286,290,10.100999999999999,0.17900000000000027
2023-10-17,12.02,0.0,11.627142857142859,291,10.468,1.5519999999999996
2023-10-18,13.61,0.26,12.011428571428572,292,9.365,4.244999999999999
2023-10-19,12.03,0.02,12.22857142857143,293,9.306333333333333,2.7236666666666665
2023-10-20,13.86,0.0,13.271428571428572,294,9.620000000000001,4.239999999999998
2023-10-21,13.19,0.0,14.45857142857143,295,9.548333333333334,3.6416666666666657
2023-10-22,10.61,0.1,14.907142857142857,296,9.428333333333335,1.1816666666666649
2023-10-23,17.58,1.14,15.934285714285712,297,9.361666666666668,8.21833333333333
2023-10-24,20.33,0.51,14.824285714285713,298,8.323333333333332,12.006666666666666
2023-10-25,16.75,2.98,13.095714285714285,299,8.220666666666666,8.529333333333334
2023-10-26,19.22,13.38,11.614285714285714,300,7.387333333333333,11.832666666666665
2023-10-27,6.09,1.57,9.024285714285714,301,6.560333333333333,-0.4703333333333335
2023-10-28,1.09,0.06,5.880000000000001,302,7.194333333333334,-6.104333333333334
2023-10-29,0.24,0.01,3.5628571428571436,303,7.574,-7.334
2023-10-30,-0.55,0.0,1.4957142857142867,304,6.771333333333333,-7.321333333333333
2023-10-31,-1.68,0.0,1.6557142857142868,305,5.3613333333333335,-7.041333333333333
2023-11-01,0.53,0.0,2.4285714285714297,306,5.837000000000001,-5.307
2023-11-02,4.75,0.0,3.9471428571428575,307,4.904,-0.15399999999999991
2023-11-03,7.21,0.0,5.875714285714286,308,5.098666666666667,2.1113333333333326
2023-11-04,6.5,0.0,7.4142857142857155,309,5.049,1.4509999999999996
2023-11-05,10.87,0.0,8.847142857142858,310,5.129666666666666,5.740333333333333
2023-11-06,12.95,0.0,9.09,311,4.361666666666666,8.588333333333333
2023-11-07,9.09,0.0,8.457142857142857,312,3.850333333333333,5.2396666666666665
2023-11-08,10.56,0.01,8.165714285714285,313,4.254666666666667,6.3053333333333335
2023-11-09,6.45,0.0,7.67857142857143,314,4.613333333333333,1.836666666666667
2023-11-10,2.78,0.0,6.995714285714287,315,3.4196666666666666,-0.6396666666666668
2023-11-11,4.46,0.0,7.185714285714286,316,1.9046666666666667,2.5553333333333335
2023-11-12,7.46,0.0,7.164285714285716,317,1.7046666666666668,5.755333333333333
2023-11-13,8.17,0.0,7.934285714285715,318,2.5083333333333333,5.661666666666667
2023-11-14,10.42,0.0,8.14,319,2.8676666666666666,7.552333333333333
2023-11-15,10.41,0.07,8.535714285714286,320,2.585,7.825
2023-11-16,11.84,0.1,8.511428571428572,321,2.494,9.346
2023-11-17,4.22,0.03,8.321428571428573,322,2.942333333333333,1.2776666666666667
2023-11-18,7.23,0.0,7.250000000000001,323,2.783666666666667,4.4463333333333335
2023-11-19,7.29,0.02,5.995714285714286,324,2.183666666666667,5.106333333333334
2023-11-20,6.84,0.93,4.455714285714287,325,1.4466666666666665,5.3933333333333335
2023-11-21,2.92,0.07,3.3528571428571436,326,1.0430000000000001,1.8769999999999998
2023-11-22,1.63,0.0,2.114285714285715,327,1.2656666666666667,0.3643333333333332
2023-11-23,1.06,0.0,0.7357142857142868,328,0.8053333333333333,0.2546666666666667
2023-11-24,-3.5,0.0,-0.9985714285714276,329,0.4036666666666667,-3.9036666666666666
2023-11-25,-1.44,1.89,-1.999999999999999,330,0.2166666666666667,-1.6566666666666667
2023-11-26,-2.36,1.53,-2.1514285714285704,331,-0.3006666666666667,-2.059333333333333
2023-11-27,-5.3,0.0,-2.1999999999999993,332,-0.6473333333333334,-4.652666666666667
2023-11-28,-4.09,0.0,-1.7599999999999991,333,0.04299999999999997,-4.133
2023-11-29,0.57,0.0,-1.569999999999999,334,-0.1753333333333333,0.7453333333333333
2023-11-30,0.72,0.38,-1.192857142857142,335,-1.3270000000000002,2.047
2023-12-01,-0.42,0.1,-0.5428571428571418,336,-1.3359999999999999,0.9159999999999999
2023-12-02,-0.11,0.03,-0.06999999999999898,337,-0.9176666666666667,0.8076666666666668
2023-12-03,0.28,0.01,0.05285714285714386,338,-1.3096666666666665,1.5896666666666666
2023-12-04,-0.75,0.06,0.6828571428571439,339,-1.384,0.6339999999999999
2023-12-05,-0.78,0.0,1.6442857142857152,340,-2.7996666666666665,2.0196666666666667
2023-12-06,1.43,0.0,1.7457142857142867,341,-3.5756666666666663,5.0056666666666665
2023-12-07,5.13,0.17,1.402857142857144,342,-3.7616666666666663,8.891666666666666
2023-12-08,6.31,0.03,1.380000000000001,343,-3.6540000000000004,9.964
2023-12-09,0.6,0.22,1.317142857142858,344,-4.117666666666667,4.717666666666666
2023-12-10,-2.12,0.0,1.187142857142858,345,-3.7346666666666666,1.6146666666666665
2023-12-11,-0.91,0.0,0.7085714285714297,346,-3.7763333333333335,2.8663333333333334
2023-12-12,-1.22,0.0,0.1800000000000011,347,-3.5260000000000002,2.306
2023-12-13,0.52,0.0,0.5514285714285726,348,-2.4756666666666667,2.9956666666666667
2023-12-14,1.78,0.0,0.9628571428571439,349,-3.1086666666666667,4.8886666666666665
2023-12-15,2.61,0.67,0.5885714285714297,350,-3.9536666666666664,6.563666666666666
2023-12-16,3.2,3.32,0.585714285714287,351,-4.115,7.315
2023-12-17,0.76,0.08,0.6285714285714298,352,-4.723333333333333,5.4833333333333325
2023-12-18,-3.53,0.0,0.8742857142857154,353,-4.670333333333334,1.1403333333333339
2023-12-19,-1.24,0.0,1.5885714285714296,354,-5.029,3.7889999999999997
2023-12-20,0.82,0.0,1.9014285714285728,355,-4.147,4.9670000000000005
2023-12-21,3.5,0.09,3.1571428571428584,356,-4.393,7.893
2023-12-22,7.61,1.07,4.507142857142859,357,-4.798,12.408000000000001
2023-12-23,5.39,0.05,4.482857142857144,358,-5.59,10.98
2023-12-24,9.55,9.93,4.412857142857145,359,-6.833333333333333,16.383333333333333
2023-12-25,5.92,18.24,3.7271428571428586,360,-5.871333333333333,11.791333333333334
2023-12-26,-1.41,0.15,2.550000000000001,361,-4.98,3.5700000000000003
2023-12-27,0.33,0.77,1.7300000000000015,362,-4.514666666666667,4.844666666666667
2023-12-28,-1.3,0.05,0.04857142857142982,363,-4.012666666666666,2.7126666666666663
2023-12-29,-0.63,0.01,,364,-5.275666666666667,4.645666666666667
2023-12-30,-0.35,0.0,,365,-4.824666666666667,4.474666666666668
2023-12-31,-2.22,0.01,,366,-6.896333333333333,4.676333333333332
